location_name,latitude,longitude,forecasted_on,forecast_for,temperature_2m_max,temperature_2m_min,precipitation_sum,sunshine_duration,wind_direction_10m_dominant,wind_speed_10m_max,wind_gusts_10m_max,wind_speed_10m_mean,precipitation_probability_mean
london,51.5074,-0.1278,2026-06-02 12:00:00,2026-06-02 23:59:59,20.841,15.040999,16.7,40776.98,238.60907,21.24,45.36,13.454999,95.5
london,51.5074,-0.1278,2026-06-02 12:00:00,2026-06-03 23:59:59,17.841,14.141,7.7,9532.321,228.68349,26.28,55.44,18.044998,37.875
london,51.5074,-0.1278,2026-06-02 12:00:00,2026-06-04 23:59:59,16.654501,12.94775,7.625,54000.0,234.11778,24.84,50.399998,21.836248,51.25
london,51.5074,-0.1278,2026-06-02 12:00:00,2026-06-05 23:59:59,17.7045,11.4045,0.6,54000.0,253.56322,20.880001,42.12,18.405,13.75
london,51.5074,-0.1278,2026-06-02 12:00:00,2026-06-06 23:59:59,16.1045,12.1545,4.8,30180.512,140.89595,19.08,39.239998,12.239999,38.75
london,51.5074,-0.1278,2026-06-02 12:00:00,2026-06-07 23:59:59,21.3045,12.7045,0.0,53573.094,303.5462,12.24,26.28,10.169999,15.75
london,51.5074,-0.1278,2026-06-02 12:00:00,2026-06-08 23:59:59,18.45,13.4045,0.0,54000.0,239.38525,17.326813,44.28,12.891788,16.875
berlin,52.52,13.405,2026-05-20 12:00:00,2026-05-20 23:59:59,19.952,14.102,3.1,20003.076,226.44595,15.683776,45.719997,7.727732,23.541666
berlin,52.52,13.405,2026-05-20 12:00:00,2026-05-21 23:59:59,19.652,12.152,0.2,34215.992,275.5433,13.004921,37.8,8.79285,0.375
berlin,52.52,13.405,2026-05-20 12:00:00,2026-05-22 23:59:59,23.889,13.902,0.0,47972.44,291.79596,11.620809,30.599998,6.66232,0.125
berlin,52.52,13.405,2026-05-20 12:00:00,2026-05-23 23:59:59,28.439,14.539,0.0,55044.656,184.8792,7.8625183,22.68,4.852479,0.125
berlin,52.52,13.405,2026-05-20 12:00:00,2026-05-24 23:59:59,30.139,19.139,0.0,57304.79,295.15698,12.397806,32.399998,6.7661514,0.6666667
berlin,52.52,13.405,2026-05-20 12:00:00,2026-05-25 23:59:59,25.876,16.139,0.0,57373.434,330.686,9.983106,26.64,6.7621655,0.0
berlin,52.52,13.405,2026-05-20 12:00:00,2026-05-26 23:59:59,26.876,14.076,0.0,57439.652,13.557205,7.2359104,21.24,4.6227627,0.0
munich,48.1351,11.582,2026-04-19 12:00:00,2026-04-19 23:59:59,18.215,10.014999,1.4000001,21082.693,278.5475,17.873556,43.56,10.67481,29.541666
munich,48.1351,11.582,2026-04-19 12:00:00,2026-04-20 23:59:59,14.115,6.515,0.1,42599.793,332.91815,13.392774,32.039997,6.013702,7.25
munich,48.1351,11.582,2026-04-19 12:00:00,2026-04-21 23:59:59,12.0715,4.1215,0.0,46281.094,19.583714,10.233123,28.8,6.036087,11.791667
munich,48.1351,11.582,2026-04-19 12:00:00,2026-04-22 23:59:59,13.9215,1.7715001,0.0,47997.016,57.78347,11.988594,33.839996,7.062415,1.2083334
munich,48.1351,11.582,2026-04-19 12:00:00,2026-04-23 23:59:59,16.2215,1.7715001,0.0,49519.332,281.3393,12.287555,33.12,6.6993475,0.125
munich,48.1351,11.582,2026-04-19 12:00:00,2026-04-24 23:59:59,16.958,1.708,0.0,49642.83,285.5089,14.277983,32.399998,7.340079,0.15625
munich,48.1351,11.582,2026-04-19 12:00:00,2026-04-25 23:59:59,16.358,2.858,0.3,49750.14,276.06168,22.881956,50.76,14.520422,5.2916665
aachen,50.7753,6.0839,2026-06-14 12:00:00,2026-06-09 23:59:59,17.175999,11.726,4.3999996,23202.717,241.04073,18.359999,38.16,14.670001,60.333332
aachen,50.7753,6.0839,2026-06-14 12:00:00,2026-06-10 23:59:59,17.226,10.126,1.2,42422.67,234.35168,22.68,48.96,11.834998,33.541668
aachen,50.7753,6.0839,2026-06-14 12:00:00,2026-06-11 23:59:59,17.776,9.676,5.5,26784.156,241.72787,15.84,33.12,11.699997,39.25
aachen,50.7753,6.0839,2026-06-14 12:00:00,2026-06-12 23:59:59,16.026,12.376,10.400002,0.0,242.50539,22.68,43.92,18.914997,86.375
aachen,50.7753,6.0839,2026-06-14 12:00:00,2026-06-13 23:59:59,18.126,13.476,0.4,22400.227,266.3699,22.68,46.44,16.994999,25.375
aachen,50.7753,6.0839,2026-06-14 12:00:00,2026-06-14 23:59:59,18.876,12.376,0.2,34204.914,279.40158,16.56,36.0,12.809999,19.583334
aachen,50.7753,6.0839,2026-06-14 12:00:00,2026-06-15 23:59:59,22.726,11.126,0.0,42341.023,275.7326,14.04,29.16,9.72,3.9166667
aachen,50.7753,6.0839,2026-06-14 12:00:00,2026-06-16 23:59:59,27.226,17.026,0.0,40889.438,239.96602,21.24,41.760002,13.1849985,16.291666
aachen,50.7753,6.0839,2026-06-14 12:00:00,2026-06-17 23:59:59,25.25,14.0,0.0,55803.227,247.49323,10.564942,28.08,8.19548,2.9583333
aachen,50.7753,6.0839,2026-06-14 12:00:00,2026-06-18 23:59:59,29.4,15.45,0.0,58585.684,135.41219,10.137692,20.16,4.475153,1.3333334
aachen,50.7753,6.0839,2026-06-14 12:00:00,2026-06-19 23:59:59,33.15,20.25,1.5,58598.723,173.35759,14.993038,41.760002,10.921925,22.5
aachen,50.7753,6.0839,2026-06-14 12:00:00,2026-06-20 23:59:59,30.4,19.9,7.4999995,58014.65,223.3712,14.77755,45.719997,6.265163,16.166666
aachen,50.7753,6.0839,2026-06-14 12:00:00,2026-06-21 23:59:59,23.2,19.0,0.3,25271.79,32.480927,12.330985,32.760002,10.4066725,18.875
aachen,50.7753,6.0839,2026-06-14 12:00:00,2026-06-22 23:59:59,26.35,16.7,0.0,58567.723,41.325966,12.872201,32.399998,10.701144,7.375
aachen,50.7753,6.0839,2026-06-14 12:00:00,2026-06-23 23:59:59,25.8,15.6,0.0,58595.414,28.34141,10.630672,29.519999,7.4611483,15.25
aachen,50.7753,6.0839,2026-06-14 12:00:00,2026-06-24 23:59:59,26.0,17.35,0.0,58580.742,358.41397,15.137133,36.0,7.9847608,10.125
aachen,50.7753,6.0839,2026-06-14 12:00:00,2026-06-25 23:59:59,24.45,15.65,0.0,58560.55,48.488514,14.87153,37.44,12.433872,7.4166665
aachen,50.7753,6.0839,2026-06-14 12:00:00,2026-06-26 23:59:59,30.0,16.3,0.0,58534.875,80.8304,14.869351,37.44,13.133612,10.25
aachen,50.7753,6.0839,2026-06-14 12:00:00,2026-06-27 23:59:59,33.5,21.75,2.1,58503.707,121.74824,16.22498,34.2,9.494766,16.916666
london,51.5074,-0.1278,2026-04-19 12:00:00,2026-04-19 23:59:59,15.290999,7.441,0.0,43207.46,6.4397254,14.04,31.68,11.129999,0.041666668
london,51.5074,-0.1278,2026-04-19 12:00:00,2026-04-20 23:59:59,12.691,7.791,0.0,29943.492,67.026726,16.199999,35.64,10.44,0.5
london,51.5074,-0.1278,2026-04-19 12:00:00,2026-04-21 23:59:59,13.304501,6.201125,0.0,40279.125,56.460217,21.599998,45.36,16.04625,0.33333334
london,51.5074,-0.1278,2026-04-19 12:00:00,2026-04-22 23:59:59,14.6045,7.3045,0.0,50400.0,66.87628,23.039999,48.96,17.985,0.0
london,51.5074,-0.1278,2026-04-19 12:00:00,2026-04-23 23:59:59,16.3045,4.9045,0.0,50400.0,47.416977,16.919998,34.92,13.754999,0.33333334
london,51.5074,-0.1278,2026-04-19 12:00:00,2026-04-24 23:59:59,12.4045,5.9045,0.0,41997.973,33.084087,17.28,37.079998,14.37,0.0
london,51.5074,-0.1278,2026-04-19 12:00:00,2026-04-25 23:59:59,20.1,6.1545,0.0,50643.758,32.50628,14.04,44.28,12.64802,1.25
amsterdam,52.3676,4.9041,2026-06-15 12:00:00,2026-06-10 23:59:59,17.3065,11.6565,4.5,40561.66,236.55995,27.359999,48.239998,13.289999,51.833332
amsterdam,52.3676,4.9041,2026-06-15 12:00:00,2026-06-11 23:59:59,17.706501,11.9065,3.8999996,25339.56,227.15445,18.359999,38.519997,12.615,36.291668
amsterdam,52.3676,4.9041,2026-06-15 12:00:00,2026-06-12 23:59:59,18.0565,12.6565,5.2,4440.3677,250.10481,25.56,45.0,19.485,80.458336
amsterdam,52.3676,4.9041,2026-06-15 12:00:00,2026-06-13 23:59:59,17.3065,14.9065,2.4,21303.662,270.84232,25.56,49.32,17.07,39.458332
amsterdam,52.3676,4.9041,2026-06-15 12:00:00,2026-06-14 23:59:59,17.2565,14.106501,2.1999998,42506.062,297.87027,20.519999,40.32,17.054998,13.958333
amsterdam,52.3676,4.9041,2026-06-15 12:00:00,2026-06-15 23:59:59,18.5065,14.106501,0.1,29464.678,307.9766,17.28,32.039997,13.425,1.0416666
amsterdam,52.3676,4.9041,2026-06-15 12:00:00,2026-06-16 23:59:59,22.6065,14.3065,0.0,41253.297,62.494278,16.56,31.319998,11.219999,3.0
amsterdam,52.3676,4.9041,2026-06-15 12:00:00,2026-06-17 23:59:59,22.454874,16.206501,0.1,27454.607,227.1186,17.12933,38.7,10.789271,9.666667
amsterdam,52.3676,4.9041,2026-06-15 12:00:00,2026-06-18 23:59:59,24.2,15.8,0.0,57520.46,241.17181,10.699028,29.519999,7.453637,0.33333334
amsterdam,52.3676,4.9041,2026-06-15 12:00:00,2026-06-19 23:59:59,30.4,19.35,5.1,56091.227,153.09799,12.049249,38.88,9.388359,15.125
amsterdam,52.3676,4.9041,2026-06-15 12:00:00,2026-06-20 23:59:59,27.0,18.65,0.3,59647.73,250.74579,10.404249,30.599998,7.100805,13.666667
amsterdam,52.3676,4.9041,2026-06-15 12:00:00,2026-06-21 23:59:59,24.4,17.5,0.0,59649.844,78.43557,8.723967,24.48,7.2731276,10.833333
amsterdam,52.3676,4.9041,2026-06-15 12:00:00,2026-06-22 23:59:59,27.8,18.0,0.0,59645.926,95.331474,11.679212,30.239998,10.412693,5.2916665
amsterdam,52.3676,4.9041,2026-06-15 12:00:00,2026-06-23 23:59:59,33.35,21.25,12.6,59636.008,169.86015,14.328949,41.399998,11.297522,11.583333
amsterdam,52.3676,4.9041,2026-06-15 12:00:00,2026-06-24 23:59:59,20.4,17.4,1.8000002,55750.875,259.36108,15.564537,41.039997,12.613723,4.4583335
amsterdam,52.3676,4.9041,2026-06-15 12:00:00,2026-06-25 23:59:59,21.1,16.3,0.0,59598.18,302.8043,10.429132,35.28,6.906177,5.2916665
amsterdam,52.3676,4.9041,2026-06-15 12:00:00,2026-06-26 23:59:59,25.95,16.0,0.0,59570.31,158.53223,7.5170207,23.039999,4.6043825,6.5416665
amsterdam,52.3676,4.9041,2026-06-15 12:00:00,2026-06-27 23:59:59,25.45,17.65,1.2,59536.496,0.39567772,11.334285,28.08,6.151764,8.541667
amsterdam,52.3676,4.9041,2026-06-15 12:00:00,2026-06-28 23:59:59,19.25,14.85,0.0,59496.77,313.54865,15.316933,40.68,10.5620575,18.875
aachen,50.7753,6.0839,2026-04-25 12:00:00,2026-04-25 23:59:59,18.626,6.026,0.0,46800.0,346.7053,9.36,22.68,5.7599993,0.0
aachen,50.7753,6.0839,2026-04-25 12:00:00,2026-04-26 23:59:59,18.575998,6.876,0.0,46800.0,41.70235,10.799999,26.28,9.059999,0.0
aachen,50.7753,6.0839,2026-04-25 12:00:00,2026-04-27 23:59:59,16.638,9.276,0.0,24014.3,40.423767,11.521406,21.960001,5.506553,0.0
aachen,50.7753,6.0839,2026-04-25 12:00:00,2026-04-28 23:59:59,16.7,6.7,0.0,49297.176,52.095398,20.675724,44.28,15.362762,3.2916667
aachen,50.7753,6.0839,2026-04-25 12:00:00,2026-04-29 23:59:59,16.95,6.25,0.0,52109.184,68.57871,19.41415,45.719997,17.318275,0.0
aachen,50.7753,6.0839,2026-04-25 12:00:00,2026-04-30 23:59:59,18.35,7.4,0.0,52312.176,95.50713,21.332088,47.88,17.107294,0.0
aachen,50.7753,6.0839,2026-04-25 12:00:00,2026-05-01 23:59:59,23.15,10.4,0.0,52512.516,141.46364,15.210799,34.2,8.889731,0.5833333
paris,48.8566,2.3522,2026-06-14 12:00:00,2026-06-09 23:59:59,20.215,10.714999,0.3,50012.25,263.54126,18.59845,37.8,11.529781,1.8333334
paris,48.8566,2.3522,2026-06-14 12:00:00,2026-06-10 23:59:59,17.815,12.714999,2.4,36509.81,283.41785,16.65754,36.36,9.750391,22.25
paris,48.8566,2.3522,2026-06-14 12:00:00,2026-06-11 23:59:59,18.515001,10.115,0.0,29899.295,259.9624,14.973576,31.319998,10.35592,3.75
paris,48.8566,2.3522,2026-06-14 12:00:00,2026-06-12 23:59:59,25.465,16.665,0.0,36725.156,266.58435,17.339897,41.399998,14.526823,0.0
paris,48.8566,2.3522,2026-06-14 12:00:00,2026-06-13 23:59:59,28.015001,16.265001,0.0,50392.797,290.12036,15.0038395,32.760002,11.989604,0.0
paris,48.8566,2.3522,2026-06-14 12:00:00,2026-06-14 23:59:59,26.215,14.415,0.0,53968.285,331.48764,11.808878,27.0,8.504413,0.0
paris,48.8566,2.3522,2026-06-14 12:00:00,2026-06-15 23:59:59,29.915,15.514999,0.0,46800.0,127.87507,9.47012,33.839996,7.489228,2.5
paris,48.8566,2.3522,2026-06-14 12:00:00,2026-06-16 23:59:59,28.5495,18.665,0.5,40525.105,300.9472,11.384198,24.119999,7.569323,4.1666665
paris,48.8566,2.3522,2026-06-14 12:00:00,2026-06-17 23:59:59,33.4495,17.4995,0.0,56968.484,253.76755,12.24,30.960001,6.622319,0.0
paris,48.8566,2.3522,2026-06-14 12:00:00,2026-06-18 23:59:59,30.7495,19.0495,0.3,41361.613,342.33475,11.525623,27.72,4.561809,2.5833333
paris,48.8566,2.3522,2026-06-14 12:00:00,2026-06-19 23:59:59,34.1995,21.9495,4.8,57053.586,218.80516,9.255571,27.0,6.106485,2.6458333
paris,48.8566,2.3522,2026-06-14 12:00:00,2026-06-20 23:59:59,29.7495,19.7995,16.5,44094.47,264.86618,9.178235,32.039997,6.2106533,21.833334
paris,48.8566,2.3522,2026-06-14 12:00:00,2026-06-21 23:59:59,31.55,20.4495,0.0,54106.04,36.571075,10.966713,30.960001,8.642327,12.78125
paris,48.8566,2.3522,2026-06-14 12:00:00,2026-06-22 23:59:59,34.2,21.3,0.0,57119.938,38.207577,11.48761,31.68,8.202919,4.6666665
paris,48.8566,2.3522,2026-06-14 12:00:00,2026-06-23 23:59:59,34.25,22.6,0.0,57128.56,29.675112,12.267763,33.12,8.468597,8.541667
paris,48.8566,2.3522,2026-06-14 12:00:00,2026-06-24 23:59:59,32.25,22.75,0.0,57134.477,47.38601,15.053425,37.8,9.985432,5.3333335
paris,48.8566,2.3522,2026-06-14 12:00:00,2026-06-25 23:59:59,31.25,21.05,0.0,57137.62,57.741234,16.68669,42.12,13.776664,6.4583335
paris,48.8566,2.3522,2026-06-14 12:00:00,2026-06-26 23:59:59,37.2,21.8,0.0,57137.94,90.49761,12.801531,41.760002,9.406197,6.9166665
paris,48.8566,2.3522,2026-06-14 12:00:00,2026-06-27 23:59:59,28.85,22.2,1.8,57135.375,271.64014,12.535549,39.239998,7.550061,7.2916665
berlin,52.52,13.405,2026-05-21 12:00:00,2026-05-21 23:59:59,20.152,11.702,1.2,40882.09,279.42676,12.682018,37.079998,8.2305765,0.7916667
berlin,52.52,13.405,2026-05-21 12:00:00,2026-05-22 23:59:59,23.052,14.052,0.0,39359.84,296.732,10.009036,25.919998,5.567771,0.0
berlin,52.52,13.405,2026-05-21 12:00:00,2026-05-23 23:59:59,27.789,14.639,0.0,51444.656,176.84624,6.6185193,19.08,4.4091535,0.0
berlin,52.52,13.405,2026-05-21 12:00:00,2026-05-24 23:59:59,29.588999,18.689,0.0,55462.223,310.76352,11.304229,30.599998,5.905484,0.0
berlin,52.52,13.405,2026-05-21 12:00:00,2026-05-25 23:59:59,27.939,17.139,0.0,57373.434,345.91165,7.145796,20.519999,4.7897844,0.0
berlin,52.52,13.405,2026-05-21 12:00:00,2026-05-26 23:59:59,27.175999,17.776,0.0,57439.652,313.82333,14.773164,39.96,8.12223,0.0
berlin,52.52,13.405,2026-05-21 12:00:00,2026-05-27 23:59:59,25.026,15.526,0.0,57503.4,314.2321,13.746156,36.36,8.102137,1.625
valencia,39.4699,-0.3763,2026-05-05 12:00:00,2026-05-05 23:59:59,25.2325,15.882501,0.0,43567.895,58.375755,22.771244,47.16,8.098581,0.625
valencia,39.4699,-0.3763,2026-05-05 12:00:00,2026-05-06 23:59:59,20.682499,13.4325,0.0,45491.652,111.89664,17.072504,39.239998,8.618658,1.75
valencia,39.4699,-0.3763,2026-05-05 12:00:00,2026-05-07 23:59:59,20.8825,13.632501,0.0,47410.445,74.20534,14.417988,32.039997,6.857087,9.25
valencia,39.4699,-0.3763,2026-05-05 12:00:00,2026-05-08 23:59:59,21.432499,14.632501,0.1,35836.418,99.40626,18.278645,39.96,8.25689,8.958333
valencia,39.4699,-0.3763,2026-05-05 12:00:00,2026-05-09 23:59:59,18.2325,16.082499,13.500001,6808.1772,54.792423,15.696165,34.92,9.702552,37.291668
valencia,39.4699,-0.3763,2026-05-05 12:00:00,2026-05-10 23:59:59,24.164501,13.665501,0.0,50351.65,254.73642,24.933735,52.56,13.8231535,13.6875
valencia,39.4699,-0.3763,2026-05-05 12:00:00,2026-05-11 23:59:59,23.0645,14.6145,0.0,50400.0,266.02066,26.727423,58.32,17.741913,10.25
berlin,52.52,13.405,2026-04-25 12:00:00,2026-04-25 23:59:59,15.602,6.152,0.0,41417.77,285.3556,22.86496,49.32,18.207016,0.0
berlin,52.52,13.405,2026-04-25 12:00:00,2026-04-26 23:59:59,13.502,4.202,0.0,47961.863,326.28583,20.68356,47.16,11.441169,0.0
berlin,52.52,13.405,2026-04-25 12:00:00,2026-04-27 23:59:59,16.439,6.139,0.0,49296.168,265.78943,6.379216,17.28,4.340214,0.0
berlin,52.52,13.405,2026-04-25 12:00:00,2026-04-28 23:59:59,16.289,6.839,0.0,41603.164,61.33719,11.966953,30.960001,9.28914,0.0
berlin,52.52,13.405,2026-04-25 12:00:00,2026-04-29 23:59:59,15.289,5.639,0.0,51711.207,72.46294,10.182337,26.64,7.9223433,0.0
berlin,52.52,13.405,2026-04-25 12:00:00,2026-04-30 23:59:59,18.376,6.976,0.0,52020.754,11.618648,5.5887027,16.199999,3.3231676,0.0
berlin,52.52,13.405,2026-04-25 12:00:00,2026-05-01 23:59:59,21.126,9.276,0.0,52335.06,101.97611,8.825508,25.56,6.100898,0.41666666
valencia,39.4699,-0.3763,2026-04-19 12:00:00,2026-04-19 23:59:59,23.2325,13.0325,0.0,45202.727,75.6321,12.429127,30.960001,6.025752,0.0
valencia,39.4699,-0.3763,2026-04-19 12:00:00,2026-04-20 23:59:59,24.832499,13.5825,0.0,44147.44,71.564964,14.76439,35.64,6.8452096,0.0
valencia,39.4699,-0.3763,2026-04-19 12:00:00,2026-04-21 23:59:59,21.832499,13.882501,0.0,43251.832,62.70574,12.6462,31.68,6.1891785,0.0
valencia,39.4699,-0.3763,2026-04-19 12:00:00,2026-04-22 23:59:59,22.2825,13.4825,0.0,44169.59,92.60255,11.212135,30.599998,4.9152865,0.0
valencia,39.4699,-0.3763,2026-04-19 12:00:00,2026-04-23 23:59:59,19.8825,15.0325,0.0,46248.973,53.77221,15.876775,38.16,9.43904,0.8333333
valencia,39.4699,-0.3763,2026-04-19 12:00:00,2026-04-24 23:59:59,22.0645,13.2145,0.0,46350.895,102.05558,15.379206,36.36,6.084664,3.7916667
valencia,39.4699,-0.3763,2026-04-19 12:00:00,2026-04-25 23:59:59,22.3645,11.564501,0.0,45879.473,95.955246,15.683776,38.519997,6.5810537,8.875
aachen,50.7753,6.0839,2026-06-16 12:00:00,2026-06-11 23:59:59,17.776,9.676,5.5,26784.156,241.72787,15.84,33.12,11.699997,39.25
aachen,50.7753,6.0839,2026-06-16 12:00:00,2026-06-12 23:59:59,16.026,12.376,10.400002,0.0,242.50539,22.68,43.92,18.914997,86.375
aachen,50.7753,6.0839,2026-06-16 12:00:00,2026-06-13 23:59:59,18.126,13.476,0.4,22400.227,266.3699,22.68,46.44,16.994999,25.375
aachen,50.7753,6.0839,2026-06-16 12:00:00,2026-06-14 23:59:59,18.876,12.376,0.2,24314.033,281.1761,16.56,36.0,12.764999,20.125
aachen,50.7753,6.0839,2026-06-16 12:00:00,2026-06-15 23:59:59,20.876,10.276,0.0,37617.168,268.03693,12.599999,25.56,8.264999,2.5833333
aachen,50.7753,6.0839,2026-06-16 12:00:00,2026-06-16 23:59:59,25.925999,15.826,0.0,39504.94,245.101,18.0,36.0,10.409999,20.0
aachen,50.7753,6.0839,2026-06-16 12:00:00,2026-06-17 23:59:59,26.925999,16.726,0.0,41706.258,252.20766,13.32,29.16,8.684999,2.625
aachen,50.7753,6.0839,2026-06-16 12:00:00,2026-06-18 23:59:59,33.426003,19.825998,1.8,52416.805,207.07701,7.92,80.28,6.1650004,0.7916667
aachen,50.7753,6.0839,2026-06-16 12:00:00,2026-06-19 23:59:59,31.95,20.6,7.8,50054.895,159.63432,15.299999,49.32,9.890494,27.708334
aachen,50.7753,6.0839,2026-06-16 12:00:00,2026-06-20 23:59:59,30.3,20.15,1.5,57194.207,184.8625,15.129638,31.319998,7.127493,13.541667
aachen,50.7753,6.0839,2026-06-16 12:00:00,2026-06-21 23:59:59,32.75,18.35,0.0,58548.938,94.67983,13.072015,27.359999,6.422,6.1666665
aachen,50.7753,6.0839,2026-06-16 12:00:00,2026-06-22 23:59:59,32.9,23.3,1.8000002,58604.547,133.45995,17.468348,59.039997,9.230362,6.125
aachen,50.7753,6.0839,2026-06-16 12:00:00,2026-06-23 23:59:59,22.3,16.4,8.4,57675.938,280.45154,18.86139,55.079998,14.994948,20.708334
aachen,50.7753,6.0839,2026-06-16 12:00:00,2026-06-24 23:59:59,21.55,14.2,0.6,48279.594,297.84747,9.224011,40.32,7.411847,9.583333
aachen,50.7753,6.0839,2026-06-16 12:00:00,2026-06-25 23:59:59,24.15,15.25,0.0,58560.55,2.56373,9.087772,25.919998,6.140328,4.9166665
aachen,50.7753,6.0839,2026-06-16 12:00:00,2026-06-26 23:59:59,25.05,16.1,0.0,57714.67,41.01175,8.297589,27.0,5.572968,10.708333
aachen,50.7753,6.0839,2026-06-16 12:00:00,2026-06-27 23:59:59,30.1,18.25,0.0,58503.707,86.085945,9.565437,24.84,7.5394354,9.875
aachen,50.7753,6.0839,2026-06-16 12:00:00,2026-06-28 23:59:59,32.6,22.7,0.0,58467.09,258.793,21.210232,46.44,14.641986,4.4583335
aachen,50.7753,6.0839,2026-06-16 12:00:00,2026-06-29 23:59:59,23.1,15.0,0.0,53246.312,2.902685,16.011908,46.44,12.15823,13.333333
valencia,39.4699,-0.3763,2026-06-16 12:00:00,2026-06-11 23:59:59,25.2325,19.182499,0.0,50400.0,99.225365,15.077082,35.64,7.4074945,0.0
valencia,39.4699,-0.3763,2026-06-16 12:00:00,2026-06-12 23:59:59,27.182499,18.7825,0.0,50400.0,126.58374,14.512064,34.92,6.362323,0.0
valencia,39.4699,-0.3763,2026-06-16 12:00:00,2026-06-13 23:59:59,31.082499,18.332499,0.0,44675.36,138.36656,12.181624,30.599998,5.882394,0.0
valencia,39.4699,-0.3763,2026-06-16 12:00:00,2026-06-14 23:59:59,30.4825,19.9825,0.0,47926.51,131.3254,15.629971,38.519997,7.0148335,0.0
valencia,39.4699,-0.3763,2026-06-16 12:00:00,2026-06-15 23:59:59,29.6325,20.0325,0.0,50400.0,101.35509,13.849476,34.56,6.3156857,0.0
valencia,39.4699,-0.3763,2026-06-16 12:00:00,2026-06-16 23:59:59,29.8825,19.2325,0.0,50400.0,110.71981,12.641076,32.399998,5.980683,0.0
valencia,39.4699,-0.3763,2026-06-16 12:00:00,2026-06-17 23:59:59,30.8825,19.7825,0.0,50400.0,102.20047,12.181625,31.319998,5.545539,0.125
valencia,39.4699,-0.3763,2026-06-16 12:00:00,2026-06-18 23:59:59,28.4825,20.832499,0.3,41133.023,66.697876,13.339445,34.2,6.40934,6.4583335
valencia,39.4699,-0.3763,2026-06-16 12:00:00,2026-06-19 23:59:59,28.9825,21.082499,0.0,46563.18,66.359924,14.618837,36.719997,6.883146,0.41666666
valencia,39.4699,-0.3763,2026-06-16 12:00:00,2026-06-20 23:59:59,28.932499,21.682499,0.0,51710.242,63.881107,16.179985,39.239998,7.577038,0.0
valencia,39.4699,-0.3763,2026-06-16 12:00:00,2026-06-21 23:59:59,30.8645,21.932499,0.0,51709.53,81.464066,14.799459,35.64,6.881209,0.0
valencia,39.4699,-0.3763,2026-06-16 12:00:00,2026-06-22 23:59:59,31.914501,21.164501,0.0,51710.42,100.00788,15.124284,36.719997,6.2195873,0.0
valencia,39.4699,-0.3763,2026-06-16 12:00:00,2026-06-23 23:59:59,35.0645,20.914501,0.0,52054.484,117.43144,12.864649,32.760002,5.627209,1.625
valencia,39.4699,-0.3763,2026-06-16 12:00:00,2026-06-24 23:59:59,30.85,24.0,0.0,52491.137,109.53948,11.465024,36.719997,5.304785,0.53125
valencia,39.4699,-0.3763,2026-06-16 12:00:00,2026-06-25 23:59:59,31.75,24.45,0.0,52164.2,88.41989,12.295462,38.16,5.77187,0.0
valencia,39.4699,-0.3763,2026-06-16 12:00:00,2026-06-26 23:59:59,32.7,25.45,0.0,52178.582,81.82057,11.028581,36.36,5.491516,1.125
valencia,39.4699,-0.3763,2026-06-16 12:00:00,2026-06-27 23:59:59,33.05,26.0,0.0,52191.508,85.550865,12.638512,38.16,6.7097673,2.3333333
valencia,39.4699,-0.3763,2026-06-16 12:00:00,2026-06-28 23:59:59,31.45,25.75,0.0,52202.9,73.07244,13.202726,40.32,6.9276795,0.625
valencia,39.4699,-0.3763,2026-06-16 12:00:00,2026-06-29 23:59:59,34.0,24.75,0.0,52212.57,126.27084,9.418661,34.56,5.2747316,2.375
amsterdam,52.3676,4.9041,2026-06-14 12:00:00,2026-06-09 23:59:59,17.456501,13.4065,0.8000001,41753.555,249.5861,28.08,51.839996,16.26,78.333336
amsterdam,52.3676,4.9041,2026-06-14 12:00:00,2026-06-10 23:59:59,17.3065,11.6565,4.5,40561.66,236.55995,27.359999,48.239998,13.289999,51.833332
amsterdam,52.3676,4.9041,2026-06-14 12:00:00,2026-06-11 23:59:59,17.706501,11.9065,3.8999996,25339.56,227.15445,18.359999,38.519997,12.615,36.291668
amsterdam,52.3676,4.9041,2026-06-14 12:00:00,2026-06-12 23:59:59,18.0565,12.6565,5.2,4440.3677,250.10481,25.56,45.0,19.485,80.458336
amsterdam,52.3676,4.9041,2026-06-14 12:00:00,2026-06-13 23:59:59,17.3065,14.9065,2.4,21303.662,270.84232,25.56,49.32,17.07,39.458332
amsterdam,52.3676,4.9041,2026-06-14 12:00:00,2026-06-14 23:59:59,17.8565,14.106501,2.1999998,41339.223,298.16534,20.880001,41.039997,18.164999,11.625
amsterdam,52.3676,4.9041,2026-06-14 12:00:00,2026-06-15 23:59:59,18.8065,13.856501,0.2,34330.64,312.4693,17.64,34.92,13.634998,0.75
amsterdam,52.3676,4.9041,2026-06-14 12:00:00,2026-06-16 23:59:59,22.7565,13.9065,0.0,41408.36,58.052975,15.84,34.92,12.9,5.0
amsterdam,52.3676,4.9041,2026-06-14 12:00:00,2026-06-17 23:59:59,23.35,13.2,1.1,56885.023,220.79213,14.913952,36.0,8.821572,9.208333
amsterdam,52.3676,4.9041,2026-06-14 12:00:00,2026-06-18 23:59:59,24.5,15.85,0.0,59625.445,243.64825,9.1958685,25.199999,6.876117,0.0
amsterdam,52.3676,4.9041,2026-06-14 12:00:00,2026-06-19 23:59:59,30.2,19.4,10.200001,39613.94,139.63554,9.605998,37.8,6.1079044,16.5
amsterdam,52.3676,4.9041,2026-06-14 12:00:00,2026-06-20 23:59:59,25.25,18.7,0.0,59647.73,264.66608,10.094454,30.599998,7.8912535,12.125
amsterdam,52.3676,4.9041,2026-06-14 12:00:00,2026-06-21 23:59:59,22.55,16.6,0.0,59649.844,44.102573,12.85205,31.68,8.485928,8.541667
amsterdam,52.3676,4.9041,2026-06-14 12:00:00,2026-06-22 23:59:59,21.55,14.85,0.0,59645.926,62.745766,14.138882,33.48,11.484353,5.4583335
amsterdam,52.3676,4.9041,2026-06-14 12:00:00,2026-06-23 23:59:59,24.45,13.75,0.0,59636.008,59.36152,9.044888,33.12,6.043026,11.041667
amsterdam,52.3676,4.9041,2026-06-14 12:00:00,2026-06-24 23:59:59,25.3,16.25,0.0,59620.086,0.7978939,12.996199,33.12,8.769942,9.541667
amsterdam,52.3676,4.9041,2026-06-14 12:00:00,2026-06-25 23:59:59,21.3,14.75,0.0,59598.18,58.32956,16.62444,39.239998,12.728581,7.0416665
amsterdam,52.3676,4.9041,2026-06-14 12:00:00,2026-06-26 23:59:59,25.6,14.0,0.0,59570.31,67.39997,15.629971,39.239998,13.320023,10.0
amsterdam,52.3676,4.9041,2026-06-14 12:00:00,2026-06-27 23:59:59,29.45,20.15,0.3,59536.496,123.79965,12.730467,36.0,10.695719,9.625
munich,48.1351,11.582,2026-05-21 12:00:00,2026-05-21 23:59:59,18.815,11.964999,0.0,35168.82,280.71304,9.931042,25.199999,6.642306,2.2916667
munich,48.1351,11.582,2026-05-21 12:00:00,2026-05-22 23:59:59,22.865,10.065,0.0,50890.668,85.27106,12.10157,28.44,6.9217253,0.0
munich,48.1351,11.582,2026-05-21 12:00:00,2026-05-23 23:59:59,25.5715,13.594875,0.0,51253.184,84.10481,11.013882,31.319998,6.4159455,0.0
munich,48.1351,11.582,2026-05-21 12:00:00,2026-05-24 23:59:59,27.3715,15.221499,0.0,53475.92,83.28116,10.703569,29.519999,5.7945514,0.0
munich,48.1351,11.582,2026-05-21 12:00:00,2026-05-25 23:59:59,29.2215,16.921501,0.0,55366.24,81.77337,9.904906,29.16,4.440318,0.0
munich,48.1351,11.582,2026-05-21 12:00:00,2026-05-26 23:59:59,29.208,14.658,0.0,55484.773,0.12214231,10.966713,26.28,5.5837846,0.0
munich,48.1351,11.582,2026-05-21 12:00:00,2026-05-27 23:59:59,29.158,17.358,0.0,55600.066,74.53618,13.53236,32.399998,7.113144,2.2916667
aachen,50.7753,6.0839,2026-05-01 12:00:00,2026-05-01 23:59:59,24.825998,10.976,0.0,47759.35,127.80799,15.4800005,33.12,11.4,0.0
aachen,50.7753,6.0839,2026-05-01 12:00:00,2026-05-02 23:59:59,25.976,14.726,0.0,44004.867,193.71756,15.84,34.56,10.095001,22.833334
aachen,50.7753,6.0839,2026-05-01 12:00:00,2026-05-03 23:59:59,19.376,14.45,0.1,7840.2705,204.38937,16.956343,41.399998,14.047648,22.375
aachen,50.7753,6.0839,2026-05-01 12:00:00,2026-05-04 23:59:59,19.85,12.3,6.3,34815.367,229.13438,15.486278,33.48,10.235124,34.916668
aachen,50.7753,6.0839,2026-05-01 12:00:00,2026-05-05 23:59:59,12.7,9.5,11.400002,0.0,346.6117,12.6462,29.16,7.8331375,27.375
aachen,50.7753,6.0839,2026-05-01 12:00:00,2026-05-06 23:59:59,12.05,6.65,0.3,39434.543,350.71033,13.767352,33.839996,10.319643,22.166666
aachen,50.7753,6.0839,2026-05-01 12:00:00,2026-05-07 23:59:59,14.2,7.5,2.3999999,41916.75,99.47085,10.7714615,26.64,8.313723,13.916667
london,51.5074,-0.1278,2026-06-01 12:00:00,2026-06-01 23:59:59,21.640999,14.441,3.1999998,33265.035,226.56467,19.44,42.48,13.094999,11.125
london,51.5074,-0.1278,2026-06-01 12:00:00,2026-06-02 23:59:59,19.491,15.091,19.199999,39218.51,232.6009,24.84,49.68,13.184999,87.875
london,51.5074,-0.1278,2026-06-01 12:00:00,2026-06-03 23:59:59,19.4545,14.038626,2.625,21600.0,231.16196,27.359999,55.44,18.191252,28.25
london,51.5074,-0.1278,2026-06-01 12:00:00,2026-06-04 23:59:59,17.2045,12.304501,6.8999996,54000.0,230.55144,26.64,55.079998,22.68,47.25
london,51.5074,-0.1278,2026-06-01 12:00:00,2026-06-05 23:59:59,17.0545,11.5045,0.4,56737.87,247.10223,21.96,45.0,19.35,24.125
london,51.5074,-0.1278,2026-06-01 12:00:00,2026-06-06 23:59:59,19.8545,12.1045,0.3,18873.324,225.66191,28.8,57.6,20.34,21.375
london,51.5074,-0.1278,2026-06-01 12:00:00,2026-06-07 23:59:59,19.5,11.7045,0.0,49488.887,240.19144,12.24,30.599998,8.905202,15.125
munich,48.1351,11.582,2026-05-12 12:00:00,2026-05-12 23:59:59,9.865,3.765,4.5999994,36541.062,279.86313,24.606731,54.0,14.633738,30.666666
munich,48.1351,11.582,2026-05-12 12:00:00,2026-05-13 23:59:59,13.464999,4.265,0.1,30848.777,257.33804,16.299694,41.399998,9.878857,2.375
munich,48.1351,11.582,2026-05-12 12:00:00,2026-05-14 23:59:59,12.8215,7.3215,1.3000001,2643.5212,235.62723,13.979871,38.88,9.544847,29.625
munich,48.1351,11.582,2026-05-12 12:00:00,2026-05-15 23:59:59,14.5215,3.9215,0.3,48323.74,75.96373,10.296251,26.28,5.858872,29.541666
munich,48.1351,11.582,2026-05-12 12:00:00,2026-05-16 23:59:59,9.1215,4.9715,43.8,0.0,295.76416,14.336861,38.16,8.8848,70.083336
munich,48.1351,11.582,2026-05-12 12:00:00,2026-05-17 23:59:59,11.308001,5.8580003,1.5,26646.66,279.3147,13.390571,35.28,10.688883,12.395833
munich,48.1351,11.582,2026-05-12 12:00:00,2026-05-18 23:59:59,14.008,1.8080001,0.0,45616.855,25.529598,6.297428,15.84,4.4896193,4.6666665
prag,50.0755,14.4378,2026-06-15 12:00:00,2026-06-10 23:59:59,15.9485,12.1985,2.0,0.0,178.9312,10.829959,26.28,4.8698115,47.5
prag,50.0755,14.4378,2026-06-15 12:00:00,2026-06-11 23:59:59,16.5485,10.8985,5.7,33014.695,260.62115,13.684735,36.719997,8.95442,60.583332
prag,50.0755,14.4378,2026-06-15 12:00:00,2026-06-12 23:59:59,15.848499,9.7985,4.7,1311.7762,216.40416,13.246826,28.8,9.293379,33.5
prag,50.0755,14.4378,2026-06-15 12:00:00,2026-06-13 23:59:59,23.8485,15.0485,1.1,42333.543,267.54947,18.709612,43.199997,11.937517,18.625
prag,50.0755,14.4378,2026-06-15 12:00:00,2026-06-14 23:59:59,17.8985,13.6985,0.0,23354.318,279.43536,17.163355,39.239998,11.19575,0.45833334
prag,50.0755,14.4378,2026-06-15 12:00:00,2026-06-15 23:59:59,19.3985,12.5485,0.0,35082.594,277.1816,18.709612,40.68,12.073617,0.25
prag,50.0755,14.4378,2026-06-15 12:00:00,2026-06-16 23:59:59,22.4985,11.4985,0.7,28332.766,229.57117,18.331741,38.16,9.148387,11.125
prag,50.0755,14.4378,2026-06-15 12:00:00,2026-06-17 23:59:59,22.446,14.296,0.3,26637.062,286.04788,8.714677,24.48,5.743474,5.4583335
prag,50.0755,14.4378,2026-06-15 12:00:00,2026-06-18 23:59:59,28.246,16.496,0.0,53112.6,281.72504,7.9036193,23.039999,4.5491476,1.2083334
prag,50.0755,14.4378,2026-06-15 12:00:00,2026-06-19 23:59:59,32.546,18.546,0.0,55026.484,150.72484,5.8603754,17.28,2.7437975,0.75
prag,50.0755,14.4378,2026-06-15 12:00:00,2026-06-20 23:59:59,28.796,19.846,3.9,27185.656,174.79811,6.28713,27.72,3.8007352,14.114583
prag,50.0755,14.4378,2026-06-15 12:00:00,2026-06-21 23:59:59,33.646,19.196,0.0,57600.0,221.53165,6.4096174,16.199999,3.4801023,22.458334
prag,50.0755,14.4378,2026-06-15 12:00:00,2026-06-22 23:59:59,32.796997,22.146,0.0,57782.74,91.98291,15.546833,34.2,9.162321,19.520834
prag,50.0755,14.4378,2026-06-15 12:00:00,2026-06-23 23:59:59,32.15,20.0,0.0,57778.254,61.8494,14.941083,37.8,6.932168,11.083333
prag,50.0755,14.4378,2026-06-15 12:00:00,2026-06-24 23:59:59,34.95,22.55,9.0,56824.457,57.58087,10.070353,43.199997,6.5287075,7.0416665
prag,50.0755,14.4378,2026-06-15 12:00:00,2026-06-25 23:59:59,23.85,18.55,3.0000002,44760.652,331.32794,15.156386,43.199997,12.00484,5.4583335
prag,50.0755,14.4378,2026-06-15 12:00:00,2026-06-26 23:59:59,25.5,15.9,0.0,57733.918,6.5633245,12.283599,36.36,6.306106,4.0
prag,50.0755,14.4378,2026-06-15 12:00:00,2026-06-27 23:59:59,30.6,18.4,0.0,57708.45,136.80447,9.36,29.16,5.066482,4.2916665
prag,50.0755,14.4378,2026-06-15 12:00:00,2026-06-28 23:59:59,24.5,18.75,5.9999995,57682.5,315.4233,17.682194,50.76,12.310974,11.416667
aachen,50.7753,6.0839,2026-04-22 12:00:00,2026-04-22 23:59:59,17.175999,4.376,0.0,46800.0,83.62681,15.84,34.92,8.79,0.0
aachen,50.7753,6.0839,2026-04-22 12:00:00,2026-04-23 23:59:59,19.075998,6.926,0.0,46800.0,13.590783,12.599999,28.08,7.065,0.0
aachen,50.7753,6.0839,2026-04-22 12:00:00,2026-04-24 23:59:59,19.376,5.626,0.0,42340.5,14.443368,9.72,24.119999,6.5540695,0.0
aachen,50.7753,6.0839,2026-04-22 12:00:00,2026-04-25 23:59:59,15.95,4.9,0.0,40504.23,350.71747,10.453957,22.319998,4.8469048,0.0
aachen,50.7753,6.0839,2026-04-22 12:00:00,2026-04-26 23:59:59,13.45,4.85,0.0,51486.348,49.83951,10.966713,30.599998,9.222866,0.0
aachen,50.7753,6.0839,2026-04-22 12:00:00,2026-04-27 23:59:59,16.0,4.35,0.0,38473.36,43.35878,11.599879,30.599998,7.6412907,0.33333334
aachen,50.7753,6.0839,2026-04-22 12:00:00,2026-04-28 23:59:59,10.8,4.8,0.0,46075.016,21.537762,12.503199,37.079998,9.944888,0.0
munich,48.1351,11.582,2026-06-07 12:00:00,2026-06-02 23:59:59,25.915,12.365,2.1,32657.957,200.73413,21.647945,53.28,8.10762,15.416667
munich,48.1351,11.582,2026-06-07 12:00:00,2026-06-03 23:59:59,16.915,13.165,8.200001,21529.86,248.89062,14.04,41.399998,10.483521,43.5
munich,48.1351,11.582,2026-06-07 12:00:00,2026-06-04 23:59:59,24.115,11.264999,3.7000003,37892.047,236.87279,16.862455,53.639996,7.5420074,16.916666
munich,48.1351,11.582,2026-06-07 12:00:00,2026-06-05 23:59:59,18.465,10.714999,9.299999,31427.254,244.7737,13.979871,35.64,9.046181,38.291668
munich,48.1351,11.582,2026-06-07 12:00:00,2026-06-06 23:59:59,23.015001,9.964999,0.0,51461.906,219.80551,12.10157,28.8,6.652364,2.5
munich,48.1351,11.582,2026-06-07 12:00:00,2026-06-07 23:59:59,23.415,15.964999,0.0,44596.348,275.1697,11.212135,30.960001,7.5836673,0.45833334
munich,48.1351,11.582,2026-06-07 12:00:00,2026-06-08 23:59:59,27.415,13.764999,0.1,44085.38,284.85034,17.595861,40.68,6.160256,3.4166667
munich,48.1351,11.582,2026-06-07 12:00:00,2026-06-09 23:59:59,17.965,12.6215,16.525,0.0,259.854,14.904173,37.44,7.0696106,76.0
munich,48.1351,11.582,2026-06-07 12:00:00,2026-06-10 23:59:59,14.0215,10.721499,13.8,8135.954,223.29608,9.726664,26.64,5.4928083,63.583332
munich,48.1351,11.582,2026-06-07 12:00:00,2026-06-11 23:59:59,19.8215,8.721499,0.3,49708.676,254.81999,9.422101,28.8,6.317695,14.375
munich,48.1351,11.582,2026-06-07 12:00:00,2026-06-12 23:59:59,16.080626,12.6215,8.700001,1089.3348,246.50926,20.732965,51.93,13.075735,39.927082
munich,48.1351,11.582,2026-06-07 12:00:00,2026-06-13 23:59:59,17.258,11.008,0.3,35766.688,268.62296,18.161278,42.48,12.865927,28.208334
munich,48.1351,11.582,2026-06-07 12:00:00,2026-06-14 23:59:59,17.208,10.758,0.0,33194.64,280.73044,18.847641,43.92,11.2759,24.708334
munich,48.1351,11.582,2026-06-07 12:00:00,2026-06-15 23:59:59,25.45,12.031,0.0,56583.094,51.376003,7.3094187,27.0,4.629558,20.645834
munich,48.1351,11.582,2026-06-07 12:00:00,2026-06-16 23:59:59,28.85,15.65,0.0,56571.367,87.63995,6.8919086,25.919998,4.885848,10.833333
munich,48.1351,11.582,2026-06-07 12:00:00,2026-06-17 23:59:59,31.1,18.35,0.0,56557.77,252.41696,12.181624,28.08,7.3643665,12.666667
munich,48.1351,11.582,2026-06-07 12:00:00,2026-06-18 23:59:59,30.55,20.6,0.6,56542.94,300.84225,7.5942082,30.599998,5.5195756,14.0
munich,48.1351,11.582,2026-06-07 12:00:00,2026-06-19 23:59:59,30.6,19.8,0.0,56526.375,59.46427,9.422101,33.839996,5.5729694,18.958334
munich,48.1351,11.582,2026-06-07 12:00:00,2026-06-20 23:59:59,32.7,19.75,0.0,56508.535,51.132233,7.1684303,25.199999,4.2411804,18.5
valencia,39.4699,-0.3763,2026-05-01 12:00:00,2026-05-01 23:59:59,19.8825,17.4825,2.7999997,15313.15,38.62236,13.979872,31.68,8.637147,22.708334
valencia,39.4699,-0.3763,2026-05-01 12:00:00,2026-05-02 23:59:59,20.932499,17.0325,0.70000005,18045.697,81.910706,15.94601,36.36,7.914136,24.458334
valencia,39.4699,-0.3763,2026-05-01 12:00:00,2026-05-03 23:59:59,21.432499,17.5325,0.5,29103.994,80.823875,13.849476,32.039997,6.350056,16.833334
valencia,39.4699,-0.3763,2026-05-01 12:00:00,2026-05-04 23:59:59,24.6325,16.4825,3.1999993,44256.785,211.00516,12.074766,37.44,6.197793,8.583333
valencia,39.4699,-0.3763,2026-05-01 12:00:00,2026-05-05 23:59:59,26.6325,15.0325,0.0,49907.09,301.89407,23.688984,50.76,9.646397,5.9583335
valencia,39.4699,-0.3763,2026-05-01 12:00:00,2026-05-06 23:59:59,23.0645,12.564501,0.0,50032.008,116.14724,19.770523,43.199997,8.24599,9.541667
valencia,39.4699,-0.3763,2026-05-01 12:00:00,2026-05-07 23:59:59,20.9645,14.9145,0.90000004,13188.704,60.8142,11.901798,27.0,6.572091,27.166666
valencia,39.4699,-0.3763,2026-06-14 12:00:00,2026-06-09 23:59:59,26.432499,20.7825,0.0,47154.906,64.223885,15.188415,37.8,8.898998,0.0
valencia,39.4699,-0.3763,2026-06-14 12:00:00,2026-06-10 23:59:59,24.2825,21.1325,0.0,34524.32,68.40268,14.332341,34.56,9.907219,0.0
valencia,39.4699,-0.3763,2026-06-14 12:00:00,2026-06-11 23:59:59,25.2325,19.182499,0.0,50400.0,99.225365,15.077082,35.64,7.4074945,0.0
valencia,39.4699,-0.3763,2026-06-14 12:00:00,2026-06-12 23:59:59,27.182499,18.7825,0.0,50400.0,126.58374,14.512064,34.92,6.362323,0.0
valencia,39.4699,-0.3763,2026-06-14 12:00:00,2026-06-13 23:59:59,31.082499,18.332499,0.0,44675.36,138.36656,12.181624,30.599998,5.882394,0.0
valencia,39.4699,-0.3763,2026-06-14 12:00:00,2026-06-14 23:59:59,30.4825,19.9825,0.0,46351.94,125.71312,15.496736,38.16,7.3456264,0.0
valencia,39.4699,-0.3763,2026-06-14 12:00:00,2026-06-15 23:59:59,27.932499,20.332499,0.0,45683.53,88.56343,13.004921,33.12,5.9487634,0.125
valencia,39.4699,-0.3763,2026-06-14 12:00:00,2026-06-16 23:59:59,28.5325,19.182499,0.0,49695.086,102.82435,12.144331,31.319998,5.668046,0.0
valencia,39.4699,-0.3763,2026-06-14 12:00:00,2026-06-17 23:59:59,30.8825,18.5325,0.0,51670.508,91.77403,12.57426,32.039997,6.238184,0.0
valencia,39.4699,-0.3763,2026-06-14 12:00:00,2026-06-18 23:59:59,25.7825,20.332499,0.6,26302.11,46.272934,9.885262,31.319998,4.6775193,6.0833335
valencia,39.4699,-0.3763,2026-06-14 12:00:00,2026-06-19 23:59:59,30.9645,21.269,0.0,51028.684,88.098045,13.004921,33.48,5.5490375,2.5416667
valencia,39.4699,-0.3763,2026-06-14 12:00:00,2026-06-20 23:59:59,29.9645,21.0145,0.0,51010.777,100.970474,14.471821,34.92,6.6688313,0.041666668
valencia,39.4699,-0.3763,2026-06-14 12:00:00,2026-06-21 23:59:59,30.228626,20.914501,0.0,52091.676,89.411575,14.440443,42.839996,6.377445,0.0
valencia,39.4699,-0.3763,2026-06-14 12:00:00,2026-06-22 23:59:59,32.5,23.75,0.0,52455.805,130.001,12.325728,37.44,5.8332214,0.083333336
valencia,39.4699,-0.3763,2026-06-14 12:00:00,2026-06-23 23:59:59,32.4,24.9,0.0,51268.816,95.9889,12.74954,39.239998,5.918968,2.9166667
valencia,39.4699,-0.3763,2026-06-14 12:00:00,2026-06-24 23:59:59,35.45,25.6,0.0,52491.137,127.80811,14.037692,40.32,7.6302466,4.0
valencia,39.4699,-0.3763,2026-06-14 12:00:00,2026-06-25 23:59:59,35.7,26.9,0.0,52164.2,65.96573,15.159589,41.760002,8.475783,1.4166666
valencia,39.4699,-0.3763,2026-06-14 12:00:00,2026-06-26 23:59:59,33.5,26.5,0.0,52178.582,68.03467,11.722133,39.239998,7.3580246,0.041666668
valencia,39.4699,-0.3763,2026-06-14 12:00:00,2026-06-27 23:59:59,31.45,25.25,0.0,52191.508,77.13199,11.897714,39.239998,7.46945,1.5
munich,48.1351,11.582,2026-05-13 12:00:00,2026-05-13 23:59:59,13.415,4.165,0.0,30545.578,251.90521,20.957443,46.8,11.581101,0.7916667
munich,48.1351,11.582,2026-05-13 12:00:00,2026-05-14 23:59:59,12.415,7.315,1.6,6221.2036,255.03165,16.62249,43.56,11.11406,26.375
munich,48.1351,11.582,2026-05-13 12:00:00,2026-05-15 23:59:59,11.971499,5.7791247,2.5,18267.666,245.86565,7.289444,20.16,4.9239507,29.125
munich,48.1351,11.582,2026-05-13 12:00:00,2026-05-16 23:59:59,11.0215,5.8215,4.8,20904.455,291.49057,9.339208,28.44,7.003995,58.625
munich,48.1351,11.582,2026-05-13 12:00:00,2026-05-17 23:59:59,14.7715,4.2714996,0.0,49692.16,259.21573,5.8048253,17.28,3.3748934,13.625
munich,48.1351,11.582,2026-05-13 12:00:00,2026-05-18 23:59:59,15.658,4.808,0.0,47571.2,266.35233,7.8954163,19.08,5.219024,6.5729165
munich,48.1351,11.582,2026-05-13 12:00:00,2026-05-19 23:59:59,17.108,6.3580003,0.0,51830.01,268.98602,7.6367526,18.72,4.841936,12.75
munich,48.1351,11.582,2026-06-11 12:00:00,2026-06-06 23:59:59,23.015001,9.964999,0.0,51461.906,219.80551,12.10157,28.8,6.652364,2.5
munich,48.1351,11.582,2026-06-11 12:00:00,2026-06-07 23:59:59,23.415,15.964999,0.0,43895.555,275.10696,11.212135,30.960001,7.46433,0.45833334
munich,48.1351,11.582,2026-06-11 12:00:00,2026-06-08 23:59:59,27.665,12.665,0.0,46845.348,266.21744,13.207634,41.039997,6.2488723,2.5416667
munich,48.1351,11.582,2026-06-11 12:00:00,2026-06-09 23:59:59,18.665,13.365,5.499999,0.0,235.00789,14.33234,36.0,8.826615,72.833336
munich,48.1351,11.582,2026-06-11 12:00:00,2026-06-10 23:59:59,13.464999,10.014999,22.2,166.21788,300.6185,12.768586,28.8,5.2998857,92.916664
munich,48.1351,11.582,2026-06-11 12:00:00,2026-06-11 23:59:59,15.315,9.165,1.8,37219.004,272.08743,16.263872,48.6,10.352248,35.875
munich,48.1351,11.582,2026-06-11 12:00:00,2026-06-12 23:59:59,14.214999,10.915,7.0999994,0.0,248.59248,16.700275,37.079998,11.593515,57.208332
munich,48.1351,11.582,2026-06-11 12:00:00,2026-06-13 23:59:59,23.8715,14.615,0.8,47605.383,264.9907,18.733839,50.76,13.750793,6.2083335
munich,48.1351,11.582,2026-06-11 12:00:00,2026-06-14 23:59:59,21.671501,13.221499,0.0,56439.734,289.18298,16.267857,46.44,9.516312,0.875
munich,48.1351,11.582,2026-06-11 12:00:00,2026-06-15 23:59:59,19.5715,11.7715,0.0,48356.0,300.32755,12.181625,34.56,7.219201,3.5
munich,48.1351,11.582,2026-06-11 12:00:00,2026-06-16 23:59:59,23.608,11.308001,0.0,56459.055,12.022777,7.2,18.359999,3.4084947,2.96875
munich,48.1351,11.582,2026-06-11 12:00:00,2026-06-17 23:59:59,25.979,13.008,0.0,55792.58,189.9287,6.5693827,19.08,4.2802935,12.083333
munich,48.1351,11.582,2026-06-11 12:00:00,2026-06-18 23:59:59,28.9,16.35,0.0,56542.94,62.96929,9.0,25.56,6.1106677,3.4375
munich,48.1351,11.582,2026-06-11 12:00:00,2026-06-19 23:59:59,31.95,18.65,0.0,56526.375,211.05858,15.876775,38.88,7.5342083,7.8333335
munich,48.1351,11.582,2026-06-11 12:00:00,2026-06-20 23:59:59,30.15,21.25,0.0,56508.535,235.69751,12.473363,36.36,6.262464,20.375
munich,48.1351,11.582,2026-06-11 12:00:00,2026-06-21 23:59:59,32.45,20.8,0.0,56489.35,183.16571,9.83268,25.919998,5.3607664,16.708334
munich,48.1351,11.582,2026-06-11 12:00:00,2026-06-22 23:59:59,33.6,21.9,0.3,56469.06,221.34364,11.1090765,39.6,6.624951,17.208334
munich,48.1351,11.582,2026-06-11 12:00:00,2026-06-23 23:59:59,23.85,17.6,7.8,56447.676,274.1125,11.368535,35.64,8.9376,27.541666
munich,48.1351,11.582,2026-06-11 12:00:00,2026-06-24 23:59:59,23.1,16.75,9.900001,55800.523,86.46778,7.628263,27.0,3.5484319,26.0
leipzig,51.3397,12.3731,2026-06-15 12:00:00,2026-06-10 23:59:59,20.163,12.462999,0.0,36879.395,245.33617,13.237038,36.0,7.267292,4.75
leipzig,51.3397,12.3731,2026-06-15 12:00:00,2026-06-11 23:59:59,17.463001,11.863,4.9,45423.46,253.97855,11.928989,43.56,8.144794,52.666668
leipzig,51.3397,12.3731,2026-06-15 12:00:00,2026-06-12 23:59:59,17.763,11.563,3.1,0.0,224.79262,14.587776,34.92,9.419209,41.541668
leipzig,51.3397,12.3731,2026-06-15 12:00:00,2026-06-13 23:59:59,21.663,15.162999,1.5000001,28083.074,273.09158,18.204042,45.719997,10.8330555,23.541666
leipzig,51.3397,12.3731,2026-06-15 12:00:00,2026-06-14 23:59:59,17.613,12.063,2.0,27586.148,271.22318,19.70815,47.16,12.849229,12.25
leipzig,51.3397,12.3731,2026-06-15 12:00:00,2026-06-15 23:59:59,17.513,11.212999,0.0,18539.018,267.22638,21.605999,47.16,12.357455,2.25
leipzig,51.3397,12.3731,2026-06-15 12:00:00,2026-06-16 23:59:59,20.763,10.363,2.7,19390.264,218.36336,13.37825,33.48,7.1421056,19.791666
leipzig,51.3397,12.3731,2026-06-15 12:00:00,2026-06-17 23:59:59,22.565,14.676999,0.1,18636.172,277.0007,8.707238,23.039999,5.0116463,5.375
leipzig,51.3397,12.3731,2026-06-15 12:00:00,2026-06-18 23:59:59,28.015001,17.065,0.0,54737.188,245.78264,8.209263,23.039999,4.348172,0.7916667
leipzig,51.3397,12.3731,2026-06-15 12:00:00,2026-06-19 23:59:59,32.265,20.365,0.0,39694.066,164.87059,6.725354,24.119999,4.369614,4.875
leipzig,51.3397,12.3731,2026-06-15 12:00:00,2026-06-20 23:59:59,32.676003,21.476,1.5,48376.688,187.47942,11.770403,34.92,5.384988,6.78125
leipzig,51.3397,12.3731,2026-06-15 12:00:00,2026-06-21 23:59:59,34.676003,20.626,0.0,50310.855,189.46225,8.714677,22.319998,4.5610137,21.541666
leipzig,51.3397,12.3731,2026-06-15 12:00:00,2026-06-22 23:59:59,29.363,22.55,0.0,58969.27,23.711702,10.337079,49.68,6.7074285,13.135417
leipzig,51.3397,12.3731,2026-06-15 12:00:00,2026-06-23 23:59:59,31.45,18.85,0.0,58946.14,98.768555,14.587776,32.039997,10.331825,14.75
leipzig,51.3397,12.3731,2026-06-15 12:00:00,2026-06-24 23:59:59,29.45,20.0,9.300001,57688.73,243.06444,14.689589,37.8,8.785457,8.375
leipzig,51.3397,12.3731,2026-06-15 12:00:00,2026-06-25 23:59:59,22.2,17.9,0.3,54656.07,316.4951,16.554129,42.12,13.186402,7.9583335
leipzig,51.3397,12.3731,2026-06-15 12:00:00,2026-06-26 23:59:59,26.1,15.75,0.0,58883.89,2.1516783,8.574123,26.64,4.429108,4.0416665
leipzig,51.3397,12.3731,2026-06-15 12:00:00,2026-06-27 23:59:59,31.2,18.95,0.0,58541.14,179.07225,12.241323,29.519999,7.8019624,5.7916665
leipzig,51.3397,12.3731,2026-06-15 12:00:00,2026-06-28 23:59:59,25.3,19.4,0.6,55248.625,321.46274,20.381372,49.68,15.922312,12.375
aachen,50.7753,6.0839,2026-05-20 12:00:00,2026-05-20 23:59:59,17.626,13.026,2.3000002,36216.145,233.69565,19.8,43.199997,14.249998,63.666668
aachen,50.7753,6.0839,2026-05-20 12:00:00,2026-05-21 23:59:59,21.276,12.176,0.0,53135.625,248.12074,14.04,28.08,9.749999,0.125
aachen,50.7753,6.0839,2026-05-20 12:00:00,2026-05-22 23:59:59,27.526,13.976,0.0,54000.0,147.16801,8.64,19.44,5.499326,0.0
aachen,50.7753,6.0839,2026-05-20 12:00:00,2026-05-23 23:59:59,25.05,12.65,0.0,54000.0,203.95355,9.114471,16.919998,5.3236194,1.25
aachen,50.7753,6.0839,2026-05-20 12:00:00,2026-05-24 23:59:59,24.15,15.65,0.0,54890.824,31.904253,9.957108,25.919998,6.0723076,1.0833334
aachen,50.7753,6.0839,2026-05-20 12:00:00,2026-05-25 23:59:59,24.4,14.45,0.0,56233.91,52.88781,10.472535,27.0,8.415093,0.5
aachen,50.7753,6.0839,2026-05-20 12:00:00,2026-05-26 23:59:59,25.15,14.5,0.0,56714.625,53.143436,10.261579,25.56,8.44474,0.9583333
london,51.5074,-0.1278,2026-06-14 12:00:00,2026-06-09 23:59:59,18.791,9.841,1.2,50809.504,252.42354,20.16,45.0,15.705,21.25
london,51.5074,-0.1278,2026-06-14 12:00:00,2026-06-10 23:59:59,17.191,10.290999,2.3000002,13056.807,270.68582,16.919998,34.92,11.069999,40.125
london,51.5074,-0.1278,2026-06-14 12:00:00,2026-06-11 23:59:59,16.341,10.240999,7.4,0.0,233.09282,20.880001,45.36,12.780001,51.5
london,51.5074,-0.1278,2026-06-14 12:00:00,2026-06-12 23:59:59,22.140999,15.941,0.0,38992.453,260.43973,22.319998,48.96,19.259998,10.25
london,51.5074,-0.1278,2026-06-14 12:00:00,2026-06-13 23:59:59,21.541,13.141,0.0,43200.0,280.25455,18.359999,39.96,15.525,0.0
london,51.5074,-0.1278,2026-06-14 12:00:00,2026-06-14 23:59:59,21.441,12.891,0.0,54000.0,328.13562,14.4,32.039997,9.45,0.0
london,51.5074,-0.1278,2026-06-14 12:00:00,2026-06-15 23:59:59,24.140999,13.841,0.70000005,50190.24,110.698784,16.56,37.079998,11.34,10.0
london,51.5074,-0.1278,2026-06-14 12:00:00,2026-06-16 23:59:59,25.176125,16.091,0.0,54000.0,258.88553,17.64,37.079998,12.678751,1.5
london,51.5074,-0.1278,2026-06-14 12:00:00,2026-06-17 23:59:59,23.5545,17.154501,0.3,38118.418,222.87651,20.880001,43.199997,16.650002,15.0
london,51.5074,-0.1278,2026-06-14 12:00:00,2026-06-18 23:59:59,26.6045,15.6045,0.0,43200.0,230.59393,14.4,31.68,9.45,0.25
london,51.5074,-0.1278,2026-06-14 12:00:00,2026-06-19 23:59:59,29.5545,19.404501,0.2,57023.375,223.21732,13.679999,30.239998,5.805,6.25
london,51.5074,-0.1278,2026-06-14 12:00:00,2026-06-20 23:59:59,29.904501,20.5545,1.0,44378.914,239.63135,9.72,23.759998,8.437417,7.875
london,51.5074,-0.1278,2026-06-14 12:00:00,2026-06-21 23:59:59,24.15,17.85,0.0,56886.195,75.00603,15.676542,41.039997,11.981236,7.0
london,51.5074,-0.1278,2026-06-14 12:00:00,2026-06-22 23:59:59,26.7,17.55,0.0,55989.617,81.424835,12.638512,39.6,11.580046,10.0
london,51.5074,-0.1278,2026-06-14 12:00:00,2026-06-23 23:59:59,31.8,17.3,0.0,57656.625,351.43915,10.589448,32.760002,6.044026,8.25
london,51.5074,-0.1278,2026-06-14 12:00:00,2026-06-24 23:59:59,30.0,20.7,0.0,57665.89,47.704952,15.215058,42.12,9.09971,4.0
london,51.5074,-0.1278,2026-06-14 12:00:00,2026-06-25 23:59:59,24.85,17.85,0.0,57072.996,77.964874,16.459913,43.92,13.620499,7.0
london,51.5074,-0.1278,2026-06-14 12:00:00,2026-06-26 23:59:59,27.65,17.3,0.0,57708.434,78.15502,15.941944,44.639996,13.807738,5.875
london,51.5074,-0.1278,2026-06-14 12:00:00,2026-06-27 23:59:59,28.1,20.35,1.8,57546.54,212.82849,18.624563,53.28,12.053622,11.625
london,51.5074,-0.1278,2026-05-20 12:00:00,2026-05-20 23:59:59,18.640999,12.790999,0.3,15010.878,243.10246,22.68,48.96,18.000002,9.208333
london,51.5074,-0.1278,2026-05-20 12:00:00,2026-05-21 23:59:59,22.491,12.591,0.0,35391.17,215.19507,14.759999,32.399998,10.904998,0.0
london,51.5074,-0.1278,2026-05-20 12:00:00,2026-05-22 23:59:59,26.6045,16.491,0.0,56626.93,174.2658,16.919998,36.36,11.85375,0.0
london,51.5074,-0.1278,2026-05-20 12:00:00,2026-05-23 23:59:59,26.9545,19.654501,0.0,55656.434,219.07954,11.879999,23.759998,7.2599998,3.0416667
london,51.5074,-0.1278,2026-05-20 12:00:00,2026-05-24 23:59:59,31.3545,18.9545,0.0,56906.824,155.77547,13.32,29.16,6.9900002,1.5
london,51.5074,-0.1278,2026-05-20 12:00:00,2026-05-25 23:59:59,29.0545,20.9545,0.0,57047.973,330.1713,18.359999,37.8,8.73,0.5
london,51.5074,-0.1278,2026-05-20 12:00:00,2026-05-26 23:59:59,20.6045,13.1545,0.0,57185.6,40.35537,16.56,35.64,12.884998,0.625
munich,48.1351,11.582,2026-06-16 12:00:00,2026-06-11 23:59:59,15.464999,9.165,2.3000002,35889.15,269.11993,16.516901,54.719997,10.449371,37.375
munich,48.1351,11.582,2026-06-16 12:00:00,2026-06-12 23:59:59,16.415,11.115,5.7000003,0.0,248.47536,18.792551,42.12,11.957027,63.083332
munich,48.1351,11.582,2026-06-16 12:00:00,2026-06-13 23:59:59,25.515001,15.714999,0.2,48789.8,262.89352,23.759998,56.519997,17.465649,6.4166665
munich,48.1351,11.582,2026-06-16 12:00:00,2026-06-14 23:59:59,21.615,15.565,0.0,49551.65,300.1637,15.124284,39.239998,11.688426,1.6666666
munich,48.1351,11.582,2026-06-16 12:00:00,2026-06-15 23:59:59,22.215,13.065,0.0,53492.3,299.70746,15.226764,38.88,8.961318,0.0
munich,48.1351,11.582,2026-06-16 12:00:00,2026-06-16 23:59:59,22.665,10.815,0.0,25495.64,241.26433,15.941944,34.2,7.6749845,5.0833335
munich,48.1351,11.582,2026-06-16 12:00:00,2026-06-17 23:59:59,25.565,17.215,1.4000001,41488.91,279.88025,12.682018,29.519999,7.8416657,4.875
munich,48.1351,11.582,2026-06-16 12:00:00,2026-06-18 23:59:59,31.115,16.665,0.0,53737.06,87.29419,11.27553,22.319998,4.692303,0.125
munich,48.1351,11.582,2026-06-16 12:00:00,2026-06-19 23:59:59,32.671497,18.2215,0.1,46800.0,97.845604,8.0899935,23.4,4.4305153,1.625
munich,48.1351,11.582,2026-06-16 12:00:00,2026-06-20 23:59:59,29.8715,19.8715,2.1000001,47326.73,236.2249,15.141414,38.16,6.2627525,26.833334
munich,48.1351,11.582,2026-06-16 12:00:00,2026-06-21 23:59:59,33.358,19.8715,0.3,56408.535,229.60657,6.763786,22.319998,4.911198,12.75
munich,48.1351,11.582,2026-06-16 12:00:00,2026-06-22 23:59:59,32.608,19.258,3.3000002,48576.98,266.6336,13.392774,34.2,6.3322415,21.875
munich,48.1351,11.582,2026-06-16 12:00:00,2026-06-23 23:59:59,23.558,19.658,19.200003,30787.021,285.8275,9.107359,33.48,5.365137,21.5
munich,48.1351,11.582,2026-06-16 12:00:00,2026-06-24 23:59:59,28.5,19.781002,0.15,56848.246,322.14597,9.927779,37.079998,6.9545565,14.833333
munich,48.1351,11.582,2026-06-16 12:00:00,2026-06-25 23:59:59,29.1,19.15,0.0,56824.8,354.53558,10.739833,29.519999,6.130021,7.7083335
munich,48.1351,11.582,2026-06-16 12:00:00,2026-06-26 23:59:59,28.5,19.0,0.0,56377.855,21.27969,8.996398,29.88,5.4025006,8.75
munich,48.1351,11.582,2026-06-16 12:00:00,2026-06-27 23:59:59,29.3,20.6,0.0,56353.094,20.600004,9.3962755,33.839996,4.9231544,11.875
munich,48.1351,11.582,2026-06-16 12:00:00,2026-06-28 23:59:59,32.0,21.2,0.0,56749.707,59.701332,7.7043357,28.8,4.640242,6.625
munich,48.1351,11.582,2026-06-16 12:00:00,2026-06-29 23:59:59,32.5,22.9,0.0,56301.824,304.56378,16.928614,46.079998,11.018549,11.625
aachen,50.7753,6.0839,2026-04-21 12:00:00,2026-04-21 23:59:59,14.976,4.976,0.0,46800.0,50.24742,16.56,35.64,10.26,4.4583335
aachen,50.7753,6.0839,2026-04-21 12:00:00,2026-04-22 23:59:59,17.226,4.826,0.0,46800.0,81.02329,15.4800005,34.92,10.155,0.0
aachen,50.7753,6.0839,2026-04-21 12:00:00,2026-04-23 23:59:59,18.976,6.676,0.0,48324.645,46.84215,11.407387,27.539999,6.452866,0.0
aachen,50.7753,6.0839,2026-04-21 12:00:00,2026-04-24 23:59:59,16.05,3.05,0.0,49784.105,24.209253,7.8954163,21.599998,4.910101,0.0
aachen,50.7753,6.0839,2026-04-21 12:00:00,2026-04-25 23:59:59,16.6,4.8,0.0,51274.766,317.10873,12.768586,27.359999,7.0428967,0.0
aachen,50.7753,6.0839,2026-04-21 12:00:00,2026-04-26 23:59:59,10.1,5.55,0.0,41391.266,26.096066,15.938896,37.079998,11.964352,0.5
aachen,50.7753,6.0839,2026-04-21 12:00:00,2026-04-27 23:59:59,12.5,3.8,0.0,51696.07,57.054497,12.744457,33.48,10.285315,0.625
london,51.5074,-0.1278,2026-05-15 12:00:00,2026-05-15 23:59:59,13.740999,7.341,0.4,5405.024,314.76855,12.24,27.0,9.839998,17.041666
london,51.5074,-0.1278,2026-05-15 12:00:00,2026-05-16 23:59:59,15.441,6.941,0.7,33933.637,265.00876,15.84,34.2,10.3949995,7.6666665
london,51.5074,-0.1278,2026-05-15 12:00:00,2026-05-17 23:59:59,15.6045,10.691,4.475,35751.61,248.56311,16.56,33.12,12.615001,41.041668
london,51.5074,-0.1278,2026-05-15 12:00:00,2026-05-18 23:59:59,15.304501,8.804501,1.5000001,52873.055,226.98015,16.199999,33.48,12.585001,39.708332
london,51.5074,-0.1278,2026-05-15 12:00:00,2026-05-19 23:59:59,19.154501,11.4045,2.9999995,31536.094,209.32065,21.96,45.0,17.535002,56.583332
london,51.5074,-0.1278,2026-05-15 12:00:00,2026-05-20 23:59:59,20.0545,12.9045,0.0,43750.16,224.96198,18.0,38.519997,15.240001,14.0
london,51.5074,-0.1278,2026-05-15 12:00:00,2026-05-21 23:59:59,19.25,13.2545,0.0,56463.633,209.16046,12.959999,26.64,6.8392916,1.5416666
munich,48.1351,11.582,2026-06-13 12:00:00,2026-06-08 23:59:59,27.665,12.665,0.0,46845.348,266.21744,13.207634,41.039997,6.2488723,2.5416667
munich,48.1351,11.582,2026-06-13 12:00:00,2026-06-09 23:59:59,18.665,13.365,5.499999,0.0,235.00789,14.33234,36.0,8.826615,72.833336
munich,48.1351,11.582,2026-06-13 12:00:00,2026-06-10 23:59:59,13.464999,10.014999,22.2,166.21788,300.6185,12.768586,28.8,5.2998857,92.916664
munich,48.1351,11.582,2026-06-13 12:00:00,2026-06-11 23:59:59,15.464999,9.165,2.3000002,35889.15,269.11993,16.516901,54.719997,10.449371,37.375
munich,48.1351,11.582,2026-06-13 12:00:00,2026-06-12 23:59:59,16.415,11.115,5.7000003,0.0,248.47536,18.792551,42.12,11.957027,63.083332
munich,48.1351,11.582,2026-06-13 12:00:00,2026-06-13 23:59:59,25.515001,15.714999,0.2,47834.37,262.53253,23.759998,56.519997,17.536558,6.4166665
munich,48.1351,11.582,2026-06-13 12:00:00,2026-06-14 23:59:59,21.665,14.415,0.0,52060.637,297.0222,17.49615,43.56,11.733001,1.9166666
munich,48.1351,11.582,2026-06-13 12:00:00,2026-06-15 23:59:59,20.71825,12.365,0.0,53715.086,292.7671,15.188415,41.31,7.9511104,0.7083333
munich,48.1351,11.582,2026-06-13 12:00:00,2026-06-16 23:59:59,21.2215,9.6715,0.0,26056.395,231.04054,8.905908,27.0,5.2469163,3.25
munich,48.1351,11.582,2026-06-13 12:00:00,2026-06-17 23:59:59,23.8715,15.721499,1.2,26763.21,253.38785,7.928178,20.16,5.367397,9.041667
munich,48.1351,11.582,2026-06-13 12:00:00,2026-06-18 23:59:59,29.308,15.3715,0.0,56555.78,100.68746,6.2145634,15.84,3.9217641,0.7083333
munich,48.1351,11.582,2026-06-13 12:00:00,2026-06-19 23:59:59,31.558,16.408,0.0,56445.37,105.69497,9.227524,22.68,4.8566833,0.7916667
munich,48.1351,11.582,2026-06-13 12:00:00,2026-06-20 23:59:59,29.758,18.608,1.8000001,56536.37,209.24258,10.30883,25.56,5.7354364,4.6666665
munich,48.1351,11.582,2026-06-13 12:00:00,2026-06-21 23:59:59,35.35,21.4685,0.0,56489.35,215.20049,9.901636,24.119999,5.002535,8.114583
munich,48.1351,11.582,2026-06-13 12:00:00,2026-06-22 23:59:59,37.05,24.1,0.0,56892.562,239.93149,9.83268,23.4,5.039889,15.166667
munich,48.1351,11.582,2026-06-13 12:00:00,2026-06-23 23:59:59,29.05,20.1,5.1,56447.676,261.4768,13.910169,58.679996,9.865682,21.458334
munich,48.1351,11.582,2026-06-13 12:00:00,2026-06-24 23:59:59,25.15,17.8,4.4999995,56638.7,279.95572,13.83192,40.68,6.8723464,19.333334
munich,48.1351,11.582,2026-06-13 12:00:00,2026-06-25 23:59:59,28.7,19.1,1.8000002,56223.668,249.5129,16.595179,47.16,10.297345,12.708333
munich,48.1351,11.582,2026-06-13 12:00:00,2026-06-26 23:59:59,24.85,18.2,1.2000002,56241.312,289.3802,17.134071,44.639996,12.759744,16.208334
vienna,48.2082,16.3738,2026-06-14 12:00:00,2026-06-09 23:59:59,27.8215,17.171501,11.900001,15932.199,285.24155,16.485485,62.279995,8.185198,24.458334
vienna,48.2082,16.3738,2026-06-14 12:00:00,2026-06-10 23:59:59,17.771502,13.0215,5.7999997,0.0,310.45047,15.175612,34.92,10.218401,40.041668
vienna,48.2082,16.3738,2026-06-14 12:00:00,2026-06-11 23:59:59,19.1215,11.5215,5.7000003,47508.023,287.7195,21.261345,48.6,15.800838,14.333333
vienna,48.2082,16.3738,2026-06-14 12:00:00,2026-06-12 23:59:59,19.3715,11.221499,0.2,34281.156,279.50058,19.959719,45.719997,14.775136,19.875
vienna,48.2082,16.3738,2026-06-14 12:00:00,2026-06-13 23:59:59,25.9715,16.421501,3.0,41134.3,277.67712,17.731598,49.32,11.385633,36.208332
vienna,48.2082,16.3738,2026-06-14 12:00:00,2026-06-14 23:59:59,22.021502,17.2215,0.0,47706.418,296.51346,19.813087,47.16,9.135194,4.4583335
vienna,48.2082,16.3738,2026-06-14 12:00:00,2026-06-15 23:59:59,23.6215,14.5715,0.0,50767.887,282.37863,19.083395,45.719997,10.19435,0.0
vienna,48.2082,16.3738,2026-06-14 12:00:00,2026-06-16 23:59:59,25.279999,15.8215,0.0,47804.55,276.09964,14.440443,38.519997,9.287437,3.0833333
vienna,48.2082,16.3738,2026-06-14 12:00:00,2026-06-17 23:59:59,29.029999,18.08,0.3,41374.22,285.29935,12.287555,35.28,6.495898,8.541667
vienna,48.2082,16.3738,2026-06-14 12:00:00,2026-06-18 23:59:59,31.179998,17.98,0.0,57087.082,335.65063,7.2359104,23.039999,4.449373,1.125
vienna,48.2082,16.3738,2026-06-14 12:00:00,2026-06-19 23:59:59,33.963,20.63,0.0,57122.59,138.64783,11.384198,30.599998,5.824905,0.33333334
vienna,48.2082,16.3738,2026-06-14 12:00:00,2026-06-20 23:59:59,33.863,21.813,0.3,46828.28,230.10222,11.792404,30.960001,6.2739573,5.75
vienna,48.2082,16.3738,2026-06-14 12:00:00,2026-06-21 23:59:59,31.063,23.713001,1.0500001,56556.125,312.13113,12.413477,50.399998,9.092748,16.71875
vienna,48.2082,16.3738,2026-06-14 12:00:00,2026-06-22 23:59:59,30.25,22.5,0.6,57114.58,335.3628,11.298495,34.2,9.877354,19.125
vienna,48.2082,16.3738,2026-06-14 12:00:00,2026-06-23 23:59:59,27.7,21.75,1.2000002,57106.6,299.4959,12.007498,36.36,7.7494845,20.5
vienna,48.2082,16.3738,2026-06-14 12:00:00,2026-06-24 23:59:59,31.0,21.65,0.6,57093.734,303.71674,10.837435,39.96,9.321417,17.125
vienna,48.2082,16.3738,2026-06-14 12:00:00,2026-06-25 23:59:59,27.85,20.95,0.0,57075.98,337.09048,12.750811,41.399998,11.048802,10.333333
vienna,48.2082,16.3738,2026-06-14 12:00:00,2026-06-26 23:59:59,28.95,19.1,0.0,57053.387,41.71832,11.334285,32.039997,5.843852,11.041667
vienna,48.2082,16.3738,2026-06-14 12:00:00,2026-06-27 23:59:59,28.3,20.1,0.0,57025.92,48.65234,10.436895,31.319998,8.459047,14.625
valencia,39.4699,-0.3763,2026-06-05 12:00:00,2026-06-05 23:59:59,23.9825,20.332499,0.0,13496.253,66.70948,25.212852,58.32,14.153459,6.0833335
valencia,39.4699,-0.3763,2026-06-05 12:00:00,2026-06-06 23:59:59,26.2325,20.082499,0.0,38565.203,109.140915,16.45007,39.239998,7.2586813,0.0
valencia,39.4699,-0.3763,2026-06-05 12:00:00,2026-06-07 23:59:59,26.1325,20.0325,0.0,41300.312,76.7014,13.698934,33.12,7.5532746,3.0416667
valencia,39.4699,-0.3763,2026-06-05 12:00:00,2026-06-08 23:59:59,26.832499,19.182499,0.0,51095.207,102.168015,15.459054,37.079998,8.013833,0.0
valencia,39.4699,-0.3763,2026-06-05 12:00:00,2026-06-09 23:59:59,26.2325,21.4825,0.0,45289.184,60.57867,16.215992,39.239998,10.806454,0.9166667
valencia,39.4699,-0.3763,2026-06-05 12:00:00,2026-06-10 23:59:59,26.9645,20.8645,0.0,47506.35,72.46463,17.654688,39.6,8.887627,4.21875
valencia,39.4699,-0.3763,2026-06-05 12:00:00,2026-06-11 23:59:59,24.8645,21.2645,0.0,47841.25,76.62554,16.923828,38.16,11.647148,1.0416666
london,51.5074,-0.1278,2026-04-27 12:00:00,2026-04-27 23:59:59,20.640999,9.591,1.1,36000.0,35.489803,25.56,55.079998,7.695,8.125
london,51.5074,-0.1278,2026-04-27 12:00:00,2026-04-28 23:59:59,16.941,9.191,6.5,32261.498,41.620007,24.119999,54.36,18.585,17.583334
london,51.5074,-0.1278,2026-04-27 12:00:00,2026-04-29 23:59:59,16.154501,8.591,0.0,50400.0,64.51282,28.8,59.399998,21.686249,0.0
london,51.5074,-0.1278,2026-04-27 12:00:00,2026-04-30 23:59:59,16.0045,10.4545,0.0,50712.01,78.7526,24.84,52.92,18.525,0.041666668
london,51.5074,-0.1278,2026-04-27 12:00:00,2026-05-01 23:59:59,20.1045,9.7045,0.0,51226.47,93.161545,14.759999,33.48,11.19,9.541667
london,51.5074,-0.1278,2026-04-27 12:00:00,2026-05-02 23:59:59,21.9545,10.1545,0.0,35923.945,310.7606,10.440001,22.68,5.34,12.958333
london,51.5074,-0.1278,2026-04-27 12:00:00,2026-05-03 23:59:59,18.404501,13.054501,0.6,22971.184,255.17268,13.262714,38.519997,9.265717,23.208334
aachen,50.7753,6.0839,2026-05-12 12:00:00,2026-05-12 23:59:59,11.826,4.326,0.6,35185.016,261.19217,17.28,37.8,14.955,33.875
aachen,50.7753,6.0839,2026-05-12 12:00:00,2026-05-13 23:59:59,13.776,7.426,10.1,32559.445,236.70027,24.48,61.199997,17.925,64.875
aachen,50.7753,6.0839,2026-05-12 12:00:00,2026-05-14 23:59:59,10.45,3.8,9.625,26686.008,244.67278,20.16,43.199997,13.324451,67.541664
aachen,50.7753,6.0839,2026-05-12 12:00:00,2026-05-15 23:59:59,12.35,2.65,1.1,54059.05,323.17352,14.64209,34.92,5.265491,35.416668
aachen,50.7753,6.0839,2026-05-12 12:00:00,2026-05-16 23:59:59,11.45,4.95,0.6,43352.562,267.3949,11.003581,29.16,8.468029,33.458332
aachen,50.7753,6.0839,2026-05-12 12:00:00,2026-05-17 23:59:59,14.0,3.65,0.0,54129.65,196.48949,9.028754,19.44,6.03994,10.041667
aachen,50.7753,6.0839,2026-05-12 12:00:00,2026-05-18 23:59:59,14.6,7.25,4.8,32633.5,199.95578,10.446206,29.519999,6.2466736,17.375
valencia,39.4699,-0.3763,2026-04-16 12:00:00,2026-04-16 23:59:59,22.8825,11.2825,0.0,44490.816,92.711914,13.779114,33.839996,6.1558185,0.0
valencia,39.4699,-0.3763,2026-04-16 12:00:00,2026-04-17 23:59:59,21.5325,12.132501,0.0,44118.617,69.93684,11.720751,29.16,5.8323183,0.0
valencia,39.4699,-0.3763,2026-04-16 12:00:00,2026-04-18 23:59:59,21.5325,12.2825,0.0,43895.11,62.6502,12.599999,31.319998,6.0410533,0.0
valencia,39.4699,-0.3763,2026-04-16 12:00:00,2026-04-19 23:59:59,22.8825,12.2825,0.0,46552.883,79.28696,11.631956,30.239998,5.9753156,0.0
valencia,39.4699,-0.3763,2026-04-16 12:00:00,2026-04-20 23:59:59,25.582499,12.5325,0.0,46267.76,75.35806,13.830749,31.68,7.1916566,0.125
valencia,39.4699,-0.3763,2026-04-16 12:00:00,2026-04-21 23:59:59,21.914501,13.564501,0.0,45039.746,84.07408,14.471821,34.92,6.5742254,1.6354166
valencia,39.4699,-0.3763,2026-04-16 12:00:00,2026-04-22 23:59:59,18.7145,14.9145,3.0,43237.613,63.144184,12.413476,29.88,7.6278424,7.0416665
london,51.5074,-0.1278,2026-04-28 12:00:00,2026-04-28 23:59:59,16.640999,9.641,0.3,25200.0,41.116444,22.68,50.76,18.195,5.0833335
london,51.5074,-0.1278,2026-04-28 12:00:00,2026-04-29 23:59:59,17.091,9.091,0.0,46800.0,65.81962,27.359999,61.56,21.63,0.0
london,51.5074,-0.1278,2026-04-28 12:00:00,2026-04-30 23:59:59,17.9545,11.091,0.0,50400.0,84.65655,19.8,42.839996,16.56375,0.0
london,51.5074,-0.1278,2026-04-28 12:00:00,2026-05-01 23:59:59,23.3045,10.2545,0.0,42414.883,124.85792,12.24,27.72,9.015001,11.791667
london,51.5074,-0.1278,2026-04-28 12:00:00,2026-05-02 23:59:59,19.8045,14.6045,5.999999,50291.83,288.18457,7.92,18.0,4.934999,13.458333
london,51.5074,-0.1278,2026-04-28 12:00:00,2026-05-03 23:59:59,16.0545,11.2545,4.799999,8622.69,77.61902,10.08,20.880001,8.37,40.916668
london,51.5074,-0.1278,2026-04-28 12:00:00,2026-05-04 23:59:59,17.0045,11.7045,2.8,26036.096,240.80971,8.28,16.199999,4.9050007,28.958334
valencia,39.4699,-0.3763,2026-05-12 12:00:00,2026-05-12 23:59:59,26.5325,15.5825,0.1,50400.0,270.92633,23.444265,54.0,12.191366,0.33333334
valencia,39.4699,-0.3763,2026-05-12 12:00:00,2026-05-13 23:59:59,27.3825,15.5325,0.1,50400.0,285.49307,18.374111,43.92,11.00517,3.125
valencia,39.4699,-0.3763,2026-05-12 12:00:00,2026-05-14 23:59:59,25.6325,14.132501,0.0,50400.0,75.96377,21.028437,46.8,9.056234,0.7083333
valencia,39.4699,-0.3763,2026-05-12 12:00:00,2026-05-15 23:59:59,26.7825,14.6825,2.1,48391.605,320.88968,27.257967,70.2,11.491025,5.5416665
valencia,39.4699,-0.3763,2026-05-12 12:00:00,2026-05-16 23:59:59,21.7325,12.2325,0.0,50472.516,256.86584,19.95972,42.48,11.140734,4.5416665
valencia,39.4699,-0.3763,2026-05-12 12:00:00,2026-05-17 23:59:59,23.0145,10.314501,0.0,50190.98,94.703514,15.876775,35.64,7.6391997,12.083333
valencia,39.4699,-0.3763,2026-05-12 12:00:00,2026-05-18 23:59:59,23.2645,14.6645,0.0,44778.207,74.96548,15.141414,33.48,8.190825,12.875
valencia,39.4699,-0.3763,2026-04-21 12:00:00,2026-04-21 23:59:59,21.182499,12.882501,0.0,44457.07,66.18903,11.901798,29.88,6.221919,0.0
valencia,39.4699,-0.3763,2026-04-21 12:00:00,2026-04-22 23:59:59,23.8825,14.0325,0.0,45008.285,93.1798,10.703569,28.08,5.711219,0.25
valencia,39.4699,-0.3763,2026-04-21 12:00:00,2026-04-23 23:59:59,20.2825,16.582499,0.0,41054.71,50.684143,18.504139,44.639996,13.952063,0.125
valencia,39.4699,-0.3763,2026-04-21 12:00:00,2026-04-24 23:59:59,21.082499,15.0825,0.0,36355.582,84.62039,10.853866,28.08,6.440144,5.9166665
valencia,39.4699,-0.3763,2026-04-21 12:00:00,2026-04-25 23:59:59,22.2825,13.8325,0.0,43257.39,92.99029,13.276144,34.2,6.4230886,10.208333
valencia,39.4699,-0.3763,2026-04-21 12:00:00,2026-04-26 23:59:59,23.0145,11.6145,0.0,48246.6,86.46762,13.039754,32.039997,5.5538425,5.0416665
valencia,39.4699,-0.3763,2026-04-21 12:00:00,2026-04-27 23:59:59,23.914501,9.814501,0.0,48100.746,101.81316,12.9249525,31.68,5.77211,5.8333335
aachen,50.7753,6.0839,2026-04-27 12:00:00,2026-04-27 23:59:59,18.825998,7.876,0.0,46800.0,51.467773,12.24,24.48,6.6749997,0.0
aachen,50.7753,6.0839,2026-04-27 12:00:00,2026-04-28 23:59:59,21.075998,9.376,0.0,36438.207,54.466225,18.72,38.16,12.479999,0.5
aachen,50.7753,6.0839,2026-04-27 12:00:00,2026-04-29 23:59:59,19.675999,8.326,0.0,49635.598,77.403656,19.8,43.56,16.164488,0.0
aachen,50.7753,6.0839,2026-04-27 12:00:00,2026-04-30 23:59:59,17.35,6.8,0.0,51980.61,93.14486,23.237434,50.76,19.87314,0.0
aachen,50.7753,6.0839,2026-04-27 12:00:00,2026-05-01 23:59:59,23.9,9.9,0.0,52512.516,130.80025,20.022118,38.519997,12.359781,1.0
aachen,50.7753,6.0839,2026-04-27 12:00:00,2026-05-02 23:59:59,22.45,14.55,7.499999,45728.625,207.18964,18.03237,36.0,11.764297,16.916666
aachen,50.7753,6.0839,2026-04-27 12:00:00,2026-05-03 23:59:59,16.4,13.7,3.0000002,39888.117,211.57245,21.010712,46.44,14.996439,41.75
valencia,39.4699,-0.3763,2026-05-21 12:00:00,2026-05-21 23:59:59,26.1325,15.9325,0.0,50400.0,105.01117,12.904882,31.319998,5.5088897,0.0
valencia,39.4699,-0.3763,2026-05-21 12:00:00,2026-05-22 23:59:59,28.4825,15.6825,0.0,50400.0,117.420006,14.512064,33.839996,5.612498,0.0
valencia,39.4699,-0.3763,2026-05-21 12:00:00,2026-05-23 23:59:59,27.2825,16.432499,0.0,50400.0,110.454216,13.527572,32.399998,5.7768106,0.0
valencia,39.4699,-0.3763,2026-05-21 12:00:00,2026-05-24 23:59:59,25.832499,15.9825,0.0,50400.0,94.738914,12.496719,30.599998,5.206234,0.0
valencia,39.4699,-0.3763,2026-05-21 12:00:00,2026-05-25 23:59:59,26.9825,16.3825,0.0,41854.344,78.69004,12.324414,32.039997,6.010874,0.0
valencia,39.4699,-0.3763,2026-05-21 12:00:00,2026-05-26 23:59:59,25.4645,16.1645,0.0,47624.785,81.55615,16.343367,37.44,7.6902037,0.0
valencia,39.4699,-0.3763,2026-05-21 12:00:00,2026-05-27 23:59:59,26.8145,15.764501,0.0,50826.95,85.46242,14.869351,34.56,6.986378,0.0
munich,48.1351,11.582,2026-05-17 12:00:00,2026-05-17 23:59:59,14.815,4.3650002,0.0,44317.367,204.79048,7.69592,20.519999,5.058892,0.375
munich,48.1351,11.582,2026-05-17 12:00:00,2026-05-18 23:59:59,17.815,5.715,2.2,42295.69,250.2424,13.896187,34.2,6.5669303,15.5
munich,48.1351,11.582,2026-05-17 12:00:00,2026-05-19 23:59:59,16.671501,9.079124,3.0000002,29173.906,222.4697,8.089993,22.319998,5.090972,37.041668
munich,48.1351,11.582,2026-05-17 12:00:00,2026-05-20 23:59:59,17.3715,10.5215,5.8999996,29944.67,255.04494,11.252519,39.6,7.7470236,60.625
munich,48.1351,11.582,2026-05-17 12:00:00,2026-05-21 23:59:59,18.7215,11.3215,0.0,20949.15,260.5114,9.007196,28.8,6.0705705,30.958334
munich,48.1351,11.582,2026-05-17 12:00:00,2026-05-22 23:59:59,19.458,12.108,0.15,36204.71,295.65607,11.988594,29.16,6.8523483,2.2291667
munich,48.1351,11.582,2026-05-17 12:00:00,2026-05-23 23:59:59,19.208,10.208,0.0,54513.996,3.5762644,10.446206,25.199999,5.2036996,3.9583333
berlin,52.52,13.405,2026-04-20 12:00:00,2026-04-20 23:59:59,11.502,5.152,11.200001,2263.657,341.16986,20.140705,46.44,12.824897,45.625
berlin,52.52,13.405,2026-04-20 12:00:00,2026-04-21 23:59:59,13.852,2.102,0.0,49958.293,29.917912,16.267857,37.8,11.973393,0.0
berlin,52.52,13.405,2026-04-20 12:00:00,2026-04-22 23:59:59,16.588999,3.152,0.0,50030.016,322.7393,14.381258,36.0,10.176848,0.0
berlin,52.52,13.405,2026-04-20 12:00:00,2026-04-23 23:59:59,15.639,3.9390001,0.0,36000.0,302.0373,14.4,36.0,11.607086,0.0
berlin,52.52,13.405,2026-04-20 12:00:00,2026-04-24 23:59:59,12.988999,5.539,0.0,25219.232,292.7263,11.113451,28.8,9.452709,0.0
berlin,52.52,13.405,2026-04-20 12:00:00,2026-04-25 23:59:59,11.226,5.676,0.0,43200.0,326.8344,16.946787,41.399998,11.351341,8.604167
berlin,52.52,13.405,2026-04-20 12:00:00,2026-04-26 23:59:59,11.926,3.576,0.0,35145.523,325.63812,11.503113,28.8,6.480133,4.7916665
amsterdam,52.3676,4.9041,2026-06-16 12:00:00,2026-06-11 23:59:59,17.706501,11.9065,3.8999996,25339.56,227.15445,18.359999,38.519997,12.615,36.291668
amsterdam,52.3676,4.9041,2026-06-16 12:00:00,2026-06-12 23:59:59,18.0565,12.6565,5.2,4440.3677,250.10481,25.56,45.0,19.485,80.458336
amsterdam,52.3676,4.9041,2026-06-16 12:00:00,2026-06-13 23:59:59,17.3065,14.9065,2.4,21303.662,270.84232,25.56,49.32,17.07,39.458332
amsterdam,52.3676,4.9041,2026-06-16 12:00:00,2026-06-14 23:59:59,17.2565,14.106501,2.1999998,42506.062,297.87027,20.519999,40.32,17.054998,13.958333
amsterdam,52.3676,4.9041,2026-06-16 12:00:00,2026-06-15 23:59:59,18.4065,13.6565,0.1,36000.0,307.1003,17.28,32.399998,12.345,1.8333334
amsterdam,52.3676,4.9041,2026-06-16 12:00:00,2026-06-16 23:59:59,23.0065,13.856501,0.0,44005.06,76.35075,16.56,30.239998,10.065,2.3333333
amsterdam,52.3676,4.9041,2026-06-16 12:00:00,2026-06-17 23:59:59,23.9065,17.956501,0.1,27997.06,236.69498,24.119999,47.16,13.860001,9.541667
amsterdam,52.3676,4.9041,2026-06-16 12:00:00,2026-06-18 23:59:59,30.206501,18.3065,0.2,40916.023,233.5988,12.599999,27.72,9.104999,1.625
amsterdam,52.3676,4.9041,2026-06-16 12:00:00,2026-06-19 23:59:59,31.45,20.278252,0.575,49980.668,150.293,14.618837,38.519997,10.340583,32.708332
amsterdam,52.3676,4.9041,2026-06-16 12:00:00,2026-06-20 23:59:59,26.25,20.6,0.0,59647.73,256.4545,8.909545,25.56,6.042597,8.25
amsterdam,52.3676,4.9041,2026-06-16 12:00:00,2026-06-21 23:59:59,30.35,18.2,0.0,59649.844,78.878555,8.6867485,26.64,6.818765,8.208333
amsterdam,52.3676,4.9041,2026-06-16 12:00:00,2026-06-22 23:59:59,28.65,22.85,5.7,59645.926,141.47153,10.195057,38.16,7.5545726,7.5
amsterdam,52.3676,4.9041,2026-06-16 12:00:00,2026-06-23 23:59:59,22.7,16.25,7.1999974,24181.684,291.12402,18.770126,46.079998,12.904112,14.583333
amsterdam,52.3676,4.9041,2026-06-16 12:00:00,2026-06-24 23:59:59,20.65,15.0,0.3,57557.777,297.2175,11.688918,30.599998,7.9229646,6.0833335
amsterdam,52.3676,4.9041,2026-06-16 12:00:00,2026-06-25 23:59:59,22.1,15.4,0.0,47451.953,274.02582,13.619471,37.44,6.8338027,6.0833335
amsterdam,52.3676,4.9041,2026-06-16 12:00:00,2026-06-26 23:59:59,24.5,14.9,0.0,48720.918,312.1159,6.854195,27.359999,4.408808,11.416667
amsterdam,52.3676,4.9041,2026-06-16 12:00:00,2026-06-27 23:59:59,28.45,17.65,0.0,59536.496,143.78406,8.244708,26.64,5.621474,8.5
amsterdam,52.3676,4.9041,2026-06-16 12:00:00,2026-06-28 23:59:59,28.55,17.2,0.0,59496.77,325.02545,15.702356,39.96,8.76869,5.625
amsterdam,52.3676,4.9041,2026-06-16 12:00:00,2026-06-29 23:59:59,21.45,15.6,0.0,59451.164,344.18967,12.24,38.88,10.320539,7.9583335
valencia,39.4699,-0.3763,2026-04-25 12:00:00,2026-04-25 23:59:59,20.832499,15.132501,0.0,40726.996,123.005066,14.081477,32.760002,5.9863777,3.5
valencia,39.4699,-0.3763,2026-04-25 12:00:00,2026-04-26 23:59:59,21.6325,12.2825,0.0,47536.7,117.940796,12.879752,30.599998,5.890009,0.0
valencia,39.4699,-0.3763,2026-04-25 12:00:00,2026-04-27 23:59:59,22.5325,12.7325,0.0,47790.83,90.92404,10.931203,26.28,5.9371643,0.0
valencia,39.4699,-0.3763,2026-04-25 12:00:00,2026-04-28 23:59:59,22.582499,12.9325,0.0,49000.61,87.23433,12.0694,29.519999,5.937849,0.875
valencia,39.4699,-0.3763,2026-04-25 12:00:00,2026-04-29 23:59:59,20.1325,15.8325,0.0,36951.95,60.457394,17.377226,38.519997,7.5229506,6.5833335
valencia,39.4699,-0.3763,2026-04-25 12:00:00,2026-04-30 23:59:59,26.8145,15.814501,0.0,44070.703,251.75256,9.255571,24.119999,5.144043,12.770833
valencia,39.4699,-0.3763,2026-04-25 12:00:00,2026-05-01 23:59:59,25.7645,15.1145,0.0,49318.78,93.710144,17.193533,42.12,6.7715483,21.708334
munich,48.1351,11.582,2026-04-30 12:00:00,2026-04-30 23:59:59,14.714999,3.2150002,0.0,49806.727,82.90134,20.545246,46.8,16.33733,0.0
munich,48.1351,11.582,2026-04-30 12:00:00,2026-05-01 23:59:59,19.165,4.8650002,0.0,49404.246,90.74055,16.215992,37.8,12.806988,0.0
munich,48.1351,11.582,2026-04-30 12:00:00,2026-05-02 23:59:59,24.171501,5.6714997,0.0,50002.09,105.15258,8.766573,21.96,3.9719203,0.0
munich,48.1351,11.582,2026-04-30 12:00:00,2026-05-03 23:59:59,23.3215,8.8715,0.0,41237.4,285.34265,11.592894,32.399998,6.2186723,3.5416667
munich,48.1351,11.582,2026-04-30 12:00:00,2026-05-04 23:59:59,20.5715,11.0215,1.2,48555.28,272.52942,9.19939,25.56,5.344567,26.375
munich,48.1351,11.582,2026-04-30 12:00:00,2026-05-05 23:59:59,13.230625,8.708,48.3,0.0,281.9707,15.941944,33.48,9.94603,59.21875
munich,48.1351,11.582,2026-04-30 12:00:00,2026-05-06 23:59:59,13.358,8.108,15.299998,14922.868,259.78604,15.617529,32.760002,12.226063,63.458332
london,51.5074,-0.1278,2026-06-04 12:00:00,2026-06-04 23:59:59,18.691,13.691,4.8,17036.406,239.10416,25.56,51.48,20.52,54.875
london,51.5074,-0.1278,2026-06-04 12:00:00,2026-06-05 23:59:59,17.591,11.990999,0.1,49081.125,243.45804,16.56,37.079998,13.635,5.0
london,51.5074,-0.1278,2026-06-04 12:00:00,2026-06-06 23:59:59,19.3045,11.501125,5.975,27444.062,169.99434,16.56,34.56,13.98375,47.5
london,51.5074,-0.1278,2026-06-04 12:00:00,2026-06-07 23:59:59,21.4545,13.1045,0.0,49040.87,241.58592,16.56,34.2,14.849999,2.25
london,51.5074,-0.1278,2026-06-04 12:00:00,2026-06-08 23:59:59,17.7545,13.9045,6.8,1868.7126,212.49539,23.4,47.16,17.505,44.625
london,51.5074,-0.1278,2026-06-04 12:00:00,2026-06-09 23:59:59,17.3545,11.054501,0.4,57906.438,259.70163,19.08,39.96,16.335,26.5
london,51.5074,-0.1278,2026-06-04 12:00:00,2026-06-10 23:59:59,16.85,11.1045,1.2,58053.805,232.95517,21.603,65.520004,15.33191,24.25
aachen,50.7753,6.0839,2026-05-04 12:00:00,2026-05-04 23:59:59,16.825998,12.526,4.6000004,7353.362,204.61469,12.959999,23.759998,6.4049997,35.791668
aachen,50.7753,6.0839,2026-05-04 12:00:00,2026-05-05 23:59:59,14.176,10.126,12.6,0.0,34.84737,12.599999,24.48,6.225,57.916668
aachen,50.7753,6.0839,2026-05-04 12:00:00,2026-05-06 23:59:59,10.026,6.976,18.675001,0.0,336.67545,12.959999,26.28,8.723358,73.458336
aachen,50.7753,6.0839,2026-05-04 12:00:00,2026-05-07 23:59:59,12.5,7.3,1.5000001,16810.951,351.77032,12.487641,25.919998,9.182449,17.708334
aachen,50.7753,6.0839,2026-05-04 12:00:00,2026-05-08 23:59:59,17.75,6.45,0.0,52111.73,111.54103,11.7,21.96,5.0144567,8.041667
aachen,50.7753,6.0839,2026-05-04 12:00:00,2026-05-09 23:59:59,21.6,11.85,0.0,53875.086,171.7497,14.01806,30.960001,10.078791,30.0
aachen,50.7753,6.0839,2026-05-04 12:00:00,2026-05-10 23:59:59,20.5,14.25,0.6,10023.244,155.48384,13.321216,25.919998,9.327235,42.625
valencia,39.4699,-0.3763,2026-06-15 12:00:00,2026-06-10 23:59:59,24.2825,21.1325,0.0,34524.32,68.40268,14.332341,34.56,9.907219,0.0
valencia,39.4699,-0.3763,2026-06-15 12:00:00,2026-06-11 23:59:59,25.2325,19.182499,0.0,50400.0,99.225365,15.077082,35.64,7.4074945,0.0
valencia,39.4699,-0.3763,2026-06-15 12:00:00,2026-06-12 23:59:59,27.182499,18.7825,0.0,50400.0,126.58374,14.512064,34.92,6.362323,0.0
valencia,39.4699,-0.3763,2026-06-15 12:00:00,2026-06-13 23:59:59,31.082499,18.332499,0.0,44675.36,138.36656,12.181624,30.599998,5.882394,0.0
valencia,39.4699,-0.3763,2026-06-15 12:00:00,2026-06-14 23:59:59,30.4825,19.9825,0.0,47926.51,131.3254,15.629971,38.519997,7.0148335,0.0
valencia,39.4699,-0.3763,2026-06-15 12:00:00,2026-06-15 23:59:59,29.8825,20.0325,0.0,46990.543,107.60912,15.034041,36.719997,6.1806283,0.0
valencia,39.4699,-0.3763,2026-06-15 12:00:00,2026-06-16 23:59:59,29.8825,20.0325,0.0,50400.0,107.41805,13.32,32.760002,6.6235247,0.0
valencia,39.4699,-0.3763,2026-06-15 12:00:00,2026-06-17 23:59:59,31.582499,19.0325,0.0,50400.0,108.92481,12.303366,31.68,5.939705,0.0
valencia,39.4699,-0.3763,2026-06-15 12:00:00,2026-06-18 23:59:59,27.582499,20.9825,0.0,37426.902,64.75413,13.084402,32.760002,6.006561,4.25
valencia,39.4699,-0.3763,2026-06-15 12:00:00,2026-06-19 23:59:59,28.082499,20.9825,0.0,50686.83,61.251377,13.849476,34.56,7.3700843,4.25
valencia,39.4699,-0.3763,2026-06-15 12:00:00,2026-06-20 23:59:59,29.5145,20.664501,0.0,51368.4,83.28001,15.137133,37.079998,6.7612696,0.0
valencia,39.4699,-0.3763,2026-06-15 12:00:00,2026-06-21 23:59:59,30.8145,21.414501,0.0,51709.53,89.15759,15.188415,36.0,6.998768,0.0
valencia,39.4699,-0.3763,2026-06-15 12:00:00,2026-06-22 23:59:59,30.778625,20.414501,0.0,52111.027,106.12122,11.827886,38.16,5.874395,0.32291666
valencia,39.4699,-0.3763,2026-06-15 12:00:00,2026-06-23 23:59:59,30.1,24.2,0.0,51375.008,106.019356,12.440851,38.88,5.2852187,0.0
valencia,39.4699,-0.3763,2026-06-15 12:00:00,2026-06-24 23:59:59,29.45,24.7,0.0,52491.137,77.2263,14.311981,44.639996,7.6010976,0.9583333
valencia,39.4699,-0.3763,2026-06-15 12:00:00,2026-06-25 23:59:59,27.35,24.25,0.6,52164.2,77.411865,16.024044,45.36,10.66243,0.5416667
valencia,39.4699,-0.3763,2026-06-15 12:00:00,2026-06-26 23:59:59,29.4,23.95,0.0,52178.582,104.27795,13.306615,41.760002,6.427127,0.0
valencia,39.4699,-0.3763,2026-06-15 12:00:00,2026-06-27 23:59:59,28.05,23.9,0.0,52191.508,87.08926,12.810386,40.32,7.1085916,0.45833334
valencia,39.4699,-0.3763,2026-06-15 12:00:00,2026-06-28 23:59:59,31.15,22.9,0.0,52202.9,136.3769,12.996199,38.16,6.479193,1.5416666
valencia,39.4699,-0.3763,2026-06-01 12:00:00,2026-06-01 23:59:59,26.2825,19.4825,0.0,47693.684,68.19852,14.77755,36.36,7.907263,0.0
valencia,39.4699,-0.3763,2026-06-01 12:00:00,2026-06-02 23:59:59,27.6325,19.5325,0.0,50400.0,79.91069,13.493999,33.839996,6.4431357,0.0
valencia,39.4699,-0.3763,2026-06-01 12:00:00,2026-06-03 23:59:59,26.7825,21.0325,0.0,48809.797,118.094734,19.881649,46.8,10.014037,0.0
valencia,39.4699,-0.3763,2026-06-01 12:00:00,2026-06-04 23:59:59,29.5325,19.582499,0.0,50821.69,59.64198,18.671474,43.92,9.056783,0.0
valencia,39.4699,-0.3763,2026-06-01 12:00:00,2026-06-05 23:59:59,24.7325,21.082499,0.0,22869.117,61.3697,22.42427,51.839996,15.234911,5.4166665
valencia,39.4699,-0.3763,2026-06-01 12:00:00,2026-06-06 23:59:59,31.2145,20.3645,0.6,46486.86,78.10529,18.888851,45.36,7.6681933,13.583333
valencia,39.4699,-0.3763,2026-06-01 12:00:00,2026-06-07 23:59:59,27.0145,19.6145,0.0,46174.617,87.768845,15.137133,37.44,7.270672,1.2083334
valencia,39.4699,-0.3763,2026-06-04 12:00:00,2026-06-04 23:59:59,31.1325,19.7325,0.0,50400.0,94.64499,24.184391,60.479996,10.099961,0.0
valencia,39.4699,-0.3763,2026-06-04 12:00:00,2026-06-05 23:59:59,24.1325,20.2325,0.0,27449.127,63.766335,22.183128,53.28,13.647025,0.125
valencia,39.4699,-0.3763,2026-06-04 12:00:00,2026-06-06 23:59:59,26.5325,19.9825,0.1,47534.96,118.48206,16.299694,39.6,7.729336,0.5833333
valencia,39.4699,-0.3763,2026-06-04 12:00:00,2026-06-07 23:59:59,26.6325,21.082499,0.1,46178.72,79.96981,15.158522,36.36,8.16856,2.1666667
valencia,39.4699,-0.3763,2026-06-04 12:00:00,2026-06-08 23:59:59,27.682499,19.682499,0.0,51153.16,108.15955,14.973577,36.0,7.3115034,0.0
valencia,39.4699,-0.3763,2026-06-04 12:00:00,2026-06-09 23:59:59,28.2645,21.0645,0.0,49598.727,70.913,17.294992,40.32,9.2805395,0.0
valencia,39.4699,-0.3763,2026-06-04 12:00:00,2026-06-10 23:59:59,25.9645,21.5645,0.0,35823.37,78.60793,16.418526,37.079998,10.163637,5.75
london,51.5074,-0.1278,2026-06-05 12:00:00,2026-06-05 23:59:59,18.041,13.141,0.0,9585.972,243.33533,17.64,38.519997,13.994999,4.5
london,51.5074,-0.1278,2026-06-05 12:00:00,2026-06-06 23:59:59,16.091,12.740999,4.6,10800.0,206.71828,29.519999,63.36,20.295,59.875
london,51.5074,-0.1278,2026-06-05 12:00:00,2026-06-07 23:59:59,20.404501,11.391,0.0,40473.95,233.54628,21.599998,45.0,18.359999,1.75
london,51.5074,-0.1278,2026-06-05 12:00:00,2026-06-08 23:59:59,16.5545,12.054501,7.1,40141.0,226.7462,16.56,34.2,13.905,47.5
london,51.5074,-0.1278,2026-06-05 12:00:00,2026-06-09 23:59:59,18.154501,10.4045,0.1,56713.4,252.8869,17.28,36.0,11.79,31.75
london,51.5074,-0.1278,2026-06-05 12:00:00,2026-06-10 23:59:59,17.3545,11.1045,0.6,54000.0,233.38016,21.24,43.56,14.94,15.375
london,51.5074,-0.1278,2026-06-05 12:00:00,2026-06-11 23:59:59,16.588625,12.2045,1.5000001,48985.344,222.95503,22.685186,64.799995,19.305021,27.625
frankfurt,50.1109,8.6821,2026-06-16 12:00:00,2026-06-11 23:59:59,18.793,9.993,3.2,34481.83,248.95451,15.379206,35.28,8.527617,10.708333
frankfurt,50.1109,8.6821,2026-06-16 12:00:00,2026-06-12 23:59:59,22.043,12.693,3.3999996,4720.9136,230.26324,13.698934,35.28,9.953649,46.708332
frankfurt,50.1109,8.6821,2026-06-16 12:00:00,2026-06-13 23:59:59,25.343,15.743,0.0,52692.586,270.94623,18.03237,46.079998,11.247649,0.0
frankfurt,50.1109,8.6821,2026-06-16 12:00:00,2026-06-14 23:59:59,19.993,12.693,0.0,34660.508,287.88815,15.042659,38.88,9.35004,4.625
frankfurt,50.1109,8.6821,2026-06-16 12:00:00,2026-06-15 23:59:59,20.692999,10.292999,0.0,51755.4,280.4993,10.144082,31.319998,6.1344175,0.0
frankfurt,50.1109,8.6821,2026-06-16 12:00:00,2026-06-16 23:59:59,25.993,12.443,0.3,22617.928,203.6653,15.137133,45.719997,6.2872424,13.083333
frankfurt,50.1109,8.6821,2026-06-16 12:00:00,2026-06-17 23:59:59,28.043,16.692999,0.0,35820.93,281.48193,8.404285,25.919998,4.7684183,2.0833333
frankfurt,50.1109,8.6821,2026-06-16 12:00:00,2026-06-18 23:59:59,34.306625,18.942999,0.0,54000.0,53.11457,7.0911775,19.08,3.55288,0.0
frankfurt,50.1109,8.6821,2026-06-16 12:00:00,2026-06-19 23:59:59,36.8975,20.1475,0.6,43607.168,94.02194,8.669949,27.359999,4.46783,12.25
frankfurt,50.1109,8.6821,2026-06-16 12:00:00,2026-06-20 23:59:59,37.7475,21.5975,0.0,56324.03,252.62584,11.4862,32.039997,5.645498,3.4583333
frankfurt,50.1109,8.6821,2026-06-16 12:00:00,2026-06-21 23:59:59,35.052,21.7975,0.3,56192.574,27.588066,8.209263,24.119999,4.735395,11.65625
frankfurt,50.1109,8.6821,2026-06-16 12:00:00,2026-06-22 23:59:59,29.352,22.002,0.0,23218.24,352.92862,11.480557,32.039997,6.916984,16.583334
frankfurt,50.1109,8.6821,2026-06-16 12:00:00,2026-06-23 23:59:59,27.102,17.952,0.0,57657.867,11.289556,10.823973,30.960001,8.367604,6.3333335
frankfurt,50.1109,8.6821,2026-06-16 12:00:00,2026-06-24 23:59:59,26.2,17.176,0.0,56522.742,321.09787,11.298495,32.399998,6.9609585,9.270833
frankfurt,50.1109,8.6821,2026-06-16 12:00:00,2026-06-25 23:59:59,26.8,16.6,0.0,58138.723,14.2620125,12.221456,34.2,8.738413,2.0
frankfurt,50.1109,8.6821,2026-06-16 12:00:00,2026-06-26 23:59:59,28.75,18.1,0.0,58113.902,10.553083,11.196231,30.960001,6.7553387,7.1666665
frankfurt,50.1109,8.6821,2026-06-16 12:00:00,2026-06-27 23:59:59,29.95,19.15,0.0,58083.785,28.919476,10.228373,33.48,8.7638,3.8333333
frankfurt,50.1109,8.6821,2026-06-16 12:00:00,2026-06-28 23:59:59,35.65,21.0,0.0,58048.395,354.73474,10.261579,23.4,4.862846,1.3333334
frankfurt,50.1109,8.6821,2026-06-16 12:00:00,2026-06-29 23:59:59,28.55,20.6,0.0,58007.758,13.188771,16.521803,38.16,14.658086,7.3333335
berlin,52.52,13.405,2026-04-17 12:00:00,2026-04-17 23:59:59,18.952,8.702,0.0,44949.438,11.683494,11.592894,26.28,6.6564665,0.0
berlin,52.52,13.405,2026-04-17 12:00:00,2026-04-18 23:59:59,19.852,9.202,0.0,31824.207,118.64258,7.9036193,19.08,5.297574,1.0416666
berlin,52.52,13.405,2026-04-17 12:00:00,2026-04-19 23:59:59,15.902,8.339,12.487501,0.0,322.2551,14.689588,35.28,6.9594607,44.458332
berlin,52.52,13.405,2026-04-17 12:00:00,2026-04-20 23:59:59,12.688999,5.389,1.2,30839.86,358.96466,12.904882,32.760002,8.7798195,43.916668
berlin,52.52,13.405,2026-04-17 12:00:00,2026-04-21 23:59:59,15.389,4.339,0.6,50294.58,42.753242,15.175612,38.16,12.415484,6.75
berlin,52.52,13.405,2026-04-17 12:00:00,2026-04-22 23:59:59,14.726,2.076,0.6,49948.223,18.42067,15.646544,49.68,9.419163,0.9166667
berlin,52.52,13.405,2026-04-17 12:00:00,2026-04-23 23:59:59,16.476,2.826,0.0,49107.336,27.541512,8.435069,22.68,6.0969586,3.5833333
aachen,50.7753,6.0839,2026-05-21 12:00:00,2026-05-21 23:59:59,21.575998,12.776,0.0,50270.426,247.01782,16.199999,30.239998,9.629999,1.0416666
aachen,50.7753,6.0839,2026-05-21 12:00:00,2026-05-22 23:59:59,27.276,13.726,0.0,54000.0,161.51277,8.28,19.8,5.234999,0.0
aachen,50.7753,6.0839,2026-05-21 12:00:00,2026-05-23 23:59:59,29.876,17.726,0.0,53717.574,199.2443,9.36,19.08,5.5748897,0.7916667
aachen,50.7753,6.0839,2026-05-21 12:00:00,2026-05-24 23:59:59,24.6,16.0,0.0,55005.727,17.501953,10.163227,25.199999,6.0326276,3.6666667
aachen,50.7753,6.0839,2026-05-21 12:00:00,2026-05-25 23:59:59,25.05,14.5,0.0,56667.2,70.908936,9.220499,25.56,7.295416,0.5833333
aachen,50.7753,6.0839,2026-05-21 12:00:00,2026-05-26 23:59:59,27.6,13.55,0.3,55203.35,5.8588862,18.057508,41.760002,9.231539,0.45833334
aachen,50.7753,6.0839,2026-05-21 12:00:00,2026-05-27 23:59:59,17.1,9.4,0.0,55890.355,21.728312,15.825675,38.519997,13.234295,0.5
berlin,52.52,13.405,2026-04-30 12:00:00,2026-04-30 23:59:59,17.952,5.352,0.0,50400.0,346.27475,7.69592,21.24,4.894081,0.0
berlin,52.52,13.405,2026-04-30 12:00:00,2026-05-01 23:59:59,21.852,9.252,0.0,50400.0,321.28687,6.28713,16.56,4.5965056,0.0
berlin,52.52,13.405,2026-04-30 12:00:00,2026-05-02 23:59:59,25.939,10.238999,0.0,50400.0,185.59346,14.494192,36.719997,8.179621,0.0
berlin,52.52,13.405,2026-04-30 12:00:00,2026-05-03 23:59:59,26.639,12.738999,0.0,50739.707,210.14131,14.291592,38.88,9.123716,5.4166665
berlin,52.52,13.405,2026-04-30 12:00:00,2026-05-04 23:59:59,20.039,12.389,0.0,44275.91,255.50662,16.343367,41.039997,10.778828,15.166667
berlin,52.52,13.405,2026-04-30 12:00:00,2026-05-05 23:59:59,19.876,10.276,0.0,39096.094,291.3083,9.255571,25.199999,6.0746922,16.1875
berlin,52.52,13.405,2026-04-30 12:00:00,2026-05-06 23:59:59,15.926,7.876,0.0,41742.41,320.2187,15.9134655,42.48,9.989125,23.583334
aachen,50.7753,6.0839,2026-04-24 12:00:00,2026-04-24 23:59:59,18.526,5.576,0.0,41912.047,347.96735,9.72,23.759998,6.674999,0.0
aachen,50.7753,6.0839,2026-04-24 12:00:00,2026-04-25 23:59:59,18.226,6.326,0.0,46800.0,339.9058,11.5199995,23.759998,6.540001,0.0
aachen,50.7753,6.0839,2026-04-24 12:00:00,2026-04-26 23:59:59,16.825998,6.126,0.0,47818.254,45.455566,11.879999,25.919998,8.658881,0.0
aachen,50.7753,6.0839,2026-04-24 12:00:00,2026-04-27 23:59:59,15.35,4.65,0.0,38500.88,62.15509,8.827344,24.119999,6.78654,0.125
aachen,50.7753,6.0839,2026-04-24 12:00:00,2026-04-28 23:59:59,17.55,6.85,0.0,51903.75,54.141052,19.602652,45.719997,13.821404,5.125
aachen,50.7753,6.0839,2026-04-24 12:00:00,2026-04-29 23:59:59,17.1,6.3,0.0,52109.184,74.8481,17.728857,42.48,15.790321,0.16666667
aachen,50.7753,6.0839,2026-04-24 12:00:00,2026-04-30 23:59:59,17.0,7.25,0.0,52312.176,87.7666,19.09358,46.44,14.449666,5.9583335
munich,48.1351,11.582,2026-05-04 12:00:00,2026-05-04 23:59:59,24.365,13.565,9.5,36087.332,357.85904,13.53236,52.199997,7.6809115,6.0416665
munich,48.1351,11.582,2026-05-04 12:00:00,2026-05-05 23:59:59,24.365,11.665,1.1,35334.043,256.60748,17.643673,47.16,5.8396235,9.166667
munich,48.1351,11.582,2026-05-04 12:00:00,2026-05-06 23:59:59,19.921501,11.714999,7.6000004,36000.0,271.3508,12.964998,27.72,7.081178,33.708332
munich,48.1351,11.582,2026-05-04 12:00:00,2026-05-07 23:59:59,16.171501,9.6715,7.199998,36232.727,256.5706,11.928989,44.639996,8.166655,42.791668
munich,48.1351,11.582,2026-05-04 12:00:00,2026-05-08 23:59:59,20.521502,6.8215,0.0,50500.74,72.490654,7.5942082,25.56,3.8500302,1.7083334
munich,48.1351,11.582,2026-05-04 12:00:00,2026-05-09 23:59:59,20.258,11.73975,2.3999996,35036.92,108.40922,7.6367526,21.87,4.9842877,10.416667
munich,48.1351,11.582,2026-05-04 12:00:00,2026-05-10 23:59:59,24.608,9.758,0.6,39656.06,114.00552,11.440978,28.44,6.295143,21.166666
valencia,39.4699,-0.3763,2026-06-06 12:00:00,2026-06-01 23:59:59,26.4825,19.4825,0.0,48729.715,72.28223,14.417988,34.92,7.5167174,0.0
valencia,39.4699,-0.3763,2026-06-06 12:00:00,2026-06-02 23:59:59,27.1325,19.6325,0.0,50400.0,81.42342,15.328561,36.0,6.517022,0.0
valencia,39.4699,-0.3763,2026-06-06 12:00:00,2026-06-03 23:59:59,26.7825,21.9825,0.0,48208.25,99.78949,18.668005,42.839996,10.316216,1.75
valencia,39.4699,-0.3763,2026-06-06 12:00:00,2026-06-04 23:59:59,30.332499,19.7325,0.0,50400.0,86.412575,22.148046,52.92,10.340909,0.0
valencia,39.4699,-0.3763,2026-06-06 12:00:00,2026-06-05 23:59:59,23.9825,19.932499,0.2,15105.511,61.844673,25.212852,58.32,14.322612,6.2083335
valencia,39.4699,-0.3763,2026-06-06 12:00:00,2026-06-06 23:59:59,25.932499,18.832499,0.0,41043.676,118.35781,15.463246,36.36,7.3165474,0.0
valencia,39.4699,-0.3763,2026-06-06 12:00:00,2026-06-07 23:59:59,26.0325,20.5325,0.4,41328.125,81.042656,13.896187,33.839996,7.5600233,2.7916667
valencia,39.4699,-0.3763,2026-06-06 12:00:00,2026-06-08 23:59:59,26.7825,19.7325,0.0,50400.0,96.63656,14.707222,35.64,7.9171004,0.0
valencia,39.4699,-0.3763,2026-06-06 12:00:00,2026-06-09 23:59:59,25.6325,21.6325,0.0,46997.457,58.630863,16.343367,39.239998,10.5296755,0.0
valencia,39.4699,-0.3763,2026-06-06 12:00:00,2026-06-10 23:59:59,24.832499,20.9825,0.0,49163.176,73.76757,13.779114,33.48,10.174397,1.4583334
valencia,39.4699,-0.3763,2026-06-06 12:00:00,2026-06-11 23:59:59,27.4645,17.8645,0.0,51783.023,107.69164,15.990646,36.719997,7.432485,1.625
valencia,39.4699,-0.3763,2026-06-06 12:00:00,2026-06-12 23:59:59,29.414501,18.2145,0.0,51427.953,114.12407,14.934577,34.2,6.769996,0.0
valencia,39.4699,-0.3763,2026-06-06 12:00:00,2026-06-13 23:59:59,28.58225,18.4645,0.0,51909.89,125.97468,13.799087,40.68,6.184595,2.6666667
valencia,39.4699,-0.3763,2026-06-06 12:00:00,2026-06-14 23:59:59,27.8,21.85,0.0,52278.098,110.230934,11.230904,36.719997,5.3291755,2.6666667
valencia,39.4699,-0.3763,2026-06-06 12:00:00,2026-06-15 23:59:59,27.75,21.7,0.0,51960.496,97.67191,12.241323,38.16,5.996729,1.0416666
valencia,39.4699,-0.3763,2026-06-06 12:00:00,2026-06-16 23:59:59,29.0,21.8,0.0,52326.434,82.5964,13.861168,40.68,6.7332683,4.0416665
valencia,39.4699,-0.3763,2026-06-06 12:00:00,2026-06-17 23:59:59,28.3,22.8,0.0,52349.848,80.71382,12.864649,37.44,7.4261713,5.4166665
valencia,39.4699,-0.3763,2026-06-06 12:00:00,2026-06-18 23:59:59,30.15,22.15,0.0,52372.676,82.978516,13.527572,37.44,6.9959464,7.5833335
valencia,39.4699,-0.3763,2026-06-06 12:00:00,2026-06-19 23:59:59,29.25,24.3,0.0,52394.766,80.342,13.091829,39.96,6.8750014,4.0833335
zurich,47.3769,8.5472,2026-06-16 12:00:00,2026-06-11 23:59:59,17.522001,9.922,0.1,44976.23,264.67554,14.205182,37.079998,7.296526,7.4583335
zurich,47.3769,8.5472,2026-06-16 12:00:00,2026-06-12 23:59:59,18.172,13.922,0.1,4293.8877,197.9197,11.090103,25.56,6.461777,8.875
zurich,47.3769,8.5472,2026-06-16 12:00:00,2026-06-13 23:59:59,27.772001,14.972,0.0,51873.785,243.02542,16.45007,37.44,9.815953,0.0
zurich,47.3769,8.5472,2026-06-16 12:00:00,2026-06-14 23:59:59,26.672,17.872002,0.0,54000.0,269.19687,21.407139,46.079998,11.493003,0.0
zurich,47.3769,8.5472,2026-06-16 12:00:00,2026-06-15 23:59:59,25.422,14.122,0.0,54000.0,288.9376,14.693999,36.719997,6.4301963,0.0
zurich,47.3769,8.5472,2026-06-16 12:00:00,2026-06-16 23:59:59,26.872002,16.772001,0.0,45316.996,179.3312,11.090103,27.359999,4.7098284,2.2916667
zurich,47.3769,8.5472,2026-06-16 12:00:00,2026-06-17 23:59:59,30.272001,19.972,0.0,50448.03,254.5006,9.107359,24.119999,4.656747,1.2916666
zurich,47.3769,8.5472,2026-06-16 12:00:00,2026-06-18 23:59:59,33.222,20.522001,0.0,54000.0,82.9773,5.4833565,12.599999,2.8338609,0.0
zurich,47.3769,8.5472,2026-06-16 12:00:00,2026-06-19 23:59:59,33.356,19.506,0.7,51295.344,161.56496,10.00256,25.919998,4.009823,11.041667
zurich,47.3769,8.5472,2026-06-16 12:00:00,2026-06-20 23:59:59,33.205997,20.606,2.3999999,50380.64,188.07826,7.653705,57.239998,3.5530953,10.333333
zurich,47.3769,8.5472,2026-06-16 12:00:00,2026-06-21 23:59:59,34.5595,20.956,0.0,55112.99,135.51614,5.1919937,12.599999,3.7413297,3.0
zurich,47.3769,8.5472,2026-06-16 12:00:00,2026-06-22 23:59:59,35.2095,21.8095,0.0,54911.273,103.76073,8.435069,29.88,4.214602,9.375
zurich,47.3769,8.5472,2026-06-16 12:00:00,2026-06-23 23:59:59,29.0595,21.9595,5.9999995,50334.367,358.4926,7.7879906,29.519999,3.6259127,16.791666
zurich,47.3769,8.5472,2026-06-16 12:00:00,2026-06-24 23:59:59,30.25,19.65,0.0,56559.285,327.82907,8.297589,29.88,4.522467,12.427083
zurich,47.3769,8.5472,2026-06-16 12:00:00,2026-06-25 23:59:59,31.95,20.85,0.0,56573.168,0.6227405,8.39657,28.08,4.966198,10.208333
zurich,47.3769,8.5472,2026-06-16 12:00:00,2026-06-26 23:59:59,31.8,20.95,0.0,56386.074,46.25318,9.984729,34.2,7.959393,8.708333
zurich,47.3769,8.5472,2026-06-16 12:00:00,2026-06-27 23:59:59,32.85,21.7,0.0,56587.156,51.724316,9.840914,25.56,6.506129,8.333333
zurich,47.3769,8.5472,2026-06-16 12:00:00,2026-06-28 23:59:59,34.95,22.65,0.0,56555.96,357.60413,8.209263,23.4,4.425022,7.1666665
zurich,47.3769,8.5472,2026-06-16 12:00:00,2026-06-29 23:59:59,33.8,23.6,0.0,56015.957,7.305657,11.074023,32.760002,4.7251945,11.833333
munich,48.1351,11.582,2026-06-03 12:00:00,2026-06-03 23:59:59,17.365,13.665,6.4000006,23774.096,255.74358,15.5843,41.399998,10.890346,42.5
munich,48.1351,11.582,2026-06-03 12:00:00,2026-06-04 23:59:59,24.565,11.915,5.0,33389.914,227.25874,16.263872,39.6,6.801376,21.791666
munich,48.1351,11.582,2026-06-03 12:00:00,2026-06-05 23:59:59,18.0715,10.915,20.050001,30620.428,258.62573,11.966953,30.689999,8.297418,56.208332
munich,48.1351,11.582,2026-06-03 12:00:00,2026-06-06 23:59:59,20.6215,10.0215,0.3,28135.43,161.56493,10.239453,31.68,5.870501,10.0
munich,48.1351,11.582,2026-06-03 12:00:00,2026-06-07 23:59:59,23.2215,11.971499,0.0,40134.953,252.60657,7.145796,20.519999,4.8055954,10.416667
munich,48.1351,11.582,2026-06-03 12:00:00,2026-06-08 23:59:59,25.758,14.1215,0.0,56362.926,359.0288,8.373386,21.24,4.403651,3.5208333
munich,48.1351,11.582,2026-06-03 12:00:00,2026-06-09 23:59:59,17.308,11.708,13.200003,0.0,269.56705,9.220499,34.92,6.6851892,31.0
stockholm,59.3293,18.0686,2026-06-14 12:00:00,2026-06-09 23:59:59,20.917501,13.9175,0.8,45980.21,137.73975,15.4800005,34.56,11.610001,12.708333
stockholm,59.3293,18.0686,2026-06-14 12:00:00,2026-06-10 23:59:59,19.167501,12.4175,2.8,45092.516,222.02872,27.359999,56.16,18.359999,47.833332
stockholm,59.3293,18.0686,2026-06-14 12:00:00,2026-06-11 23:59:59,19.067501,12.9675,0.0,23552.066,198.6911,12.599999,26.64,8.085,18.458334
stockholm,59.3293,18.0686,2026-06-14 12:00:00,2026-06-12 23:59:59,20.917501,12.5675,0.0,53966.69,234.0868,19.44,41.399998,14.414999,7.875
stockholm,59.3293,18.0686,2026-06-14 12:00:00,2026-06-13 23:59:59,20.2175,12.6675,0.0,60177.445,142.60017,18.0,39.239998,14.685,5.3333335
stockholm,59.3293,18.0686,2026-06-14 12:00:00,2026-06-14 23:59:59,14.9675,12.3175,4.6,4002.586,280.55823,19.8,37.8,11.519999,61.0
stockholm,59.3293,18.0686,2026-06-14 12:00:00,2026-06-15 23:59:59,16.6175,11.8175,9.2,513.7445,6.0250235,18.0,36.719997,13.409999,68.833336
stockholm,59.3293,18.0686,2026-06-14 12:00:00,2026-06-16 23:59:59,14.9175,11.9675,3.1999996,46.41575,331.813,19.8,37.44,17.257534,59.25
stockholm,59.3293,18.0686,2026-06-14 12:00:00,2026-06-17 23:59:59,20.8,11.7,0.0,64735.04,292.02853,16.68669,39.6,12.297627,0.9583333
stockholm,59.3293,18.0686,2026-06-14 12:00:00,2026-06-18 23:59:59,20.7,13.25,0.6,58233.48,266.10303,15.338071,35.28,11.443233,10.5
stockholm,59.3293,18.0686,2026-06-14 12:00:00,2026-06-19 23:59:59,24.5,14.5,0.0,64786.047,240.78723,10.759423,28.08,8.44375,2.9583333
stockholm,59.3293,18.0686,2026-06-14 12:00:00,2026-06-20 23:59:59,24.6,15.15,0.0,64807.99,177.1045,13.493999,35.28,9.276884,3.375
stockholm,59.3293,18.0686,2026-06-14 12:00:00,2026-06-21 23:59:59,22.1,15.55,1.8,64455.465,268.33884,22.782625,56.519997,16.67454,20.375
stockholm,59.3293,18.0686,2026-06-14 12:00:00,2026-06-22 23:59:59,20.35,13.3,1.2,65543.69,315.301,16.021011,44.28,12.587526,16.75
stockholm,59.3293,18.0686,2026-06-14 12:00:00,2026-06-23 23:59:59,18.85,12.25,1.2,65557.9,57.115246,12.011544,34.56,7.573962,13.5
stockholm,59.3293,18.0686,2026-06-14 12:00:00,2026-06-24 23:59:59,17.0,11.7,0.6,28779.787,328.19812,11.542478,32.399998,7.563255,21.666666
stockholm,59.3293,18.0686,2026-06-14 12:00:00,2026-06-25 23:59:59,17.0,11.7,1.8000002,65576.555,334.29782,17.31746,42.839996,13.0934,23.0
stockholm,59.3293,18.0686,2026-06-14 12:00:00,2026-06-26 23:59:59,18.75,11.85,0.0,65580.98,349.72705,19.686766,48.96,15.125917,18.125
stockholm,59.3293,18.0686,2026-06-14 12:00:00,2026-06-27 23:59:59,20.75,10.95,0.0,65582.86,260.45282,11.272657,34.56,7.1223593,10.583333
berlin,52.52,13.405,2026-06-15 12:00:00,2026-06-10 23:59:59,19.702,11.252,0.6,24485.707,153.91109,16.954432,37.8,6.1999316,12.208333
berlin,52.52,13.405,2026-06-15 12:00:00,2026-06-11 23:59:59,19.152,12.002,1.2,43944.35,293.9738,15.876775,54.719997,9.2568655,23.333334
berlin,52.52,13.405,2026-06-15 12:00:00,2026-06-12 23:59:59,17.802,11.452,1.9,5880.461,219.02072,15.141414,33.12,9.486026,17.458334
berlin,52.52,13.405,2026-06-15 12:00:00,2026-06-13 23:59:59,19.852,13.502,1.8000001,29109.04,271.27585,20.945072,51.839996,14.050623,10.458333
berlin,52.52,13.405,2026-06-15 12:00:00,2026-06-14 23:59:59,16.652,11.802,1.3000001,14131.848,276.59497,21.707731,53.639996,17.815338,41.541668
berlin,52.52,13.405,2026-06-15 12:00:00,2026-06-15 23:59:59,21.152,12.502,0.0,30053.275,280.2076,24.627787,55.8,18.537903,0.5833333
berlin,52.52,13.405,2026-06-15 12:00:00,2026-06-16 23:59:59,21.602,9.902,0.0,40044.53,270.24277,14.24163,31.68,8.833618,1.375
berlin,52.52,13.405,2026-06-15 12:00:00,2026-06-17 23:59:59,23.289,13.188999,0.0,46800.0,292.9017,10.948973,30.599998,7.1786156,3.9166667
berlin,52.52,13.405,2026-06-15 12:00:00,2026-06-18 23:59:59,27.838999,16.889,0.0,51419.062,261.47586,9.3669195,28.08,6.6541376,5.875
berlin,52.52,13.405,2026-06-15 12:00:00,2026-06-19 23:59:59,32.939003,20.338999,0.3,53615.883,178.37378,7.928178,33.839996,4.8849087,1.7083334
berlin,52.52,13.405,2026-06-15 12:00:00,2026-06-20 23:59:59,28.876,22.626,5.1,42747.05,188.46986,8.825508,35.28,3.9795485,15.145833
berlin,52.52,13.405,2026-06-15 12:00:00,2026-06-21 23:59:59,33.026,21.626,0.3,50084.863,209.1441,10.1887,32.760002,4.710216,32.125
berlin,52.52,13.405,2026-06-15 12:00:00,2026-06-22 23:59:59,27.276,19.05,0.15,49500.797,343.19766,9.9408245,34.2,6.475283,12.177083
berlin,52.52,13.405,2026-06-15 12:00:00,2026-06-23 23:59:59,27.6,15.25,0.0,59399.656,91.17337,15.287288,32.760002,10.327001,12.958333
berlin,52.52,13.405,2026-06-15 12:00:00,2026-06-24 23:59:59,32.0,19.9,1.5000001,58005.78,60.725014,16.357237,43.199997,12.958614,7.2916665
berlin,52.52,13.405,2026-06-15 12:00:00,2026-06-25 23:59:59,22.45,16.9,0.3,31373.84,303.57718,18.193361,46.079998,14.815532,7.5416665
berlin,52.52,13.405,2026-06-15 12:00:00,2026-06-26 23:59:59,27.35,15.7,0.0,59437.41,313.44458,10.735306,36.0,6.1237392,5.5833335
berlin,52.52,13.405,2026-06-15 12:00:00,2026-06-27 23:59:59,31.85,20.25,0.0,59179.363,157.77415,12.236029,35.64,8.555123,7.875
berlin,52.52,13.405,2026-06-15 12:00:00,2026-06-28 23:59:59,25.6,19.15,0.0,51940.973,309.19125,18.880276,48.239998,15.4827175,11.791667
stockholm,59.3293,18.0686,2026-06-16 12:00:00,2026-06-11 23:59:59,19.067501,12.9675,0.0,23552.066,198.6911,12.599999,26.64,8.085,18.458334
stockholm,59.3293,18.0686,2026-06-16 12:00:00,2026-06-12 23:59:59,20.917501,12.5675,0.0,53966.69,234.0868,19.44,41.399998,14.414999,7.875
stockholm,59.3293,18.0686,2026-06-16 12:00:00,2026-06-13 23:59:59,20.2175,12.6675,0.0,60177.445,142.60017,18.0,39.239998,14.685,5.3333335
stockholm,59.3293,18.0686,2026-06-16 12:00:00,2026-06-14 23:59:59,14.9675,12.3175,4.7,0.0,278.8156,19.8,37.8,11.624998,61.208332
stockholm,59.3293,18.0686,2026-06-16 12:00:00,2026-06-15 23:59:59,17.1175,12.2175,11.2,1686.0184,11.110686,19.08,36.719997,13.634998,69.5
stockholm,59.3293,18.0686,2026-06-16 12:00:00,2026-06-16 23:59:59,15.1675,11.117499,7.9999995,6346.3325,335.15985,25.56,46.8,17.685,63.166668
stockholm,59.3293,18.0686,2026-06-16 12:00:00,2026-06-17 23:59:59,22.8675,13.367499,0.0,57106.17,295.0301,18.359999,39.96,14.174999,0.0
stockholm,59.3293,18.0686,2026-06-16 12:00:00,2026-06-18 23:59:59,20.7675,16.0175,0.0,24118.553,261.65356,16.56,33.12,13.68,19.625
stockholm,59.3293,18.0686,2026-06-16 12:00:00,2026-06-19 23:59:59,23.1,15.516876,0.0,55666.25,253.96216,14.04,27.72,9.175725,3.6666667
stockholm,59.3293,18.0686,2026-06-16 12:00:00,2026-06-20 23:59:59,24.8,15.45,0.0,64807.99,199.2828,16.224981,39.239998,11.245945,7.25
stockholm,59.3293,18.0686,2026-06-16 12:00:00,2026-06-21 23:59:59,22.95,15.5,0.3,64819.49,279.30466,14.348156,30.960001,9.492377,9.291667
stockholm,59.3293,18.0686,2026-06-16 12:00:00,2026-06-22 23:59:59,22.5,13.75,0.6,61781.184,249.44383,14.897651,37.44,7.980044,10.291667
stockholm,59.3293,18.0686,2026-06-16 12:00:00,2026-06-23 23:59:59,16.15,12.5,25.800001,1994.3662,123.09792,18.455925,38.519997,12.396591,29.25
stockholm,59.3293,18.0686,2026-06-16 12:00:00,2026-06-24 23:59:59,16.45,11.95,9.600004,64864.94,339.1579,16.116785,40.68,11.64385,40.875
stockholm,59.3293,18.0686,2026-06-16 12:00:00,2026-06-25 23:59:59,15.8,10.9,1.8000002,65576.555,318.07217,19.046858,46.8,13.595187,21.916666
stockholm,59.3293,18.0686,2026-06-16 12:00:00,2026-06-26 23:59:59,16.7,11.05,1.2000002,65580.98,331.12186,15.561414,38.519997,11.363821,16.916666
stockholm,59.3293,18.0686,2026-06-16 12:00:00,2026-06-27 23:59:59,20.3,10.25,0.0,65582.86,283.91174,10.1902895,33.12,6.6668177,19.583334
stockholm,59.3293,18.0686,2026-06-16 12:00:00,2026-06-28 23:59:59,23.45,15.25,0.6,65548.38,265.71255,15.611304,38.16,13.773141,16.375
stockholm,59.3293,18.0686,2026-06-16 12:00:00,2026-06-29 23:59:59,18.45,14.6,0.0,64879.984,321.90372,14.81259,39.239998,10.425598,19.083334
aachen,50.7753,6.0839,2026-06-12 12:00:00,2026-06-07 23:59:59,20.376,11.526,0.1,40110.637,244.77805,20.16,40.68,13.514999,5.1666665
aachen,50.7753,6.0839,2026-06-12 12:00:00,2026-06-08 23:59:59,23.026,12.976,7.9,22840.568,204.42075,20.880001,39.96,8.190001,21.583334
aachen,50.7753,6.0839,2026-06-12 12:00:00,2026-06-09 23:59:59,17.175999,11.726,4.3999996,23202.717,241.04073,18.359999,38.16,14.670001,60.333332
aachen,50.7753,6.0839,2026-06-12 12:00:00,2026-06-10 23:59:59,17.226,10.126,1.2,42422.67,234.35168,22.68,48.96,11.834998,33.541668
aachen,50.7753,6.0839,2026-06-12 12:00:00,2026-06-11 23:59:59,17.776,9.676,5.5,26784.156,241.72787,15.84,33.12,11.699997,39.25
aachen,50.7753,6.0839,2026-06-12 12:00:00,2026-06-12 23:59:59,15.626,12.376,9.9000025,0.0,239.8877,22.68,43.92,19.454996,95.416664
aachen,50.7753,6.0839,2026-06-12 12:00:00,2026-06-13 23:59:59,18.476,13.776,0.2,22267.28,259.07953,22.319998,46.44,16.949997,31.416666
aachen,50.7753,6.0839,2026-06-12 12:00:00,2026-06-14 23:59:59,19.925999,11.8,0.0,37745.2,274.88098,16.199999,32.399998,12.614274,19.041666
aachen,50.7753,6.0839,2026-06-12 12:00:00,2026-06-15 23:59:59,18.2,8.5,0.2,48988.438,256.83844,13.451914,31.68,9.328664,5.1666665
aachen,50.7753,6.0839,2026-06-12 12:00:00,2026-06-16 23:59:59,26.3,13.3,1.5000001,44527.145,217.50204,23.264608,53.28,14.195168,6.75
aachen,50.7753,6.0839,2026-06-12 12:00:00,2026-06-17 23:59:59,25.3,15.3,0.0,58567.1,240.8497,17.183167,43.56,12.919252,5.5416665
aachen,50.7753,6.0839,2026-06-12 12:00:00,2026-06-18 23:59:59,27.65,17.25,0.0,58585.684,234.62173,10.787993,29.16,8.273105,1.5833334
aachen,50.7753,6.0839,2026-06-12 12:00:00,2026-06-19 23:59:59,34.25,20.95,0.6,58598.723,155.49712,16.38099,46.44,12.254442,15.541667
aachen,50.7753,6.0839,2026-06-12 12:00:00,2026-06-20 23:59:59,35.75,23.85,0.0,58606.21,183.79277,15.743571,37.8,11.45619,14.666667
aachen,50.7753,6.0839,2026-06-12 12:00:00,2026-06-21 23:59:59,34.1,24.15,2.4,58608.16,205.49545,15.273505,38.519997,10.35271,10.75
aachen,50.7753,6.0839,2026-06-12 12:00:00,2026-06-22 23:59:59,30.75,22.35,0.0,58113.434,22.042309,13.462749,30.960001,7.0240173,19.5
aachen,50.7753,6.0839,2026-06-12 12:00:00,2026-06-23 23:59:59,24.9,17.8,0.0,58595.414,31.822086,17.447933,41.039997,14.351354,17.75
aachen,50.7753,6.0839,2026-06-12 12:00:00,2026-06-24 23:59:59,20.65,12.8,0.0,58580.742,36.526325,16.663372,39.6,15.098769,16.041666
aachen,50.7753,6.0839,2026-06-12 12:00:00,2026-06-25 23:59:59,21.65,12.45,0.0,58560.55,46.41951,15.215058,38.16,14.136441,21.583334
berlin,52.52,13.405,2026-06-12 12:00:00,2026-06-07 23:59:59,20.652,15.952,0.6,37465.84,265.4131,20.192118,45.36,11.682456,12.416667
berlin,52.52,13.405,2026-06-12 12:00:00,2026-06-08 23:59:59,25.702,13.052,0.0,49030.117,184.10013,11.298495,26.28,6.9534855,0.125
berlin,52.52,13.405,2026-06-12 12:00:00,2026-06-09 23:59:59,21.202,15.502,0.5,24489.473,253.97491,28.73242,58.679996,13.942183,12.583333
berlin,52.52,13.405,2026-06-12 12:00:00,2026-06-10 23:59:59,19.702,11.252,0.6,24485.707,153.91109,16.954432,37.8,6.1999316,12.208333
berlin,52.52,13.405,2026-06-12 12:00:00,2026-06-11 23:59:59,19.152,12.002,1.2,43944.35,293.9738,15.876775,54.719997,9.2568655,23.333334
berlin,52.52,13.405,2026-06-12 12:00:00,2026-06-12 23:59:59,17.202,11.452,0.4,5880.461,219.25414,15.141414,33.12,9.36545,17.333334
berlin,52.52,13.405,2026-06-12 12:00:00,2026-06-13 23:59:59,21.402,13.952,0.2,30376.15,269.74213,28.802248,66.6,17.23944,14.375
berlin,52.52,13.405,2026-06-12 12:00:00,2026-06-14 23:59:59,17.588999,11.752,4.5,40131.656,267.9598,18.914532,55.079998,15.463155,49.041668
berlin,52.52,13.405,2026-06-12 12:00:00,2026-06-15 23:59:59,22.588999,12.438999,0.2,50191.71,281.0615,18.532133,50.399998,15.124327,6.25
berlin,52.52,13.405,2026-06-12 12:00:00,2026-06-16 23:59:59,20.689,10.488999,0.0,42683.902,286.46368,14.578888,38.519997,10.730065,0.8333333
berlin,52.52,13.405,2026-06-12 12:00:00,2026-06-17 23:59:59,22.325998,12.488999,0.0,7781.1807,231.63248,9.659814,29.16,6.1994185,6.8645835
berlin,52.52,13.405,2026-06-12 12:00:00,2026-06-18 23:59:59,28.325998,16.925999,0.0,48655.934,293.725,11.212135,31.319998,7.264922,6.0
berlin,52.52,13.405,2026-06-12 12:00:00,2026-06-19 23:59:59,31.793999,18.575998,0.0,59335.12,101.3396,10.315115,27.72,6.380983,6.6770835
berlin,52.52,13.405,2026-06-12 12:00:00,2026-06-20 23:59:59,37.2,23.4,0.6,59345.195,115.02516,10.805998,25.919998,7.941989,13.541667
berlin,52.52,13.405,2026-06-12 12:00:00,2026-06-21 23:59:59,36.95,26.75,0.6,59365.164,154.26016,11.48761,38.88,9.513969,8.0
berlin,52.52,13.405,2026-06-12 12:00:00,2026-06-22 23:59:59,31.2,22.5,0.0,59173.797,322.88205,16.759342,47.16,12.245615,14.125
berlin,52.52,13.405,2026-06-12 12:00:00,2026-06-23 23:59:59,23.4,17.05,0.0,59181.434,321.66272,16.92383,46.44,14.15094,14.583333
berlin,52.52,13.405,2026-06-12 12:00:00,2026-06-24 23:59:59,20.9,14.15,0.0,59413.984,310.9937,20.241,50.039997,16.682755,12.083333
berlin,52.52,13.405,2026-06-12 12:00:00,2026-06-25 23:59:59,21.05,13.55,0.0,59426.664,314.0907,21.129885,49.32,14.264692,11.166667
london,51.5074,-0.1278,2026-04-22 12:00:00,2026-04-22 23:59:59,15.941,6.8910003,0.0,46800.0,74.27187,21.24,48.6,16.62,0.0
london,51.5074,-0.1278,2026-04-22 12:00:00,2026-04-23 23:59:59,17.441,8.591,0.0,44593.938,76.74607,17.64,39.96,15.090001,0.0
london,51.5074,-0.1278,2026-04-22 12:00:00,2026-04-24 23:59:59,17.654501,6.791,0.0,50400.0,76.91588,14.759999,32.399998,11.565,0.0
london,51.5074,-0.1278,2026-04-22 12:00:00,2026-04-25 23:59:59,17.6045,7.1045003,0.0,50400.0,89.77562,7.92,15.84,3.7799997,0.0
london,51.5074,-0.1278,2026-04-22 12:00:00,2026-04-26 23:59:59,19.6045,11.7045,0.0,49150.72,116.88198,11.879999,24.84,6.5249996,0.5
london,51.5074,-0.1278,2026-04-22 12:00:00,2026-04-27 23:59:59,19.9545,8.8545,0.0,50452.062,64.1069,11.5199995,23.4,5.879999,0.5
london,51.5074,-0.1278,2026-04-22 12:00:00,2026-04-28 23:59:59,17.7045,10.5045,0.0,48073.465,29.133833,18.359999,39.239998,13.695,0.0
lisbon,38.7223,-9.1393,2026-06-16 12:00:00,2026-06-11 23:59:59,32.2915,18.5915,0.0,52818.406,341.69577,13.246826,31.68,6.6442046,0.0
lisbon,38.7223,-9.1393,2026-06-16 12:00:00,2026-06-12 23:59:59,33.4915,20.1415,0.0,46785.39,324.97195,13.905509,31.319998,4.338746,0.0
lisbon,38.7223,-9.1393,2026-06-16 12:00:00,2026-06-13 23:59:59,31.6415,21.0415,0.0,52584.434,237.4042,18.171976,42.12,7.4504857,0.0
lisbon,38.7223,-9.1393,2026-06-16 12:00:00,2026-06-14 23:59:59,25.3415,18.8915,0.0,50741.688,258.8279,17.57744,41.399998,8.46373,0.0
lisbon,38.7223,-9.1393,2026-06-16 12:00:00,2026-06-15 23:59:59,25.491499,17.8415,0.0,50965.664,340.28152,18.057508,41.399998,11.703656,0.0
lisbon,38.7223,-9.1393,2026-06-16 12:00:00,2026-06-16 23:59:59,28.241499,17.241499,0.0,50989.992,343.96912,18.837322,44.639996,12.536395,0.0
lisbon,38.7223,-9.1393,2026-06-16 12:00:00,2026-06-17 23:59:59,30.8415,18.1915,0.0,52351.652,341.32022,18.775303,42.839996,8.008528,0.0
lisbon,38.7223,-9.1393,2026-06-16 12:00:00,2026-06-18 23:59:59,29.5915,17.9415,0.0,51706.047,334.44473,14.77755,35.64,7.323541,0.0
lisbon,38.7223,-9.1393,2026-06-16 12:00:00,2026-06-19 23:59:59,29.4415,17.5915,0.0,51728.598,335.59604,14.982228,36.0,7.2958364,0.0
lisbon,38.7223,-9.1393,2026-06-16 12:00:00,2026-06-20 23:59:59,29.6915,18.7915,0.0,51080.69,340.82593,14.982228,36.0,7.197174,0.0
lisbon,38.7223,-9.1393,2026-06-16 12:00:00,2026-06-21 23:59:59,31.0135,19.8915,0.0,52082.86,322.69553,12.218805,30.960001,5.9043326,0.0
lisbon,38.7223,-9.1393,2026-06-16 12:00:00,2026-06-22 23:59:59,32.713497,19.963501,0.0,52107.49,321.71982,8.4963045,21.96,4.3589993,0.0
lisbon,38.7223,-9.1393,2026-06-16 12:00:00,2026-06-23 23:59:59,32.213497,21.313501,0.0,52125.79,250.90591,12.313893,30.599998,4.5537424,0.5625
lisbon,38.7223,-9.1393,2026-06-16 12:00:00,2026-06-24 23:59:59,35.8,18.05,0.0,52915.367,338.52383,8.536252,30.599998,4.58499,1.6354166
lisbon,38.7223,-9.1393,2026-06-16 12:00:00,2026-06-25 23:59:59,37.85,23.15,0.0,52896.594,303.09836,9.266067,27.359999,4.5139017,0.0
lisbon,38.7223,-9.1393,2026-06-16 12:00:00,2026-06-26 23:59:59,28.85,20.9,0.0,52876.504,238.15997,12.835653,36.36,8.56125,2.1666667
lisbon,38.7223,-9.1393,2026-06-16 12:00:00,2026-06-27 23:59:59,31.2,18.7,0.0,47769.562,324.04617,14.480773,37.8,7.1028767,2.5
lisbon,38.7223,-9.1393,2026-06-16 12:00:00,2026-06-28 23:59:59,37.3,18.4,0.0,52832.66,353.2831,16.284779,39.6,8.131459,2.9583333
lisbon,38.7223,-9.1393,2026-06-16 12:00:00,2026-06-29 23:59:59,36.9,19.65,0.0,52809.05,343.9297,15.328561,38.88,8.777868,3.625
frankfurt,50.1109,8.6821,2026-06-15 12:00:00,2026-06-10 23:59:59,17.993,11.542999,0.1,30870.492,250.5251,12.661564,41.399998,6.2048216,26.875
frankfurt,50.1109,8.6821,2026-06-15 12:00:00,2026-06-11 23:59:59,18.793,9.993,3.2,34481.83,248.95451,15.379206,35.28,8.527617,10.708333
frankfurt,50.1109,8.6821,2026-06-15 12:00:00,2026-06-12 23:59:59,22.043,12.693,3.3999996,4720.9136,230.26324,13.698934,35.28,9.953649,46.708332
frankfurt,50.1109,8.6821,2026-06-15 12:00:00,2026-06-13 23:59:59,25.343,15.743,0.0,52692.586,270.94623,18.03237,46.079998,11.247649,0.0
frankfurt,50.1109,8.6821,2026-06-15 12:00:00,2026-06-14 23:59:59,19.993,12.693,0.0,34660.508,287.88815,15.042659,38.88,9.35004,4.625
frankfurt,50.1109,8.6821,2026-06-15 12:00:00,2026-06-15 23:59:59,20.993,10.292999,0.0,49666.97,280.82294,11.542478,29.88,6.5799956,0.0
frankfurt,50.1109,8.6821,2026-06-15 12:00:00,2026-06-16 23:59:59,26.743,13.743,0.8000001,27392.67,221.33412,12.031756,43.92,6.2920866,10.041667
frankfurt,50.1109,8.6821,2026-06-15 12:00:00,2026-06-17 23:59:59,26.7475,16.8975,0.1,29058.156,276.82135,9.178235,26.64,4.8843374,2.2916667
frankfurt,50.1109,8.6821,2026-06-15 12:00:00,2026-06-18 23:59:59,32.9975,16.4475,0.0,55281.008,19.6539,4.0249224,12.959999,2.8606055,0.083333336
frankfurt,50.1109,8.6821,2026-06-15 12:00:00,2026-06-19 23:59:59,36.1975,21.6975,2.4,38611.883,153.43481,11.200571,30.960001,4.7451186,10.958333
frankfurt,50.1109,8.6821,2026-06-15 12:00:00,2026-06-20 23:59:59,35.552,19.902,0.3,57088.6,312.00858,8.161764,25.56,5.108446,4.78125
frankfurt,50.1109,8.6821,2026-06-15 12:00:00,2026-06-21 23:59:59,39.052,21.302,0.0,56265.098,270.2938,13.004921,35.28,5.0609736,4.0833335
frankfurt,50.1109,8.6821,2026-06-15 12:00:00,2026-06-22 23:59:59,34.351997,24.902,0.0,57903.84,13.191572,9.19939,27.72,5.7742577,7.4166665
frankfurt,50.1109,8.6821,2026-06-15 12:00:00,2026-06-23 23:59:59,37.5,22.55,0.0,58172.414,66.30838,7.7420926,28.08,6.1851254,11.875
frankfurt,50.1109,8.6821,2026-06-15 12:00:00,2026-06-24 23:59:59,30.15,21.0,12.000002,35825.797,278.11908,8.2584505,33.48,6.2195473,5.0416665
frankfurt,50.1109,8.6821,2026-06-15 12:00:00,2026-06-25 23:59:59,24.05,17.65,0.0,57424.395,4.8896003,11.345712,25.56,7.465916,4.2916665
frankfurt,50.1109,8.6821,2026-06-15 12:00:00,2026-06-26 23:59:59,28.2,16.15,0.0,58113.902,58.542633,10.685391,26.64,8.154674,2.9166667
frankfurt,50.1109,8.6821,2026-06-15 12:00:00,2026-06-27 23:59:59,31.35,19.25,0.0,58083.785,4.2015,9.7565975,22.68,6.292376,3.7916667
frankfurt,50.1109,8.6821,2026-06-15 12:00:00,2026-06-28 23:59:59,25.0,19.85,0.6,58048.395,346.22107,15.056652,40.32,12.152637,17.208334
london,51.5074,-0.1278,2026-06-06 12:00:00,2026-06-01 23:59:59,23.140999,14.240999,0.8,35411.59,230.07101,20.519999,45.36,12.869999,9.375
london,51.5074,-0.1278,2026-06-06 12:00:00,2026-06-02 23:59:59,19.841,14.540999,22.2,9304.739,226.85707,19.08,39.96,12.375,93.125
london,51.5074,-0.1278,2026-06-06 12:00:00,2026-06-03 23:59:59,18.640999,13.141,2.6000001,14630.547,221.53094,25.56,54.36,18.9,38.75
london,51.5074,-0.1278,2026-06-06 12:00:00,2026-06-04 23:59:59,18.691,13.891,2.8,42428.777,237.67627,25.199999,51.48,19.845001,53.875
london,51.5074,-0.1278,2026-06-06 12:00:00,2026-06-05 23:59:59,18.491,12.441,0.0,38059.15,241.18034,17.64,38.519997,13.679999,7.0
london,51.5074,-0.1278,2026-06-06 12:00:00,2026-06-06 23:59:59,14.841,12.790999,10.799999,10667.559,193.05522,25.56,55.44,17.595,65.125
london,51.5074,-0.1278,2026-06-06 12:00:00,2026-06-07 23:59:59,20.741,11.691,0.0,52400.87,236.68398,20.880001,45.36,17.685,2.25
london,51.5074,-0.1278,2026-06-06 12:00:00,2026-06-08 23:59:59,16.7045,14.4545,3.25,20883.473,230.11473,17.28,35.64,14.535001,50.875
london,51.5074,-0.1278,2026-06-06 12:00:00,2026-06-09 23:59:59,16.404501,10.304501,2.5,55967.754,245.32846,19.44,41.399998,14.625,34.375
london,51.5074,-0.1278,2026-06-06 12:00:00,2026-06-10 23:59:59,16.3545,10.304501,0.0,56709.57,246.4314,19.44,39.6,14.445001,24.875
london,51.5074,-0.1278,2026-06-06 12:00:00,2026-06-11 23:59:59,15.8545,10.8545,3.1,21134.645,251.00485,16.199999,34.2,14.804998,21.0
london,51.5074,-0.1278,2026-06-06 12:00:00,2026-06-12 23:59:59,18.75,10.7045,1.5,52110.44,262.07632,19.930477,52.92,12.726435,26.75
london,51.5074,-0.1278,2026-06-06 12:00:00,2026-06-13 23:59:59,18.7,12.75,4.875,43122.67,240.4205,23.532547,63.0,18.931612,13.375
london,51.5074,-0.1278,2026-06-06 12:00:00,2026-06-14 23:59:59,18.05,11.5,0.0,58197.605,258.83878,16.663374,46.44,13.838434,16.125
london,51.5074,-0.1278,2026-06-06 12:00:00,2026-06-15 23:59:59,19.55,12.55,0.6,17229.332,225.51494,18.212051,49.32,14.189671,14.625
london,51.5074,-0.1278,2026-06-06 12:00:00,2026-06-16 23:59:59,22.75,13.2,0.0,38358.273,236.5038,20.33044,50.399998,17.065304,19.625
london,51.5074,-0.1278,2026-06-06 12:00:00,2026-06-17 23:59:59,22.95,12.85,0.0,57464.63,290.47238,12.7279215,47.519997,7.212392,16.375
london,51.5074,-0.1278,2026-06-06 12:00:00,2026-06-18 23:59:59,21.9,14.8,0.0,58203.703,83.83418,11.052058,37.44,8.25567,16.125
london,51.5074,-0.1278,2026-06-06 12:00:00,2026-06-19 23:59:59,22.8,13.05,0.0,56872.727,61.59074,7.9932976,31.319998,5.8131986,17.875
aachen,50.7753,6.0839,2026-05-03 12:00:00,2026-05-03 23:59:59,17.976,13.326,0.5,12497.075,197.81413,18.72,38.519997,12.825001,17.416666
aachen,50.7753,6.0839,2026-05-03 12:00:00,2026-05-04 23:59:59,15.826,12.126,6.7,7484.5273,200.97697,12.959999,25.56,8.264999,39.5
aachen,50.7753,6.0839,2026-05-03 12:00:00,2026-05-05 23:59:59,12.726,8.6,8.875,0.0,25.303682,13.243156,29.339998,8.362503,72.375
aachen,50.7753,6.0839,2026-05-03 12:00:00,2026-05-06 23:59:59,8.4,4.7,14.9000025,0.0,28.437769,18.445389,37.8,15.718155,64.208336
aachen,50.7753,6.0839,2026-05-03 12:00:00,2026-05-07 23:59:59,10.9,4.85,0.0,12901.145,14.522544,10.829958,28.08,6.7547016,7.9583335
aachen,50.7753,6.0839,2026-05-03 12:00:00,2026-05-08 23:59:59,14.05,5.7,0.0,51625.277,88.60312,12.503199,32.039997,3.9903717,8.875
aachen,50.7753,6.0839,2026-05-03 12:00:00,2026-05-09 23:59:59,19.0,8.65,5.4,45647.098,162.68878,12.108261,43.56,11.117148,28.541666
munich,48.1351,11.582,2026-05-03 12:00:00,2026-05-03 23:59:59,26.265001,9.615,0.0,42234.52,313.0251,13.0447235,29.519999,5.0176463,4.6666665
munich,48.1351,11.582,2026-05-03 12:00:00,2026-05-04 23:59:59,24.815,12.415,0.9,36364.51,34.465412,15.937878,48.96,6.8853755,2.6666667
munich,48.1351,11.582,2026-05-03 12:00:00,2026-05-05 23:59:59,22.6215,11.1715,1.7,27479.975,270.00388,9.885262,27.359999,4.2837462,22.541666
munich,48.1351,11.582,2026-05-03 12:00:00,2026-05-06 23:59:59,16.3715,11.3715,6.8,691.6592,301.75943,5.991594,23.759998,4.3865824,54.666668
munich,48.1351,11.582,2026-05-03 12:00:00,2026-05-07 23:59:59,14.8215,9.9215,5.3999996,18532.227,270.3451,15.034041,45.0,9.270649,52.375
munich,48.1351,11.582,2026-05-03 12:00:00,2026-05-08 23:59:59,20.308,5.6080003,0.0,47052.383,71.42644,12.413477,28.8,7.68228,4.1875
munich,48.1351,11.582,2026-05-03 12:00:00,2026-05-09 23:59:59,19.758,8.808001,2.4,31779.965,20.659004,8.766573,21.599998,5.2294254,9.25
london,51.5074,-0.1278,2026-05-31 12:00:00,2026-05-31 23:59:59,23.041,16.291,0.0,50321.984,277.50894,15.84,35.64,13.59,1.25
london,51.5074,-0.1278,2026-05-31 12:00:00,2026-06-01 23:59:59,23.140999,14.941,0.70000005,31769.195,230.47798,19.44,43.56,13.7699995,7.625
london,51.5074,-0.1278,2026-05-31 12:00:00,2026-06-02 23:59:59,18.791,15.141,20.974998,34686.03,231.25156,21.599998,44.28,14.54625,85.625
london,51.5074,-0.1278,2026-05-31 12:00:00,2026-06-03 23:59:59,19.4545,13.5045,2.6,23397.758,231.2923,27.359999,55.44,18.539999,25.125
london,51.5074,-0.1278,2026-05-31 12:00:00,2026-06-04 23:59:59,17.2045,12.304501,6.8999996,54530.47,230.55144,26.64,55.079998,22.68,46.5
london,51.5074,-0.1278,2026-05-31 12:00:00,2026-06-05 23:59:59,17.0545,11.5045,0.4,56441.797,247.10223,21.96,45.0,19.35,26.25
london,51.5074,-0.1278,2026-05-31 12:00:00,2026-06-06 23:59:59,19.8545,12.1045,0.3,20493.477,225.66191,28.8,57.6,20.34,13.375
berlin,52.52,13.405,2026-04-23 12:00:00,2026-04-23 23:59:59,16.202,5.502,0.0,48082.54,299.57465,16.548256,36.36,13.264021,0.0
berlin,52.52,13.405,2026-04-23 12:00:00,2026-04-24 23:59:59,15.902,5.502,0.0,30909.863,281.7857,14.118243,30.960001,12.264001,0.0
berlin,52.52,13.405,2026-04-23 12:00:00,2026-04-25 23:59:59,15.688999,5.839,0.0,39222.164,285.3165,20.61766,50.399998,16.623781,0.0
berlin,52.52,13.405,2026-04-23 12:00:00,2026-04-26 23:59:59,13.488999,3.739,0.0,50400.0,328.07153,16.267857,41.039997,11.460638,0.6666667
berlin,52.52,13.405,2026-04-23 12:00:00,2026-04-27 23:59:59,14.188999,3.289,0.0,50486.1,41.238457,7.5599995,20.880001,4.3533044,0.125
berlin,52.52,13.405,2026-04-23 12:00:00,2026-04-28 23:59:59,12.926,4.926,0.0,33388.26,6.8280354,9.007196,23.759998,5.5386934,4.34375
berlin,52.52,13.405,2026-04-23 12:00:00,2026-04-29 23:59:59,13.476,4.576,0.0,50514.023,47.894585,12.55879,31.68,8.201737,3.3333333
aachen,50.7753,6.0839,2026-06-15 12:00:00,2026-06-10 23:59:59,17.226,10.126,1.2,42422.67,234.35168,22.68,48.96,11.834998,33.541668
aachen,50.7753,6.0839,2026-06-15 12:00:00,2026-06-11 23:59:59,17.776,9.676,5.5,26784.156,241.72787,15.84,33.12,11.699997,39.25
aachen,50.7753,6.0839,2026-06-15 12:00:00,2026-06-12 23:59:59,16.026,12.376,10.400002,0.0,242.50539,22.68,43.92,18.914997,86.375
aachen,50.7753,6.0839,2026-06-15 12:00:00,2026-06-13 23:59:59,18.126,13.476,0.4,22400.227,266.3699,22.68,46.44,16.994999,25.375
aachen,50.7753,6.0839,2026-06-15 12:00:00,2026-06-14 23:59:59,18.876,12.376,0.2,24314.033,281.1761,16.56,36.0,12.764999,20.125
aachen,50.7753,6.0839,2026-06-15 12:00:00,2026-06-15 23:59:59,20.726,10.276,0.0,40656.305,269.66064,12.24,26.64,8.955,0.33333334
aachen,50.7753,6.0839,2026-06-15 12:00:00,2026-06-16 23:59:59,26.425999,15.526,0.9,41100.625,240.26291,19.8,50.399998,13.845,18.083334
aachen,50.7753,6.0839,2026-06-15 12:00:00,2026-06-17 23:59:59,26.175999,15.326,0.0,54575.562,245.48206,13.159711,31.05,10.098643,2.7916667
aachen,50.7753,6.0839,2026-06-15 12:00:00,2026-06-18 23:59:59,28.25,16.95,0.0,56702.008,210.19704,11.276968,24.84,7.445953,0.45833334
aachen,50.7753,6.0839,2026-06-15 12:00:00,2026-06-19 23:59:59,31.45,20.6,3.6,57211.773,168.08943,18.675812,43.199997,11.361442,24.625
aachen,50.7753,6.0839,2026-06-15 12:00:00,2026-06-20 23:59:59,31.1,19.25,0.0,58606.21,220.80093,12.534257,31.319998,6.6396394,22.416666
aachen,50.7753,6.0839,2026-06-15 12:00:00,2026-06-21 23:59:59,27.55,19.35,0.6,42810.566,44.592052,7.970972,25.56,6.142047,13.75
aachen,50.7753,6.0839,2026-06-15 12:00:00,2026-06-22 23:59:59,31.55,20.55,0.0,58567.723,81.816154,11.276967,25.919998,8.231133,8.541667
aachen,50.7753,6.0839,2026-06-15 12:00:00,2026-06-23 23:59:59,36.05,24.5,0.90000004,58595.414,170.09778,15.426537,50.399998,12.40333,12.666667
aachen,50.7753,6.0839,2026-06-15 12:00:00,2026-06-24 23:59:59,21.9,15.8,5.6999984,35963.34,257.4886,17.762634,52.56,16.312984,3.875
aachen,50.7753,6.0839,2026-06-15 12:00:00,2026-06-25 23:59:59,21.8,15.35,0.0,56134.06,333.23254,9.927779,38.519997,7.368211,6.5416665
aachen,50.7753,6.0839,2026-06-15 12:00:00,2026-06-26 23:59:59,28.6,16.2,0.0,58534.875,93.9275,6.7853074,24.48,5.3155217,2.4583333
aachen,50.7753,6.0839,2026-06-15 12:00:00,2026-06-27 23:59:59,28.4,18.8,0.0,58503.707,262.33813,11.616627,37.079998,8.352174,4.8333335
aachen,50.7753,6.0839,2026-06-15 12:00:00,2026-06-28 23:59:59,23.2,16.35,1.2,47346.0,329.7185,17.47484,41.399998,12.829555,24.083334
berlin,52.52,13.405,2026-05-04 12:00:00,2026-05-04 23:59:59,22.402,16.752,0.4,42358.332,279.84216,15.408671,36.0,9.851846,8.083333
berlin,52.52,13.405,2026-05-04 12:00:00,2026-05-05 23:59:59,17.652,12.302,4.8,29664.639,44.249535,16.179987,36.0,10.31863,26.416666
berlin,52.52,13.405,2026-05-04 12:00:00,2026-05-06 23:59:59,11.502,8.32375,26.4,0.0,26.823168,17.581125,43.56,11.744616,60.958332
berlin,52.52,13.405,2026-05-04 12:00:00,2026-05-07 23:59:59,13.289,7.039,0.0,2697.2932,58.246952,8.311245,21.96,5.6769295,14.125
berlin,52.52,13.405,2026-05-04 12:00:00,2026-05-08 23:59:59,17.989,7.989,0.0,51698.887,121.663124,8.089993,24.48,5.7039485,13.125
berlin,52.52,13.405,2026-05-04 12:00:00,2026-05-09 23:59:59,21.126,9.889,0.0,54784.836,71.49404,9.107359,24.119999,6.780136,1.7604166
berlin,52.52,13.405,2026-05-04 12:00:00,2026-05-10 23:59:59,23.026,10.276,0.0,50191.87,77.820885,18.175545,46.44,12.905925,10.833333
london,51.5074,-0.1278,2026-05-01 12:00:00,2026-05-01 23:59:59,23.941,12.091,0.0,44101.37,170.17595,16.199999,36.36,10.845,7.125
london,51.5074,-0.1278,2026-05-01 12:00:00,2026-05-02 23:59:59,21.991,11.191,9.2,28800.0,151.36234,14.759999,32.760002,8.534999,17.166666
london,51.5074,-0.1278,2026-05-01 12:00:00,2026-05-03 23:59:59,17.0045,11.9545,4.7499995,35071.64,240.2555,15.84,33.839996,13.057501,58.833332
london,51.5074,-0.1278,2026-05-01 12:00:00,2026-05-04 23:59:59,16.3045,10.2045,6.6999993,29441.977,55.463364,10.440001,21.24,7.589999,17.25
london,51.5074,-0.1278,2026-05-01 12:00:00,2026-05-05 23:59:59,13.7545,9.3545,0.8000001,21977.326,21.833414,16.56,36.0,11.789999,8.333333
london,51.5074,-0.1278,2026-05-01 12:00:00,2026-05-06 23:59:59,13.9545,7.8045,0.0,45980.402,14.688134,11.159999,23.759998,7.035001,7.75
london,51.5074,-0.1278,2026-05-01 12:00:00,2026-05-07 23:59:59,13.8,8.6045,0.9000001,40764.164,63.912704,12.620554,33.48,9.666596,7.25
aachen,50.7753,6.0839,2026-04-16 12:00:00,2026-04-16 23:59:59,17.626,11.076,2.1,29473.594,240.18848,20.519999,43.56,7.6049995,11.333333
aachen,50.7753,6.0839,2026-04-16 12:00:00,2026-04-17 23:59:59,19.376,10.426,0.0,36000.0,197.77573,7.2,15.84,5.025,0.33333334
aachen,50.7753,6.0839,2026-04-16 12:00:00,2026-04-18 23:59:59,19.976,11.3,4.5249996,19041.746,252.24954,12.16179,27.539999,6.9929867,21.875
aachen,50.7753,6.0839,2026-04-16 12:00:00,2026-04-19 23:59:59,14.15,4.6,0.3,47557.336,344.44656,12.810386,31.68,7.8744555,25.125
aachen,50.7753,6.0839,2026-04-16 12:00:00,2026-04-20 23:59:59,10.55,4.85,0.6,44699.46,19.919827,11.276967,27.0,8.884849,22.833334
aachen,50.7753,6.0839,2026-04-16 12:00:00,2026-04-21 23:59:59,9.2,2.95,2.3999996,24202.85,29.945232,17.229301,41.760002,11.474963,13.25
aachen,50.7753,6.0839,2026-04-16 12:00:00,2026-04-22 23:59:59,12.8,5.2,0.0,39335.0,33.245388,15.841022,42.839996,11.859854,6.7083335
london,51.5074,-0.1278,2026-05-19 12:00:00,2026-05-19 23:59:59,16.941,11.191,7.2,29402.418,198.21487,23.039999,49.32,17.969997,71.25
london,51.5074,-0.1278,2026-05-19 12:00:00,2026-05-20 23:59:59,20.390999,13.141,0.1,25985.771,246.53654,19.08,41.760002,16.545,7.375
london,51.5074,-0.1278,2026-05-19 12:00:00,2026-05-21 23:59:59,22.0545,12.819374,0.0,42772.676,216.82242,14.4,30.599998,12.138749,0.0
london,51.5074,-0.1278,2026-05-19 12:00:00,2026-05-22 23:59:59,27.3045,16.0545,0.0,56614.6,183.51768,14.4,32.039997,9.33,0.041666668
london,51.5074,-0.1278,2026-05-19 12:00:00,2026-05-23 23:59:59,28.2045,19.654501,0.0,56762.312,95.72523,17.28,37.079998,8.64,7.9166665
london,51.5074,-0.1278,2026-05-19 12:00:00,2026-05-24 23:59:59,29.2545,16.6045,0.0,56906.824,50.05275,11.159999,26.64,8.324999,2.5416667
london,51.5074,-0.1278,2026-05-19 12:00:00,2026-05-25 23:59:59,27.0,18.1045,0.0,57047.973,76.95597,15.517629,43.56,10.275834,0.29166666
london,51.5074,-0.1278,2026-06-03 12:00:00,2026-06-03 23:59:59,18.441,13.141,4.2,19619.559,226.26724,26.28,55.8,18.359999,37.5
london,51.5074,-0.1278,2026-06-03 12:00:00,2026-06-04 23:59:59,18.591,13.341,4.1,43426.57,237.15077,25.56,52.56,22.769999,55.375
london,51.5074,-0.1278,2026-06-03 12:00:00,2026-06-05 23:59:59,16.5545,12.391,0.0,54277.367,247.29335,17.64,36.36,13.848749,4.75
london,51.5074,-0.1278,2026-06-03 12:00:00,2026-06-06 23:59:59,17.6045,12.0045,2.0,29758.635,195.98653,21.24,44.639996,15.929998,53.0
london,51.5074,-0.1278,2026-06-03 12:00:00,2026-06-07 23:59:59,20.154501,11.6545,0.1,54000.0,225.72041,23.4,48.239998,16.199999,5.75
london,51.5074,-0.1278,2026-06-03 12:00:00,2026-06-08 23:59:59,21.5045,13.5045,4.5,40917.105,241.21967,17.28,34.56,12.239999,28.25
london,51.5074,-0.1278,2026-06-03 12:00:00,2026-06-09 23:59:59,20.7045,13.3545,0.0,57906.438,249.7863,13.679999,30.599998,9.540001,15.0
valencia,39.4699,-0.3763,2026-06-02 12:00:00,2026-06-02 23:59:59,27.1325,19.6325,0.0,45781.27,79.02785,15.5843,37.079998,6.40158,0.0
valencia,39.4699,-0.3763,2026-06-02 12:00:00,2026-06-03 23:59:59,26.8825,20.3825,0.0,49812.37,112.48381,19.09358,45.0,10.280456,0.0
valencia,39.4699,-0.3763,2026-06-02 12:00:00,2026-06-04 23:59:59,32.6325,19.4825,0.0,50400.0,90.000015,24.192429,77.03999,11.11468,0.0
valencia,39.4699,-0.3763,2026-06-02 12:00:00,2026-06-05 23:59:59,24.082499,20.6325,0.0,48836.76,72.42204,17.84816,40.32,14.001639,1.8333334
valencia,39.4699,-0.3763,2026-06-02 12:00:00,2026-06-06 23:59:59,36.232502,20.5325,0.3,43050.19,261.81754,17.429354,40.68,8.39126,10.791667
valencia,39.4699,-0.3763,2026-06-02 12:00:00,2026-06-07 23:59:59,26.1145,21.6145,0.9000001,44583.727,58.846413,19.228851,41.760002,12.745573,4.2291665
valencia,39.4699,-0.3763,2026-06-02 12:00:00,2026-06-08 23:59:59,28.914501,21.0645,0.0,49033.93,109.96728,16.676977,38.519997,8.002861,4.1666665
berlin,52.52,13.405,2026-05-13 12:00:00,2026-05-13 23:59:59,13.852,6.302,1.9000002,30472.488,236.5681,17.87718,42.12,11.030463,38.25
berlin,52.52,13.405,2026-05-13 12:00:00,2026-05-14 23:59:59,13.752,7.652,5.1,37007.86,217.10902,17.566378,44.639996,9.984866,46.75
berlin,52.52,13.405,2026-05-13 12:00:00,2026-05-15 23:59:59,16.088999,7.0612497,0.2,36222.836,251.09702,7.2359104,21.24,3.5412138,10.791667
berlin,52.52,13.405,2026-05-13 12:00:00,2026-05-16 23:59:59,15.738999,7.539,0.0,53134.387,272.0151,13.397612,34.56,8.4976845,5.7083335
berlin,52.52,13.405,2026-05-13 12:00:00,2026-05-17 23:59:59,17.289,7.689,0.0,55919.02,229.07408,7.2,19.08,4.1372323,0.20833333
berlin,52.52,13.405,2026-05-13 12:00:00,2026-05-18 23:59:59,18.575998,10.776,0.0,54958.555,188.6539,7.628263,21.24,4.102833,5.28125
berlin,52.52,13.405,2026-05-13 12:00:00,2026-05-19 23:59:59,17.476,10.676,0.0,51912.062,285.4158,14.345898,36.0,9.298918,13.666667
rome,41.9028,12.4964,2026-06-15 12:00:00,2026-06-10 23:59:59,28.991499,17.8415,0.0,49166.414,205.11876,14.689588,34.92,7.374408,0.0
rome,41.9028,12.4964,2026-06-15 12:00:00,2026-06-11 23:59:59,25.0415,20.2915,0.0,40323.797,197.49364,14.689589,35.64,8.737383,0.0
rome,41.9028,12.4964,2026-06-15 12:00:00,2026-06-12 23:59:59,30.6415,17.6915,0.0,50397.5,358.8489,16.071491,36.719997,10.089554,0.0
rome,41.9028,12.4964,2026-06-15 12:00:00,2026-06-13 23:59:59,30.0415,17.1915,0.0,50400.0,276.15027,14.081478,34.56,5.7975416,0.0
rome,41.9028,12.4964,2026-06-15 12:00:00,2026-06-14 23:59:59,29.991499,16.6915,0.0,49564.18,217.29778,13.551501,33.48,6.3559837,0.0
rome,41.9028,12.4964,2026-06-15 12:00:00,2026-06-15 23:59:59,28.8415,16.741499,0.0,45122.082,193.17259,16.179985,39.6,6.916668,0.0
rome,41.9028,12.4964,2026-06-15 12:00:00,2026-06-16 23:59:59,29.6915,19.5415,0.1,45991.04,265.86914,11.620809,31.68,5.141311,5.2083335
rome,41.9028,12.4964,2026-06-15 12:00:00,2026-06-17 23:59:59,33.391502,20.2915,0.0,49791.133,271.84164,16.981165,41.399998,6.503494,1.0833334
rome,41.9028,12.4964,2026-06-15 12:00:00,2026-06-18 23:59:59,34.5415,19.6915,0.0,52563.527,253.14148,13.779114,36.36,5.907924,0.0
rome,41.9028,12.4964,2026-06-15 12:00:00,2026-06-19 23:59:59,34.7915,21.1415,0.0,53445.082,241.32953,13.527572,36.36,5.885887,0.0
rome,41.9028,12.4964,2026-06-15 12:00:00,2026-06-20 23:59:59,36.335003,20.285,0.0,53466.54,232.52415,16.434305,38.16,6.270087,0.0
rome,41.9028,12.4964,2026-06-15 12:00:00,2026-06-21 23:59:59,37.885002,20.085,0.6,53146.125,246.87907,9.255571,22.68,4.5919666,0.0
rome,41.9028,12.4964,2026-06-15 12:00:00,2026-06-22 23:59:59,35.95875,21.835,0.6,53494.16,246.76965,10.9110565,34.2,5.4049363,2.0833333
rome,41.9028,12.4964,2026-06-15 12:00:00,2026-06-23 23:59:59,36.4,26.85,0.0,53868.145,242.44727,12.346741,37.079998,6.3129864,2.25
rome,41.9028,12.4964,2026-06-15 12:00:00,2026-06-24 23:59:59,35.5,26.4,0.0,53884.848,235.73259,14.926983,42.839996,6.712082,3.9583333
rome,41.9028,12.4964,2026-06-15 12:00:00,2026-06-25 23:59:59,34.8,24.85,0.0,53900.125,234.75627,13.432632,40.68,5.954523,5.625
rome,41.9028,12.4964,2026-06-15 12:00:00,2026-06-26 23:59:59,33.6,24.6,1.2,53165.74,294.3045,9.83268,46.44,4.7911425,6.4583335
rome,41.9028,12.4964,2026-06-15 12:00:00,2026-06-27 23:59:59,34.6,24.3,1.2,52837.94,277.53357,10.630672,37.8,6.503927,6.0416665
rome,41.9028,12.4964,2026-06-15 12:00:00,2026-06-28 23:59:59,34.65,24.2,0.0,53577.188,247.97092,12.267763,38.16,6.1704965,3.1666667
valencia,39.4699,-0.3763,2026-06-11 12:00:00,2026-06-06 23:59:59,26.332499,18.832499,0.0,39994.227,122.295944,14.973577,34.92,7.1428947,0.0
valencia,39.4699,-0.3763,2026-06-11 12:00:00,2026-06-07 23:59:59,25.682499,19.2825,0.0,45577.45,82.00793,15.192682,37.44,6.8293314,0.125
valencia,39.4699,-0.3763,2026-06-11 12:00:00,2026-06-08 23:59:59,26.8825,19.082499,0.0,50400.0,113.12651,14.578888,36.0,7.154273,0.0
valencia,39.4699,-0.3763,2026-06-11 12:00:00,2026-06-09 23:59:59,26.432499,20.7825,0.0,47154.906,64.223885,15.188415,37.8,8.898998,0.0
valencia,39.4699,-0.3763,2026-06-11 12:00:00,2026-06-10 23:59:59,24.2825,21.1325,0.0,34524.32,68.40268,14.332341,34.56,9.907219,0.0
valencia,39.4699,-0.3763,2026-06-11 12:00:00,2026-06-11 23:59:59,25.4825,18.8825,0.0,50400.0,99.899216,17.377226,40.68,8.387839,0.0
valencia,39.4699,-0.3763,2026-06-11 12:00:00,2026-06-12 23:59:59,27.7825,18.2825,0.0,50400.0,123.99228,16.870138,39.96,7.093709,0.0
valencia,39.4699,-0.3763,2026-06-11 12:00:00,2026-06-13 23:59:59,29.9825,18.0325,0.0,50400.0,108.43509,10.829959,28.44,5.952729,0.0
valencia,39.4699,-0.3763,2026-06-11 12:00:00,2026-06-14 23:59:59,30.182499,19.182499,0.0,51745.785,107.98398,12.979984,34.92,6.2090707,1.0
valencia,39.4699,-0.3763,2026-06-11 12:00:00,2026-06-15 23:59:59,28.2325,21.0325,0.0,45263.93,90.9516,14.512064,37.079998,5.7071815,4.75
valencia,39.4699,-0.3763,2026-06-11 12:00:00,2026-06-16 23:59:59,32.1145,17.664501,0.0,52070.047,99.44071,14.044615,34.2,6.803709,1.1354166
valencia,39.4699,-0.3763,2026-06-11 12:00:00,2026-06-17 23:59:59,28.9,19.1145,0.45,44525.766,99.49367,11.265469,35.64,5.963328,0.45833334
valencia,39.4699,-0.3763,2026-06-11 12:00:00,2026-06-18 23:59:59,29.35,22.6,0.0,52372.676,77.89689,12.304682,37.079998,6.829455,1.6979166
valencia,39.4699,-0.3763,2026-06-11 12:00:00,2026-06-19 23:59:59,28.2,23.15,0.0,52052.188,68.9674,14.383114,43.199997,7.204343,0.5
valencia,39.4699,-0.3763,2026-06-11 12:00:00,2026-06-20 23:59:59,28.2,23.15,0.0,52073.43,75.89322,17.47484,48.239998,8.221587,0.0
valencia,39.4699,-0.3763,2026-06-11 12:00:00,2026-06-21 23:59:59,28.85,23.75,0.0,48156.605,97.01643,15.3264475,45.719997,6.7510095,1.125
valencia,39.4699,-0.3763,2026-06-11 12:00:00,2026-06-22 23:59:59,30.8,24.0,0.0,52113.05,113.67384,11.897714,37.44,5.165332,2.4166667
valencia,39.4699,-0.3763,2026-06-11 12:00:00,2026-06-23 23:59:59,29.4,24.35,0.0,52058.004,59.41408,17.349236,48.6,10.225284,7.0416665
valencia,39.4699,-0.3763,2026-06-11 12:00:00,2026-06-24 23:59:59,28.45,23.9,0.0,52148.4,74.82701,13.169555,41.039997,7.4483056,5.4583335
munich,48.1351,11.582,2026-04-28 12:00:00,2026-04-28 23:59:59,19.565,7.565,0.0,38387.29,78.19599,16.267857,37.079998,8.375279,0.0
munich,48.1351,11.582,2026-04-28 12:00:00,2026-04-29 23:59:59,16.815,7.665,0.0,41660.367,72.99196,17.654688,41.039997,13.410396,0.0
munich,48.1351,11.582,2026-04-28 12:00:00,2026-04-30 23:59:59,14.1215,2.115,0.0,50170.95,82.61264,18.917547,48.6,14.689717,0.0
munich,48.1351,11.582,2026-04-28 12:00:00,2026-05-01 23:59:59,19.3715,1.7214999,0.0,49771.156,84.76266,13.627795,37.8,9.087394,0.0
munich,48.1351,11.582,2026-04-28 12:00:00,2026-05-02 23:59:59,24.2215,5.1215,0.0,51565.496,87.70237,9.178235,26.64,5.0240145,0.0
munich,48.1351,11.582,2026-04-28 12:00:00,2026-05-03 23:59:59,23.608,7.0214996,0.0,45875.066,305.4424,7.42159,18.72,3.4242842,12.427083
munich,48.1351,11.582,2026-04-28 12:00:00,2026-05-04 23:59:59,18.808,11.508,6.3,32318.344,352.64774,8.587338,19.08,5.50873,31.291666
aachen,50.7753,6.0839,2026-04-30 12:00:00,2026-04-30 23:59:59,19.726,7.876,0.0,48148.46,98.00023,22.319998,47.519997,16.8,0.0
aachen,50.7753,6.0839,2026-04-30 12:00:00,2026-05-01 23:59:59,24.976,10.426,0.0,48863.312,121.71629,16.56,36.36,12.375001,0.0
aachen,50.7753,6.0839,2026-04-30 12:00:00,2026-05-02 23:59:59,24.675999,14.876,0.15,37156.81,188.47382,15.84,33.839996,9.452012,16.375
aachen,50.7753,6.0839,2026-04-30 12:00:00,2026-05-03 23:59:59,18.8,13.75,0.70000005,12730.595,205.71355,22.545315,53.639996,16.516573,21.708334
aachen,50.7753,6.0839,2026-04-30 12:00:00,2026-05-04 23:59:59,18.7,11.65,1.5000001,32428.0,6.0253925,13.202726,27.0,7.814879,36.75
aachen,50.7753,6.0839,2026-04-30 12:00:00,2026-05-05 23:59:59,14.15,6.9,4.4999995,42291.312,37.634426,17.339897,40.32,14.060151,26.416666
aachen,50.7753,6.0839,2026-04-30 12:00:00,2026-05-06 23:59:59,13.65,5.5,0.0,37728.844,27.468374,11.726277,29.16,10.624322,35.125
london,51.5074,-0.1278,2026-05-18 12:00:00,2026-05-18 23:59:59,14.091,8.490999,0.5,10867.015,224.26407,19.44,41.399998,13.425001,38.791668
london,51.5074,-0.1278,2026-05-18 12:00:00,2026-05-19 23:59:59,16.890999,11.490999,6.499999,11992.406,195.89676,23.4,50.039997,16.965,68.833336
london,51.5074,-0.1278,2026-05-18 12:00:00,2026-05-20 23:59:59,20.404501,12.688625,2.0,52838.406,238.66125,21.24,43.56,18.13125,20.958334
london,51.5074,-0.1278,2026-05-18 12:00:00,2026-05-21 23:59:59,23.3545,13.9045,0.0,42791.49,213.03317,14.759999,32.039997,13.095,0.0
london,51.5074,-0.1278,2026-05-18 12:00:00,2026-05-22 23:59:59,26.7045,16.5545,0.70000005,56614.6,167.21143,16.919998,36.719997,10.935001,2.3333333
london,51.5074,-0.1278,2026-05-18 12:00:00,2026-05-23 23:59:59,21.8045,16.1045,3.8,38319.637,265.36493,16.919998,36.36,14.040001,14.375
london,51.5074,-0.1278,2026-05-18 12:00:00,2026-05-24 23:59:59,26.95,14.0045,1.8,56906.824,54.95386,12.830604,37.079998,8.930947,4.5833335
valencia,39.4699,-0.3763,2026-05-17 12:00:00,2026-05-17 23:59:59,22.0325,11.9325,0.0,42578.945,100.69221,13.32,30.960001,6.2642474,5.5833335
valencia,39.4699,-0.3763,2026-05-17 12:00:00,2026-05-18 23:59:59,23.4825,13.632501,0.0,48705.3,94.436424,16.075521,36.36,7.2164063,2.3333333
valencia,39.4699,-0.3763,2026-05-17 12:00:00,2026-05-19 23:59:59,25.8825,15.0325,0.0,49955.453,76.73914,16.75064,37.8,7.6016006,0.0
valencia,39.4699,-0.3763,2026-05-17 12:00:00,2026-05-20 23:59:59,23.432499,15.5825,0.0,50480.188,67.27217,14.77755,35.28,7.5004287,0.0
valencia,39.4699,-0.3763,2026-05-17 12:00:00,2026-05-21 23:59:59,25.182499,15.1825,0.0,50455.668,89.17866,14.118243,32.760002,6.584754,0.0
valencia,39.4699,-0.3763,2026-05-17 12:00:00,2026-05-22 23:59:59,31.5645,13.4645,0.0,50431.55,114.486855,16.641972,37.8,7.718014,0.0
valencia,39.4699,-0.3763,2026-05-17 12:00:00,2026-05-23 23:59:59,31.7145,14.564501,0.0,50407.484,119.498314,19.174856,40.32,8.493936,0.0
freiburg,47.999,7.8421,2026-06-16 12:00:00,2026-06-11 23:59:59,18.548,11.198,2.5,45811.094,239.78874,13.004921,33.12,7.7239113,7.0
freiburg,47.999,7.8421,2026-06-16 12:00:00,2026-06-12 23:59:59,19.748,15.298,1.2,63.399467,203.4735,17.25373,41.039997,12.47318,27.625
freiburg,47.999,7.8421,2026-06-16 12:00:00,2026-06-13 23:59:59,28.098,18.648,0.0,52085.79,225.80684,19.95972,45.36,14.310781,0.375
freiburg,47.999,7.8421,2026-06-16 12:00:00,2026-06-14 23:59:59,25.648,16.848,0.0,54000.0,330.82837,13.281023,37.079998,7.3603163,0.0
freiburg,47.999,7.8421,2026-06-16 12:00:00,2026-06-15 23:59:59,24.798,11.498,0.0,54000.0,32.005356,9.0,20.519999,4.244333,0.0
freiburg,47.999,7.8421,2026-06-16 12:00:00,2026-06-16 23:59:59,28.498,16.298,0.0,34342.957,166.00679,12.9249525,36.0,7.0121217,4.375
freiburg,47.999,7.8421,2026-06-16 12:00:00,2026-06-17 23:59:59,30.648,18.148,0.0,54000.0,109.35899,8.905908,19.8,5.03033,0.20833333
freiburg,47.999,7.8421,2026-06-16 12:00:00,2026-06-18 23:59:59,34.948,20.098,0.0,54000.0,147.42076,7.729527,19.08,4.96738,0.0
freiburg,47.999,7.8421,2026-06-16 12:00:00,2026-06-19 23:59:59,35.881,19.831,0.0,45595.453,201.75026,10.97262,28.44,5.8198824,5.6666665
freiburg,47.999,7.8421,2026-06-16 12:00:00,2026-06-20 23:59:59,35.381,22.480999,0.3,55417.375,213.00313,14.565548,38.519997,7.7142982,1.5833334
freiburg,47.999,7.8421,2026-06-16 12:00:00,2026-06-21 23:59:59,37.1155,21.681,0.0,55842.254,109.59779,8.049845,16.199999,3.881162,3.4895833
freiburg,47.999,7.8421,2026-06-16 12:00:00,2026-06-22 23:59:59,35.2155,20.615501,0.0,55418.363,45.844913,14.205182,33.12,6.453995,8.916667
freiburg,47.999,7.8421,2026-06-16 12:00:00,2026-06-23 23:59:59,29.9655,19.7155,0.0,53970.01,16.800602,15.542662,36.719997,7.8369794,5.9583335
freiburg,47.999,7.8421,2026-06-16 12:00:00,2026-06-24 23:59:59,29.35,19.75,0.0,56956.22,12.907177,8.490582,30.960001,6.837489,14.197917
freiburg,47.999,7.8421,2026-06-16 12:00:00,2026-06-25 23:59:59,30.35,18.1,0.0,56964.246,3.859813,12.525207,31.68,7.026927,3.625
freiburg,47.999,7.8421,2026-06-16 12:00:00,2026-06-26 23:59:59,30.6,18.6,0.0,56564.117,4.925937,13.523978,35.64,7.287942,9.541667
freiburg,47.999,7.8421,2026-06-16 12:00:00,2026-06-27 23:59:59,33.0,19.45,0.0,56914.42,12.867944,11.91948,32.760002,6.67642,7.5416665
freiburg,47.999,7.8421,2026-06-16 12:00:00,2026-06-28 23:59:59,35.75,21.1,0.0,56882.332,348.79407,6.7205353,28.08,4.6127415,5.9583335
freiburg,47.999,7.8421,2026-06-16 12:00:00,2026-06-29 23:59:59,31.15,24.05,0.0,56588.008,16.490526,13.8037815,36.0,10.373456,10.625
rome,41.9028,12.4964,2026-06-16 12:00:00,2026-06-11 23:59:59,25.0415,20.2915,0.0,40323.797,197.49364,14.689589,35.64,8.737383,0.0
rome,41.9028,12.4964,2026-06-16 12:00:00,2026-06-12 23:59:59,30.6415,17.6915,0.0,50397.5,358.8489,16.071491,36.719997,10.089554,0.0
rome,41.9028,12.4964,2026-06-16 12:00:00,2026-06-13 23:59:59,30.0415,17.1915,0.0,50400.0,276.15027,14.081478,34.56,5.7975416,0.0
rome,41.9028,12.4964,2026-06-16 12:00:00,2026-06-14 23:59:59,29.991499,16.6915,0.0,49564.18,217.29778,13.551501,33.48,6.3559837,0.0
rome,41.9028,12.4964,2026-06-16 12:00:00,2026-06-15 23:59:59,29.1915,16.741499,0.0,43091.395,189.30199,16.862455,41.399998,7.137908,0.0
rome,41.9028,12.4964,2026-06-16 12:00:00,2026-06-16 23:59:59,30.6915,19.0915,0.3,49157.855,260.9307,14.182355,34.92,5.5846004,2.3333333
rome,41.9028,12.4964,2026-06-16 12:00:00,2026-06-17 23:59:59,33.1915,20.0915,0.1,49582.824,263.8782,17.654688,41.039997,6.37107,1.5833334
rome,41.9028,12.4964,2026-06-16 12:00:00,2026-06-18 23:59:59,34.7415,21.1415,0.0,50012.555,244.56381,15.683774,38.88,5.747873,0.375
rome,41.9028,12.4964,2026-06-16 12:00:00,2026-06-19 23:59:59,35.391502,21.991499,0.0,51799.63,245.27716,14.81259,36.0,6.3392005,0.0
rome,41.9028,12.4964,2026-06-16 12:00:00,2026-06-20 23:59:59,35.2415,22.5915,0.0,53466.54,239.60535,14.57889,36.36,6.3396015,0.0
rome,41.9028,12.4964,2026-06-16 12:00:00,2026-06-21 23:59:59,37.935,22.5915,0.0,53486.89,252.71167,16.923828,41.760002,6.5405116,0.28125
rome,41.9028,12.4964,2026-06-16 12:00:00,2026-06-22 23:59:59,37.535,20.685,0.0,51724.402,228.17151,14.4,36.719997,5.4608526,0.0
rome,41.9028,12.4964,2026-06-16 12:00:00,2026-06-23 23:59:59,36.085003,21.585,0.0,53524.223,222.07324,15.530151,38.16,6.08922,0.45833334
rome,41.9028,12.4964,2026-06-16 12:00:00,2026-06-24 23:59:59,35.55,25.53375,0.0,53525.05,246.69806,13.288341,40.68,5.753626,1.21875
rome,41.9028,12.4964,2026-06-16 12:00:00,2026-06-25 23:59:59,37.5,25.85,0.0,53540.4,261.38086,9.354806,42.48,5.707793,3.625
rome,41.9028,12.4964,2026-06-16 12:00:00,2026-06-26 23:59:59,35.3,25.95,0.6,53554.38,306.07147,13.450708,39.6,6.4127192,7.6666665
rome,41.9028,12.4964,2026-06-16 12:00:00,2026-06-27 23:59:59,37.85,24.75,1.8,53566.547,341.5041,9.781473,42.48,7.3190866,8.458333
rome,41.9028,12.4964,2026-06-16 12:00:00,2026-06-28 23:59:59,35.2,26.75,0.0,53577.188,236.49916,14.730336,44.28,6.6077566,7.4583335
rome,41.9028,12.4964,2026-06-16 12:00:00,2026-06-29 23:59:59,35.25,26.5,0.0,53586.047,224.23035,14.904173,44.28,6.7713895,2.5416667
berlin,52.52,13.405,2026-04-27 12:00:00,2026-04-27 23:59:59,16.152,4.952,0.0,41455.64,353.2339,14.05845,30.960001,7.4091544,0.0
berlin,52.52,13.405,2026-04-27 12:00:00,2026-04-28 23:59:59,14.002,3.7020001,0.0,50400.0,58.166138,14.512064,32.760002,11.811145,0.0
berlin,52.52,13.405,2026-04-27 12:00:00,2026-04-29 23:59:59,13.938999,3.72375,0.0,50400.0,63.7433,11.480557,30.239998,8.08654,0.0
berlin,52.52,13.405,2026-04-27 12:00:00,2026-04-30 23:59:59,17.139,3.4390001,0.0,50876.92,43.882248,7.2,18.359999,4.708652,0.0
berlin,52.52,13.405,2026-04-27 12:00:00,2026-05-01 23:59:59,22.039,7.189,0.0,52277.04,46.903378,7.754637,20.880001,4.0141587,0.0
berlin,52.52,13.405,2026-04-27 12:00:00,2026-05-02 23:59:59,24.126,9.776,0.0,52652.72,145.5077,11.440979,29.16,8.0833025,0.0
berlin,52.52,13.405,2026-04-27 12:00:00,2026-05-03 23:59:59,24.825998,9.776,0.6,51240.566,149.5813,12.245293,32.399998,9.7939,4.0
valencia,39.4699,-0.3763,2026-04-15 12:00:00,2026-04-15 23:59:59,23.932499,10.9325,0.0,44255.984,161.56505,14.336861,34.92,6.362464,0.0
valencia,39.4699,-0.3763,2026-04-15 12:00:00,2026-04-16 23:59:59,21.6325,12.0825,0.0,44490.816,76.86601,13.584932,33.12,6.219863,0.0
valencia,39.4699,-0.3763,2026-04-15 12:00:00,2026-04-17 23:59:59,21.5325,12.8325,0.0,43701.008,70.110374,11.792404,29.519999,5.995332,0.0
valencia,39.4699,-0.3763,2026-04-15 12:00:00,2026-04-18 23:59:59,22.3825,12.5325,0.0,45464.277,68.71355,12.313893,31.319998,5.9093328,0.0
valencia,39.4699,-0.3763,2026-04-15 12:00:00,2026-04-19 23:59:59,22.8825,12.4825,0.0,46248.062,86.66621,12.72283,31.319998,6.1668625,0.0
valencia,39.4699,-0.3763,2026-04-15 12:00:00,2026-04-20 23:59:59,26.414501,12.7825,0.0,45583.07,98.29994,12.10157,30.239998,5.687807,0.0
valencia,39.4699,-0.3763,2026-04-15 12:00:00,2026-04-21 23:59:59,24.7145,13.9645,0.0,47205.36,107.29254,10.787993,28.44,4.55258,2.3333333
aachen,50.7753,6.0839,2026-05-05 12:00:00,2026-05-05 23:59:59,14.576,11.376,9.999999,1093.6754,354.97116,9.72,21.599998,5.085,78.083336
aachen,50.7753,6.0839,2026-05-05 12:00:00,2026-05-06 23:59:59,11.326,7.526,12.200004,0.0,347.33878,10.440001,20.880001,7.935,84.5
aachen,50.7753,6.0839,2026-05-05 12:00:00,2026-05-07 23:59:59,16.876,7.476,0.70000005,41649.145,29.073877,10.440001,21.96,7.2954454,18.166666
aachen,50.7753,6.0839,2026-05-05 12:00:00,2026-05-08 23:59:59,17.0,6.6,1.0,51962.145,87.31153,11.368535,25.199999,7.371383,8.458333
aachen,50.7753,6.0839,2026-05-05 12:00:00,2026-05-09 23:59:59,21.4,11.45,1.5,53875.086,131.82614,11.792404,23.039999,7.736961,20.125
aachen,50.7753,6.0839,2026-05-05 12:00:00,2026-05-10 23:59:59,20.35,13.75,5.1000004,46479.133,189.93694,18.252037,43.56,15.441864,33.875
aachen,50.7753,6.0839,2026-05-05 12:00:00,2026-05-11 23:59:59,20.1,13.2,0.0,52606.305,190.87547,19.1588,38.519997,13.388474,38.875
munich,48.1351,11.582,2026-05-05 12:00:00,2026-05-05 23:59:59,22.915,12.014999,1.4,40611.598,277.82452,20.570463,43.199997,8.03677,11.875
munich,48.1351,11.582,2026-05-05 12:00:00,2026-05-06 23:59:59,20.615,11.565,7.2,30529.205,191.07019,18.59845,67.32,7.779265,25.916666
munich,48.1351,11.582,2026-05-05 12:00:00,2026-05-07 23:59:59,16.4715,9.266624,2.4,40300.59,245.79639,15.617529,35.28,8.137013,25.416666
munich,48.1351,11.582,2026-05-05 12:00:00,2026-05-08 23:59:59,19.9715,7.6215,0.0,48504.73,57.297733,7.7043357,22.68,4.0351973,4.0416665
munich,48.1351,11.582,2026-05-05 12:00:00,2026-05-09 23:59:59,22.1215,10.971499,0.0,43104.805,74.291275,10.30883,31.68,4.3349137,8.833333
munich,48.1351,11.582,2026-05-05 12:00:00,2026-05-10 23:59:59,23.658,11.5215,0.0,40053.29,44.67124,8.759178,19.08,4.754998,12.260417
munich,48.1351,11.582,2026-05-05 12:00:00,2026-05-11 23:59:59,18.658,10.908,7.7999997,43391.027,264.28946,12.7279215,41.039997,7.54298,33.708332
aachen,50.7753,6.0839,2026-04-28 12:00:00,2026-04-28 23:59:59,20.925999,8.576,0.0,45844.67,64.85755,19.44,41.039997,12.165,0.0
aachen,50.7753,6.0839,2026-04-28 12:00:00,2026-04-29 23:59:59,19.776,8.176,0.0,47864.52,79.540634,20.880001,44.639996,16.875,0.0
aachen,50.7753,6.0839,2026-04-28 12:00:00,2026-04-30 23:59:59,20.325998,8.726,0.0,48169.33,96.93487,22.68,47.519997,17.598839,0.0
aachen,50.7753,6.0839,2026-04-28 12:00:00,2026-05-01 23:59:59,23.7,10.15,0.0,52419.438,131.63097,19.357323,38.88,14.353065,0.33333334
aachen,50.7753,6.0839,2026-04-28 12:00:00,2026-05-02 23:59:59,21.95,13.9,5.1,37612.75,206.1116,18.930832,37.079998,10.998663,25.75
aachen,50.7753,6.0839,2026-04-28 12:00:00,2026-05-03 23:59:59,17.55,11.35,15.3,36384.926,157.38007,9.9587345,28.8,4.8227115,24.333334
aachen,50.7753,6.0839,2026-04-28 12:00:00,2026-05-04 23:59:59,16.35,11.9,8.700001,0.0,200.80246,10.594036,24.119999,5.1648583,31.958334
zurich,47.3769,8.5472,2026-06-14 12:00:00,2026-06-09 23:59:59,18.572,14.022,4.6,0.0,209.12396,10.594036,33.839996,6.528335,33.458332
zurich,47.3769,8.5472,2026-06-14 12:00:00,2026-06-10 23:59:59,13.872,11.222,6.6,2326.1313,221.4457,13.441071,32.399998,5.631308,38.458332
zurich,47.3769,8.5472,2026-06-14 12:00:00,2026-06-11 23:59:59,17.522001,9.922,0.1,44976.23,264.67554,14.205182,37.079998,7.296526,7.4583335
zurich,47.3769,8.5472,2026-06-14 12:00:00,2026-06-12 23:59:59,18.172,13.922,0.1,4293.8877,197.9197,11.090103,25.56,6.461777,8.875
zurich,47.3769,8.5472,2026-06-14 12:00:00,2026-06-13 23:59:59,27.772001,14.972,0.0,51873.785,243.02542,16.45007,37.44,9.815953,0.0
zurich,47.3769,8.5472,2026-06-14 12:00:00,2026-06-14 23:59:59,26.672,17.872002,0.0,54000.0,269.56332,21.407139,46.079998,11.743908,0.0
zurich,47.3769,8.5472,2026-06-14 12:00:00,2026-06-15 23:59:59,24.972,14.122,0.0,54000.0,298.11673,15.978484,35.64,7.04614,0.125
zurich,47.3769,8.5472,2026-06-14 12:00:00,2026-06-16 23:59:59,25.506,16.272001,0.05,32587.297,114.447784,9.227524,24.84,3.6771905,2.2916667
zurich,47.3769,8.5472,2026-06-14 12:00:00,2026-06-17 23:59:59,31.156,16.256,0.0,54259.188,246.22197,12.015589,30.239998,5.956628,0.0
zurich,47.3769,8.5472,2026-06-14 12:00:00,2026-06-18 23:59:59,34.005997,18.806,0.0,54718.582,142.26694,5.8048253,14.759999,3.3739245,0.75
zurich,47.3769,8.5472,2026-06-14 12:00:00,2026-06-19 23:59:59,32.8595,20.106,0.3,54475.76,133.4173,5.815978,18.359999,4.0130477,0.041666668
zurich,47.3769,8.5472,2026-06-14 12:00:00,2026-06-20 23:59:59,31.2595,20.2595,0.3,53273.7,223.33755,10.495713,26.28,5.0043535,0.7083333
zurich,47.3769,8.5472,2026-06-14 12:00:00,2026-06-21 23:59:59,33.55,20.3595,0.0,55541.742,79.25993,10.993271,40.32,4.8242908,8.40625
zurich,47.3769,8.5472,2026-06-14 12:00:00,2026-06-22 23:59:59,33.2,22.6,0.9000001,56361.137,120.77745,5.1544156,33.839996,2.1888742,8.666667
zurich,47.3769,8.5472,2026-06-14 12:00:00,2026-06-23 23:59:59,32.7,21.45,0.3,56543.562,282.38074,8.035746,28.44,4.308155,20.875
zurich,47.3769,8.5472,2026-06-14 12:00:00,2026-06-24 23:59:59,32.9,22.25,0.0,56559.285,42.614098,2.97953,27.359999,1.5000803,12.583333
zurich,47.3769,8.5472,2026-06-14 12:00:00,2026-06-25 23:59:59,31.6,21.7,0.0,56573.168,49.89914,11.966954,35.64,9.9318075,12.583333
zurich,47.3769,8.5472,2026-06-14 12:00:00,2026-06-26 23:59:59,34.5,21.1,0.0,56386.074,294.7751,7.3094187,29.16,4.692789,11.875
zurich,47.3769,8.5472,2026-06-14 12:00:00,2026-06-27 23:59:59,34.95,20.9,9.900001,55577.098,119.25922,6.7853074,48.96,2.4736216,15.416667
munich,48.1351,11.582,2026-06-04 12:00:00,2026-06-04 23:59:59,23.115,11.264999,4.4,38102.055,238.8894,16.65754,41.760002,8.6977415,17.791666
munich,48.1351,11.582,2026-06-04 12:00:00,2026-06-05 23:59:59,17.915,11.615,14.3,17057.83,227.11285,13.0447235,28.08,7.215488,46.166668
munich,48.1351,11.582,2026-06-04 12:00:00,2026-06-06 23:59:59,21.0715,9.8215,0.6,36096.35,192.0683,8.64,25.919998,5.3871436,9.125
munich,48.1351,11.582,2026-06-04 12:00:00,2026-06-07 23:59:59,22.771502,12.971499,0.0,51694.555,266.2302,15.484185,42.839996,8.657298,11.583333
munich,48.1351,11.582,2026-06-04 12:00:00,2026-06-08 23:59:59,25.9715,11.6715,0.0,56359.18,97.82661,7.9526596,25.56,5.060715,1.0416666
munich,48.1351,11.582,2026-06-04 12:00:00,2026-06-09 23:59:59,18.708,14.808001,13.199998,0.0,250.72295,13.570615,36.0,7.446619,60.4375
munich,48.1351,11.582,2026-06-04 12:00:00,2026-06-10 23:59:59,18.758,12.358,1.8000001,35854.207,263.76404,8.4042845,21.24,4.892045,38.375
hamburg,53.5511,9.9937,2026-06-15 12:00:00,2026-06-10 23:59:59,18.973501,10.1735,2.6,44357.566,240.65324,20.870687,46.44,10.095738,21.166666
hamburg,53.5511,9.9937,2026-06-15 12:00:00,2026-06-11 23:59:59,17.223501,10.2235,1.3000001,43889.324,257.79636,12.959999,32.039997,7.4761868,15.708333
hamburg,53.5511,9.9937,2026-06-15 12:00:00,2026-06-12 23:59:59,18.6735,11.4735,0.8,3297.3894,232.56273,20.211363,46.44,10.465452,21.875
hamburg,53.5511,9.9937,2026-06-15 12:00:00,2026-06-13 23:59:59,17.2735,12.6735,2.5,25678.828,262.9365,27.0024,56.519997,16.315126,7.75
hamburg,53.5511,9.9937,2026-06-15 12:00:00,2026-06-14 23:59:59,16.323502,10.9735,4.899999,13961.957,279.71945,25.759504,53.639996,19.039751,18.333334
hamburg,53.5511,9.9937,2026-06-15 12:00:00,2026-06-15 23:59:59,17.1235,12.5234995,0.0,41733.605,284.77795,27.36947,55.8,19.574795,0.0
hamburg,53.5511,9.9937,2026-06-15 12:00:00,2026-06-16 23:59:59,18.8735,10.3235,0.0,46410.688,279.82764,10.495713,25.56,7.621577,0.45833334
hamburg,53.5511,9.9937,2026-06-15 12:00:00,2026-06-17 23:59:59,21.115,10.764999,0.0,18358.814,245.6736,12.144331,31.319998,6.346719,5.6666665
hamburg,53.5511,9.9937,2026-06-15 12:00:00,2026-06-18 23:59:59,26.265001,16.665,0.0,41914.17,244.91231,12.904882,32.760002,8.627396,3.9166667
hamburg,53.5511,9.9937,2026-06-15 12:00:00,2026-06-19 23:59:59,32.215,18.565,0.0,57039.184,176.53879,9.178235,34.56,5.2714067,8.875
hamburg,53.5511,9.9937,2026-06-15 12:00:00,2026-06-20 23:59:59,27.325998,21.526,5.0999994,58853.387,262.51852,11.384199,34.56,6.641348,21.104166
hamburg,53.5511,9.9937,2026-06-15 12:00:00,2026-06-21 23:59:59,27.376,19.026,4.2,32785.574,293.62924,8.049845,32.039997,3.7797177,12.583333
hamburg,53.5511,9.9937,2026-06-15 12:00:00,2026-06-22 23:59:59,24.2,19.276,0.0,55177.633,65.02754,13.854155,30.239998,7.0772,8.020833
hamburg,53.5511,9.9937,2026-06-15 12:00:00,2026-06-23 23:59:59,28.5,16.3,0.3,60349.824,113.44394,17.490591,43.92,13.866518,19.416666
hamburg,53.5511,9.9937,2026-06-15 12:00:00,2026-06-24 23:59:59,23.6,18.25,5.6999993,31018.328,263.4619,20.232191,46.8,14.328476,9.041667
hamburg,53.5511,9.9937,2026-06-15 12:00:00,2026-06-25 23:59:59,21.1,16.35,0.0,60354.28,293.84946,22.22836,54.0,16.414968,10.458333
hamburg,53.5511,9.9937,2026-06-15 12:00:00,2026-06-26 23:59:59,26.15,14.85,0.0,60351.312,248.19855,9.144637,39.96,5.344812,8.541667
hamburg,53.5511,9.9937,2026-06-15 12:00:00,2026-06-27 23:59:59,28.45,19.9,0.6,60317.777,259.39886,16.237955,39.96,10.349587,7.5833335
hamburg,53.5511,9.9937,2026-06-15 12:00:00,2026-06-28 23:59:59,21.05,15.95,0.0,60275.598,302.73517,21.768095,55.8,17.337837,18.5
berlin,52.52,13.405,2026-05-15 12:00:00,2026-05-15 23:59:59,15.152,5.202,0.4,36203.83,272.2835,13.779114,35.28,5.908847,0.7083333
berlin,52.52,13.405,2026-05-15 12:00:00,2026-05-16 23:59:59,14.402,6.702,0.0,51611.242,269.90833,16.263872,39.239998,9.654658,0.5833333
berlin,52.52,13.405,2026-05-15 12:00:00,2026-05-17 23:59:59,17.489,6.77375,0.1,40529.164,196.52158,9.290511,26.64,5.4340916,0.7083333
berlin,52.52,13.405,2026-05-15 12:00:00,2026-05-18 23:59:59,20.539,8.889,0.0,54848.008,124.89507,7.42159,22.68,4.458931,6.0
berlin,52.52,13.405,2026-05-15 12:00:00,2026-05-19 23:59:59,20.838999,9.839,0.0,56023.05,216.2767,7.5685663,21.599998,5.6010594,5.875
berlin,52.52,13.405,2026-05-15 12:00:00,2026-05-20 23:59:59,21.226,13.776,3.6,36435.918,199.36365,10.691453,34.92,7.1626062,12.666667
berlin,52.52,13.405,2026-05-15 12:00:00,2026-05-21 23:59:59,23.075998,12.376,0.0,56990.3,275.6578,7.072878,22.68,5.1264815,16.166666
munich,48.1351,11.582,2026-04-18 12:00:00,2026-04-18 23:59:59,21.215,7.6150002,0.0,45985.363,64.44015,8.373386,19.8,3.932923,0.0
munich,48.1351,11.582,2026-04-18 12:00:00,2026-04-19 23:59:59,17.515001,8.714999,0.1,19599.693,278.82687,20.523157,48.6,11.627668,34.541668
munich,48.1351,11.582,2026-04-18 12:00:00,2026-04-20 23:59:59,13.815,4.665,0.0,41062.453,314.4088,13.104198,31.319998,6.576165,2.75
munich,48.1351,11.582,2026-04-18 12:00:00,2026-04-21 23:59:59,13.1215,2.9715002,0.0,44170.76,46.410004,12.10157,32.760002,6.9672165,7.125
munich,48.1351,11.582,2026-04-18 12:00:00,2026-04-22 23:59:59,13.3215,2.0215,0.0,49409.77,68.404625,13.358861,36.36,7.3739324,0.25
munich,48.1351,11.582,2026-04-18 12:00:00,2026-04-23 23:59:59,14.958,2.9715002,0.0,49519.332,9.978542,8.759178,20.519999,3.8478875,1.9166666
munich,48.1351,11.582,2026-04-18 12:00:00,2026-04-24 23:59:59,18.358,1.208,0.0,49642.83,262.87506,8.654987,20.16,5.255839,2.5
lisbon,38.7223,-9.1393,2026-06-15 12:00:00,2026-06-10 23:59:59,27.241499,15.7915,0.0,52170.883,350.34232,21.41319,52.56,16.719545,0.0
lisbon,38.7223,-9.1393,2026-06-15 12:00:00,2026-06-11 23:59:59,32.2915,18.5915,0.0,52818.406,341.69577,13.246826,31.68,6.6442046,0.0
lisbon,38.7223,-9.1393,2026-06-15 12:00:00,2026-06-12 23:59:59,33.4915,20.1415,0.0,46785.39,324.97195,13.905509,31.319998,4.338746,0.0
lisbon,38.7223,-9.1393,2026-06-15 12:00:00,2026-06-13 23:59:59,31.6415,21.0415,0.0,52584.434,237.4042,18.171976,42.12,7.4504857,0.0
lisbon,38.7223,-9.1393,2026-06-15 12:00:00,2026-06-14 23:59:59,25.3415,18.8915,0.0,50741.688,258.8279,17.57744,41.399998,8.46373,0.0
lisbon,38.7223,-9.1393,2026-06-15 12:00:00,2026-06-15 23:59:59,26.2915,17.8415,0.0,50965.664,341.51825,18.681883,42.48,11.735476,0.0
lisbon,38.7223,-9.1393,2026-06-15 12:00:00,2026-06-16 23:59:59,27.991499,17.4415,0.0,51324.316,344.01782,20.929594,46.8,12.969102,0.0
lisbon,38.7223,-9.1393,2026-06-15 12:00:00,2026-06-17 23:59:59,30.0915,17.9415,0.0,52351.652,338.74942,19.386593,43.92,9.129814,0.0
lisbon,38.7223,-9.1393,2026-06-15 12:00:00,2026-06-18 23:59:59,29.1915,18.1915,0.0,51371.457,336.54968,16.299694,38.88,8.613663,0.0
lisbon,38.7223,-9.1393,2026-06-15 12:00:00,2026-06-19 23:59:59,28.4415,17.8915,0.0,49635.99,338.32883,17.974781,40.32,9.744052,0.0
lisbon,38.7223,-9.1393,2026-06-15 12:00:00,2026-06-20 23:59:59,30.313501,18.0135,0.0,52067.312,324.25482,13.551501,30.599998,6.197992,0.0
lisbon,38.7223,-9.1393,2026-06-15 12:00:00,2026-06-21 23:59:59,32.3635,19.6635,0.0,52087.95,343.30066,18.214718,44.639996,7.9115424,0.0
lisbon,38.7223,-9.1393,2026-06-15 12:00:00,2026-06-22 23:59:59,33.8,19.8635,0.0,52130.97,358.51376,19.959719,46.079998,11.30239,0.96875
lisbon,38.7223,-9.1393,2026-06-15 12:00:00,2026-06-23 23:59:59,30.8,18.8,0.0,51141.035,357.02985,20.1865,47.519997,17.558128,2.0
lisbon,38.7223,-9.1393,2026-06-15 12:00:00,2026-06-24 23:59:59,31.25,17.0,0.0,52915.367,339.2096,16.208996,46.44,11.175161,2.0
lisbon,38.7223,-9.1393,2026-06-15 12:00:00,2026-06-25 23:59:59,30.85,16.9,0.0,51158.598,323.41916,19.90852,48.96,11.7469635,2.4583333
lisbon,38.7223,-9.1393,2026-06-15 12:00:00,2026-06-26 23:59:59,29.7,17.05,0.0,51168.16,336.51904,18.501513,46.8,13.698034,4.6666665
lisbon,38.7223,-9.1393,2026-06-15 12:00:00,2026-06-27 23:59:59,30.0,16.65,0.0,51178.184,7.8581643,13.1412325,43.56,9.376897,3.5
lisbon,38.7223,-9.1393,2026-06-15 12:00:00,2026-06-28 23:59:59,35.3,18.25,0.0,52832.66,326.4092,15.882896,39.6,6.486895,3.75
valencia,39.4699,-0.3763,2026-05-14 12:00:00,2026-05-14 23:59:59,27.832499,14.2325,0.0,50400.0,3.136291,20.808498,50.039997,7.6786475,0.0
valencia,39.4699,-0.3763,2026-05-14 12:00:00,2026-05-15 23:59:59,21.432499,14.5325,1.3,21465.61,326.05637,17.87718,41.039997,6.09591,14.5
valencia,39.4699,-0.3763,2026-05-14 12:00:00,2026-05-16 23:59:59,23.6325,10.1825,0.0,50400.0,190.3326,20.08916,44.639996,8.5146265,0.0
valencia,39.4699,-0.3763,2026-05-14 12:00:00,2026-05-17 23:59:59,22.682499,12.9825,2.4,50400.0,67.6894,15.546833,36.719997,8.37142,1.0
valencia,39.4699,-0.3763,2026-05-14 12:00:00,2026-05-18 23:59:59,20.582499,14.6825,6.9,47066.016,64.332695,12.24,29.16,7.4431643,3.875
valencia,39.4699,-0.3763,2026-05-14 12:00:00,2026-05-19 23:59:59,23.9645,12.7145,0.0,50400.0,119.461044,14.76439,34.56,6.977099,0.0
valencia,39.4699,-0.3763,2026-05-14 12:00:00,2026-05-20 23:59:59,25.2645,14.514501,0.0,49256.668,90.41973,15.893093,36.719997,6.7750797,0.0
london,51.5074,-0.1278,2026-04-24 12:00:00,2026-04-24 23:59:59,17.841,6.091,0.0,46800.0,78.26011,15.119999,34.2,12.014998,0.0
london,51.5074,-0.1278,2026-04-24 12:00:00,2026-04-25 23:59:59,19.691,6.941,0.0,46800.0,73.36599,10.08,21.24,5.7149997,0.0
london,51.5074,-0.1278,2026-04-24 12:00:00,2026-04-26 23:59:59,16.3045,9.476126,0.0,50400.0,91.04501,12.959999,28.08,10.5225,0.33333334
london,51.5074,-0.1278,2026-04-24 12:00:00,2026-04-27 23:59:59,17.2045,8.1045,2.1,31566.25,80.90647,15.84,33.839996,8.25,5.9583335
london,51.5074,-0.1278,2026-04-24 12:00:00,2026-04-28 23:59:59,15.9545,7.3545003,0.0,40713.758,49.130302,23.759998,49.68,19.455,6.875
london,51.5074,-0.1278,2026-04-24 12:00:00,2026-04-29 23:59:59,14.554501,7.2545004,0.0,51023.03,64.01203,29.16,61.56,21.779999,0.25
london,51.5074,-0.1278,2026-04-24 12:00:00,2026-04-30 23:59:59,18.7,8.4545,0.0,51992.652,80.35456,24.119999,50.94,19.505243,2.625
zurich,47.3769,8.5472,2026-06-15 12:00:00,2026-06-10 23:59:59,13.872,11.222,6.6,2326.1313,221.4457,13.441071,32.399998,5.631308,38.458332
zurich,47.3769,8.5472,2026-06-15 12:00:00,2026-06-11 23:59:59,17.522001,9.922,0.1,44976.23,264.67554,14.205182,37.079998,7.296526,7.4583335
zurich,47.3769,8.5472,2026-06-15 12:00:00,2026-06-12 23:59:59,18.172,13.922,0.1,4293.8877,197.9197,11.090103,25.56,6.461777,8.875
zurich,47.3769,8.5472,2026-06-15 12:00:00,2026-06-13 23:59:59,27.772001,14.972,0.0,51873.785,243.02542,16.45007,37.44,9.815953,0.0
zurich,47.3769,8.5472,2026-06-15 12:00:00,2026-06-14 23:59:59,26.672,17.872002,0.0,54000.0,269.19687,21.407139,46.079998,11.493003,0.0
zurich,47.3769,8.5472,2026-06-15 12:00:00,2026-06-15 23:59:59,24.972,14.122,0.0,54000.0,295.20914,16.434305,35.28,6.7026434,0.0
zurich,47.3769,8.5472,2026-06-15 12:00:00,2026-06-16 23:59:59,27.222,16.072,0.0,42721.11,174.06859,11.298495,24.48,4.20763,0.8333333
zurich,47.3769,8.5472,2026-06-15 12:00:00,2026-06-17 23:59:59,30.256,17.006,0.0,51481.723,256.68634,11.269782,30.239998,6.0361094,0.0
zurich,47.3769,8.5472,2026-06-15 12:00:00,2026-06-18 23:59:59,33.406,18.006,0.0,54248.965,75.963684,5.3517847,16.919998,3.6316273,0.0
zurich,47.3769,8.5472,2026-06-15 12:00:00,2026-06-19 23:59:59,32.806,20.606,0.3,41988.445,158.08504,5.8048253,12.599999,3.2393994,6.4583335
zurich,47.3769,8.5472,2026-06-15 12:00:00,2026-06-20 23:59:59,32.8095,19.6095,1.5000001,48231.816,178.31989,13.397612,50.76,4.7414813,6.3020835
zurich,47.3769,8.5472,2026-06-15 12:00:00,2026-06-21 23:59:59,34.9595,20.2595,0.0,55120.875,103.616844,5.6233797,15.84,3.7983954,1.0416666
zurich,47.3769,8.5472,2026-06-15 12:00:00,2026-06-22 23:59:59,34.952374,21.0095,0.0,55707.984,142.06845,12.456468,37.079998,5.774224,9.34375
zurich,47.3769,8.5472,2026-06-15 12:00:00,2026-06-23 23:59:59,35.35,22.35,0.0,56665.29,230.95538,8.61371,41.039997,4.552178,13.041667
zurich,47.3769,8.5472,2026-06-15 12:00:00,2026-06-24 23:59:59,26.05,18.15,38.700005,42278.453,210.22035,7.0843205,31.68,5.453527,10.541667
zurich,47.3769,8.5472,2026-06-15 12:00:00,2026-06-25 23:59:59,23.0,16.6,3.2999992,38433.645,38.73073,11.212135,29.16,6.706662,7.9583335
zurich,47.3769,8.5472,2026-06-15 12:00:00,2026-06-26 23:59:59,26.8,16.95,0.0,56585.15,31.80008,11.638917,28.8,6.310209,6.2916665
zurich,47.3769,8.5472,2026-06-15 12:00:00,2026-06-27 23:59:59,28.65,20.15,0.0,55577.504,234.62605,10.163227,28.44,4.8144016,9.083333
zurich,47.3769,8.5472,2026-06-15 12:00:00,2026-06-28 23:59:59,26.95,19.1,4.2,55783.92,257.6584,9.6228485,29.16,6.456437,15.958333
hamburg,53.5511,9.9937,2026-06-14 12:00:00,2026-06-09 23:59:59,18.573502,13.7734995,4.8,26235.104,249.79399,17.610588,48.239998,13.168944,45.0
hamburg,53.5511,9.9937,2026-06-14 12:00:00,2026-06-10 23:59:59,18.973501,10.1735,2.6,44357.566,240.65324,20.870687,46.44,10.095738,21.166666
hamburg,53.5511,9.9937,2026-06-14 12:00:00,2026-06-11 23:59:59,17.223501,10.2235,1.3000001,43889.324,257.79636,12.959999,32.039997,7.4761868,15.708333
hamburg,53.5511,9.9937,2026-06-14 12:00:00,2026-06-12 23:59:59,18.6735,11.4735,0.8,3297.3894,232.56273,20.211363,46.44,10.465452,21.875
hamburg,53.5511,9.9937,2026-06-14 12:00:00,2026-06-13 23:59:59,17.2735,12.6735,2.5,25678.828,262.9365,27.0024,56.519997,16.315126,7.75
hamburg,53.5511,9.9937,2026-06-14 12:00:00,2026-06-14 23:59:59,16.323502,10.9735,4.999999,12053.346,278.84064,25.759504,53.639996,18.841753,18.333334
hamburg,53.5511,9.9937,2026-06-14 12:00:00,2026-06-15 23:59:59,16.8735,12.1235,0.0,34394.668,283.75702,27.70831,55.44,18.570063,0.125
hamburg,53.5511,9.9937,2026-06-14 12:00:00,2026-06-16 23:59:59,20.265001,10.4735,0.0,50272.297,267.81854,10.495713,23.759998,6.1164203,0.0
hamburg,53.5511,9.9937,2026-06-14 12:00:00,2026-06-17 23:59:59,19.365,13.514999,2.6000001,0.0,207.82396,10.883676,27.359999,5.4248085,10.333333
hamburg,53.5511,9.9937,2026-06-14 12:00:00,2026-06-18 23:59:59,26.715,16.765001,0.0,59737.105,251.47774,13.1041975,33.48,7.1545196,1.2916666
hamburg,53.5511,9.9937,2026-06-14 12:00:00,2026-06-19 23:59:59,30.675999,17.665,3.3000002,50706.387,156.12775,10.446206,30.599998,5.7143245,10.5625
hamburg,53.5511,9.9937,2026-06-14 12:00:00,2026-06-20 23:59:59,27.626,19.626,5.1,45639.195,252.65878,14.264361,47.16,8.114384,27.083334
hamburg,53.5511,9.9937,2026-06-14 12:00:00,2026-06-21 23:59:59,22.181501,16.7,0.0,38731.9,315.69632,13.217443,36.36,8.334141,29.197916
hamburg,53.5511,9.9937,2026-06-14 12:00:00,2026-06-22 23:59:59,20.95,13.6,0.0,60200.29,336.0446,9.693296,32.760002,6.136573,11.916667
hamburg,53.5511,9.9937,2026-06-14 12:00:00,2026-06-23 23:59:59,22.6,13.2,0.0,60349.824,314.5465,7.2,24.48,4.873645,8.958333
hamburg,53.5511,9.9937,2026-06-14 12:00:00,2026-06-24 23:59:59,22.35,15.55,0.0,60353.766,302.17065,20.95203,51.48,12.53633,11.666667
hamburg,53.5511,9.9937,2026-06-14 12:00:00,2026-06-25 23:59:59,22.9,12.95,0.0,60354.28,312.41458,15.053425,46.079998,8.836125,10.625
hamburg,53.5511,9.9937,2026-06-14 12:00:00,2026-06-26 23:59:59,25.45,15.8,0.0,60351.312,81.96749,17.244337,40.68,9.4676485,13.166667
hamburg,53.5511,9.9937,2026-06-14 12:00:00,2026-06-27 23:59:59,25.6,16.1,0.0,60317.777,115.67141,20.53105,50.399998,18.325579,16.916666
berlin,52.52,13.405,2026-06-07 12:00:00,2026-06-02 23:59:59,26.252,15.052,0.0,33678.484,137.29065,12.55879,28.08,8.287573,0.0
berlin,52.52,13.405,2026-06-07 12:00:00,2026-06-03 23:59:59,20.702,16.102,4.7999997,11150.613,231.76306,15.39184,36.36,10.087805,18.208334
berlin,52.52,13.405,2026-06-07 12:00:00,2026-06-04 23:59:59,23.702,13.802,1.9000001,14689.204,207.63576,21.638964,42.839996,11.278294,23.583334
berlin,52.52,13.405,2026-06-07 12:00:00,2026-06-05 23:59:59,21.202,15.102,0.4,37066.125,246.82596,15.281989,36.36,10.443313,11.708333
berlin,52.52,13.405,2026-06-07 12:00:00,2026-06-06 23:59:59,24.702,12.102,0.0,45500.125,179.99998,11.177405,28.8,5.5511904,0.125
berlin,52.52,13.405,2026-06-07 12:00:00,2026-06-07 23:59:59,20.652,15.952,0.6,37465.84,265.41013,20.192118,45.36,11.830561,12.416667
berlin,52.52,13.405,2026-06-07 12:00:00,2026-06-08 23:59:59,26.302,13.452,0.0,47110.324,205.1828,12.144331,26.64,6.50456,0.20833333
berlin,52.52,13.405,2026-06-07 12:00:00,2026-06-09 23:59:59,21.402,13.289,2.9,20500.564,259.90405,16.854767,45.449997,10.504883,22.958334
berlin,52.52,13.405,2026-06-07 12:00:00,2026-06-10 23:59:59,17.588999,10.488999,2.2999997,8994.185,214.49915,8.707237,33.839996,5.051064,19.125
berlin,52.52,13.405,2026-06-07 12:00:00,2026-06-11 23:59:59,20.689,9.339,0.0,52390.832,246.3998,9.793059,33.48,7.3566227,13.416667
berlin,52.52,13.405,2026-06-07 12:00:00,2026-06-12 23:59:59,17.626,12.539,4.8000007,23666.61,229.47507,14.707222,52.56,12.8374405,45.0
berlin,52.52,13.405,2026-06-07 12:00:00,2026-06-13 23:59:59,20.075998,12.376,2.9999995,34051.27,282.166,19.995398,53.639996,15.661936,49.791668
berlin,52.52,13.405,2026-06-07 12:00:00,2026-06-14 23:59:59,16.276,11.126,8.4,20320.594,287.53,15.84409,46.8,11.968627,29.291666
berlin,52.52,13.405,2026-06-07 12:00:00,2026-06-15 23:59:59,25.5,13.532,0.0,59224.438,304.97507,9.446141,30.960001,7.651482,25.541666
berlin,52.52,13.405,2026-06-07 12:00:00,2026-06-16 23:59:59,31.9,20.05,0.0,59251.035,298.56808,13.78029,42.839996,10.138571,13.625
berlin,52.52,13.405,2026-06-07 12:00:00,2026-06-17 23:59:59,30.55,20.85,0.0,59276.492,312.60977,16.733225,46.079998,9.675796,12.875
berlin,52.52,13.405,2026-06-07 12:00:00,2026-06-18 23:59:59,26.55,17.25,0.0,59300.91,329.66373,12.810386,36.719997,10.921616,16.333334
berlin,52.52,13.405,2026-06-07 12:00:00,2026-06-19 23:59:59,29.5,17.3,0.0,59323.85,73.19125,11.35285,32.399998,7.2229156,17.0
berlin,52.52,13.405,2026-06-07 12:00:00,2026-06-20 23:59:59,35.3,21.5,0.0,59345.195,142.7145,10.6261,29.16,7.216784,16.041666
aachen,50.7753,6.0839,2026-05-18 12:00:00,2026-05-18 23:59:59,16.075998,9.526,4.1,24379.871,241.02055,11.5199995,25.919998,7.814998,65.791664
aachen,50.7753,6.0839,2026-05-18 12:00:00,2026-05-19 23:59:59,15.676,8.526,1.2000002,10038.402,195.91347,16.919998,35.28,11.175,13.708333
aachen,50.7753,6.0839,2026-05-18 12:00:00,2026-05-20 23:59:59,15.9939995,11.976,6.1249995,20973.139,226.17384,18.359999,44.28,15.364335,71.125
aachen,50.7753,6.0839,2026-05-18 12:00:00,2026-05-21 23:59:59,20.2,10.5,0.7,54676.867,228.7653,15.3264475,32.039997,11.040792,0.9166667
aachen,50.7753,6.0839,2026-05-18 12:00:00,2026-05-22 23:59:59,23.2,12.55,0.0,55071.37,110.123535,15.496736,32.399998,11.279758,0.0
aachen,50.7753,6.0839,2026-05-18 12:00:00,2026-05-23 23:59:59,27.05,15.0,0.0,56141.76,125.45728,12.599998,27.72,9.70256,10.875
aachen,50.7753,6.0839,2026-05-18 12:00:00,2026-05-24 23:59:59,24.35,17.8,1.8,55753.504,54.609005,11.074023,27.0,8.038157,6.5833335
aachen,50.7753,6.0839,2026-04-23 12:00:00,2026-04-23 23:59:59,18.976,6.026,0.0,46800.0,357.59634,11.879999,25.199999,6.614999,0.0
aachen,50.7753,6.0839,2026-04-23 12:00:00,2026-04-24 23:59:59,18.476,4.926,0.0,39600.0,3.7079096,9.36,23.759998,6.6,0.0
aachen,50.7753,6.0839,2026-04-23 12:00:00,2026-04-25 23:59:59,17.4945,6.176,0.0,49010.48,339.94772,10.446206,24.84,6.1501217,0.0
aachen,50.7753,6.0839,2026-04-23 12:00:00,2026-04-26 23:59:59,13.55,4.4,0.0,49379.72,47.299965,12.921192,28.8,8.454668,0.0
aachen,50.7753,6.0839,2026-04-23 12:00:00,2026-04-27 23:59:59,16.05,3.7,0.0,50384.406,63.598392,8.723967,23.759998,6.1940937,0.9583333
aachen,50.7753,6.0839,2026-04-23 12:00:00,2026-04-28 23:59:59,16.2,7.95,0.0,43160.625,45.80026,18.35647,41.760002,11.825536,7.4166665
aachen,50.7753,6.0839,2026-04-23 12:00:00,2026-04-29 23:59:59,16.25,6.7,0.0,52109.184,63.066048,20.933466,50.039997,17.279715,12.041667
freiburg,47.999,7.8421,2026-06-14 12:00:00,2026-06-09 23:59:59,20.348,14.698,1.2,14869.387,226.57912,13.049689,33.839996,7.960065,20.875
freiburg,47.999,7.8421,2026-06-14 12:00:00,2026-06-10 23:59:59,16.998,12.398,0.9,17413.17,201.60559,12.768586,41.399998,5.4702477,22.791666
freiburg,47.999,7.8421,2026-06-14 12:00:00,2026-06-11 23:59:59,18.548,11.198,2.5,45811.094,239.78874,13.004921,33.12,7.7239113,7.0
freiburg,47.999,7.8421,2026-06-14 12:00:00,2026-06-12 23:59:59,19.748,15.298,1.2,63.399467,203.4735,17.25373,41.039997,12.47318,27.625
freiburg,47.999,7.8421,2026-06-14 12:00:00,2026-06-13 23:59:59,28.098,18.648,0.0,52085.79,225.80684,19.95972,45.36,14.310781,0.375
freiburg,47.999,7.8421,2026-06-14 12:00:00,2026-06-14 23:59:59,25.648,16.848,0.0,54000.0,330.12405,15.379206,37.079998,7.956007,0.0
freiburg,47.999,7.8421,2026-06-14 12:00:00,2026-06-15 23:59:59,24.498,11.948,0.0,54000.0,49.650246,7.7879906,19.44,4.587943,0.0
freiburg,47.999,7.8421,2026-06-14 12:00:00,2026-06-16 23:59:59,28.031,16.998,0.1,37112.82,147.3368,10.464797,27.0,6.3312936,3.2083333
freiburg,47.999,7.8421,2026-06-14 12:00:00,2026-06-17 23:59:59,33.631,16.081,0.0,53067.31,215.6316,13.237039,36.719997,6.4245315,0.0
freiburg,47.999,7.8421,2026-06-14 12:00:00,2026-06-18 23:59:59,35.681,19.581,0.0,55425.21,220.91425,7.208994,30.239998,4.502904,0.0
freiburg,47.999,7.8421,2026-06-14 12:00:00,2026-06-19 23:59:59,35.6155,20.230999,0.3,55843.676,181.91718,7.754637,19.44,5.343468,0.28125
freiburg,47.999,7.8421,2026-06-14 12:00:00,2026-06-20 23:59:59,33.5155,22.1655,0.0,53241.332,208.17458,16.418526,36.719997,10.001458,0.5416667
freiburg,47.999,7.8421,2026-06-14 12:00:00,2026-06-21 23:59:59,34.841377,19.615501,1.8,56890.13,97.09935,7.729527,28.8,5.097035,9.572917
freiburg,47.999,7.8421,2026-06-14 12:00:00,2026-06-22 23:59:59,34.6,21.9,0.0,56923.375,118.536316,5.9617786,26.28,3.1776133,9.0
freiburg,47.999,7.8421,2026-06-14 12:00:00,2026-06-23 23:59:59,32.65,22.5,0.0,55686.91,8.717388,8.53815,29.88,5.030955,13.541667
freiburg,47.999,7.8421,2026-06-14 12:00:00,2026-06-24 23:59:59,32.65,21.35,0.0,56956.22,7.221263,12.620554,34.56,7.1680403,12.416667
freiburg,47.999,7.8421,2026-06-14 12:00:00,2026-06-25 23:59:59,31.75,20.25,0.0,56964.246,355.98593,15.536408,40.32,8.292316,8.958333
freiburg,47.999,7.8421,2026-06-14 12:00:00,2026-06-26 23:59:59,34.85,19.75,0.0,56941.74,347.4447,5.7628117,32.399998,3.5405288,6.75
freiburg,47.999,7.8421,2026-06-14 12:00:00,2026-06-27 23:59:59,35.7,22.85,2.6999998,56633.41,91.36389,13.433838,33.12,5.7399406,19.833334
lisbon,38.7223,-9.1393,2026-06-14 12:00:00,2026-06-09 23:59:59,23.1915,15.991499,0.0,50479.81,351.2473,24.280659,59.399998,19.76827,0.0
lisbon,38.7223,-9.1393,2026-06-14 12:00:00,2026-06-10 23:59:59,27.241499,15.7915,0.0,52170.883,350.34232,21.41319,52.56,16.719545,0.0
lisbon,38.7223,-9.1393,2026-06-14 12:00:00,2026-06-11 23:59:59,32.2915,18.5915,0.0,52818.406,341.69577,13.246826,31.68,6.6442046,0.0
lisbon,38.7223,-9.1393,2026-06-14 12:00:00,2026-06-12 23:59:59,33.4915,20.1415,0.0,46785.39,324.97195,13.905509,31.319998,4.338746,0.0
lisbon,38.7223,-9.1393,2026-06-14 12:00:00,2026-06-13 23:59:59,31.6415,21.0415,0.0,52584.434,237.4042,18.171976,42.12,7.4504857,0.0
lisbon,38.7223,-9.1393,2026-06-14 12:00:00,2026-06-14 23:59:59,26.5915,19.1415,0.0,50741.688,258.93317,16.363178,39.6,8.037001,0.0
lisbon,38.7223,-9.1393,2026-06-14 12:00:00,2026-06-15 23:59:59,26.241499,17.6915,0.0,50297.344,338.66306,19.826164,45.36,12.439555,0.0
lisbon,38.7223,-9.1393,2026-06-14 12:00:00,2026-06-16 23:59:59,28.241499,17.3415,0.0,51324.316,341.42972,19.513195,44.639996,12.177188,0.0
lisbon,38.7223,-9.1393,2026-06-14 12:00:00,2026-06-17 23:59:59,28.241499,17.3415,0.0,52017.184,339.3062,19.022177,44.28,10.357184,0.0
lisbon,38.7223,-9.1393,2026-06-14 12:00:00,2026-06-18 23:59:59,27.6915,18.241499,0.0,47474.3,338.68866,17.873556,40.32,11.881354,0.0
lisbon,38.7223,-9.1393,2026-06-14 12:00:00,2026-06-19 23:59:59,27.6135,17.183,0.0,51793.33,313.08572,12.72283,31.68,7.418421,0.0
lisbon,38.7223,-9.1393,2026-06-14 12:00:00,2026-06-20 23:59:59,24.6135,17.213501,0.0,52067.312,272.0363,14.471821,34.56,7.061024,0.0
lisbon,38.7223,-9.1393,2026-06-14 12:00:00,2026-06-21 23:59:59,33.55,17.213501,0.0,52118.57,323.41385,15.804164,46.079998,7.608778,1.4791666
lisbon,38.7223,-9.1393,2026-06-14 12:00:00,2026-06-22 23:59:59,33.4,19.65,0.0,51133.082,341.56494,12.682018,39.239998,7.1991076,2.1666667
lisbon,38.7223,-9.1393,2026-06-14 12:00:00,2026-06-23 23:59:59,33.9,23.15,0.0,50368.367,291.23065,9.187056,32.039997,4.981725,4.0833335
lisbon,38.7223,-9.1393,2026-06-14 12:00:00,2026-06-24 23:59:59,27.2,20.7,0.0,52915.367,235.0116,18.35647,45.0,10.47409,0.5
lisbon,38.7223,-9.1393,2026-06-14 12:00:00,2026-06-25 23:59:59,24.45,19.25,2.2,51158.598,236.71635,17.975681,46.079998,12.951665,6.125
lisbon,38.7223,-9.1393,2026-06-14 12:00:00,2026-06-26 23:59:59,25.45,19.2,0.8000001,43596.38,279.2298,14.892213,39.239998,10.426539,7.4583335
lisbon,38.7223,-9.1393,2026-06-14 12:00:00,2026-06-27 23:59:59,26.25,17.35,0.0,51178.184,342.441,19.59356,47.88,11.069024,1.5416666
munich,48.1351,11.582,2026-06-12 12:00:00,2026-06-07 23:59:59,23.415,15.964999,0.0,43895.555,275.10696,11.212135,30.960001,7.46433,0.45833334
munich,48.1351,11.582,2026-06-12 12:00:00,2026-06-08 23:59:59,27.665,12.665,0.0,46845.348,266.21744,13.207634,41.039997,6.2488723,2.5416667
munich,48.1351,11.582,2026-06-12 12:00:00,2026-06-09 23:59:59,18.665,13.365,5.499999,0.0,235.00789,14.33234,36.0,8.826615,72.833336
munich,48.1351,11.582,2026-06-12 12:00:00,2026-06-10 23:59:59,13.464999,10.014999,22.2,166.21788,300.6185,12.768586,28.8,5.2998857,92.916664
munich,48.1351,11.582,2026-06-12 12:00:00,2026-06-11 23:59:59,15.464999,9.165,2.3000002,35889.15,269.11993,16.516901,54.719997,10.449371,37.375
munich,48.1351,11.582,2026-06-12 12:00:00,2026-06-12 23:59:59,14.865,11.115,6.9,0.0,247.07042,18.792551,42.12,12.126378,65.0
munich,48.1351,11.582,2026-06-12 12:00:00,2026-06-13 23:59:59,23.965,14.714999,2.6,43255.23,269.5928,21.03152,51.48,15.315257,5.4166665
munich,48.1351,11.582,2026-06-12 12:00:00,2026-06-14 23:59:59,20.921501,13.065,0.0,51744.4,294.29242,14.168641,41.760002,9.446478,1.0833334
munich,48.1351,11.582,2026-06-12 12:00:00,2026-06-15 23:59:59,19.3215,11.1215,0.0,50366.117,302.87897,11.090103,31.319998,6.81067,0.0
munich,48.1351,11.582,2026-06-12 12:00:00,2026-06-16 23:59:59,21.271502,10.1215,0.0,55677.566,270.8223,9.726665,27.0,4.2228813,2.5833333
munich,48.1351,11.582,2026-06-12 12:00:00,2026-06-17 23:59:59,23.408,10.221499,0.0,54946.293,242.94249,5.3517847,15.119999,3.4348567,1.1458334
munich,48.1351,11.582,2026-06-12 12:00:00,2026-06-18 23:59:59,27.808,12.358,0.0,56570.78,121.66069,5.3517847,14.4,3.8664343,0.0
munich,48.1351,11.582,2026-06-12 12:00:00,2026-06-19 23:59:59,33.7,15.308001,0.0,56545.84,139.14772,10.304115,35.28,4.657232,3.8854167
munich,48.1351,11.582,2026-06-12 12:00:00,2026-06-20 23:59:59,32.85,21.95,1.8,56508.535,179.0124,7.9383874,42.12,4.9701276,9.458333
munich,48.1351,11.582,2026-06-12 12:00:00,2026-06-21 23:59:59,32.3,20.15,1.8000002,56489.35,253.59933,10.495713,51.839996,6.0416183,7.75
munich,48.1351,11.582,2026-06-12 12:00:00,2026-06-22 23:59:59,33.45,21.65,0.3,56469.06,206.30385,6.601363,37.8,4.5727077,12.0
munich,48.1351,11.582,2026-06-12 12:00:00,2026-06-23 23:59:59,30.8,22.4,3.3000002,56447.676,287.48944,8.461914,40.32,5.93244,31.208334
munich,48.1351,11.582,2026-06-12 12:00:00,2026-06-24 23:59:59,24.7,17.55,0.6,56848.246,11.785222,8.775807,32.760002,7.528832,22.791666
munich,48.1351,11.582,2026-06-12 12:00:00,2026-06-25 23:59:59,23.9,14.8,0.0,56824.8,43.523933,8.39657,30.239998,6.720744,21.416666
munich,48.1351,11.582,2026-05-19 12:00:00,2026-05-19 23:59:59,17.765001,8.665,5.3999996,38860.477,233.38197,10.703569,26.28,5.9667044,15.625
munich,48.1351,11.582,2026-05-19 12:00:00,2026-05-20 23:59:59,18.015001,11.565,4.5,22780.422,256.1779,18.193361,44.28,8.652156,49.708332
munich,48.1351,11.582,2026-05-19 12:00:00,2026-05-21 23:59:59,19.8715,10.971499,1.325,44232.137,285.00903,11.720751,33.839996,7.4292645,12.166667
munich,48.1351,11.582,2026-05-19 12:00:00,2026-05-22 23:59:59,23.1215,10.0715,0.0,53340.895,88.29716,11.27553,30.599998,6.214361,0.0
munich,48.1351,11.582,2026-05-19 12:00:00,2026-05-23 23:59:59,24.5715,12.1715,0.0,54933.555,89.90056,13.684735,38.88,8.666849,0.0
munich,48.1351,11.582,2026-05-19 12:00:00,2026-05-24 23:59:59,25.008,10.608,0.0,55244.59,73.10623,12.43434,29.88,6.870964,2.9583333
munich,48.1351,11.582,2026-05-19 12:00:00,2026-05-25 23:59:59,26.858,13.008,0.0,55366.24,79.0662,12.768586,31.68,5.911658,6.625
london,51.5074,-0.1278,2026-05-12 12:00:00,2026-05-12 23:59:59,15.740999,5.291,0.0,41811.824,286.13907,26.64,56.519997,10.995,1.0833334
london,51.5074,-0.1278,2026-05-12 12:00:00,2026-05-13 23:59:59,13.341,9.091,3.6,30691.922,282.19186,21.96,46.44,16.215,36.125
london,51.5074,-0.1278,2026-05-12 12:00:00,2026-05-14 23:59:59,13.6045,6.913625,1.4749999,36812.07,337.25317,15.4800005,32.760002,11.0287485,26.125
london,51.5074,-0.1278,2026-05-12 12:00:00,2026-05-15 23:59:59,11.1045,6.8045,1.2,51314.62,345.70404,14.759999,32.039997,11.939999,12.666667
london,51.5074,-0.1278,2026-05-12 12:00:00,2026-05-16 23:59:59,13.6545,7.7045,0.3,38854.887,285.0513,13.679999,30.960001,7.47,7.5833335
london,51.5074,-0.1278,2026-05-12 12:00:00,2026-05-17 23:59:59,15.304501,8.4545,2.4,21937.94,235.65195,13.679999,28.08,8.174999,26.5
london,51.5074,-0.1278,2026-05-12 12:00:00,2026-05-18 23:59:59,16.7,8.8545,0.6,55984.64,256.96915,11.159999,26.28,7.9464874,27.75
valencia,39.4699,-0.3763,2026-04-28 12:00:00,2026-04-28 23:59:59,21.2825,11.5325,0.0,45877.984,66.6595,11.901798,30.960001,5.8250027,1.0
valencia,39.4699,-0.3763,2026-04-28 12:00:00,2026-04-29 23:59:59,20.2325,13.9325,1.8000001,38974.98,44.424263,11.988594,28.8,6.33894,6.2916665
valencia,39.4699,-0.3763,2026-04-28 12:00:00,2026-04-30 23:59:59,23.832499,14.5825,0.0,45454.305,85.4691,15.03835,37.44,7.812875,1.1666666
valencia,39.4699,-0.3763,2026-04-28 12:00:00,2026-05-01 23:59:59,21.9825,16.7825,0.0,31056.816,65.87159,14.04,33.12,7.7733636,7.2916665
valencia,39.4699,-0.3763,2026-04-28 12:00:00,2026-05-02 23:59:59,20.9825,16.9825,2.1000001,37985.21,88.67341,15.328561,38.519997,8.029872,12.416667
valencia,39.4699,-0.3763,2026-04-28 12:00:00,2026-05-03 23:59:59,23.7645,17.0565,0.0,39917.51,104.05139,14.336861,33.839996,6.4558873,14.322917
valencia,39.4699,-0.3763,2026-04-28 12:00:00,2026-05-04 23:59:59,28.0145,14.6645,1.2,49781.133,272.4809,18.733839,42.48,9.633649,13.875
aachen,50.7753,6.0839,2026-04-17 12:00:00,2026-04-17 23:59:59,19.425999,10.126,0.0,44259.86,250.04303,7.92,19.08,5.8050003,0.0
aachen,50.7753,6.0839,2026-04-17 12:00:00,2026-04-18 23:59:59,18.675999,10.926,5.1,15773.0625,276.18887,15.4800005,32.760002,7.7850003,25.041666
aachen,50.7753,6.0839,2026-04-17 12:00:00,2026-04-19 23:59:59,11.981499,6.626,3.3749998,34225.86,324.94644,14.196868,34.2,10.20577,50.625
aachen,50.7753,6.0839,2026-04-17 12:00:00,2026-04-20 23:59:59,10.95,3.5,0.0,42362.15,29.035042,11.738705,28.8,8.6615305,22.583334
aachen,50.7753,6.0839,2026-04-17 12:00:00,2026-04-21 23:59:59,12.65,3.7,0.0,47978.883,62.321693,15.702356,36.719997,11.98138,13.958333
aachen,50.7753,6.0839,2026-04-17 12:00:00,2026-04-22 23:59:59,13.5,3.0,0.0,50465.594,62.216564,14.178927,36.719997,10.824672,0.41666666
aachen,50.7753,6.0839,2026-04-17 12:00:00,2026-04-23 23:59:59,13.4,4.6,0.0,50846.76,5.6928167,7.729527,24.84,4.9393363,6.125
london,51.5074,-0.1278,2026-06-13 12:00:00,2026-06-08 23:59:59,16.441,13.341,7.4,21600.0,223.62938,16.56,35.64,12.24,59.25
london,51.5074,-0.1278,2026-06-13 12:00:00,2026-06-09 23:59:59,18.791,9.841,1.2,50809.504,252.42354,20.16,45.0,15.705,21.25
london,51.5074,-0.1278,2026-06-13 12:00:00,2026-06-10 23:59:59,17.191,10.290999,2.3000002,13056.807,270.68582,16.919998,34.92,11.069999,40.125
london,51.5074,-0.1278,2026-06-13 12:00:00,2026-06-11 23:59:59,16.341,10.240999,7.4,0.0,233.09282,20.880001,45.36,12.780001,51.5
london,51.5074,-0.1278,2026-06-13 12:00:00,2026-06-12 23:59:59,22.140999,15.941,0.0,38992.453,260.43973,22.319998,48.96,19.259998,10.25
london,51.5074,-0.1278,2026-06-13 12:00:00,2026-06-13 23:59:59,21.541,13.141,0.0,54000.0,279.82266,18.359999,39.96,15.839998,0.0
london,51.5074,-0.1278,2026-06-13 12:00:00,2026-06-14 23:59:59,20.241,13.490999,0.0,46291.65,326.84995,11.5199995,27.72,9.495001,0.25
london,51.5074,-0.1278,2026-06-13 12:00:00,2026-06-15 23:59:59,21.0545,12.990999,0.6,54000.0,85.262375,15.84,33.839996,11.57625,10.375
london,51.5074,-0.1278,2026-06-13 12:00:00,2026-06-16 23:59:59,24.3545,14.0045,0.3,43200.0,246.01839,19.08,39.239998,10.53,7.75
london,51.5074,-0.1278,2026-06-13 12:00:00,2026-06-17 23:59:59,25.5045,17.1045,0.3,39959.09,240.55186,18.359999,39.6,16.244999,12.125
london,51.5074,-0.1278,2026-06-13 12:00:00,2026-06-18 23:59:59,27.7045,16.8545,0.0,57620.137,209.48604,11.5199995,26.64,10.125,1.25
london,51.5074,-0.1278,2026-06-13 12:00:00,2026-06-19 23:59:59,27.5545,19.0545,0.0,54000.0,235.63133,11.5199995,24.119999,8.652646,13.0
london,51.5074,-0.1278,2026-06-13 12:00:00,2026-06-20 23:59:59,31.35,22.2,0.0,56125.523,206.74806,16.431347,44.639996,9.117995,16.75
london,51.5074,-0.1278,2026-06-13 12:00:00,2026-06-21 23:59:59,28.2,19.1,0.0,54323.605,237.84772,9.236298,41.039997,8.44303,8.875
london,51.5074,-0.1278,2026-06-13 12:00:00,2026-06-22 23:59:59,24.7,20.5,3.8,54934.31,294.29803,10.548061,28.08,6.2523193,11.25
london,51.5074,-0.1278,2026-06-13 12:00:00,2026-06-23 23:59:59,23.65,18.55,4.6,56752.094,309.88953,9.292254,27.72,6.096265,14.0
london,51.5074,-0.1278,2026-06-13 12:00:00,2026-06-24 23:59:59,23.4,16.55,1.8000001,35925.31,340.4631,10.742848,28.08,5.8020535,7.625
london,51.5074,-0.1278,2026-06-13 12:00:00,2026-06-25 23:59:59,21.55,14.05,2.3999999,56771.61,259.24002,16.024044,43.92,12.538381,6.875
london,51.5074,-0.1278,2026-06-13 12:00:00,2026-06-26 23:59:59,21.15,13.95,0.0,48177.465,260.29858,10.742848,38.16,9.774753,11.75
munich,48.1351,11.582,2026-05-15 12:00:00,2026-05-15 23:59:59,13.415,6.315,2.8,30546.684,285.51535,16.1198,35.64,7.3169966,26.583334
munich,48.1351,11.582,2026-05-15 12:00:00,2026-05-16 23:59:59,12.165,5.915,8.2,27699.225,289.2584,18.0036,53.28,10.619382,50.083332
munich,48.1351,11.582,2026-05-15 12:00:00,2026-05-17 23:59:59,16.0715,4.666625,0.0,45598.664,247.22806,9.422101,20.519999,4.8431406,0.0
munich,48.1351,11.582,2026-05-15 12:00:00,2026-05-18 23:59:59,17.521502,6.3715,1.2,32665.49,260.13425,10.829958,36.0,5.485572,17.791666
munich,48.1351,11.582,2026-05-15 12:00:00,2026-05-19 23:59:59,17.9715,7.3715,0.0,48143.29,257.0166,9.3669195,26.28,5.9199953,14.125
munich,48.1351,11.582,2026-05-15 12:00:00,2026-05-20 23:59:59,17.658,10.408,6.4499993,6319.0923,242.61676,8.311245,26.64,5.872716,30.145834
munich,48.1351,11.582,2026-05-15 12:00:00,2026-05-21 23:59:59,20.058,10.608,0.0,53094.23,313.02505,8.311245,20.519999,6.0246034,23.083334
aachen,50.7753,6.0839,2026-06-02 12:00:00,2026-06-02 23:59:59,22.276,14.876,14.2,6546.4355,206.31819,20.880001,61.56,11.88,53.041668
aachen,50.7753,6.0839,2026-06-02 12:00:00,2026-06-03 23:59:59,16.175999,13.026,2.5,12778.949,224.58719,20.16,43.56,16.335,50.125
aachen,50.7753,6.0839,2026-06-02 12:00:00,2026-06-04 23:59:59,18.3195,12.8,13.525,27243.152,223.57315,28.798134,63.36,20.111385,65.583336
aachen,50.7753,6.0839,2026-06-02 12:00:00,2026-06-05 23:59:59,17.05,11.1,1.8000003,41142.934,236.21275,21.897945,45.0,17.525774,41.375
aachen,50.7753,6.0839,2026-06-02 12:00:00,2026-06-06 23:59:59,16.85,9.65,3.6000004,33189.5,203.1147,16.563911,37.079998,11.102158,19.0
aachen,50.7753,6.0839,2026-06-02 12:00:00,2026-06-07 23:59:59,16.75,10.6,0.3,44365.742,240.51576,22.998478,51.839996,17.891985,28.125
aachen,50.7753,6.0839,2026-06-02 12:00:00,2026-06-08 23:59:59,19.25,12.0,0.0,57726.035,240.91649,13.337016,37.8,11.648236,14.291667
freiburg,47.999,7.8421,2026-06-15 12:00:00,2026-06-10 23:59:59,16.998,12.398,0.9,17413.17,201.60559,12.768586,41.399998,5.4702477,22.791666
freiburg,47.999,7.8421,2026-06-15 12:00:00,2026-06-11 23:59:59,18.548,11.198,2.5,45811.094,239.78874,13.004921,33.12,7.7239113,7.0
freiburg,47.999,7.8421,2026-06-15 12:00:00,2026-06-12 23:59:59,19.748,15.298,1.2,63.399467,203.4735,17.25373,41.039997,12.47318,27.625
freiburg,47.999,7.8421,2026-06-15 12:00:00,2026-06-13 23:59:59,28.098,18.648,0.0,52085.79,225.80684,19.95972,45.36,14.310781,0.375
freiburg,47.999,7.8421,2026-06-15 12:00:00,2026-06-14 23:59:59,25.648,16.848,0.0,54000.0,330.82837,13.281023,37.079998,7.3603163,0.0
freiburg,47.999,7.8421,2026-06-15 12:00:00,2026-06-15 23:59:59,24.248,11.498,0.0,54000.0,40.006195,7.5942082,16.56,4.2966967,0.0
freiburg,47.999,7.8421,2026-06-15 12:00:00,2026-06-16 23:59:59,29.148,16.498,0.0,37410.688,177.69528,14.77755,33.12,7.5936475,2.2916667
freiburg,47.999,7.8421,2026-06-15 12:00:00,2026-06-17 23:59:59,31.480999,15.731,0.0,52531.18,277.43494,9.826088,26.28,5.1571803,0.0
freiburg,47.999,7.8421,2026-06-15 12:00:00,2026-06-18 23:59:59,34.931,17.130999,0.0,54506.8,203.02551,6.379216,21.96,4.3146014,0.0
freiburg,47.999,7.8421,2026-06-15 12:00:00,2026-06-19 23:59:59,34.781002,21.031,0.0,51237.875,200.51453,11.923557,33.12,7.2486906,4.4583335
freiburg,47.999,7.8421,2026-06-15 12:00:00,2026-06-20 23:59:59,35.4155,20.9155,0.3,55417.26,177.50034,15.683774,36.36,7.8438683,1.2708334
freiburg,47.999,7.8421,2026-06-15 12:00:00,2026-06-21 23:59:59,38.2655,18.8155,0.0,56252.41,123.2118,8.0899935,16.56,5.2330112,5.2083335
freiburg,47.999,7.8421,2026-06-15 12:00:00,2026-06-22 23:59:59,36.691376,22.9655,0.0,56490.973,63.331276,12.245293,28.44,8.550784,5.9479165
freiburg,47.999,7.8421,2026-06-15 12:00:00,2026-06-23 23:59:59,38.1,23.15,0.0,56940.63,222.32193,12.193589,33.12,7.88289,9.458333
freiburg,47.999,7.8421,2026-06-15 12:00:00,2026-06-24 23:59:59,29.7,19.9,13.199998,39982.066,61.587475,10.387107,30.960001,5.912004,6.0416665
freiburg,47.999,7.8421,2026-06-15 12:00:00,2026-06-25 23:59:59,24.35,17.05,0.0,56267.992,20.415411,12.140329,31.319998,8.787955,6.125
freiburg,47.999,7.8421,2026-06-15 12:00:00,2026-06-26 23:59:59,29.65,16.1,0.0,56941.74,316.04916,8.913181,32.039997,4.4330277,4.0
freiburg,47.999,7.8421,2026-06-15 12:00:00,2026-06-27 23:59:59,31.05,20.8,0.0,56574.203,212.08699,7.256032,27.0,4.0979214,5.75
freiburg,47.999,7.8421,2026-06-15 12:00:00,2026-06-28 23:59:59,29.25,21.95,0.0,56582.117,317.73135,13.040997,34.2,8.118659,14.25
berlin,52.52,13.405,2026-06-02 12:00:00,2026-06-02 23:59:59,25.552,15.052,0.0,40368.938,132.76517,13.246826,31.319998,9.02479,0.25
berlin,52.52,13.405,2026-06-02 12:00:00,2026-06-03 23:59:59,20.552,16.452,1.5000001,0.0,223.38652,13.363711,32.399998,9.054764,35.458332
berlin,52.52,13.405,2026-06-02 12:00:00,2026-06-04 23:59:59,23.789,12.66725,1.5,31033.531,210.70119,14.88242,45.36,9.983301,19.541666
berlin,52.52,13.405,2026-06-02 12:00:00,2026-06-05 23:59:59,20.039,14.039,1.4000001,32262.438,236.80132,11.631956,38.519997,8.868027,32.083332
berlin,52.52,13.405,2026-06-02 12:00:00,2026-06-06 23:59:59,22.889,11.988999,1.2,57600.0,222.3245,5.495161,26.28,3.9236884,5.9583335
berlin,52.52,13.405,2026-06-02 12:00:00,2026-06-07 23:59:59,21.575998,14.726,1.9500002,33805.414,204.61044,9.290511,27.359999,5.5165977,13.59375
berlin,52.52,13.405,2026-06-02 12:00:00,2026-06-08 23:59:59,22.575998,14.576,0.6,40436.438,278.02597,13.009903,38.88,9.532435,19.458334
berlin,52.52,13.405,2026-06-16 12:00:00,2026-06-11 23:59:59,19.152,12.002,1.2,43944.35,293.9738,15.876775,54.719997,9.2568655,23.333334
berlin,52.52,13.405,2026-06-16 12:00:00,2026-06-12 23:59:59,17.802,11.452,1.9,5880.461,219.02072,15.141414,33.12,9.486026,17.458334
berlin,52.52,13.405,2026-06-16 12:00:00,2026-06-13 23:59:59,19.852,13.502,1.8000001,29109.04,271.27585,20.945072,51.839996,14.050623,10.458333
berlin,52.52,13.405,2026-06-16 12:00:00,2026-06-14 23:59:59,16.652,11.802,1.3000001,14131.848,276.59497,21.707731,53.639996,17.815338,41.541668
berlin,52.52,13.405,2026-06-16 12:00:00,2026-06-15 23:59:59,19.452,12.502,0.0,33776.867,279.81265,24.482647,56.519997,17.81758,0.33333334
berlin,52.52,13.405,2026-06-16 12:00:00,2026-06-16 23:59:59,22.402,10.102,0.0,49234.67,271.77142,12.7279215,29.16,9.7794695,1.2916666
berlin,52.52,13.405,2026-06-16 12:00:00,2026-06-17 23:59:59,23.502,12.652,0.0,47104.344,295.35678,12.429127,28.08,7.181098,1.2083334
berlin,52.52,13.405,2026-06-16 12:00:00,2026-06-18 23:59:59,28.6705,17.852,0.0,34373.047,274.8938,13.849476,30.960001,7.857232,0.625
berlin,52.52,13.405,2026-06-16 12:00:00,2026-06-19 23:59:59,32.089,20.239,1.2,27102.953,160.70985,8.905908,32.399998,4.5184197,6.4166665
berlin,52.52,13.405,2026-06-16 12:00:00,2026-06-20 23:59:59,33.389,22.639,1.2,55718.676,191.92676,8.435069,38.519997,5.500125,18.458334
berlin,52.52,13.405,2026-06-16 12:00:00,2026-06-21 23:59:59,29.876,22.689,0.75000006,57115.668,335.9851,8.699793,32.94,6.4388986,11.09375
berlin,52.52,13.405,2026-06-16 12:00:00,2026-06-22 23:59:59,23.626,18.026,1.8,30533.518,22.237474,11.609651,30.239998,6.8621674,13.0
berlin,52.52,13.405,2026-06-16 12:00:00,2026-06-23 23:59:59,21.776,14.676,0.0,57783.047,315.2696,15.30741,40.32,9.433018,11.375
berlin,52.52,13.405,2026-06-16 12:00:00,2026-06-24 23:59:59,18.6,14.8,0.6,52859.902,289.92664,19.078302,48.6,15.935406,11.947917
berlin,52.52,13.405,2026-06-16 12:00:00,2026-06-25 23:59:59,20.9,13.35,0.0,58500.844,280.8129,15.188415,39.96,11.017692,6.4166665
berlin,52.52,13.405,2026-06-16 12:00:00,2026-06-26 23:59:59,22.25,15.25,0.0,57520.33,314.16785,12.313894,37.44,9.643537,11.083333
berlin,52.52,13.405,2026-06-16 12:00:00,2026-06-27 23:59:59,24.4,15.8,0.0,44544.07,326.5165,6.050785,27.0,4.5050716,9.25
berlin,52.52,13.405,2026-06-16 12:00:00,2026-06-28 23:59:59,31.5,18.1,0.0,59170.418,199.064,8.55142,34.92,6.48423,6.8333335
berlin,52.52,13.405,2026-06-16 12:00:00,2026-06-29 23:59:59,24.55,18.0,0.6,59158.008,324.1566,16.443172,43.56,13.998838,8.0
berlin,52.52,13.405,2026-05-17 12:00:00,2026-05-17 23:59:59,17.902,6.152,0.2,43994.664,183.7763,14.494192,35.64,6.0245423,0.0
berlin,52.52,13.405,2026-05-17 12:00:00,2026-05-18 23:59:59,19.902,9.602,0.0,45966.965,117.52359,12.6462,29.16,7.3434553,0.125
berlin,52.52,13.405,2026-05-17 12:00:00,2026-05-19 23:59:59,18.539,9.911249,1.5000001,41467.734,186.03099,8.854829,23.039999,5.0317564,12.666667
berlin,52.52,13.405,2026-05-17 12:00:00,2026-05-20 23:59:59,18.739,10.738999,2.4,27832.031,191.01709,8.4963045,25.919998,5.6439157,12.833333
berlin,52.52,13.405,2026-05-17 12:00:00,2026-05-21 23:59:59,18.689,12.389,3.8999991,44237.11,250.18697,14.241629,38.16,7.9014072,26.833334
berlin,52.52,13.405,2026-05-17 12:00:00,2026-05-22 23:59:59,15.176,9.176,0.0,16318.385,302.18124,10.685391,29.88,7.7656817,7.1979165
berlin,52.52,13.405,2026-05-17 12:00:00,2026-05-23 23:59:59,18.376,10.776,1.8,52473.844,341.97275,12.245294,39.239998,8.695412,4.5833335
london,51.5074,-0.1278,2026-05-21 12:00:00,2026-05-21 23:59:59,22.991,12.740999,0.0,34862.07,214.60965,14.4,30.960001,11.73,0.5
london,51.5074,-0.1278,2026-05-21 12:00:00,2026-05-22 23:59:59,27.041,16.441,0.0,50057.477,180.95435,16.56,37.8,11.129999,0.0
london,51.5074,-0.1278,2026-05-21 12:00:00,2026-05-23 23:59:59,25.8045,19.654501,0.0,54147.14,218.09755,11.159999,24.48,5.411249,6.5416665
london,51.5074,-0.1278,2026-05-21 12:00:00,2026-05-24 23:59:59,31.5045,17.904501,0.0,56906.824,150.39587,14.4,30.960001,6.7799993,0.7916667
london,51.5074,-0.1278,2026-05-21 12:00:00,2026-05-25 23:59:59,32.2045,23.1045,0.0,57047.973,273.644,17.28,35.64,7.8,0.9583333
london,51.5074,-0.1278,2026-05-21 12:00:00,2026-05-26 23:59:59,23.0545,16.1045,0.0,57185.6,6.0757856,17.28,36.0,13.049999,1.5
london,51.5074,-0.1278,2026-05-21 12:00:00,2026-05-27 23:59:59,20.35,13.35,0.0,57319.543,87.78034,14.2336645,38.88,9.649766,0.5416667
valencia,39.4699,-0.3763,2026-06-13 12:00:00,2026-06-08 23:59:59,26.8825,19.082499,0.0,50400.0,113.12651,14.578888,36.0,7.154273,0.0
valencia,39.4699,-0.3763,2026-06-13 12:00:00,2026-06-09 23:59:59,26.432499,20.7825,0.0,47154.906,64.223885,15.188415,37.8,8.898998,0.0
valencia,39.4699,-0.3763,2026-06-13 12:00:00,2026-06-10 23:59:59,24.2825,21.1325,0.0,34524.32,68.40268,14.332341,34.56,9.907219,0.0
valencia,39.4699,-0.3763,2026-06-13 12:00:00,2026-06-11 23:59:59,25.2325,19.182499,0.0,50400.0,99.225365,15.077082,35.64,7.4074945,0.0
valencia,39.4699,-0.3763,2026-06-13 12:00:00,2026-06-12 23:59:59,27.182499,18.7825,0.0,50400.0,126.58374,14.512064,34.92,6.362323,0.0
valencia,39.4699,-0.3763,2026-06-13 12:00:00,2026-06-13 23:59:59,31.082499,18.332499,0.0,44675.36,137.48962,12.181624,30.599998,5.9303374,0.0
valencia,39.4699,-0.3763,2026-06-13 12:00:00,2026-06-14 23:59:59,30.5325,20.082499,0.0,50400.0,131.8293,15.575981,38.519997,7.014829,0.0
valencia,39.4699,-0.3763,2026-06-13 12:00:00,2026-06-15 23:59:59,28.6325,20.582499,0.0,45426.52,90.57487,11.792404,30.599998,6.22644,0.7083333
valencia,39.4699,-0.3763,2026-06-13 12:00:00,2026-06-16 23:59:59,30.0325,19.9825,0.0,51680.21,112.2401,13.207634,32.760002,6.090993,0.0
valencia,39.4699,-0.3763,2026-06-13 12:00:00,2026-06-17 23:59:59,31.0325,19.6325,0.0,52353.46,93.4762,12.015589,30.599998,5.6031375,0.0
valencia,39.4699,-0.3763,2026-06-13 12:00:00,2026-06-18 23:59:59,30.4645,19.832499,0.0,50797.207,72.45557,16.93531,39.96,6.9251356,1.8020834
valencia,39.4699,-0.3763,2026-06-13 12:00:00,2026-06-19 23:59:59,28.3145,20.5645,0.0,50198.26,76.91927,15.137133,40.32,6.831045,0.041666668
valencia,39.4699,-0.3763,2026-06-13 12:00:00,2026-06-20 23:59:59,29.8145,20.4645,0.0,50601.67,81.68163,17.163355,39.96,7.9644423,0.0
valencia,39.4699,-0.3763,2026-06-13 12:00:00,2026-06-21 23:59:59,29.55,23.60725,0.0,52436.42,65.21243,17.309973,47.88,9.233863,0.0
valencia,39.4699,-0.3763,2026-06-13 12:00:00,2026-06-22 23:59:59,30.05,23.5,0.0,52455.805,72.86173,10.829959,38.16,5.490103,1.0416666
valencia,39.4699,-0.3763,2026-06-13 12:00:00,2026-06-23 23:59:59,34.0,23.8,0.0,52474.035,129.05042,12.24,38.519997,5.8355513,3.0416667
valencia,39.4699,-0.3763,2026-06-13 12:00:00,2026-06-24 23:59:59,33.75,25.25,0.0,52148.4,83.61852,9.044888,35.28,5.490661,3.375
valencia,39.4699,-0.3763,2026-06-13 12:00:00,2026-06-25 23:59:59,34.2,25.2,0.0,52164.2,66.190216,19.523983,47.519997,10.996151,1.5833334
valencia,39.4699,-0.3763,2026-06-13 12:00:00,2026-06-26 23:59:59,30.6,25.7,0.0,52178.582,57.276344,15.379206,47.16,7.6671214,1.0833334
aachen,50.7753,6.0839,2026-05-31 12:00:00,2026-05-31 23:59:59,22.776,18.425999,0.70000005,14188.092,244.06786,21.599998,46.8,14.804998,21.291666
aachen,50.7753,6.0839,2026-05-31 12:00:00,2026-06-01 23:59:59,25.175999,15.776,0.1,48733.77,251.43529,14.4,28.8,9.464999,5.5
aachen,50.7753,6.0839,2026-05-31 12:00:00,2026-06-02 23:59:59,23.776,14.226,21.1,11876.502,205.39767,27.72,73.799995,13.169999,52.25
aachen,50.7753,6.0839,2026-05-31 12:00:00,2026-06-03 23:59:59,19.4,12.8315,9.200001,45217.832,239.60748,22.571884,52.92,18.624104,48.916668
aachen,50.7753,6.0839,2026-05-31 12:00:00,2026-06-04 23:59:59,19.1,12.85,1.8999999,47293.14,220.84961,25.996138,57.96,20.856745,61.833332
aachen,50.7753,6.0839,2026-05-31 12:00:00,2026-06-05 23:59:59,16.4,11.45,2.1000001,39600.227,241.20607,21.183481,45.0,17.245186,47.458332
aachen,50.7753,6.0839,2026-05-31 12:00:00,2026-06-06 23:59:59,17.5,9.5,0.0,23070.742,200.63603,13.690653,36.719997,10.333705,16.208334
munich,48.1351,11.582,2026-04-15 12:00:00,2026-04-15 23:59:59,12.514999,8.165,0.0,1364.2186,41.92559,9.339208,22.68,5.2010317,0.75
munich,48.1351,11.582,2026-04-15 12:00:00,2026-04-16 23:59:59,16.915,9.464999,0.0,11168.881,266.83054,9.449572,27.72,6.401793,0.625
munich,48.1351,11.582,2026-04-15 12:00:00,2026-04-17 23:59:59,18.582375,6.565,0.0,46800.0,74.39595,8.456222,24.119999,4.2176085,0.0
munich,48.1351,11.582,2026-04-15 12:00:00,2026-04-18 23:59:59,19.171501,7.9715,0.0,43957.11,68.304855,6.489992,18.0,3.6121488,0.8333333
munich,48.1351,11.582,2026-04-15 12:00:00,2026-04-19 23:59:59,18.0715,10.971499,7.5000005,29045.441,281.5202,14.277983,36.0,3.725678,23.541666
munich,48.1351,11.582,2026-04-15 12:00:00,2026-04-20 23:59:59,12.108,6.7580004,0.0,41200.43,322.13904,14.113652,36.0,8.540595,46.802082
munich,48.1351,11.582,2026-04-15 12:00:00,2026-04-21 23:59:59,12.308001,4.2580004,0.0,49109.11,39.70295,11.457958,26.64,6.7279983,23.458334
munich,48.1351,11.582,2026-04-17 12:00:00,2026-04-17 23:59:59,18.715,5.815,0.0,46800.0,83.67985,12.245293,23.4,5.72191,0.0
munich,48.1351,11.582,2026-04-17 12:00:00,2026-04-18 23:59:59,19.315,7.015,0.0,44238.164,110.83126,8.049845,16.199999,4.28423,0.0
munich,48.1351,11.582,2026-04-17 12:00:00,2026-04-19 23:59:59,15.0715,8.7715,7.5000005,2641.1086,258.81073,12.287555,42.839996,6.8448777,47.458332
munich,48.1351,11.582,2026-04-17 12:00:00,2026-04-20 23:59:59,10.4215,6.2215,2.5,42083.0,314.30136,9.793059,32.760002,5.4381046,25.583334
munich,48.1351,11.582,2026-04-17 12:00:00,2026-04-21 23:59:59,10.8215,3.8715,2.9999998,48270.29,31.744072,10.787993,28.44,5.1927447,24.416666
munich,48.1351,11.582,2026-04-17 12:00:00,2026-04-22 23:59:59,11.558001,3.908,0.6,48361.508,31.966108,14.007655,33.12,7.755762,8.729167
munich,48.1351,11.582,2026-04-17 12:00:00,2026-04-23 23:59:59,10.458,3.5579998,1.5000002,49534.332,49.568474,12.55879,28.44,5.954269,16.166666
munich,48.1351,11.582,2026-04-23 12:00:00,2026-04-23 23:59:59,17.165,0.965,0.0,45712.324,290.68207,10.739832,25.56,5.324907,0.0
munich,48.1351,11.582,2026-04-23 12:00:00,2026-04-24 23:59:59,18.965,3.865,0.0,48166.15,283.6414,9.931042,25.56,6.3232903,0.0
munich,48.1351,11.582,2026-04-23 12:00:00,2026-04-25 23:59:59,20.5715,3.2215002,0.0,48570.836,276.1007,11.269782,31.68,6.1368003,0.0
munich,48.1351,11.582,2026-04-23 12:00:00,2026-04-26 23:59:59,18.5715,4.9715,0.0,49246.645,356.46378,9.178235,26.28,5.397724,0.0
munich,48.1351,11.582,2026-04-23 12:00:00,2026-04-27 23:59:59,17.1215,3.6215,0.0,49240.63,67.46406,11.113451,32.399998,6.428337,0.8333333
munich,48.1351,11.582,2026-04-23 12:00:00,2026-04-28 23:59:59,16.157999,5.0080004,0.0,47647.49,5.0355206,10.1376915,23.759998,5.870445,8.697917
munich,48.1351,11.582,2026-04-23 12:00:00,2026-04-29 23:59:59,11.658,3.908,1.5000001,40840.02,74.471275,17.782688,40.32,10.287986,13.0
berlin,52.52,13.405,2026-04-22 12:00:00,2026-04-22 23:59:59,17.052,2.552,0.0,50030.016,324.92767,16.992609,39.6,10.360285,0.0
berlin,52.52,13.405,2026-04-22 12:00:00,2026-04-23 23:59:59,15.102,3.852,0.0,36260.836,297.1255,15.94601,35.64,13.101834,0.0
berlin,52.52,13.405,2026-04-22 12:00:00,2026-04-24 23:59:59,13.339,5.4955,0.0,29580.39,281.89014,13.708391,29.88,10.05408,0.0
berlin,52.52,13.405,2026-04-22 12:00:00,2026-04-25 23:59:59,14.789,5.839,0.0,37274.46,285.3909,20.188908,52.199997,15.752837,0.9166667
berlin,52.52,13.405,2026-04-22 12:00:00,2026-04-26 23:59:59,14.139,4.139,0.0,50545.973,320.32104,13.53236,34.56,9.161595,1.25
berlin,52.52,13.405,2026-04-22 12:00:00,2026-04-27 23:59:59,14.576,6.426,0.0,41948.49,359.9693,9.605998,25.919998,5.328961,0.0
berlin,52.52,13.405,2026-04-22 12:00:00,2026-04-28 23:59:59,13.526,5.176,0.0,50348.266,21.376474,12.287555,29.88,6.375308,3.2083333
vienna,48.2082,16.3738,2026-06-16 12:00:00,2026-06-11 23:59:59,19.1215,11.5215,5.7000003,47508.023,287.7195,21.261345,48.6,15.800838,14.333333
vienna,48.2082,16.3738,2026-06-16 12:00:00,2026-06-12 23:59:59,19.3715,11.221499,0.2,34281.156,279.50058,19.959719,45.719997,14.775136,19.875
vienna,48.2082,16.3738,2026-06-16 12:00:00,2026-06-13 23:59:59,25.9715,16.421501,3.0,41134.3,277.67712,17.731598,49.32,11.385633,36.208332
vienna,48.2082,16.3738,2026-06-16 12:00:00,2026-06-14 23:59:59,21.921501,17.771502,0.0,47553.11,294.395,19.813087,47.16,8.817174,4.4583335
vienna,48.2082,16.3738,2026-06-16 12:00:00,2026-06-15 23:59:59,23.421501,15.0715,0.0,51365.355,284.74814,18.0,41.399998,9.879487,0.0
vienna,48.2082,16.3738,2026-06-16 12:00:00,2026-06-16 23:59:59,25.921501,13.6715,0.1,48464.586,273.06958,21.077686,39.239998,9.743788,1.4583334
vienna,48.2082,16.3738,2026-06-16 12:00:00,2026-06-17 23:59:59,27.8715,17.5715,2.1000001,38765.902,278.9206,16.263872,35.64,10.415862,6.25
vienna,48.2082,16.3738,2026-06-16 12:00:00,2026-06-18 23:59:59,30.8715,21.171501,0.0,48525.566,316.97165,11.269782,24.48,6.6634254,1.2916666
vienna,48.2082,16.3738,2026-06-16 12:00:00,2026-06-19 23:59:59,32.780003,19.33,0.0,54987.543,117.117386,10.30883,27.0,5.3768773,0.0
vienna,48.2082,16.3738,2026-06-16 12:00:00,2026-06-20 23:59:59,34.030003,21.779999,0.3,49397.83,164.55362,13.849477,36.719997,6.1864305,2.9166667
vienna,48.2082,16.3738,2026-06-16 12:00:00,2026-06-21 23:59:59,32.23,23.529999,3.0000002,47843.96,286.7316,9.615997,33.48,5.8551497,30.75
vienna,48.2082,16.3738,2026-06-16 12:00:00,2026-06-22 23:59:59,30.563,22.263,3.9,41372.367,312.20874,19.406637,44.639996,9.944409,32.0
vienna,48.2082,16.3738,2026-06-16 12:00:00,2026-06-23 23:59:59,23.363,19.363,5.1,22450.297,331.9276,12.287555,32.039997,9.929221,21.833334
vienna,48.2082,16.3738,2026-06-16 12:00:00,2026-06-24 23:59:59,31.9,22.02225,0.0,57093.734,324.18088,14.98331,42.48,12.612092,15.229167
vienna,48.2082,16.3738,2026-06-16 12:00:00,2026-06-25 23:59:59,30.9,21.25,0.0,57075.98,337.08255,10.873252,39.96,7.738053,7.0
vienna,48.2082,16.3738,2026-06-16 12:00:00,2026-06-26 23:59:59,29.75,21.1,0.0,57053.387,341.20554,15.096411,46.8,11.464223,7.375
vienna,48.2082,16.3738,2026-06-16 12:00:00,2026-06-27 23:59:59,27.3,20.8,0.0,57025.92,350.13907,19.137648,50.399998,11.728089,13.708333
vienna,48.2082,16.3738,2026-06-16 12:00:00,2026-06-28 23:59:59,30.55,20.15,0.0,56993.637,117.2286,6.854195,42.12,5.0865192,9.833333
vienna,48.2082,16.3738,2026-06-16 12:00:00,2026-06-29 23:59:59,35.05,23.0,3.0,56956.55,335.2596,14.77755,47.16,7.929581,6.875
berlin,52.52,13.405,2026-06-06 12:00:00,2026-06-01 23:59:59,22.302,13.352,0.0,47707.45,333.04346,12.768586,31.319998,8.002977,0.0
berlin,52.52,13.405,2026-06-06 12:00:00,2026-06-02 23:59:59,26.252,15.052,0.0,33678.484,137.29065,12.55879,28.08,8.287573,0.0
berlin,52.52,13.405,2026-06-06 12:00:00,2026-06-03 23:59:59,20.702,16.102,4.7999997,11150.613,231.76306,15.39184,36.36,10.087805,18.208334
berlin,52.52,13.405,2026-06-06 12:00:00,2026-06-04 23:59:59,23.702,13.802,1.9000001,14689.204,207.63576,21.638964,42.839996,11.278294,23.583334
berlin,52.52,13.405,2026-06-06 12:00:00,2026-06-05 23:59:59,21.202,15.102,0.4,37066.125,246.82596,15.281989,36.36,10.443313,11.708333
berlin,52.52,13.405,2026-06-06 12:00:00,2026-06-06 23:59:59,24.352,12.102,0.0,48469.97,186.31337,11.841756,25.56,5.4408307,0.25
berlin,52.52,13.405,2026-06-06 12:00:00,2026-06-07 23:59:59,22.852,16.302,0.3,48072.637,258.32376,22.19773,50.399998,12.587262,10.083333
berlin,52.52,13.405,2026-06-06 12:00:00,2026-06-08 23:59:59,25.588999,14.08625,0.0,50850.664,192.58052,9.339208,24.84,6.398068,0.41666666
berlin,52.52,13.405,2026-06-06 12:00:00,2026-06-09 23:59:59,20.389,13.389,3.2,12804.104,261.07715,12.015589,32.760002,8.727643,20.375
berlin,52.52,13.405,2026-06-06 12:00:00,2026-06-10 23:59:59,20.838999,10.438999,0.0,58173.195,262.5795,11.043261,32.039997,7.348159,5.4791665
berlin,52.52,13.405,2026-06-06 12:00:00,2026-06-11 23:59:59,20.876,10.026,0.0,52847.637,266.38077,9.779817,28.08,7.025223,9.208333
berlin,52.52,13.405,2026-06-06 12:00:00,2026-06-12 23:59:59,20.325998,13.976,5.100001,0.0,193.9798,9.9571085,29.16,7.6585255,9.625
berlin,52.52,13.405,2026-06-06 12:00:00,2026-06-13 23:59:59,23.7,14.876,2.4,42580.406,234.27194,17.065859,52.199997,9.6023035,24.5
berlin,52.52,13.405,2026-06-06 12:00:00,2026-06-14 23:59:59,19.55,12.9,4.499999,56638.785,271.3285,20.199335,50.76,16.536346,23.041666
berlin,52.52,13.405,2026-06-06 12:00:00,2026-06-15 23:59:59,20.2,12.9,0.9000001,58527.32,266.17365,19.649702,48.96,16.281775,19.708334
berlin,52.52,13.405,2026-06-06 12:00:00,2026-06-16 23:59:59,26.0,16.1,0.0,52642.32,255.8589,16.794106,46.44,15.342673,18.666666
berlin,52.52,13.405,2026-06-06 12:00:00,2026-06-17 23:59:59,24.4,17.1,0.0,56023.15,274.4023,24.162945,59.039997,18.238369,17.333334
berlin,52.52,13.405,2026-06-06 12:00:00,2026-06-18 23:59:59,18.35,12.95,0.6,12400.128,288.76025,23.70334,57.239998,20.165434,22.916666
berlin,52.52,13.405,2026-06-06 12:00:00,2026-06-19 23:59:59,19.15,12.9,0.0,21906.004,290.55887,19.73854,50.399998,18.512497,16.25
munich,48.1351,11.582,2026-04-22 12:00:00,2026-04-22 23:59:59,12.815,1.7149999,0.0,47726.617,76.603294,16.704155,38.519997,9.636185,0.0
munich,48.1351,11.582,2026-04-22 12:00:00,2026-04-23 23:59:59,16.965,3.4650002,0.0,47855.86,314.62796,10.296251,25.199999,4.643,0.0
munich,48.1351,11.582,2026-04-22 12:00:00,2026-04-24 23:59:59,19.3215,4.01825,0.0,48234.582,279.27905,9.693296,27.72,5.834391,0.0
munich,48.1351,11.582,2026-04-22 12:00:00,2026-04-25 23:59:59,19.0715,5.6215,0.0,48570.836,285.3936,11.440979,32.760002,6.400956,0.0
munich,48.1351,11.582,2026-04-22 12:00:00,2026-04-26 23:59:59,16.7215,5.9715,0.0,49841.156,23.126518,8.707237,26.28,5.3473153,0.0
munich,48.1351,11.582,2026-04-22 12:00:00,2026-04-27 23:59:59,16.608,4.458,0.0,47998.305,53.92048,9.931042,25.199999,5.8536525,0.45833334
munich,48.1351,11.582,2026-04-22 12:00:00,2026-04-28 23:59:59,16.708,4.958,0.0,50063.824,47.140903,12.261157,29.16,6.8837395,3.2083333
aachen,50.7753,6.0839,2026-05-17 12:00:00,2026-05-17 23:59:59,14.176,7.876,0.2,11697.6,204.16646,16.56,36.36,12.615001,28.041666
aachen,50.7753,6.0839,2026-05-17 12:00:00,2026-05-18 23:59:59,15.426,9.876,6.7999997,21404.66,233.37157,18.72,45.36,9.345,48.166668
aachen,50.7753,6.0839,2026-05-17 12:00:00,2026-05-19 23:59:59,14.776,7.526,0.35,17190.861,200.14204,21.738306,43.199997,12.913017,24.916666
aachen,50.7753,6.0839,2026-05-17 12:00:00,2026-05-20 23:59:59,17.0,11.0,6.9999995,48484.664,230.1628,23.491896,57.6,19.351086,66.208336
aachen,50.7753,6.0839,2026-05-17 12:00:00,2026-05-21 23:59:59,17.5,11.35,0.6,43889.4,250.48889,19.270092,38.88,14.44515,21.125
aachen,50.7753,6.0839,2026-05-17 12:00:00,2026-05-22 23:59:59,20.45,8.9,0.0,55449.05,66.54867,8.65873,24.119999,4.6404395,1.7083334
aachen,50.7753,6.0839,2026-05-17 12:00:00,2026-05-23 23:59:59,24.9,14.6,0.0,56141.76,89.38396,9.9,21.24,6.238341,9.25
frankfurt,50.1109,8.6821,2026-06-14 12:00:00,2026-06-09 23:59:59,21.043,14.393,1.7,38410.965,247.35258,18.837322,43.56,10.075696,18.958334
frankfurt,50.1109,8.6821,2026-06-14 12:00:00,2026-06-10 23:59:59,17.993,11.542999,0.1,30870.492,250.5251,12.661564,41.399998,6.2048216,26.875
frankfurt,50.1109,8.6821,2026-06-14 12:00:00,2026-06-11 23:59:59,18.793,9.993,3.2,34481.83,248.95451,15.379206,35.28,8.527617,10.708333
frankfurt,50.1109,8.6821,2026-06-14 12:00:00,2026-06-12 23:59:59,22.043,12.693,3.3999996,4720.9136,230.26324,13.698934,35.28,9.953649,46.708332
frankfurt,50.1109,8.6821,2026-06-14 12:00:00,2026-06-13 23:59:59,25.343,15.743,0.0,52692.586,270.94623,18.03237,46.079998,11.247649,0.0
frankfurt,50.1109,8.6821,2026-06-14 12:00:00,2026-06-14 23:59:59,19.743,12.693,0.0,36071.344,291.68692,15.042659,38.88,9.434769,4.625
frankfurt,50.1109,8.6821,2026-06-14 12:00:00,2026-06-15 23:59:59,21.192999,10.542999,0.0,52419.848,283.14948,11.177405,28.8,6.743528,0.0
frankfurt,50.1109,8.6821,2026-06-14 12:00:00,2026-06-16 23:59:59,24.6975,13.643,0.35000002,29463.01,195.10646,11.808878,33.12,5.8486986,12.666667
frankfurt,50.1109,8.6821,2026-06-14 12:00:00,2026-06-17 23:59:59,30.4475,17.1975,0.1,45923.95,257.73523,7.729527,25.56,3.952198,4.5
frankfurt,50.1109,8.6821,2026-06-14 12:00:00,2026-06-18 23:59:59,32.9975,19.2975,0.0,49008.23,289.48083,11.659777,36.719997,4.6533804,0.25
frankfurt,50.1109,8.6821,2026-06-14 12:00:00,2026-06-19 23:59:59,35.702,21.2975,0.3,55968.14,150.92833,8.12197,28.8,3.9938018,3.0
frankfurt,50.1109,8.6821,2026-06-14 12:00:00,2026-06-20 23:59:59,29.352,22.602,1.5,44355.93,233.47104,13.684735,47.88,6.9297314,4.4583335
frankfurt,50.1109,8.6821,2026-06-14 12:00:00,2026-06-21 23:59:59,30.55,19.952,0.0,57390.035,29.423351,12.56008,32.760002,7.621057,19.0
frankfurt,50.1109,8.6821,2026-06-14 12:00:00,2026-06-22 23:59:59,31.7,20.3,1.2,58181.246,17.115078,13.690654,32.760002,10.745394,10.291667
frankfurt,50.1109,8.6821,2026-06-14 12:00:00,2026-06-23 23:59:59,30.0,19.7,0.6,58172.414,16.26203,15.108211,31.319998,10.092954,11.916667
frankfurt,50.1109,8.6821,2026-06-14 12:00:00,2026-06-24 23:59:59,30.5,20.0,0.0,58158.24,3.7189333,13.723745,35.64,9.52232,6.125
frankfurt,50.1109,8.6821,2026-06-14 12:00:00,2026-06-25 23:59:59,27.05,17.55,0.0,58138.723,27.626629,14.822429,34.2,13.236085,8.083333
frankfurt,50.1109,8.6821,2026-06-14 12:00:00,2026-06-26 23:59:59,31.9,18.55,0.0,58113.902,48.28862,13.462749,33.48,10.590449,8.833333
frankfurt,50.1109,8.6821,2026-06-14 12:00:00,2026-06-27 23:59:59,34.85,20.85,0.0,58083.785,73.92639,13.036026,32.399998,10.271661,18.291666
paris,48.8566,2.3522,2026-06-16 12:00:00,2026-06-11 23:59:59,18.515001,10.115,0.0,29899.295,259.9624,14.973576,31.319998,10.35592,3.75
paris,48.8566,2.3522,2026-06-16 12:00:00,2026-06-12 23:59:59,25.465,16.665,0.0,36725.156,266.58435,17.339897,41.399998,14.526823,0.0
paris,48.8566,2.3522,2026-06-16 12:00:00,2026-06-13 23:59:59,28.015001,16.265001,0.0,50392.797,290.12036,15.0038395,32.760002,11.989604,0.0
paris,48.8566,2.3522,2026-06-16 12:00:00,2026-06-14 23:59:59,26.465,14.415,0.0,53968.285,330.77914,12.538134,28.44,8.326338,0.0
paris,48.8566,2.3522,2026-06-16 12:00:00,2026-06-15 23:59:59,28.815,14.615,1.3000001,43200.0,114.623535,10.009036,35.64,7.5718164,1.4583334
paris,48.8566,2.3522,2026-06-16 12:00:00,2026-06-16 23:59:59,27.765001,21.215,0.4,40630.617,291.42047,13.397612,30.960001,9.0087,3.9166667
paris,48.8566,2.3522,2026-06-16 12:00:00,2026-06-17 23:59:59,32.715,19.365,0.0,54154.676,209.33173,9.726665,23.039999,4.8256464,0.0
paris,48.8566,2.3522,2026-06-16 12:00:00,2026-06-18 23:59:59,36.765,20.215,0.0,46957.914,348.5817,12.371645,33.48,6.1836166,3.5833333
paris,48.8566,2.3522,2026-06-16 12:00:00,2026-06-19 23:59:59,35.799503,23.9995,0.1,54631.902,168.6902,11.681987,38.519997,5.8087225,6.1666665
paris,48.8566,2.3522,2026-06-16 12:00:00,2026-06-20 23:59:59,32.549503,23.5495,0.6,57069.965,297.108,4.6938252,26.28,2.5300364,12.25
paris,48.8566,2.3522,2026-06-16 12:00:00,2026-06-21 23:59:59,35.799503,21.2495,0.0,51600.68,21.776245,10.365251,27.72,6.252295,6.9166665
paris,48.8566,2.3522,2026-06-16 12:00:00,2026-06-22 23:59:59,32.9495,23.5495,0.0,56833.58,33.31776,15.021105,37.079998,11.612553,7.375
paris,48.8566,2.3522,2026-06-16 12:00:00,2026-06-23 23:59:59,29.4995,20.0995,0.0,57103.723,27.549995,15.141414,37.8,12.248227,1.25
paris,48.8566,2.3522,2026-06-16 12:00:00,2026-06-24 23:59:59,27.25,17.5,0.0,57134.477,30.963846,11.844492,34.92,7.949009,3.6979167
paris,48.8566,2.3522,2026-06-16 12:00:00,2026-06-25 23:59:59,29.4,18.95,0.0,57137.62,42.923958,13.644427,35.28,8.589416,2.0416667
paris,48.8566,2.3522,2026-06-16 12:00:00,2026-06-26 23:59:59,31.8,19.8,0.0,57137.94,50.99447,11.113451,35.64,8.992493,5.9583335
paris,48.8566,2.3522,2026-06-16 12:00:00,2026-06-27 23:59:59,37.65,21.7,0.0,57135.375,106.04001,7.889258,30.239998,5.2958755,2.7083333
paris,48.8566,2.3522,2026-06-16 12:00:00,2026-06-28 23:59:59,34.25,23.95,0.0,57129.875,334.56668,14.275713,39.96,10.078181,6.625
paris,48.8566,2.3522,2026-06-16 12:00:00,2026-06-29 23:59:59,27.7,17.35,0.0,57121.383,23.442934,15.342294,41.760002,13.028692,9.083333
berlin,52.52,13.405,2026-05-31 12:00:00,2026-05-31 23:59:59,22.802,13.752,2.3,31670.883,304.96844,12.313893,31.319998,6.9630327,1.4583334
berlin,52.52,13.405,2026-05-31 12:00:00,2026-06-01 23:59:59,22.702,13.702,0.0,45133.758,333.1752,12.218805,29.519999,7.6276736,0.125
berlin,52.52,13.405,2026-05-31 12:00:00,2026-06-02 23:59:59,25.702,15.152,0.0,36757.758,137.2348,12.3427925,40.049995,7.870304,0.375
berlin,52.52,13.405,2026-05-31 12:00:00,2026-06-03 23:59:59,20.989,16.439,1.5999999,8616.131,243.49959,10.853866,30.239998,7.6410537,25.833334
berlin,52.52,13.405,2026-05-31 12:00:00,2026-06-04 23:59:59,23.989,13.339,3.2999997,45319.21,197.69826,15.484185,42.839996,8.220936,33.125
berlin,52.52,13.405,2026-05-31 12:00:00,2026-06-05 23:59:59,21.526,14.089,1.2,28373.715,252.31374,9.255571,28.710001,6.204218,28.052084
berlin,52.52,13.405,2026-05-31 12:00:00,2026-06-06 23:59:59,22.626,11.826,0.0,57102.254,339.50256,7.342588,21.599998,5.5596585,16.916666
aachen,50.7753,6.0839,2026-04-20 12:00:00,2026-04-20 23:59:59,13.326,5.926,0.0,44909.77,2.8425245,10.799999,26.28,8.25,8.708333
aachen,50.7753,6.0839,2026-04-20 12:00:00,2026-04-21 23:59:59,14.176,5.526,0.0,40539.457,58.290928,16.56,38.16,11.174998,7.375
aachen,50.7753,6.0839,2026-04-20 12:00:00,2026-04-22 23:59:59,17.325998,4.476,0.0,46800.0,72.802444,16.199999,36.719997,9.84,0.0
aachen,50.7753,6.0839,2026-04-20 12:00:00,2026-04-23 23:59:59,15.6,4.15,0.0,48211.902,28.299648,11.016824,23.759998,7.2303176,0.0
aachen,50.7753,6.0839,2026-04-20 12:00:00,2026-04-24 23:59:59,14.9,3.2,0.0,35836.61,350.79745,8.656858,22.319998,5.700744,0.0
aachen,50.7753,6.0839,2026-04-20 12:00:00,2026-04-25 23:59:59,14.2,4.8,0.0,32979.168,344.1675,8.287822,21.599998,6.495793,0.0
aachen,50.7753,6.0839,2026-04-20 12:00:00,2026-04-26 23:59:59,11.85,3.8,0.0,50251.01,24.758196,7.628263,22.68,5.807544,2.0833333
london,51.5074,-0.1278,2026-06-15 12:00:00,2026-06-10 23:59:59,17.191,10.290999,2.3000002,13056.807,270.68582,16.919998,34.92,11.069999,40.125
london,51.5074,-0.1278,2026-06-15 12:00:00,2026-06-11 23:59:59,16.341,10.240999,7.4,0.0,233.09282,20.880001,45.36,12.780001,51.5
london,51.5074,-0.1278,2026-06-15 12:00:00,2026-06-12 23:59:59,22.140999,15.941,0.0,38992.453,260.43973,22.319998,48.96,19.259998,10.25
london,51.5074,-0.1278,2026-06-15 12:00:00,2026-06-13 23:59:59,21.541,13.141,0.0,43200.0,280.25455,18.359999,39.96,15.525,0.0
london,51.5074,-0.1278,2026-06-15 12:00:00,2026-06-14 23:59:59,21.091,12.891,0.0,54000.0,324.15558,14.4,32.039997,8.865,0.0
london,51.5074,-0.1278,2026-06-15 12:00:00,2026-06-15 23:59:59,23.741,13.591,1.3000001,30194.713,102.817,16.56,37.44,12.419999,22.125
london,51.5074,-0.1278,2026-06-15 12:00:00,2026-06-16 23:59:59,26.441,16.441,0.1,42708.164,276.91113,20.519999,45.36,11.61,2.0
london,51.5074,-0.1278,2026-06-15 12:00:00,2026-06-17 23:59:59,23.5045,17.406874,0.3,46426.39,230.18127,19.44,40.68,16.571249,7.0
london,51.5074,-0.1278,2026-06-15 12:00:00,2026-06-18 23:59:59,26.0045,16.154501,0.0,43200.0,219.28922,13.32,29.88,9.945,1.0
london,51.5074,-0.1278,2026-06-15 12:00:00,2026-06-19 23:59:59,27.7045,19.5545,0.0,57475.33,230.52876,15.119999,31.68,8.19,4.25
london,51.5074,-0.1278,2026-06-15 12:00:00,2026-06-20 23:59:59,29.2045,20.654501,0.0,39647.992,225.26967,17.64,36.36,8.280001,6.0
london,51.5074,-0.1278,2026-06-15 12:00:00,2026-06-21 23:59:59,30.6,18.7045,0.0,54775.83,242.21289,15.4800005,34.56,7.9456935,5.625
london,51.5074,-0.1278,2026-06-15 12:00:00,2026-06-22 23:59:59,35.35,20.1,0.0,55989.617,117.03078,13.690654,44.28,12.012669,9.25
london,51.5074,-0.1278,2026-06-15 12:00:00,2026-06-23 23:59:59,29.3,17.8,8.4,54000.0,248.76814,16.956345,44.639996,9.625603,7.375
london,51.5074,-0.1278,2026-06-15 12:00:00,2026-06-24 23:59:59,22.35,15.2,1.2,44981.465,278.6083,14.440443,43.92,12.078849,1.25
london,51.5074,-0.1278,2026-06-15 12:00:00,2026-06-25 23:59:59,25.5,13.85,0.0,57977.156,300.52957,9.9,34.92,4.540696,0.625
london,51.5074,-0.1278,2026-06-15 12:00:00,2026-06-26 23:59:59,28.75,16.85,0.0,57686.188,236.51378,9.321845,26.28,5.6237984,4.5
london,51.5074,-0.1278,2026-06-15 12:00:00,2026-06-27 23:59:59,25.35,18.2,0.0,54535.434,316.34656,12.295462,38.88,9.346644,7.875
london,51.5074,-0.1278,2026-06-15 12:00:00,2026-06-28 23:59:59,24.65,14.85,0.0,56956.18,323.96198,12.882267,41.399998,9.6469145,17.375
munich,48.1351,11.582,2026-04-20 12:00:00,2026-04-20 23:59:59,13.464999,3.665,0.0,47383.094,314.47055,14.113652,37.079998,7.4812775,0.875
munich,48.1351,11.582,2026-04-20 12:00:00,2026-04-21 23:59:59,9.815,3.2150002,0.0,35828.637,30.74838,12.88981,28.44,7.3300357,2.6666667
munich,48.1351,11.582,2026-04-20 12:00:00,2026-04-22 23:59:59,13.4215,2.115,0.0,47816.0,71.781906,13.819921,36.0,8.357314,0.0
munich,48.1351,11.582,2026-04-20 12:00:00,2026-04-23 23:59:59,16.9715,0.4215,0.0,48305.93,287.60016,11.885453,32.399998,6.3301196,0.0
munich,48.1351,11.582,2026-04-20 12:00:00,2026-04-24 23:59:59,18.021502,3.1215,0.0,49627.83,283.7731,11.592895,32.399998,6.56791,0.0
munich,48.1351,11.582,2026-04-20 12:00:00,2026-04-25 23:59:59,11.108,5.5214996,0.0,41461.965,311.2143,11.988594,28.44,6.9339104,1.2916666
munich,48.1351,11.582,2026-04-20 12:00:00,2026-04-26 23:59:59,14.108,3.708,0.0,46132.46,40.15594,12.074766,29.16,7.3271174,4.625
valencia,39.4699,-0.3763,2026-04-17 12:00:00,2026-04-17 23:59:59,21.682499,12.4325,0.0,44726.72,72.736916,11.874544,29.16,5.9509954,0.0
valencia,39.4699,-0.3763,2026-04-17 12:00:00,2026-04-18 23:59:59,22.2325,11.9825,0.0,43746.15,64.7345,12.738099,30.960001,6.3228707,0.0
valencia,39.4699,-0.3763,2026-04-17 12:00:00,2026-04-19 23:59:59,22.2825,12.8325,0.0,45507.547,71.169785,12.6462,30.960001,6.06911,0.0
valencia,39.4699,-0.3763,2026-04-17 12:00:00,2026-04-20 23:59:59,23.9825,13.0825,0.0,45748.59,79.6717,12.144331,30.960001,6.1208744,0.0
valencia,39.4699,-0.3763,2026-04-17 12:00:00,2026-04-21 23:59:59,21.7825,14.1825,0.0,47205.36,59.186554,14.904173,36.36,7.98668,1.375
valencia,39.4699,-0.3763,2026-04-17 12:00:00,2026-04-22 23:59:59,22.2145,12.4645,0.0,46308.438,85.40758,15.84,37.079998,7.2067986,3.125
valencia,39.4699,-0.3763,2026-04-17 12:00:00,2026-04-23 23:59:59,19.5645,12.764501,0.0,26014.99,57.614273,18.58451,42.839996,8.16619,3.4166667
munich,48.1351,11.582,2026-04-24 12:00:00,2026-04-24 23:59:59,19.565,4.715,0.0,47717.258,283.87292,12.303366,29.519999,7.5391235,0.0
munich,48.1351,11.582,2026-04-24 12:00:00,2026-04-25 23:59:59,20.815,5.165,0.0,48478.742,283.05096,14.039999,32.039997,6.85916,0.0
munich,48.1351,11.582,2026-04-24 12:00:00,2026-04-26 23:59:59,17.6215,5.3715,0.0,47352.3,3.832383,8.913181,25.199999,6.1254053,0.0
munich,48.1351,11.582,2026-04-24 12:00:00,2026-04-27 23:59:59,18.2215,5.0715,0.0,46800.0,16.915813,7.072878,21.24,3.430894,0.0
munich,48.1351,11.582,2026-04-24 12:00:00,2026-04-28 23:59:59,11.971499,5.5214996,3.5999997,96.84803,330.85196,6.849467,24.119999,4.670161,6.75
munich,48.1351,11.582,2026-04-24 12:00:00,2026-04-29 23:59:59,11.858,4.308,0.6,35491.66,33.19744,17.551615,39.6,9.117538,15.416667
munich,48.1351,11.582,2026-04-24 12:00:00,2026-04-30 23:59:59,8.358,0.658,0.6,38292.07,51.86704,16.981165,38.519997,10.579913,7.75
bergen,60.3913,5.3249,2026-06-15 12:00:00,2026-06-10 23:59:59,14.261001,9.861,0.4,59.81575,199.59644,11.879999,25.56,9.224998,93.208336
bergen,60.3913,5.3249,2026-06-15 12:00:00,2026-06-11 23:59:59,14.361,8.761001,12.200001,20931.27,165.29692,19.8,37.44,14.579999,80.458336
bergen,60.3913,5.3249,2026-06-15 12:00:00,2026-06-12 23:59:59,13.861,10.411,8.3,0.0,144.25081,23.4,44.28,16.739998,84.0
bergen,60.3913,5.3249,2026-06-15 12:00:00,2026-06-13 23:59:59,16.961,10.761001,1.5,14851.395,328.51205,19.8,37.079998,10.500001,64.541664
bergen,60.3913,5.3249,2026-06-15 12:00:00,2026-06-14 23:59:59,22.111,10.111,0.0,59657.46,334.7358,28.8,52.199997,13.860001,3.7083333
bergen,60.3913,5.3249,2026-06-15 12:00:00,2026-06-15 23:59:59,19.661001,9.711,0.0,62456.38,333.8001,18.72,36.719997,14.910001,0.0
bergen,60.3913,5.3249,2026-06-15 12:00:00,2026-06-16 23:59:59,18.811,9.461,0.0,62792.6,300.4448,15.119999,31.68,8.804998,0.0
bergen,60.3913,5.3249,2026-06-15 12:00:00,2026-06-17 23:59:59,17.361,9.961,1.4000001,19153.902,184.08212,9.72,24.84,6.3962007,18.458334
bergen,60.3913,5.3249,2026-06-15 12:00:00,2026-06-18 23:59:59,16.25,10.55,1.8000003,38557.19,181.2705,15.676544,37.44,12.017329,34.208332
bergen,60.3913,5.3249,2026-06-15 12:00:00,2026-06-19 23:59:59,18.3,11.9,10.5,0.0,165.1049,22.3229,59.039997,17.135246,58.166668
bergen,60.3913,5.3249,2026-06-15 12:00:00,2026-06-20 23:59:59,16.35,11.95,19.500004,8747.996,198.73975,22.320724,51.48,13.577419,64.958336
bergen,60.3913,5.3249,2026-06-15 12:00:00,2026-06-21 23:59:59,15.45,9.05,8.100001,55061.3,211.61208,17.769016,51.48,13.677893,52.125
bergen,60.3913,5.3249,2026-06-15 12:00:00,2026-06-22 23:59:59,15.25,8.65,3.6000006,67092.41,290.81317,9.54,42.48,6.4751534,55.75
bergen,60.3913,5.3249,2026-06-15 12:00:00,2026-06-23 23:59:59,16.8,10.35,15.299999,31551.412,350.9606,4.8433046,31.319998,2.6266162,41.083332
bergen,60.3913,5.3249,2026-06-15 12:00:00,2026-06-24 23:59:59,14.5,12.05,35.400005,0.0,169.97627,17.373497,39.239998,11.068764,45.25
bergen,60.3913,5.3249,2026-06-15 12:00:00,2026-06-25 23:59:59,11.7,10.95,13.500001,0.0,219.01544,17.015474,40.68,13.6071615,40.666668
bergen,60.3913,5.3249,2026-06-15 12:00:00,2026-06-26 23:59:59,14.1,10.4,9.600001,0.0,206.83917,18.751125,41.760002,12.099322,35.916668
bergen,60.3913,5.3249,2026-06-15 12:00:00,2026-06-27 23:59:59,13.35,9.45,3.0000005,61982.21,225.86047,11.953409,30.599998,7.269379,38.458332
bergen,60.3913,5.3249,2026-06-15 12:00:00,2026-06-28 23:59:59,13.2,9.1,12.299999,63321.55,249.55038,12.783802,30.599998,7.154805,26.833334
prag,50.0755,14.4378,2026-06-16 12:00:00,2026-06-11 23:59:59,16.5485,10.8985,5.7,33014.695,260.62115,13.684735,36.719997,8.95442,60.583332
prag,50.0755,14.4378,2026-06-16 12:00:00,2026-06-12 23:59:59,15.848499,9.7985,4.7,1311.7762,216.40416,13.246826,28.8,9.293379,33.5
prag,50.0755,14.4378,2026-06-16 12:00:00,2026-06-13 23:59:59,23.8485,15.0485,1.1,42333.543,267.54947,18.709612,43.199997,11.937517,18.625
prag,50.0755,14.4378,2026-06-16 12:00:00,2026-06-14 23:59:59,17.8985,13.6985,0.0,23354.318,279.43536,17.163355,39.239998,11.19575,0.45833334
prag,50.0755,14.4378,2026-06-16 12:00:00,2026-06-15 23:59:59,19.3485,12.5485,0.0,35882.703,274.8899,17.698677,37.44,11.447305,0.125
prag,50.0755,14.4378,2026-06-16 12:00:00,2026-06-16 23:59:59,23.7985,10.7485,0.8,37467.035,239.19606,19.416653,43.56,11.3684225,9.5
prag,50.0755,14.4378,2026-06-16 12:00:00,2026-06-17 23:59:59,25.0985,15.5985,1.9000001,42623.91,300.19675,15.0038395,33.12,7.5735908,8.0
prag,50.0755,14.4378,2026-06-16 12:00:00,2026-06-18 23:59:59,29.3985,17.5985,0.0,49413.598,252.21797,9.531505,23.4,4.564403,0.6666667
prag,50.0755,14.4378,2026-06-16 12:00:00,2026-06-19 23:59:59,33.146,16.946,0.0,53119.812,160.06738,6.638072,18.72,3.4103107,0.6666667
prag,50.0755,14.4378,2026-06-16 12:00:00,2026-06-20 23:59:59,33.796,20.346,0.0,55894.44,207.08345,3.7585104,15.119999,2.2281437,8.583333
prag,50.0755,14.4378,2026-06-16 12:00:00,2026-06-21 23:59:59,32.221,20.996,1.0500001,52592.64,284.1261,8.826729,32.399998,4.4549007,25.21875
prag,50.0755,14.4378,2026-06-16 12:00:00,2026-06-22 23:59:59,25.346,19.196,14.400001,6308.153,314.70157,9.422101,32.399998,5.4630065,30.416666
prag,50.0755,14.4378,2026-06-16 12:00:00,2026-06-23 23:59:59,25.046,16.446,0.0,44865.066,338.49106,14.118243,34.92,6.8171544,11.958333
prag,50.0755,14.4378,2026-06-16 12:00:00,2026-06-24 23:59:59,27.05,17.747,0.0,57775.484,321.15164,16.454994,46.44,11.244516,12.291667
prag,50.0755,14.4378,2026-06-16 12:00:00,2026-06-25 23:59:59,26.45,16.2,0.0,57758.66,345.1137,15.451717,43.92,8.870179,4.5
prag,50.0755,14.4378,2026-06-16 12:00:00,2026-06-26 23:59:59,25.2,18.0,0.0,54522.633,332.64044,15.546833,45.0,9.923014,8.166667
prag,50.0755,14.4378,2026-06-16 12:00:00,2026-06-27 23:59:59,26.95,17.1,0.0,57708.45,6.5211687,14.369594,48.239998,8.563662,11.208333
prag,50.0755,14.4378,2026-06-16 12:00:00,2026-06-28 23:59:59,32.05,18.65,0.0,57682.5,148.81085,7.7588143,39.6,2.8850877,7.3333335
prag,50.0755,14.4378,2026-06-16 12:00:00,2026-06-29 23:59:59,26.85,20.45,1.2,57655.695,341.81592,18.079027,46.44,13.163644,7.3333335
munich,48.1351,11.582,2026-05-31 12:00:00,2026-05-31 23:59:59,29.315,17.115,2.1999998,33329.56,253.38113,19.770523,63.72,8.514893,34.125
munich,48.1351,11.582,2026-05-31 12:00:00,2026-06-01 23:59:59,21.965,14.815,0.2,34980.85,276.58182,15.978484,41.039997,10.417078,28.75
munich,48.1351,11.582,2026-05-31 12:00:00,2026-06-02 23:59:59,22.465,12.915,4.1,20760.514,181.17386,13.896187,37.079998,7.462957,12.208333
munich,48.1351,11.582,2026-05-31 12:00:00,2026-06-03 23:59:59,18.8715,13.1215,3.9999998,38994.92,260.3153,14.24163,49.32,10.476858,48.166668
munich,48.1351,11.582,2026-05-31 12:00:00,2026-06-04 23:59:59,21.771502,10.1715,1.2,29194.883,225.6974,12.682018,36.0,6.9622097,12.75
munich,48.1351,11.582,2026-05-31 12:00:00,2026-06-05 23:59:59,17.908,12.8215,10.95,22413.47,260.86203,14.813064,38.789997,8.989227,50.572918
munich,48.1351,11.582,2026-05-31 12:00:00,2026-06-06 23:59:59,21.008,10.758,0.6,32906.34,95.48974,14.404499,34.92,7.176914,37.666668
bergen,60.3913,5.3249,2026-06-16 12:00:00,2026-06-11 23:59:59,14.361,8.761001,12.200001,20931.27,165.29692,19.8,37.44,14.579999,80.458336
bergen,60.3913,5.3249,2026-06-16 12:00:00,2026-06-12 23:59:59,13.861,10.411,8.3,0.0,144.25081,23.4,44.28,16.739998,84.0
bergen,60.3913,5.3249,2026-06-16 12:00:00,2026-06-13 23:59:59,16.961,10.761001,1.5,14851.395,328.51205,19.8,37.079998,10.500001,64.541664
bergen,60.3913,5.3249,2026-06-16 12:00:00,2026-06-14 23:59:59,22.111,10.111,0.0,59657.46,334.7358,28.8,52.199997,13.860001,3.7083333
bergen,60.3913,5.3249,2026-06-16 12:00:00,2026-06-15 23:59:59,18.361,9.711,0.0,62066.055,331.05963,18.72,37.079998,14.46,0.0
bergen,60.3913,5.3249,2026-06-16 12:00:00,2026-06-16 23:59:59,18.061,9.461,0.0,61517.504,284.33878,15.4800005,32.039997,8.999999,0.0
bergen,60.3913,5.3249,2026-06-16 12:00:00,2026-06-17 23:59:59,14.261001,9.861,4.9,7277.758,169.92316,16.919998,30.599998,8.43,34.75
bergen,60.3913,5.3249,2026-06-16 12:00:00,2026-06-18 23:59:59,17.911001,12.111,1.2,8545.721,172.45195,16.199999,28.44,13.139999,35.833332
bergen,60.3913,5.3249,2026-06-16 12:00:00,2026-06-19 23:59:59,19.15,12.7,4.4,15666.832,169.95633,24.13477,54.36,16.892794,61.625
bergen,60.3913,5.3249,2026-06-16 12:00:00,2026-06-20 23:59:59,16.95,11.0,13.900001,37199.02,206.05588,21.993908,50.399998,13.95767,53.083332
bergen,60.3913,5.3249,2026-06-16 12:00:00,2026-06-21 23:59:59,18.45,9.25,0.0,47722.293,183.35686,11.103243,32.039997,8.371657,25.041666
bergen,60.3913,5.3249,2026-06-16 12:00:00,2026-06-22 23:59:59,14.8,10.95,12.600001,45962.63,275.43356,11.592894,29.16,7.8206835,47.416668
bergen,60.3913,5.3249,2026-06-16 12:00:00,2026-06-23 23:59:59,13.95,9.15,0.0,65505.977,331.13794,18.581894,43.56,14.490789,56.916668
bergen,60.3913,5.3249,2026-06-16 12:00:00,2026-06-24 23:59:59,13.7,8.35,1.2000002,67047.73,325.27026,15.882896,39.96,11.895456,46.833332
bergen,60.3913,5.3249,2026-06-16 12:00:00,2026-06-25 23:59:59,14.3,7.45,0.0,66621.51,328.07364,12.992459,37.079998,10.079843,43.291668
bergen,60.3913,5.3249,2026-06-16 12:00:00,2026-06-26 23:59:59,13.65,7.85,0.0,15754.047,182.83513,8.281956,31.319998,5.1881557,46.5
bergen,60.3913,5.3249,2026-06-16 12:00:00,2026-06-27 23:59:59,14.85,11.9,16.200003,0.0,175.67143,18.595839,45.0,14.403472,43.375
bergen,60.3913,5.3249,2026-06-16 12:00:00,2026-06-28 23:59:59,13.55,10.9,8.699998,65880.73,248.04767,14.420235,37.079998,10.336894,40.666668
bergen,60.3913,5.3249,2026-06-16 12:00:00,2026-06-29 23:59:59,12.1,9.75,6.000001,25837.824,286.34106,17.123669,43.56,11.426534,37.458332
london,51.5074,-0.1278,2026-04-18 12:00:00,2026-04-18 23:59:59,17.140999,10.091,0.3,44844.312,294.3476,15.84,34.2,10.470001,10.541667
london,51.5074,-0.1278,2026-04-18 12:00:00,2026-04-19 23:59:59,15.691,7.8910003,0.0,40863.992,3.9521706,13.32,30.239998,10.649999,0.083333336
london,51.5074,-0.1278,2026-04-18 12:00:00,2026-04-20 23:59:59,12.740999,7.991,0.05,38407.94,64.650925,14.4,31.86,10.2525,0.33333334
london,51.5074,-0.1278,2026-04-18 12:00:00,2026-04-21 23:59:59,11.804501,5.5045004,0.0,44822.29,62.165363,22.319998,47.16,16.215,1.625
london,51.5074,-0.1278,2026-04-18 12:00:00,2026-04-22 23:59:59,15.054501,8.304501,0.0,50400.0,73.59705,26.28,54.36,18.81,0.29166666
london,51.5074,-0.1278,2026-04-18 12:00:00,2026-04-23 23:59:59,16.7545,8.554501,0.0,50400.0,75.6783,20.16,43.199997,16.35,0.041666668
london,51.5074,-0.1278,2026-04-18 12:00:00,2026-04-24 23:59:59,13.3545,6.7045,0.0,49761.414,76.130135,15.4800005,32.399998,14.174999,0.0
valencia,39.4699,-0.3763,2026-05-31 12:00:00,2026-05-31 23:59:59,27.6325,19.7325,0.0,46800.0,96.68683,13.202726,32.039997,5.849179,0.0
valencia,39.4699,-0.3763,2026-05-31 12:00:00,2026-06-01 23:59:59,26.2825,20.582499,0.0,49034.926,66.72357,14.512064,35.64,8.347025,0.0
valencia,39.4699,-0.3763,2026-05-31 12:00:00,2026-06-02 23:59:59,27.432499,19.682499,0.0,50400.0,85.307175,14.113653,35.28,6.4952636,0.0
valencia,39.4699,-0.3763,2026-05-31 12:00:00,2026-06-03 23:59:59,26.432499,21.2825,0.0,47325.016,96.74908,18.899143,43.92,9.725973,0.0
valencia,39.4699,-0.3763,2026-05-31 12:00:00,2026-06-04 23:59:59,28.932499,19.6325,0.0,50567.58,66.19411,19.008545,42.839996,9.259644,0.083333336
valencia,39.4699,-0.3763,2026-05-31 12:00:00,2026-06-05 23:59:59,24.2645,22.6325,0.0,21491.682,54.54371,19.507977,43.019997,14.204697,5.125
valencia,39.4699,-0.3763,2026-05-31 12:00:00,2026-06-06 23:59:59,28.2145,21.2645,0.3,34893.438,101.24636,13.905509,34.2,6.6137786,4.1666665
london,51.5074,-0.1278,2026-04-16 12:00:00,2026-04-16 23:59:59,15.341,10.441,0.3,7670.2305,220.26538,16.56,36.36,13.769999,2.5
london,51.5074,-0.1278,2026-04-16 12:00:00,2026-04-17 23:59:59,16.941,10.490999,0.1,24896.947,213.26659,19.08,41.760002,12.884999,3.125
london,51.5074,-0.1278,2026-04-16 12:00:00,2026-04-18 23:59:59,15.804501,10.088625,0.0,49250.938,281.1404,12.24,26.64,9.671249,10.125
london,51.5074,-0.1278,2026-04-16 12:00:00,2026-04-19 23:59:59,15.1045,7.4045,0.0,38307.9,43.327896,14.4,30.239998,9.9,2.125
london,51.5074,-0.1278,2026-04-16 12:00:00,2026-04-20 23:59:59,12.0045,6.6545,0.0,50382.727,56.640327,16.56,35.28,13.875,5.625
london,51.5074,-0.1278,2026-04-16 12:00:00,2026-04-21 23:59:59,11.9545,5.0545,1.2,48116.113,38.19516,15.84,33.839996,13.47,8.416667
london,51.5074,-0.1278,2026-04-16 12:00:00,2026-04-22 23:59:59,13.976126,7.1045003,0.0,48652.09,43.7004,17.594023,50.76,15.158035,3.0
london,51.5074,-0.1278,2026-05-03 12:00:00,2026-05-03 23:59:59,19.041,13.191,0.3,18678.256,247.22481,15.119999,31.319998,9.675,21.708334
london,51.5074,-0.1278,2026-05-03 12:00:00,2026-05-04 23:59:59,18.091,12.341,1.8,5370.743,65.75559,14.04,30.239998,9.449999,18.666666
london,51.5074,-0.1278,2026-05-03 12:00:00,2026-05-05 23:59:59,15.1045,8.651125,0.9000001,33345.457,10.910207,13.679999,28.08,9.217499,6.25
london,51.5074,-0.1278,2026-05-03 12:00:00,2026-05-06 23:59:59,12.3545,8.6545,0.0,48981.75,59.763786,16.199999,33.839996,13.455,6.9583335
london,51.5074,-0.1278,2026-05-03 12:00:00,2026-05-07 23:59:59,13.304501,6.7045,0.0,28894.021,84.75054,11.879999,24.48,7.814999,8.416667
london,51.5074,-0.1278,2026-05-03 12:00:00,2026-05-08 23:59:59,17.1045,8.5045,0.0,46736.61,185.24162,10.440001,23.4,6.104999,13.041667
london,51.5074,-0.1278,2026-05-03 12:00:00,2026-05-09 23:59:59,15.2022505,9.554501,0.6,28127.766,177.37538,16.74,47.16,9.792141,25.958334
london,51.5074,-0.1278,2026-06-12 12:00:00,2026-06-07 23:59:59,19.191,11.441,0.0,39730.723,235.19157,20.519999,44.639996,16.56,12.125
london,51.5074,-0.1278,2026-06-12 12:00:00,2026-06-08 23:59:59,16.441,13.341,7.4,21600.0,223.62938,16.56,35.64,12.24,59.25
london,51.5074,-0.1278,2026-06-12 12:00:00,2026-06-09 23:59:59,18.791,9.841,1.2,50809.504,252.42354,20.16,45.0,15.705,21.25
london,51.5074,-0.1278,2026-06-12 12:00:00,2026-06-10 23:59:59,17.191,10.290999,2.3000002,13056.807,270.68582,16.919998,34.92,11.069999,40.125
london,51.5074,-0.1278,2026-06-12 12:00:00,2026-06-11 23:59:59,16.341,10.240999,7.4,0.0,233.09282,20.880001,45.36,12.780001,51.5
london,51.5074,-0.1278,2026-06-12 12:00:00,2026-06-12 23:59:59,21.241,15.941,0.0,28425.758,261.26254,24.84,54.0,20.25,10.0
london,51.5074,-0.1278,2026-06-12 12:00:00,2026-06-13 23:59:59,22.591,13.441,0.0,54000.0,282.62653,17.64,39.96,16.244999,0.0
london,51.5074,-0.1278,2026-06-12 12:00:00,2026-06-14 23:59:59,22.3045,13.391,0.0,56235.348,313.2678,11.159999,27.359999,9.54,0.25
london,51.5074,-0.1278,2026-06-12 12:00:00,2026-06-15 23:59:59,22.7045,15.304501,0.0,34699.13,108.329,14.759999,31.319998,11.115,15.625
london,51.5074,-0.1278,2026-06-12 12:00:00,2026-06-16 23:59:59,25.3045,16.4545,0.0,32400.0,251.2418,15.4800005,33.839996,12.15,6.0
london,51.5074,-0.1278,2026-06-12 12:00:00,2026-06-17 23:59:59,24.9545,17.2545,0.0,33244.652,226.63983,18.359999,39.239998,15.705,8.0
london,51.5074,-0.1278,2026-06-12 12:00:00,2026-06-18 23:59:59,25.8045,17.3045,0.0,38521.164,216.48291,16.919998,35.64,12.402771,4.125
london,51.5074,-0.1278,2026-06-12 12:00:00,2026-06-19 23:59:59,29.0,20.6,2.3999999,54000.0,186.25798,16.974487,44.639996,11.227994,11.625
london,51.5074,-0.1278,2026-06-12 12:00:00,2026-06-20 23:59:59,30.35,17.9,0.0,57783.29,89.02081,8.281956,37.079998,5.593656,15.0
london,51.5074,-0.1278,2026-06-12 12:00:00,2026-06-21 23:59:59,31.0,19.65,1.8,56584.72,31.93066,12.204212,34.2,5.6512756,12.125
london,51.5074,-0.1278,2026-06-12 12:00:00,2026-06-22 23:59:59,29.35,19.4,0.0,56743.406,71.418785,14.297258,39.6,11.237501,11.5
london,51.5074,-0.1278,2026-06-12 12:00:00,2026-06-23 23:59:59,25.4,17.5,0.0,57505.87,62.286438,14.713831,39.239998,12.641246,11.5
london,51.5074,-0.1278,2026-06-12 12:00:00,2026-06-24 23:59:59,21.5,14.7,0.0,58118.09,66.57741,16.419512,42.12,13.034961,17.25
london,51.5074,-0.1278,2026-06-12 12:00:00,2026-06-25 23:59:59,21.45,14.65,0.0,55113.984,70.2672,14.827893,42.12,13.39794,11.25
aachen,50.7753,6.0839,2026-06-04 12:00:00,2026-06-04 23:59:59,16.776,12.926,12.0,7347.729,219.39275,21.599998,49.32,17.130001,75.916664
aachen,50.7753,6.0839,2026-06-04 12:00:00,2026-06-05 23:59:59,18.575998,12.076,0.70000005,36289.562,235.82994,18.0,36.719997,13.934999,40.166668
aachen,50.7753,6.0839,2026-06-04 12:00:00,2026-06-06 23:59:59,21.925999,11.976,1.5,33967.465,201.44781,16.666288,36.0,10.830545,20.083334
aachen,50.7753,6.0839,2026-06-04 12:00:00,2026-06-07 23:59:59,17.25,10.6,0.0,20214.332,239.44035,22.32653,49.68,16.010319,12.041667
aachen,50.7753,6.0839,2026-06-04 12:00:00,2026-06-08 23:59:59,23.75,10.45,0.0,56388.387,186.3257,11.7827835,27.0,8.935628,21.458334
aachen,50.7753,6.0839,2026-06-04 12:00:00,2026-06-09 23:59:59,16.65,11.6,2.3999996,43567.9,252.03471,22.054958,48.6,17.159784,49.041668
aachen,50.7753,6.0839,2026-06-04 12:00:00,2026-06-10 23:59:59,16.45,10.0,1.8000002,58283.227,224.45955,13.8049555,36.36,11.845542,5.75
london,51.5074,-0.1278,2026-06-11 12:00:00,2026-06-06 23:59:59,15.391,12.990999,7.1000004,0.0,194.85155,23.4,50.039997,16.380001,66.875
london,51.5074,-0.1278,2026-06-11 12:00:00,2026-06-07 23:59:59,19.191,11.441,0.0,39730.723,235.19157,20.519999,44.639996,16.56,12.125
london,51.5074,-0.1278,2026-06-11 12:00:00,2026-06-08 23:59:59,16.441,13.341,7.4,21600.0,223.62938,16.56,35.64,12.24,59.25
london,51.5074,-0.1278,2026-06-11 12:00:00,2026-06-09 23:59:59,18.791,9.841,1.2,50809.504,252.42354,20.16,45.0,15.705,21.25
london,51.5074,-0.1278,2026-06-11 12:00:00,2026-06-10 23:59:59,17.191,10.290999,2.3000002,13056.807,270.68582,16.919998,34.92,11.069999,40.125
london,51.5074,-0.1278,2026-06-11 12:00:00,2026-06-11 23:59:59,15.790999,10.490999,11.2,0.0,235.1776,19.8,42.48,13.094999,46.375
london,51.5074,-0.1278,2026-06-11 12:00:00,2026-06-12 23:59:59,21.741,15.040999,0.0,24859.676,260.11935,25.56,55.44,19.98,1.5
london,51.5074,-0.1278,2026-06-11 12:00:00,2026-06-13 23:59:59,22.5045,13.841,0.0,55349.824,279.7544,21.24,44.28,17.493752,0.0
london,51.5074,-0.1278,2026-06-11 12:00:00,2026-06-14 23:59:59,21.404501,13.0045,0.0,55803.953,358.21423,15.119999,31.319998,11.924999,0.0
london,51.5074,-0.1278,2026-06-11 12:00:00,2026-06-15 23:59:59,23.3545,13.9045,0.0,56255.348,174.66177,14.759999,30.239998,7.4249997,1.5
london,51.5074,-0.1278,2026-06-11 12:00:00,2026-06-16 23:59:59,23.8545,16.8045,0.0,54000.0,191.62619,16.56,34.56,10.590349,8.25
london,51.5074,-0.1278,2026-06-11 12:00:00,2026-06-17 23:59:59,27.0,15.55,0.0,47996.965,229.8347,12.638512,34.2,9.402144,9.375
london,51.5074,-0.1278,2026-06-11 12:00:00,2026-06-18 23:59:59,29.9,15.4,1.2,54909.723,215.21088,14.64209,40.32,9.386117,8.25
london,51.5074,-0.1278,2026-06-11 12:00:00,2026-06-19 23:59:59,23.7,17.3,0.0,54000.0,254.33781,11.481968,37.8,10.149522,10.25
london,51.5074,-0.1278,2026-06-11 12:00:00,2026-06-20 23:59:59,24.2,15.1,0.0,58188.47,231.18861,11.238113,37.44,7.6742806,13.25
london,51.5074,-0.1278,2026-06-11 12:00:00,2026-06-21 23:59:59,22.8,16.5,0.0,28355.912,220.05156,16.22498,46.079998,7.626363,11.875
london,51.5074,-0.1278,2026-06-11 12:00:00,2026-06-22 23:59:59,19.4,14.7,0.0,48293.484,229.5349,25.283434,65.88,19.60212,16.875
london,51.5074,-0.1278,2026-06-11 12:00:00,2026-06-23 23:59:59,19.65,13.9,19.399998,12281.198,245.02513,19.620827,54.719997,16.727947,16.625
london,51.5074,-0.1278,2026-06-11 12:00:00,2026-06-24 23:59:59,21.3,13.75,1.2,0.0,226.34662,12.124306,43.199997,9.905327,22.0
munich,48.1351,11.582,2026-05-18 12:00:00,2026-05-18 23:59:59,17.315,4.215,1.8000001,41057.453,280.8402,12.88981,28.44,6.4913716,17.75
munich,48.1351,11.582,2026-05-18 12:00:00,2026-05-19 23:59:59,17.815,8.865,2.7,46365.684,216.35464,10.440001,25.199999,5.0985417,28.083334
munich,48.1351,11.582,2026-05-18 12:00:00,2026-05-20 23:59:59,17.1215,10.3715,1.9000001,13877.358,259.56866,13.661038,38.519997,6.531202,51.666668
munich,48.1351,11.582,2026-05-18 12:00:00,2026-05-21 23:59:59,21.1215,10.1215,0.0,50918.965,285.58096,8.78872,24.48,5.039334,13.416667
munich,48.1351,11.582,2026-05-18 12:00:00,2026-05-22 23:59:59,23.8715,11.0715,0.0,54889.34,77.29293,7.729527,24.48,4.5807824,2.3333333
munich,48.1351,11.582,2026-05-18 12:00:00,2026-05-23 23:59:59,25.358,11.958,0.0,55119.953,88.47276,9.3669195,24.119999,5.9379654,2.2708333
munich,48.1351,11.582,2026-05-18 12:00:00,2026-05-24 23:59:59,25.608,11.708,0.0,55244.59,67.94075,11.983188,27.72,5.4737372,12.5
berlin,52.52,13.405,2026-06-05 12:00:00,2026-06-05 23:59:59,21.852,15.102,2.3000002,29407.871,249.51851,15.856356,34.92,10.565954,10.041667
berlin,52.52,13.405,2026-06-05 12:00:00,2026-06-06 23:59:59,24.452,13.752,0.1,47092.734,186.8127,11.542478,27.359999,4.78109,1.2083334
berlin,52.52,13.405,2026-06-05 12:00:00,2026-06-07 23:59:59,22.389,15.789,0.25,42612.86,254.1211,16.071491,45.0,9.697178,21.125
berlin,52.52,13.405,2026-06-05 12:00:00,2026-06-08 23:59:59,25.389,13.488999,0.0,56618.53,183.9316,9.085988,25.199999,6.108867,1.0
berlin,52.52,13.405,2026-06-05 12:00:00,2026-06-09 23:59:59,21.389,16.289,0.9,35952.977,242.52565,14.081478,45.0,8.387083,29.75
berlin,52.52,13.405,2026-06-05 12:00:00,2026-06-10 23:59:59,21.425999,11.726,0.0,34671.15,234.79875,6.193674,22.68,3.3792775,5.875
berlin,52.52,13.405,2026-06-05 12:00:00,2026-06-11 23:59:59,23.226,14.176,0.0,53220.453,255.91805,9.346143,28.08,4.985432,13.208333
valencia,39.4699,-0.3763,2026-04-23 12:00:00,2026-04-23 23:59:59,20.5325,16.082499,0.0,43200.0,50.54851,20.188908,47.16,15.361666,0.0
valencia,39.4699,-0.3763,2026-04-23 12:00:00,2026-04-24 23:59:59,19.9825,15.632501,0.2,19011.791,46.420166,14.118243,32.039997,8.9176445,14.583333
valencia,39.4699,-0.3763,2026-04-23 12:00:00,2026-04-25 23:59:59,20.182499,15.9825,0.90000004,20629.873,53.62171,12.074766,28.44,7.840121,10.833333
valencia,39.4699,-0.3763,2026-04-23 12:00:00,2026-04-26 23:59:59,21.7825,12.9825,0.0,46298.137,74.272255,10.829959,28.08,5.6397924,0.0
valencia,39.4699,-0.3763,2026-04-23 12:00:00,2026-04-27 23:59:59,21.6325,10.5825,0.0,48864.715,92.325424,12.864649,30.960001,6.3696733,0.0
valencia,39.4699,-0.3763,2026-04-23 12:00:00,2026-04-28 23:59:59,21.5645,13.6645,0.0,45953.227,97.32477,10.990322,29.16,5.952336,2.5416667
valencia,39.4699,-0.3763,2026-04-23 12:00:00,2026-04-29 23:59:59,26.2145,12.514501,0.0,49134.86,134.00204,13.441071,32.039997,5.612755,11.333333
london,51.5074,-0.1278,2026-06-07 12:00:00,2026-06-02 23:59:59,19.841,14.540999,22.2,9304.739,226.85707,19.08,39.96,12.375,93.125
london,51.5074,-0.1278,2026-06-07 12:00:00,2026-06-03 23:59:59,18.640999,13.141,2.6000001,14630.547,221.53094,25.56,54.36,18.9,38.75
london,51.5074,-0.1278,2026-06-07 12:00:00,2026-06-04 23:59:59,18.691,13.891,2.8,42428.777,237.67627,25.199999,51.48,19.845001,53.875
london,51.5074,-0.1278,2026-06-07 12:00:00,2026-06-05 23:59:59,18.491,12.441,0.0,38059.15,241.18034,17.64,38.519997,13.679999,7.0
london,51.5074,-0.1278,2026-06-07 12:00:00,2026-06-06 23:59:59,15.391,12.990999,7.1000004,0.0,194.85155,23.4,50.039997,16.380001,66.875
london,51.5074,-0.1278,2026-06-07 12:00:00,2026-06-07 23:59:59,19.191,11.441,0.0,39730.723,235.85353,20.519999,44.639996,16.785,11.125
london,51.5074,-0.1278,2026-06-07 12:00:00,2026-06-08 23:59:59,18.241,13.441,7.0,23215.455,241.45692,18.359999,39.96,13.68,65.75
london,51.5074,-0.1278,2026-06-07 12:00:00,2026-06-09 23:59:59,18.091,10.891,0.8249999,50886.99,250.45732,20.16,44.639996,15.963749,29.25
london,51.5074,-0.1278,2026-06-07 12:00:00,2026-06-10 23:59:59,17.0045,10.1045,5.1,56112.133,248.7227,19.08,40.68,14.894999,28.875
london,51.5074,-0.1278,2026-06-07 12:00:00,2026-06-11 23:59:59,16.5045,11.5045,3.0,33777.355,221.37009,27.359999,55.44,18.225,25.25
london,51.5074,-0.1278,2026-06-07 12:00:00,2026-06-12 23:59:59,20.0045,13.1545,0.0,32400.0,256.164,28.44,59.039997,23.22,12.0
london,51.5074,-0.1278,2026-06-07 12:00:00,2026-06-13 23:59:59,21.154501,12.2545,0.0,58053.668,280.11163,20.519999,43.56,16.645878,2.125
london,51.5074,-0.1278,2026-06-07 12:00:00,2026-06-14 23:59:59,29.8,17.80225,0.0,58197.605,181.09612,12.835653,36.0,8.372669,7.0
london,51.5074,-0.1278,2026-06-07 12:00:00,2026-06-15 23:59:59,31.7,21.2,0.0,58203.85,179.57556,11.9317045,36.0,9.496628,9.625
london,51.5074,-0.1278,2026-06-07 12:00:00,2026-06-16 23:59:59,32.85,20.1,0.0,54904.117,253.93217,10.948973,34.92,7.493763,5.0
london,51.5074,-0.1278,2026-06-07 12:00:00,2026-06-17 23:59:59,33.75,21.25,0.0,55658.773,358.81885,8.322932,35.28,4.8246465,8.75
london,51.5074,-0.1278,2026-06-07 12:00:00,2026-06-18 23:59:59,33.9,19.95,0.0,57921.297,97.063934,13.026081,37.44,8.418517,11.25
london,51.5074,-0.1278,2026-06-07 12:00:00,2026-06-19 23:59:59,34.05,20.8,0.0,57927.285,76.90429,11.700001,36.36,7.6966796,10.375
london,51.5074,-0.1278,2026-06-07 12:00:00,2026-06-20 23:59:59,30.4,20.15,0.6,57933.992,43.203136,11.609651,33.12,8.506786,11.625
munich,48.1351,11.582,2026-06-15 12:00:00,2026-06-10 23:59:59,13.464999,10.014999,22.2,166.21788,300.6185,12.768586,28.8,5.2998857,92.916664
munich,48.1351,11.582,2026-06-15 12:00:00,2026-06-11 23:59:59,15.464999,9.165,2.3000002,35889.15,269.11993,16.516901,54.719997,10.449371,37.375
munich,48.1351,11.582,2026-06-15 12:00:00,2026-06-12 23:59:59,16.415,11.115,5.7000003,0.0,248.47536,18.792551,42.12,11.957027,63.083332
munich,48.1351,11.582,2026-06-15 12:00:00,2026-06-13 23:59:59,25.515001,15.714999,0.2,48789.8,262.89352,23.759998,56.519997,17.465649,6.4166665
munich,48.1351,11.582,2026-06-15 12:00:00,2026-06-14 23:59:59,21.615,15.565,0.0,49551.65,300.1637,15.124284,39.239998,11.688426,1.6666666
munich,48.1351,11.582,2026-06-15 12:00:00,2026-06-15 23:59:59,22.015001,13.065,0.0,53492.3,302.038,16.992609,41.399998,8.798336,0.0
munich,48.1351,11.582,2026-06-15 12:00:00,2026-06-16 23:59:59,23.565,11.514999,0.0,35414.34,233.41756,14.480773,35.64,6.465828,5.5
munich,48.1351,11.582,2026-06-15 12:00:00,2026-06-17 23:59:59,26.2215,17.9715,0.0,43429.484,273.74142,11.269782,31.68,7.008895,3.2916667
munich,48.1351,11.582,2026-06-15 12:00:00,2026-06-18 23:59:59,30.671501,16.6215,0.0,53286.773,110.55612,6.151683,19.44,3.2998748,0.7083333
munich,48.1351,11.582,2026-06-15 12:00:00,2026-06-19 23:59:59,32.5215,19.171501,0.0,47585.094,172.25005,6.162207,21.599998,3.862059,6.4166665
munich,48.1351,11.582,2026-06-15 12:00:00,2026-06-20 23:59:59,29.108,19.158,5.0999994,50435.27,197.96584,8.4963045,27.0,4.96052,16.989584
munich,48.1351,11.582,2026-06-15 12:00:00,2026-06-21 23:59:59,32.808,18.858,0.0,56517.305,146.53848,5.692099,15.119999,4.5552917,19.583334
munich,48.1351,11.582,2026-06-15 12:00:00,2026-06-22 23:59:59,33.05,19.008,0.0,56488.523,127.32175,7.0199995,28.8,5.5635467,13.71875
munich,48.1351,11.582,2026-06-15 12:00:00,2026-06-23 23:59:59,34.1,22.6,0.0,56447.676,57.08637,9.726664,29.16,5.3171616,15.0
munich,48.1351,11.582,2026-06-15 12:00:00,2026-06-24 23:59:59,26.55,18.6,17.7,51984.75,263.67715,15.459054,38.519997,10.992775,13.375
munich,48.1351,11.582,2026-06-15 12:00:00,2026-06-25 23:59:59,23.65,17.55,0.9000001,56223.668,322.703,11.276968,28.8,8.041295,6.9583335
munich,48.1351,11.582,2026-06-15 12:00:00,2026-06-26 23:59:59,25.15,16.45,0.0,56800.44,67.89824,12.750811,36.719997,9.671079,8.041667
munich,48.1351,11.582,2026-06-15 12:00:00,2026-06-27 23:59:59,28.4,16.4,0.0,56353.094,188.58904,9.499158,24.84,4.923174,8.083333
munich,48.1351,11.582,2026-06-15 12:00:00,2026-06-28 23:59:59,26.1,19.6,5.9999986,46922.53,283.92096,14.974658,44.28,11.410363,13.875
aachen,50.7753,6.0839,2026-05-13 12:00:00,2026-05-13 23:59:59,12.726,7.476,10.200001,25795.56,233.09657,23.759998,53.639996,16.259998,72.708336
aachen,50.7753,6.0839,2026-05-13 12:00:00,2026-05-14 23:59:59,9.626,5.926,12.099999,17258.63,246.31648,20.519999,41.039997,14.070001,83.083336
aachen,50.7753,6.0839,2026-05-13 12:00:00,2026-05-15 23:59:59,10.776,4.826,1.525,31085.064,264.94397,17.64,45.36,10.510422,38.833332
aachen,50.7753,6.0839,2026-05-13 12:00:00,2026-05-16 23:59:59,12.35,3.4,0.6,54017.707,260.70023,11.016824,28.44,9.02614,32.833332
aachen,50.7753,6.0839,2026-05-13 12:00:00,2026-05-17 23:59:59,14.15,5.85,0.0,54129.65,220.90608,11.521406,27.359999,9.074938,12.083333
aachen,50.7753,6.0839,2026-05-13 12:00:00,2026-05-18 23:59:59,12.65,8.9,6.600001,33231.355,228.96342,14.713829,39.6,11.198353,45.625
aachen,50.7753,6.0839,2026-05-13 12:00:00,2026-05-19 23:59:59,17.6,7.5,0.0,54053.223,213.27731,7.928178,20.880001,5.521347,28.916666
london,51.5074,-0.1278,2026-05-17 12:00:00,2026-05-17 23:59:59,15.691,9.641,1.7,21579.998,251.83177,14.04,30.960001,11.639998,9.291667
london,51.5074,-0.1278,2026-05-17 12:00:00,2026-05-18 23:59:59,14.591,8.591,0.4,21577.252,221.56631,18.359999,39.96,13.035,45.75
london,51.5074,-0.1278,2026-05-17 12:00:00,2026-05-19 23:59:59,17.4545,11.191,5.4749994,29328.277,202.68588,24.84,51.48,17.53875,71.916664
london,51.5074,-0.1278,2026-05-17 12:00:00,2026-05-20 23:59:59,19.654501,11.9545,0.9000001,46945.94,240.12372,25.919998,53.639996,19.185,32.583332
london,51.5074,-0.1278,2026-05-17 12:00:00,2026-05-21 23:59:59,22.5045,13.1545,0.6,55166.812,235.91545,13.679999,27.359999,8.234999,2.0416667
london,51.5074,-0.1278,2026-05-17 12:00:00,2026-05-22 23:59:59,24.5045,16.9545,0.0,56614.6,156.2433,15.4800005,33.839996,11.594998,3.375
london,51.5074,-0.1278,2026-05-17 12:00:00,2026-05-23 23:59:59,22.0045,13.304501,0.0,56762.312,263.4813,14.04,34.56,9.408296,15.916667
aachen,50.7753,6.0839,2026-05-15 12:00:00,2026-05-15 23:59:59,12.826,4.776,0.4,35875.59,275.07828,18.359999,41.399998,8.5199995,43.916668
aachen,50.7753,6.0839,2026-05-15 12:00:00,2026-05-16 23:59:59,15.376,5.926,2.6000001,40249.816,242.73271,13.679999,40.68,10.080001,32.791668
aachen,50.7753,6.0839,2026-05-15 12:00:00,2026-05-17 23:59:59,15.238,7.676,1.4000001,23065.164,201.5925,13.679999,30.419998,10.815088,26.458334
aachen,50.7753,6.0839,2026-05-15 12:00:00,2026-05-18 23:59:59,14.9,8.65,3.3,39043.58,229.82419,16.13286,37.44,12.0466385,33.583332
aachen,50.7753,6.0839,2026-05-15 12:00:00,2026-05-19 23:59:59,14.6,7.3,0.9,19527.117,198.04584,19.098671,36.719997,13.533995,26.375
aachen,50.7753,6.0839,2026-05-15 12:00:00,2026-05-20 23:59:59,17.8,10.95,3.8999996,42842.277,226.78416,21.295605,47.16,17.167229,31.208334
aachen,50.7753,6.0839,2026-05-15 12:00:00,2026-05-21 23:59:59,17.85,10.9,0.6,35573.594,247.08601,15.021105,33.12,9.797357,9.708333
valencia,39.4699,-0.3763,2026-06-07 12:00:00,2026-06-02 23:59:59,27.1325,19.6325,0.0,50400.0,81.42342,15.328561,36.0,6.517022,0.0
valencia,39.4699,-0.3763,2026-06-07 12:00:00,2026-06-03 23:59:59,26.7825,21.9825,0.0,48208.25,99.78949,18.668005,42.839996,10.316216,1.75
valencia,39.4699,-0.3763,2026-06-07 12:00:00,2026-06-04 23:59:59,30.332499,19.7325,0.0,50400.0,86.412575,22.148046,52.92,10.340909,0.0
valencia,39.4699,-0.3763,2026-06-07 12:00:00,2026-06-05 23:59:59,23.9825,19.932499,0.2,15105.511,61.844673,25.212852,58.32,14.322612,6.2083335
valencia,39.4699,-0.3763,2026-06-07 12:00:00,2026-06-06 23:59:59,26.332499,18.832499,0.0,39994.227,122.295944,14.973577,34.92,7.1428947,0.0
valencia,39.4699,-0.3763,2026-06-07 12:00:00,2026-06-07 23:59:59,25.682499,19.2825,0.0,45577.45,81.11941,15.192682,37.44,6.9009,0.125
valencia,39.4699,-0.3763,2026-06-07 12:00:00,2026-06-08 23:59:59,26.9825,19.2825,0.0,50400.0,99.74939,14.118243,34.2,6.4191117,0.0
valencia,39.4699,-0.3763,2026-06-07 12:00:00,2026-06-09 23:59:59,25.182499,20.8825,0.0,50400.0,59.163387,17.76081,41.399998,10.161732,0.0
valencia,39.4699,-0.3763,2026-06-07 12:00:00,2026-06-10 23:59:59,23.8825,20.0325,0.0,46887.68,64.87143,16.93531,39.6,10.079482,0.375
valencia,39.4699,-0.3763,2026-06-07 12:00:00,2026-06-11 23:59:59,25.682499,18.9825,0.0,51441.87,87.8525,14.241629,35.28,7.553187,0.0
valencia,39.4699,-0.3763,2026-06-07 12:00:00,2026-06-12 23:59:59,29.3145,18.8825,0.0,51769.1,121.16225,17.072504,39.239998,7.328501,0.78125
valencia,39.4699,-0.3763,2026-06-07 12:00:00,2026-06-13 23:59:59,28.2645,17.7645,0.0,45739.51,108.08351,18.892282,42.839996,8.16574,0.0
valencia,39.4699,-0.3763,2026-06-07 12:00:00,2026-06-14 23:59:59,27.664501,19.914501,0.0,47849.336,119.30023,16.363178,41.760002,7.0501595,0.0
valencia,39.4699,-0.3763,2026-06-07 12:00:00,2026-06-15 23:59:59,27.45,19.9,0.0,52302.492,78.39242,12.145665,38.519997,6.792639,1.0520834
valencia,39.4699,-0.3763,2026-06-07 12:00:00,2026-06-16 23:59:59,27.45,20.85,0.0,52326.434,71.40666,11.252519,43.199997,6.1371064,2.4166667
valencia,39.4699,-0.3763,2026-06-07 12:00:00,2026-06-17 23:59:59,27.15,21.15,0.0,47138.797,58.406902,15.779544,45.719997,9.189547,0.5416667
valencia,39.4699,-0.3763,2026-06-07 12:00:00,2026-06-18 23:59:59,27.85,21.7,0.0,52062.234,47.737026,16.640022,47.88,9.753218,3.5416667
valencia,39.4699,-0.3763,2026-06-07 12:00:00,2026-06-19 23:59:59,27.6,22.4,0.0,52394.766,60.814735,16.285772,46.8,7.4318123,1.1666666
valencia,39.4699,-0.3763,2026-06-07 12:00:00,2026-06-20 23:59:59,27.1,23.1,0.0,52073.43,72.668465,13.870515,41.399998,8.243936,0.5
aachen,50.7753,6.0839,2026-06-03 12:00:00,2026-06-03 23:59:59,19.075998,12.626,2.0,27581.121,223.48398,18.359999,38.88,15.975001,62.583332
aachen,50.7753,6.0839,2026-06-03 12:00:00,2026-06-04 23:59:59,16.976,13.426,4.5,9176.098,220.77388,22.68,55.44,17.685,71.958336
aachen,50.7753,6.0839,2026-06-03 12:00:00,2026-06-05 23:59:59,18.776,12.576,0.2,39592.246,231.53477,19.08,42.48,14.646765,36.583332
aachen,50.7753,6.0839,2026-06-03 12:00:00,2026-06-06 23:59:59,18.85,10.6,0.8,32444.64,206.67368,22.037323,51.48,14.569922,24.458334
aachen,50.7753,6.0839,2026-06-03 12:00:00,2026-06-07 23:59:59,18.95,12.9,0.0,56568.062,235.1033,18.193361,42.12,12.985545,7.5416665
aachen,50.7753,6.0839,2026-06-03 12:00:00,2026-06-08 23:59:59,22.45,13.3,0.6,51543.32,223.89534,19.098671,43.92,12.371952,29.75
aachen,50.7753,6.0839,2026-06-03 12:00:00,2026-06-09 23:59:59,16.0,10.65,1.8000002,49412.906,255.31477,18.584509,43.92,15.951765,31.291666
berlin,52.52,13.405,2026-06-13 12:00:00,2026-06-08 23:59:59,25.702,13.052,0.0,49030.117,184.10013,11.298495,26.28,6.9534855,0.125
berlin,52.52,13.405,2026-06-13 12:00:00,2026-06-09 23:59:59,21.202,15.502,0.5,24489.473,253.97491,28.73242,58.679996,13.942183,12.583333
berlin,52.52,13.405,2026-06-13 12:00:00,2026-06-10 23:59:59,19.702,11.252,0.6,24485.707,153.91109,16.954432,37.8,6.1999316,12.208333
berlin,52.52,13.405,2026-06-13 12:00:00,2026-06-11 23:59:59,19.152,12.002,1.2,43944.35,293.9738,15.876775,54.719997,9.2568655,23.333334
berlin,52.52,13.405,2026-06-13 12:00:00,2026-06-12 23:59:59,17.802,11.452,1.9,5880.461,219.02072,15.141414,33.12,9.486026,17.458334
berlin,52.52,13.405,2026-06-13 12:00:00,2026-06-13 23:59:59,19.852,13.452,1.7,29371.273,270.70258,20.945072,51.839996,14.023831,10.458333
berlin,52.52,13.405,2026-06-13 12:00:00,2026-06-14 23:59:59,16.602,11.052,3.1999998,17022.867,274.43518,24.162945,55.44,18.375435,36.833332
berlin,52.52,13.405,2026-06-13 12:00:00,2026-06-15 23:59:59,19.889,12.102,0.0,37515.574,275.8761,22.33161,51.839996,16.42767,1.6666666
berlin,52.52,13.405,2026-06-13 12:00:00,2026-06-16 23:59:59,20.939,10.389,1.2,34672.65,270.83636,11.159999,30.239998,8.310926,0.7083333
berlin,52.52,13.405,2026-06-13 12:00:00,2026-06-17 23:59:59,21.689,14.488999,0.0,13485.451,268.4684,10.805999,31.319998,6.224792,13.833333
berlin,52.52,13.405,2026-06-13 12:00:00,2026-06-18 23:59:59,28.876,17.139,0.0,50637.535,246.2864,9.3669195,27.0,5.746395,3.2604167
berlin,52.52,13.405,2026-06-13 12:00:00,2026-06-19 23:59:59,35.026,21.026,0.0,57600.0,156.19405,6.2145634,16.199999,3.610318,1.0416666
berlin,52.52,13.405,2026-06-13 12:00:00,2026-06-20 23:59:59,34.076,23.825998,0.9000001,50574.043,174.12492,9.904906,35.28,6.657018,16.416666
berlin,52.52,13.405,2026-06-13 12:00:00,2026-06-21 23:59:59,32.85,22.5,1.2,58478.66,261.11597,20.999144,56.16,10.492665,16.041666
berlin,52.52,13.405,2026-06-13 12:00:00,2026-06-22 23:59:59,35.55,24.3,1.2,58965.875,211.17572,5.6920996,33.12,3.1360853,17.458334
berlin,52.52,13.405,2026-06-13 12:00:00,2026-06-23 23:59:59,25.95,18.45,11.400001,56015.27,314.18488,13.37825,34.2,10.582588,14.708333
berlin,52.52,13.405,2026-06-13 12:00:00,2026-06-24 23:59:59,20.2,15.45,0.0,45183.543,295.77344,12.810386,34.56,9.947025,11.708333
berlin,52.52,13.405,2026-06-13 12:00:00,2026-06-25 23:59:59,19.8,14.6,6.6000013,28323.455,156.9345,9.761578,33.839996,6.3502517,12.75
berlin,52.52,13.405,2026-06-13 12:00:00,2026-06-26 23:59:59,20.35,15.2,1.8000002,59184.883,283.775,16.63905,47.519997,12.116065,12.458333
london,51.5074,-0.1278,2026-05-14 12:00:00,2026-05-14 23:59:59,12.191,7.241,1.5000001,23266.914,337.04434,19.08,41.039997,11.055,31.333334
london,51.5074,-0.1278,2026-05-14 12:00:00,2026-05-15 23:59:59,12.391,6.941,1.1,27504.586,331.9898,14.759999,32.760002,9.689999,17.333334
london,51.5074,-0.1278,2026-05-14 12:00:00,2026-05-16 23:59:59,13.1045,7.0477505,0.0,31623.2,257.83554,14.04,29.88,10.346251,6.125
london,51.5074,-0.1278,2026-05-14 12:00:00,2026-05-17 23:59:59,13.4045,10.054501,3.5999994,32058.332,241.33292,14.04,28.8,9.525,41.666668
london,51.5074,-0.1278,2026-05-14 12:00:00,2026-05-18 23:59:59,14.4545,7.7045,2.1,40158.53,234.2885,18.359999,38.16,13.26,23.541666
london,51.5074,-0.1278,2026-05-14 12:00:00,2026-05-19 23:59:59,14.7045,11.1045,4.699999,47386.133,181.34773,20.16,41.399998,16.154999,46.958332
london,51.5074,-0.1278,2026-05-14 12:00:00,2026-05-20 23:59:59,17.4,12.304501,1.75,21713.145,220.8065,19.621914,44.28,15.072495,16.916666
madrid,40.4168,-3.7038,2026-06-14 12:00:00,2026-06-09 23:59:59,31.765501,17.515501,0.0,50954.98,19.838753,14.021525,37.44,7.9015703,0.0
madrid,40.4168,-3.7038,2026-06-14 12:00:00,2026-06-10 23:59:59,29.765501,16.3155,0.0,51630.04,43.191265,14.336861,37.8,8.273609,0.0
madrid,40.4168,-3.7038,2026-06-14 12:00:00,2026-06-11 23:59:59,30.9155,15.4655,0.0,51272.91,47.71315,15.7908325,42.48,8.888785,0.0
madrid,40.4168,-3.7038,2026-06-14 12:00:00,2026-06-12 23:59:59,32.7655,18.615501,0.0,51605.465,70.296074,12.181624,32.399998,7.6630435,0.0
madrid,40.4168,-3.7038,2026-06-14 12:00:00,2026-06-13 23:59:59,32.9155,19.865501,0.0,50903.74,115.83281,9.931042,29.16,7.3668923,0.0
madrid,40.4168,-3.7038,2026-06-14 12:00:00,2026-06-14 23:59:59,33.1155,20.9655,0.4,46800.0,92.67535,10.233123,28.44,6.055267,11.291667
madrid,40.4168,-3.7038,2026-06-14 12:00:00,2026-06-15 23:59:59,31.4655,19.9655,0.5,38857.98,10.573438,9.779817,47.88,3.360777,10.0
madrid,40.4168,-3.7038,2026-06-14 12:00:00,2026-06-16 23:59:59,31.5655,18.9155,0.1,50547.49,129.68004,8.557102,25.919998,4.8325458,0.75
madrid,40.4168,-3.7038,2026-06-14 12:00:00,2026-06-17 23:59:59,34.315502,21.015501,0.0,52933.152,131.4732,11.298495,33.48,6.772539,0.125
madrid,40.4168,-3.7038,2026-06-14 12:00:00,2026-06-18 23:59:59,34.1155,21.2155,0.0,52980.77,133.7592,11.27553,35.28,7.6483965,0.75
madrid,40.4168,-3.7038,2026-06-14 12:00:00,2026-06-19 23:59:59,32.559002,20.685625,0.0,53012.23,173.3557,10.182337,29.519999,5.987638,3.2708333
madrid,40.4168,-3.7038,2026-06-14 12:00:00,2026-06-20 23:59:59,34.209,22.759,0.0,52972.344,88.281685,8.699793,29.16,4.9691396,7.3333335
madrid,40.4168,-3.7038,2026-06-14 12:00:00,2026-06-21 23:59:59,38.15,22.909,0.0,53044.69,124.55818,15.841022,57.239998,7.7102838,9.302083
madrid,40.4168,-3.7038,2026-06-14 12:00:00,2026-06-22 23:59:59,39.35,23.55,0.0,53054.074,85.50112,12.632101,49.32,8.564848,4.0
madrid,40.4168,-3.7038,2026-06-14 12:00:00,2026-06-23 23:59:59,40.5,25.2,0.0,53072.2,48.627506,9.6480665,47.88,6.1513243,8.416667
madrid,40.4168,-3.7038,2026-06-14 12:00:00,2026-06-24 23:59:59,39.65,25.3,0.0,53089.098,305.2446,12.267762,62.279995,6.928554,6.75
madrid,40.4168,-3.7038,2026-06-14 12:00:00,2026-06-25 23:59:59,35.5,27.1,0.0,53104.773,228.25,17.548845,49.68,10.486353,6.8333335
madrid,40.4168,-3.7038,2026-06-14 12:00:00,2026-06-26 23:59:59,31.05,22.15,0.0,53026.94,237.79541,16.85669,46.079998,12.200438,5.1666665
madrid,40.4168,-3.7038,2026-06-14 12:00:00,2026-06-27 23:59:59,32.8,21.95,0.0,53028.945,234.30373,11.27553,43.199997,8.224371,4.0833335
valencia,39.4699,-0.3763,2026-05-03 12:00:00,2026-05-03 23:59:59,20.1325,17.332499,1.5,13927.68,78.99653,11.304229,26.28,7.334312,16.666666
valencia,39.4699,-0.3763,2026-05-03 12:00:00,2026-05-04 23:59:59,26.7825,16.2325,0.0,45282.1,196.26025,15.827721,30.239998,6.9680533,3.75
valencia,39.4699,-0.3763,2026-05-03 12:00:00,2026-05-05 23:59:59,23.2825,15.2825,0.0,49907.09,61.139374,18.0036,39.6,9.700069,1.6666666
valencia,39.4699,-0.3763,2026-05-03 12:00:00,2026-05-06 23:59:59,21.0325,13.632501,0.0,50032.008,128.08165,17.782686,40.32,8.30182,1.8333334
valencia,39.4699,-0.3763,2026-05-03 12:00:00,2026-05-07 23:59:59,21.0325,15.7325,2.7,44574.45,85.26102,12.864649,32.039997,7.743145,17.333334
valencia,39.4699,-0.3763,2026-05-03 12:00:00,2026-05-08 23:59:59,25.164501,15.6145,0.3,46524.746,257.1935,16.24394,36.719997,8.900959,43.46875
valencia,39.4699,-0.3763,2026-05-03 12:00:00,2026-05-09 23:59:59,25.3645,15.1145,0.0,50294.152,262.47403,22.148045,47.519997,14.118421,24.0
valencia,39.4699,-0.3763,2026-05-19 12:00:00,2026-05-19 23:59:59,29.7825,15.4825,0.0,50400.0,80.83754,18.057508,41.399998,8.736196,0.0
valencia,39.4699,-0.3763,2026-05-19 12:00:00,2026-05-20 23:59:59,23.182499,15.882501,0.0,49565.62,66.61864,13.679999,31.68,7.2977114,0.0
valencia,39.4699,-0.3763,2026-05-19 12:00:00,2026-05-21 23:59:59,26.182499,14.7325,0.0,50400.0,99.217606,14.039999,32.399998,6.439532,0.0
valencia,39.4699,-0.3763,2026-05-19 12:00:00,2026-05-22 23:59:59,26.5325,14.7825,0.0,50431.55,87.99057,14.24163,33.839996,6.0550747,0.0
valencia,39.4699,-0.3763,2026-05-19 12:00:00,2026-05-23 23:59:59,26.682499,15.4325,0.0,50407.484,95.26482,15.629971,35.64,7.4841413,0.0
valencia,39.4699,-0.3763,2026-05-19 12:00:00,2026-05-24 23:59:59,24.3145,16.7145,0.0,44817.48,66.32559,19.164719,41.399998,9.661665,1.5
valencia,39.4699,-0.3763,2026-05-19 12:00:00,2026-05-25 23:59:59,25.2145,16.914501,0.0,41565.535,78.06678,16.62249,36.36,7.318853,3.75
aachen,50.7753,6.0839,2026-06-11 12:00:00,2026-06-06 23:59:59,21.425999,11.176,0.8,32916.72,196.67256,16.919998,32.399998,9.075,29.958334
aachen,50.7753,6.0839,2026-06-11 12:00:00,2026-06-07 23:59:59,20.376,11.526,0.1,40110.637,244.77805,20.16,40.68,13.514999,5.1666665
aachen,50.7753,6.0839,2026-06-11 12:00:00,2026-06-08 23:59:59,23.026,12.976,7.9,22840.568,204.42075,20.880001,39.96,8.190001,21.583334
aachen,50.7753,6.0839,2026-06-11 12:00:00,2026-06-09 23:59:59,17.175999,11.726,4.3999996,23202.717,241.04073,18.359999,38.16,14.670001,60.333332
aachen,50.7753,6.0839,2026-06-11 12:00:00,2026-06-10 23:59:59,17.226,10.126,1.2,42422.67,234.35168,22.68,48.96,11.834998,33.541668
aachen,50.7753,6.0839,2026-06-11 12:00:00,2026-06-11 23:59:59,17.626,9.676,2.9,20524.88,237.28648,16.919998,41.399998,11.774999,41.958332
aachen,50.7753,6.0839,2026-06-11 12:00:00,2026-06-12 23:59:59,15.326,11.626,6.4999995,0.0,240.14001,21.24,42.48,18.09,82.458336
aachen,50.7753,6.0839,2026-06-11 12:00:00,2026-06-13 23:59:59,18.026,11.95,0.1,22556.805,259.83228,21.599998,47.16,17.131552,24.041666
aachen,50.7753,6.0839,2026-06-11 12:00:00,2026-06-14 23:59:59,16.45,10.45,0.8000001,52999.133,283.8476,19.33639,44.28,14.314054,22.041666
aachen,50.7753,6.0839,2026-06-11 12:00:00,2026-06-15 23:59:59,17.85,8.7,0.0,58401.98,306.32803,13.513193,34.92,9.657611,4.3333335
aachen,50.7753,6.0839,2026-06-11 12:00:00,2026-06-16 23:59:59,22.4,10.25,0.0,57977.027,218.8944,15.275627,35.28,11.381799,4.7083335
aachen,50.7753,6.0839,2026-06-11 12:00:00,2026-06-17 23:59:59,24.9,16.8,0.0,58567.1,240.623,18.030573,44.28,14.183631,4.5
aachen,50.7753,6.0839,2026-06-11 12:00:00,2026-06-18 23:59:59,30.4,18.15,3.8999999,58585.684,188.75772,12.886039,29.16,9.372321,6.7083335
aachen,50.7753,6.0839,2026-06-11 12:00:00,2026-06-19 23:59:59,29.8,23.05,5.1000004,56195.164,238.70293,16.546297,40.32,10.95816,17.583334
aachen,50.7753,6.0839,2026-06-11 12:00:00,2026-06-20 23:59:59,22.35,19.55,0.6,57620.168,110.03911,5.8603754,39.6,4.710766,18.0
aachen,50.7753,6.0839,2026-06-11 12:00:00,2026-06-21 23:59:59,30.75,19.1,1.2000002,58608.16,190.15657,16.116785,60.479996,8.668466,13.5
aachen,50.7753,6.0839,2026-06-11 12:00:00,2026-06-22 23:59:59,23.95,17.55,0.6,0.0,234.08081,23.453938,54.0,17.98897,18.0
aachen,50.7753,6.0839,2026-06-11 12:00:00,2026-06-23 23:59:59,19.5,14.6,10.500001,29051.295,244.0276,24.552025,52.56,20.51176,17.916666
aachen,50.7753,6.0839,2026-06-11 12:00:00,2026-06-24 23:59:59,20.8,14.5,2.6999998,58580.742,227.08173,17.81909,44.28,13.162284,24.916666
valencia,39.4699,-0.3763,2026-04-20 12:00:00,2026-04-20 23:59:59,24.4825,12.6825,0.0,44831.887,77.833496,12.984975,29.519999,6.617893,0.0
valencia,39.4699,-0.3763,2026-04-20 12:00:00,2026-04-21 23:59:59,21.2825,12.9325,0.0,44460.5,57.515495,13.084402,32.039997,6.6751056,0.0
valencia,39.4699,-0.3763,2026-04-20 12:00:00,2026-04-22 23:59:59,23.8825,14.2325,0.0,43500.27,95.7422,11.874544,32.039997,5.8843474,0.0
valencia,39.4699,-0.3763,2026-04-20 12:00:00,2026-04-23 23:59:59,20.2325,15.882501,0.0,45560.043,50.458202,18.775303,43.56,13.155349,0.6666667
valencia,39.4699,-0.3763,2026-04-20 12:00:00,2026-04-24 23:59:59,19.432499,14.382501,0.3,28773.928,68.6191,11.159999,28.8,6.0634527,5.8333335
valencia,39.4699,-0.3763,2026-04-20 12:00:00,2026-04-25 23:59:59,22.3145,12.4145,0.0,45879.473,106.332275,12.287555,30.599998,5.5583262,20.520834
valencia,39.4699,-0.3763,2026-04-20 12:00:00,2026-04-26 23:59:59,20.7645,9.1645,0.3,23185.656,172.72513,7.771331,19.08,4.3926506,15.375
munich,48.1351,11.582,2026-04-27 12:00:00,2026-04-27 23:59:59,18.715,6.015,0.0,48116.875,41.700794,8.766573,21.96,4.8179746,0.0
munich,48.1351,11.582,2026-04-27 12:00:00,2026-04-28 23:59:59,19.015001,7.015,0.0,37234.004,78.14116,16.311613,37.44,9.123528,0.0
munich,48.1351,11.582,2026-04-27 12:00:00,2026-04-29 23:59:59,17.2215,6.34325,0.0,43937.06,73.61038,16.862455,46.079998,12.958805,0.0
munich,48.1351,11.582,2026-04-27 12:00:00,2026-04-30 23:59:59,14.6715,1.7715001,0.0,49808.496,82.26657,18.64369,50.039997,14.731304,0.0
munich,48.1351,11.582,2026-04-27 12:00:00,2026-05-01 23:59:59,19.1215,2.6215,0.0,50347.59,86.33342,14.264361,39.239998,10.124746,0.0
munich,48.1351,11.582,2026-04-27 12:00:00,2026-05-02 23:59:59,22.308,3.358,0.0,51573.2,67.36286,6.0829234,14.13,3.6895316,0.33333334
munich,48.1351,11.582,2026-04-27 12:00:00,2026-05-03 23:59:59,22.008,4.158,8.400001,43788.42,256.293,13.708391,35.28,6.2474594,9.25
valencia,39.4699,-0.3763,2026-05-04 12:00:00,2026-05-04 23:59:59,21.432499,16.3825,5.6,30828.072,99.06643,11.212135,33.839996,4.620473,25.333334
valencia,39.4699,-0.3763,2026-05-04 12:00:00,2026-05-05 23:59:59,24.682499,14.7325,0.0,47565.02,57.883274,18.899143,39.6,8.500255,0.125
valencia,39.4699,-0.3763,2026-05-04 12:00:00,2026-05-06 23:59:59,21.1325,14.1825,0.0,48517.207,107.96924,16.279802,39.239998,8.223129,1.2083334
valencia,39.4699,-0.3763,2026-05-04 12:00:00,2026-05-07 23:59:59,21.332499,13.132501,0.3,47626.203,80.28481,14.471821,32.760002,7.393137,17.958334
valencia,39.4699,-0.3763,2026-05-04 12:00:00,2026-05-08 23:59:59,24.332499,16.332499,0.3,40671.652,118.22517,17.654688,41.399998,7.785258,12.75
valencia,39.4699,-0.3763,2026-05-04 12:00:00,2026-05-09 23:59:59,19.7645,16.6145,6.599999,19956.584,71.98536,15.408671,35.28,9.5504875,28.21875
valencia,39.4699,-0.3763,2026-05-04 12:00:00,2026-05-10 23:59:59,22.4645,13.6645,0.9,46208.934,240.1325,17.902534,38.519997,11.518076,17.958334
munich,48.1351,11.582,2026-04-21 12:00:00,2026-04-21 23:59:59,10.815,3.665,0.0,32470.996,27.371017,14.565548,33.12,7.434543,1.4166666
munich,48.1351,11.582,2026-04-21 12:00:00,2026-04-22 23:59:59,13.014999,2.565,0.0,47637.24,67.84601,16.676977,36.0,9.570955,0.125
munich,48.1351,11.582,2026-04-21 12:00:00,2026-04-23 23:59:59,17.1215,3.1215,0.0,47589.53,317.61606,9.449572,26.28,4.212952,0.0
munich,48.1351,11.582,2026-04-21 12:00:00,2026-04-24 23:59:59,19.1215,2.6715,0.0,48258.125,283.5768,9.504272,27.72,5.8574,0.0
munich,48.1351,11.582,2026-04-21 12:00:00,2026-04-25 23:59:59,19.6215,4.3715,0.0,49735.14,283.91687,10.883676,31.319998,6.2312655,0.0
munich,48.1351,11.582,2026-04-21 12:00:00,2026-04-26 23:59:59,17.508,3.608,0.0,49316.574,4.483368,9.565437,22.68,5.535921,0.0
munich,48.1351,11.582,2026-04-21 12:00:00,2026-04-27 23:59:59,17.408,5.2580004,0.0,49960.76,40.68815,10.233123,23.759998,5.4140005,0.7083333
valencia,39.4699,-0.3763,2026-05-13 12:00:00,2026-05-13 23:59:59,27.2825,15.7825,0.0,50400.0,287.05838,13.905509,36.719997,11.143862,0.0
valencia,39.4699,-0.3763,2026-05-13 12:00:00,2026-05-14 23:59:59,25.7325,13.9825,0.0,49954.71,82.49074,20.88,48.6,9.212198,1.1666666
valencia,39.4699,-0.3763,2026-05-13 12:00:00,2026-05-15 23:59:59,21.8825,14.6825,3.3,22075.64,309.447,15.277749,41.760002,7.241781,14.083333
valencia,39.4699,-0.3763,2026-05-13 12:00:00,2026-05-16 23:59:59,22.332499,10.7825,0.0,50400.0,178.794,18.626305,41.760002,8.91674,0.8333333
valencia,39.4699,-0.3763,2026-05-13 12:00:00,2026-05-17 23:59:59,22.5325,14.3325,0.0,50400.0,100.341545,16.75064,38.519997,7.4536185,0.125
valencia,39.4699,-0.3763,2026-05-13 12:00:00,2026-05-18 23:59:59,23.3145,14.014501,0.45000002,49324.53,84.925674,14.84318,33.839996,6.9782104,4.1770835
valencia,39.4699,-0.3763,2026-05-13 12:00:00,2026-05-19 23:59:59,28.5645,13.264501,0.0,50400.0,151.73607,18.043148,39.239998,7.8069506,3.6666667
munich,48.1351,11.582,2026-06-01 12:00:00,2026-06-01 23:59:59,21.865,14.915,3.3999999,37680.91,277.2968,15.617529,34.92,9.06979,36.291668
munich,48.1351,11.582,2026-06-01 12:00:00,2026-06-02 23:59:59,22.815,12.315,4.6000004,30876.809,170.62978,18.72346,56.88,7.962981,18.666666
munich,48.1351,11.582,2026-06-01 12:00:00,2026-06-03 23:59:59,18.1215,12.7715,3.1749997,35780.91,262.21204,14.830076,43.56,11.6741295,41.5
munich,48.1351,11.582,2026-06-01 12:00:00,2026-06-04 23:59:59,23.6215,10.7715,0.3,36786.027,235.02638,11.525623,47.519997,8.328022,14.083333
munich,48.1351,11.582,2026-06-01 12:00:00,2026-06-05 23:59:59,19.271502,12.8215,2.1,48349.055,275.96216,10.1376915,33.839996,7.5857754,68.0
munich,48.1351,11.582,2026-06-01 12:00:00,2026-06-06 23:59:59,21.158,10.058001,0.3,30455.701,159.26996,14.799459,40.68,7.33768,19.302084
munich,48.1351,11.582,2026-06-01 12:00:00,2026-06-07 23:59:59,20.408,11.908,1.2,39835.566,266.10504,19.917469,47.519997,12.116209,18.0
london,51.5074,-0.1278,2026-04-23 12:00:00,2026-04-23 23:59:59,17.491,8.091,0.0,41486.617,74.66497,16.56,37.079998,14.895,0.0
london,51.5074,-0.1278,2026-04-23 12:00:00,2026-04-24 23:59:59,17.791,6.691,0.0,46800.0,79.57705,14.4,32.760002,11.775,0.0
london,51.5074,-0.1278,2026-04-23 12:00:00,2026-04-25 23:59:59,17.904501,5.2545004,0.0,39363.367,64.275154,12.599999,25.919998,5.085,0.0
london,51.5074,-0.1278,2026-04-23 12:00:00,2026-04-26 23:59:59,14.4545,8.1045,0.0,50437.586,83.77073,14.04,30.239998,11.655,0.041666668
london,51.5074,-0.1278,2026-04-23 12:00:00,2026-04-27 23:59:59,14.8545,6.8545003,0.0,48762.035,75.78213,14.759999,32.039997,11.039999,2.3333333
london,51.5074,-0.1278,2026-04-23 12:00:00,2026-04-28 23:59:59,16.7045,6.0545,0.0,14432.18,58.22246,12.24,25.56,9.719999,4.0
london,51.5074,-0.1278,2026-04-23 12:00:00,2026-04-29 23:59:59,15.35,9.6545,0.0,51423.098,45.294743,25.344229,63.72,18.090511,0.041666668
berlin,52.52,13.405,2026-06-04 12:00:00,2026-06-04 23:59:59,21.652,13.802,4.7000003,6468.144,201.96059,14.654254,44.639996,10.3466425,21.291666
berlin,52.52,13.405,2026-06-04 12:00:00,2026-06-05 23:59:59,22.402,14.902,0.0,36413.6,246.95274,14.113652,33.839996,9.441646,8.875
berlin,52.52,13.405,2026-06-04 12:00:00,2026-06-06 23:59:59,24.338999,12.688999,0.0,47124.195,202.62839,7.5599995,21.599998,4.004362,2.0416667
berlin,52.52,13.405,2026-06-04 12:00:00,2026-06-07 23:59:59,19.989,15.289,7.4999995,30911.371,239.53452,14.48972,43.92,10.380391,32.25
berlin,52.52,13.405,2026-06-04 12:00:00,2026-06-08 23:59:59,24.389,13.988999,0.0,57600.0,253.07884,10.805999,28.08,7.6107297,6.5
berlin,52.52,13.405,2026-06-04 12:00:00,2026-06-09 23:59:59,22.226,15.326,5.3999996,35302.746,223.18306,16.981165,44.639996,11.714169,42.59375
berlin,52.52,13.405,2026-06-04 12:00:00,2026-06-10 23:59:59,20.376,11.526,0.6,57600.0,254.76067,15.683776,42.12,9.757435,20.166666
berlin,52.52,13.405,2026-06-11 12:00:00,2026-06-06 23:59:59,24.702,12.102,0.0,45500.125,179.99998,11.177405,28.8,5.5511904,0.125
berlin,52.52,13.405,2026-06-11 12:00:00,2026-06-07 23:59:59,20.652,15.952,0.6,37465.84,265.4131,20.192118,45.36,11.682456,12.416667
berlin,52.52,13.405,2026-06-11 12:00:00,2026-06-08 23:59:59,25.702,13.052,0.0,49030.117,184.10013,11.298495,26.28,6.9534855,0.125
berlin,52.52,13.405,2026-06-11 12:00:00,2026-06-09 23:59:59,21.202,15.502,0.5,24489.473,253.97491,28.73242,58.679996,13.942183,12.583333
berlin,52.52,13.405,2026-06-11 12:00:00,2026-06-10 23:59:59,19.702,11.252,0.6,24485.707,153.91109,16.954432,37.8,6.1999316,12.208333
berlin,52.52,13.405,2026-06-11 12:00:00,2026-06-11 23:59:59,19.552,12.002,0.0,44476.168,283.61496,16.923828,41.760002,10.0726385,21.0
berlin,52.52,13.405,2026-06-11 12:00:00,2026-06-12 23:59:59,17.702,11.752,0.2,6268.2954,214.05653,14.982228,33.839996,9.370424,9.416667
berlin,52.52,13.405,2026-06-11 12:00:00,2026-06-13 23:59:59,22.039,15.289,5.3999996,43584.086,274.44675,21.2522,54.0,15.130689,18.833334
berlin,52.52,13.405,2026-06-11 12:00:00,2026-06-14 23:59:59,17.689,11.938999,2.6999998,46899.85,268.40274,18.998314,60.479996,15.965103,40.666668
berlin,52.52,13.405,2026-06-11 12:00:00,2026-06-15 23:59:59,20.13575,13.089,0.0,27246.252,275.80093,21.626984,54.719997,18.025911,11.041667
berlin,52.52,13.405,2026-06-11 12:00:00,2026-06-16 23:59:59,23.376,10.376,0.0,58040.523,284.01648,10.589457,26.64,7.1283092,4.0208335
berlin,52.52,13.405,2026-06-11 12:00:00,2026-06-17 23:59:59,22.157,14.926,0.6,41340.11,241.25592,15.273505,44.28,7.055408,2.0416667
berlin,52.52,13.405,2026-06-11 12:00:00,2026-06-18 23:59:59,24.2,16.4,0.0,58976.645,248.65796,8.865799,27.72,6.2005644,2.4583333
berlin,52.52,13.405,2026-06-11 12:00:00,2026-06-19 23:59:59,31.3,18.3,4.7999997,59323.85,146.83272,10.9859,28.44,7.3407063,13.083333
berlin,52.52,13.405,2026-06-11 12:00:00,2026-06-20 23:59:59,28.5,18.85,2.9999995,45776.88,295.53522,9.266067,27.359999,6.8108654,15.708333
berlin,52.52,13.405,2026-06-11 12:00:00,2026-06-21 23:59:59,28.6,17.85,1.5,49505.21,114.98956,8.55142,27.72,5.276002,12.75
berlin,52.52,13.405,2026-06-11 12:00:00,2026-06-22 23:59:59,33.15,20.5,15.3,44960.0,191.64409,15.077082,39.239998,8.786809,9.666667
berlin,52.52,13.405,2026-06-11 12:00:00,2026-06-23 23:59:59,22.85,18.4,0.0,59399.656,261.80585,20.558647,52.199997,9.555227,18.291666
berlin,52.52,13.405,2026-06-11 12:00:00,2026-06-24 23:59:59,22.55,16.0,9.599998,0.0,263.50787,12.049249,33.48,6.2301283,17.625
madrid,40.4168,-3.7038,2026-06-15 12:00:00,2026-06-10 23:59:59,29.765501,16.3155,0.0,51630.04,43.191265,14.336861,37.8,8.273609,0.0
madrid,40.4168,-3.7038,2026-06-15 12:00:00,2026-06-11 23:59:59,30.9155,15.4655,0.0,51272.91,47.71315,15.7908325,42.48,8.888785,0.0
madrid,40.4168,-3.7038,2026-06-15 12:00:00,2026-06-12 23:59:59,32.7655,18.615501,0.0,51605.465,70.296074,12.181624,32.399998,7.6630435,0.0
madrid,40.4168,-3.7038,2026-06-15 12:00:00,2026-06-13 23:59:59,32.9155,19.865501,0.0,50903.74,115.83281,9.931042,29.16,7.3668923,0.0
madrid,40.4168,-3.7038,2026-06-15 12:00:00,2026-06-14 23:59:59,33.065502,20.9655,0.5,48697.63,102.994644,15.941944,40.68,6.3772273,11.625
madrid,40.4168,-3.7038,2026-06-15 12:00:00,2026-06-15 23:59:59,30.4155,19.115501,0.0,46800.0,188.90665,6.12,26.28,3.32304,9.041667
madrid,40.4168,-3.7038,2026-06-15 12:00:00,2026-06-16 23:59:59,32.1655,18.865501,0.0,51216.133,100.12463,6.924738,22.68,4.1594505,1.0
madrid,40.4168,-3.7038,2026-06-15 12:00:00,2026-06-17 23:59:59,35.0155,20.015501,0.0,52242.79,113.94263,9.983106,29.16,6.3923755,0.375
madrid,40.4168,-3.7038,2026-06-15 12:00:00,2026-06-18 23:59:59,34.815502,19.8155,0.0,52980.77,132.46854,10.195057,28.8,7.170411,0.7916667
madrid,40.4168,-3.7038,2026-06-15 12:00:00,2026-06-19 23:59:59,34.1655,20.9155,0.0,51256.21,105.50259,7.928178,28.08,4.601195,4.125
madrid,40.4168,-3.7038,2026-06-15 12:00:00,2026-06-20 23:59:59,37.359,21.059,0.0,53039.89,108.07829,10.195057,27.72,7.5959435,1.1145834
madrid,40.4168,-3.7038,2026-06-15 12:00:00,2026-06-21 23:59:59,39.759,22.659,0.3,53060.184,118.91423,10.799999,29.16,7.894648,1.875
madrid,40.4168,-3.7038,2026-06-15 12:00:00,2026-06-22 23:59:59,40.4,23.909,0.3,53063.92,181.3614,10.656547,50.399998,7.227034,5.3333335
madrid,40.4168,-3.7038,2026-06-15 12:00:00,2026-06-23 23:59:59,39.5,26.95,0.3,53072.2,233.92929,16.596157,54.719997,8.218661,7.9166665
madrid,40.4168,-3.7038,2026-06-15 12:00:00,2026-06-24 23:59:59,37.5,24.8,0.0,53089.098,57.90528,12.800265,42.839996,7.504116,4.875
madrid,40.4168,-3.7038,2026-06-15 12:00:00,2026-06-25 23:59:59,36.75,20.4,0.0,53104.773,45.865093,14.248452,48.96,8.949467,4.1666665
madrid,40.4168,-3.7038,2026-06-15 12:00:00,2026-06-26 23:59:59,36.2,22.65,0.0,53026.94,56.1304,13.577776,41.399998,8.614262,5.5
madrid,40.4168,-3.7038,2026-06-15 12:00:00,2026-06-27 23:59:59,36.65,24.3,0.0,53028.945,104.03626,11.161451,38.519997,8.512895,8.041667
madrid,40.4168,-3.7038,2026-06-15 12:00:00,2026-06-28 23:59:59,37.35,24.35,0.0,53028.766,83.50753,10.711135,46.079998,8.369678,7.7916665
london,51.5074,-0.1278,2026-04-20 12:00:00,2026-04-20 23:59:59,13.040999,6.8910003,0.3,35634.293,51.928402,16.199999,35.64,9.885,0.29166666
london,51.5074,-0.1278,2026-04-20 12:00:00,2026-04-21 23:59:59,14.540999,7.6410003,0.0,46800.0,58.755924,20.519999,46.44,16.635,1.375
london,51.5074,-0.1278,2026-04-20 12:00:00,2026-04-22 23:59:59,15.740999,6.991,0.0,50400.0,73.52612,23.22,50.579998,17.37,0.0
london,51.5074,-0.1278,2026-04-20 12:00:00,2026-04-23 23:59:59,16.654501,7.4545,0.0,50400.0,74.18983,15.4800005,34.56,12.809999,0.0
london,51.5074,-0.1278,2026-04-20 12:00:00,2026-04-24 23:59:59,16.2045,5.5545,0.0,50400.0,72.2866,13.679999,29.16,11.19,0.0
london,51.5074,-0.1278,2026-04-20 12:00:00,2026-04-25 23:59:59,13.2545,6.1545,0.0,48624.848,77.91584,13.679999,28.8,11.475002,0.45833334
london,51.5074,-0.1278,2026-04-20 12:00:00,2026-04-26 23:59:59,16.8045,8.7045,0.0,50537.4,70.32299,9.72,19.44,6.105,2.6666667
aachen,50.7753,6.0839,2026-05-19 12:00:00,2026-05-19 23:59:59,17.075998,8.176,0.4,21579.662,200.29845,18.72,37.8,12.269999,14.416667
aachen,50.7753,6.0839,2026-05-19 12:00:00,2026-05-20 23:59:59,17.425999,12.676,2.6999996,23589.23,231.98535,20.16,41.039997,15.27,72.333336
aachen,50.7753,6.0839,2026-05-19 12:00:00,2026-05-21 23:59:59,21.626,11.376,0.0,46886.195,247.00716,11.879999,26.28,8.338393,0.5
aachen,50.7753,6.0839,2026-05-19 12:00:00,2026-05-22 23:59:59,23.4,11.5,0.0,54642.426,101.477165,12.785069,31.68,7.946173,0.0
aachen,50.7753,6.0839,2026-05-19 12:00:00,2026-05-23 23:59:59,25.1,13.4,0.0,55815.582,101.64597,9.835975,24.84,6.9440293,0.9583333
aachen,50.7753,6.0839,2026-05-19 12:00:00,2026-05-24 23:59:59,24.8,15.55,0.0,50389.03,36.93361,11.5887,31.68,7.0233154,3.7916667
aachen,50.7753,6.0839,2026-05-19 12:00:00,2026-05-25 23:59:59,26.05,17.55,0.0,44023.69,62.891167,13.551501,34.56,11.494014,0.9583333
london,51.5074,-0.1278,2026-04-21 12:00:00,2026-04-21 23:59:59,13.191,6.591,0.1,35982.547,59.683956,20.880001,46.44,16.2,0.0
london,51.5074,-0.1278,2026-04-21 12:00:00,2026-04-22 23:59:59,15.990999,6.991,0.0,46800.0,77.073746,23.039999,52.199997,17.19,0.0
london,51.5074,-0.1278,2026-04-21 12:00:00,2026-04-23 23:59:59,18.8545,8.34775,0.0,50400.0,77.08386,17.28,36.719997,12.982499,0.0
london,51.5074,-0.1278,2026-04-21 12:00:00,2026-04-24 23:59:59,18.5045,7.5045004,0.0,50400.0,81.186554,13.679999,30.239998,11.415,0.0
london,51.5074,-0.1278,2026-04-21 12:00:00,2026-04-25 23:59:59,16.6045,7.5545,0.0,50643.758,87.05032,12.599999,27.0,9.495,0.0
london,51.5074,-0.1278,2026-04-21 12:00:00,2026-04-26 23:59:59,19.5545,8.8545,0.0,38440.637,104.076675,9.36,20.16,5.055,0.625
london,51.5074,-0.1278,2026-04-21 12:00:00,2026-04-27 23:59:59,16.904501,8.6,0.0,50849.62,151.83807,14.4,32.760002,11.57053,2.0
aachen,50.7753,6.0839,2026-06-13 12:00:00,2026-06-08 23:59:59,23.026,12.976,7.9,22840.568,204.42075,20.880001,39.96,8.190001,21.583334
aachen,50.7753,6.0839,2026-06-13 12:00:00,2026-06-09 23:59:59,17.175999,11.726,4.3999996,23202.717,241.04073,18.359999,38.16,14.670001,60.333332
aachen,50.7753,6.0839,2026-06-13 12:00:00,2026-06-10 23:59:59,17.226,10.126,1.2,42422.67,234.35168,22.68,48.96,11.834998,33.541668
aachen,50.7753,6.0839,2026-06-13 12:00:00,2026-06-11 23:59:59,17.776,9.676,5.5,26784.156,241.72787,15.84,33.12,11.699997,39.25
aachen,50.7753,6.0839,2026-06-13 12:00:00,2026-06-12 23:59:59,16.026,12.376,10.400002,0.0,242.50539,22.68,43.92,18.914997,86.375
aachen,50.7753,6.0839,2026-06-13 12:00:00,2026-06-13 23:59:59,18.126,13.726,0.4,17888.24,265.35333,22.68,46.44,16.769999,25.375
aachen,50.7753,6.0839,2026-06-13 12:00:00,2026-06-14 23:59:59,18.026,12.376,0.0,27555.355,278.29764,14.759999,30.960001,11.594998,23.458334
aachen,50.7753,6.0839,2026-06-13 12:00:00,2026-06-15 23:59:59,21.726,9.876,0.0,42155.848,269.4587,10.799999,24.48,8.25,6.5833335
aachen,50.7753,6.0839,2026-06-13 12:00:00,2026-06-16 23:59:59,23.75,15.55,0.90000004,41037.613,231.35518,23.264608,51.839996,15.841554,16.875
aachen,50.7753,6.0839,2026-06-13 12:00:00,2026-06-17 23:59:59,25.3,15.1,0.3,58456.883,238.78094,20.298542,47.88,15.855877,11.041667
aachen,50.7753,6.0839,2026-06-13 12:00:00,2026-06-18 23:59:59,25.85,16.55,0.0,58585.684,252.92746,16.084589,41.039997,12.719524,3.0
aachen,50.7753,6.0839,2026-06-13 12:00:00,2026-06-19 23:59:59,31.5,16.15,5.4,58598.723,108.621666,13.83192,33.12,7.441924,12.791667
aachen,50.7753,6.0839,2026-06-13 12:00:00,2026-06-20 23:59:59,31.75,20.5,4.8,58606.21,199.09543,18.331741,41.760002,11.263922,10.208333
aachen,50.7753,6.0839,2026-06-13 12:00:00,2026-06-21 23:59:59,31.75,22.0,0.0,58608.16,211.42949,10.134495,34.2,7.1189356,18.083334
aachen,50.7753,6.0839,2026-06-13 12:00:00,2026-06-22 23:59:59,31.5,21.75,7.2,53017.895,211.26857,13.723745,42.48,9.408006,10.791667
aachen,50.7753,6.0839,2026-06-13 12:00:00,2026-06-23 23:59:59,24.5,18.2,7.4999995,45326.215,273.71848,17.123669,43.56,12.312636,19.541666
aachen,50.7753,6.0839,2026-06-13 12:00:00,2026-06-24 23:59:59,22.9,15.7,0.9000001,57038.65,42.84175,9.422101,31.319998,6.507962,12.333333
aachen,50.7753,6.0839,2026-06-13 12:00:00,2026-06-25 23:59:59,21.85,16.9,3.8999991,46523.73,245.17068,18.73557,46.079998,14.347942,13.708333
aachen,50.7753,6.0839,2026-06-13 12:00:00,2026-06-26 23:59:59,20.2,14.45,3.3000004,57714.67,257.3088,16.607864,41.760002,13.785706,14.625
rome,41.9028,12.4964,2026-06-14 12:00:00,2026-06-09 23:59:59,30.241499,16.1415,0.0,50221.977,244.87503,15.141414,35.64,6.2794557,0.0
rome,41.9028,12.4964,2026-06-14 12:00:00,2026-06-10 23:59:59,28.991499,17.8415,0.0,49166.414,205.11876,14.689588,34.92,7.374408,0.0
rome,41.9028,12.4964,2026-06-14 12:00:00,2026-06-11 23:59:59,25.0415,20.2915,0.0,40323.797,197.49364,14.689589,35.64,8.737383,0.0
rome,41.9028,12.4964,2026-06-14 12:00:00,2026-06-12 23:59:59,30.6415,17.6915,0.0,50397.5,358.8489,16.071491,36.719997,10.089554,0.0
rome,41.9028,12.4964,2026-06-14 12:00:00,2026-06-13 23:59:59,30.0415,17.1915,0.0,50400.0,276.15027,14.081478,34.56,5.7975416,0.0
rome,41.9028,12.4964,2026-06-14 12:00:00,2026-06-14 23:59:59,30.0415,16.6915,0.0,49564.18,213.86902,13.551501,33.48,6.5058427,0.0
rome,41.9028,12.4964,2026-06-14 12:00:00,2026-06-15 23:59:59,29.0415,16.5415,0.0,46800.0,187.47147,15.192682,36.719997,7.4645867,0.0
rome,41.9028,12.4964,2026-06-14 12:00:00,2026-06-16 23:59:59,30.5415,19.3915,0.4,43637.75,302.9574,12.904882,33.839996,4.978976,7.0833335
rome,41.9028,12.4964,2026-06-14 12:00:00,2026-06-17 23:59:59,33.891502,19.6415,0.0,52322.81,291.8431,16.23596,37.8,6.572534,0.0
rome,41.9028,12.4964,2026-06-14 12:00:00,2026-06-18 23:59:59,35.391502,21.3415,0.0,53422.777,252.23117,15.137133,37.44,6.060675,0.75
rome,41.9028,12.4964,2026-06-14 12:00:00,2026-06-19 23:59:59,35.735,21.8415,0.0,53445.082,245.96304,15.0038395,34.56,5.9238334,0.041666668
rome,41.9028,12.4964,2026-06-14 12:00:00,2026-06-20 23:59:59,36.385002,18.585,0.0,53466.54,246.51857,15.844089,38.519997,5.615316,0.0
rome,41.9028,12.4964,2026-06-14 12:00:00,2026-06-21 23:59:59,37.333748,17.484999,0.6,53474.85,243.28453,11.856783,41.760002,5.1723013,0.45833334
rome,41.9028,12.4964,2026-06-14 12:00:00,2026-06-22 23:59:59,36.2,25.35,0.0,53850.008,271.5622,8.936778,33.839996,5.3298974,2.0416667
rome,41.9028,12.4964,2026-06-14 12:00:00,2026-06-23 23:59:59,35.25,27.1,0.6,53868.145,228.13878,14.892213,43.199997,6.7392073,3.125
rome,41.9028,12.4964,2026-06-14 12:00:00,2026-06-24 23:59:59,34.55,26.15,1.2000002,53525.05,238.45918,11.854062,36.719997,6.1761165,7.4583335
rome,41.9028,12.4964,2026-06-14 12:00:00,2026-06-25 23:59:59,35.4,25.4,0.0,53540.4,260.48447,13.896187,42.12,6.2649274,6.375
rome,41.9028,12.4964,2026-06-14 12:00:00,2026-06-26 23:59:59,35.4,25.6,0.0,53554.38,253.89365,12.351988,36.719997,6.4346867,3.2083333
rome,41.9028,12.4964,2026-06-14 12:00:00,2026-06-27 23:59:59,36.3,25.9,0.0,53566.547,243.92189,13.609951,39.96,6.573657,1.5833334
london,51.5074,-0.1278,2026-04-25 12:00:00,2026-04-25 23:59:59,20.241,7.491,0.0,46800.0,62.421005,8.28,19.08,5.4449997,0.0
london,51.5074,-0.1278,2026-04-25 12:00:00,2026-04-26 23:59:59,18.341,8.941,0.0,44432.38,89.40078,14.04,32.399998,12.075001,0.0
london,51.5074,-0.1278,2026-04-25 12:00:00,2026-04-27 23:59:59,18.8045,8.64775,0.0,40783.637,36.765694,15.4800005,32.039997,6.1237497,8.416667
london,51.5074,-0.1278,2026-04-25 12:00:00,2026-04-28 23:59:59,14.5045,9.1045,0.0,35884.16,42.055416,18.359999,39.239998,15.525,7.4166665
london,51.5074,-0.1278,2026-04-25 12:00:00,2026-04-29 23:59:59,14.7545,7.9045,0.0,51023.03,49.157776,19.44,40.68,16.605001,0.0
london,51.5074,-0.1278,2026-04-25 12:00:00,2026-04-30 23:59:59,16.3045,6.8045,0.0,51323.37,58.51572,19.8,42.12,14.235,1.375
london,51.5074,-0.1278,2026-04-25 12:00:00,2026-05-01 23:59:59,22.45,6.9545,0.0,47766.457,202.07933,16.831684,50.76,11.901377,7.5833335
berlin,52.52,13.405,2026-05-18 12:00:00,2026-05-18 23:59:59,19.752,8.452,0.0,45824.605,121.19918,14.4,33.839996,8.792189,0.0
berlin,52.52,13.405,2026-05-18 12:00:00,2026-05-19 23:59:59,19.452,10.102,0.2,48687.305,250.94885,9.565437,23.4,6.003911,8.458333
berlin,52.52,13.405,2026-05-18 12:00:00,2026-05-20 23:59:59,19.088999,11.938999,4.4,14623.803,208.28897,10.97262,28.8,6.393531,11.208333
berlin,52.52,13.405,2026-05-18 12:00:00,2026-05-21 23:59:59,20.139,12.389,2.1000001,46944.81,262.61404,14.77755,46.44,8.643109,11.666667
berlin,52.52,13.405,2026-05-18 12:00:00,2026-05-22 23:59:59,22.189,13.639,0.0,36014.375,306.4404,11.019764,30.599998,5.970407,0.125
berlin,52.52,13.405,2026-05-18 12:00:00,2026-05-23 23:59:59,26.226,14.076,0.0,57233.742,114.69817,7.5170207,22.68,4.259227,2.3333333
berlin,52.52,13.405,2026-05-18 12:00:00,2026-05-24 23:59:59,29.476,15.676,0.0,57304.79,130.0216,7.7879906,22.319998,4.46909,13.708333
aachen,50.7753,6.0839,2026-06-01 12:00:00,2026-06-01 23:59:59,23.726,13.926,2.2,46483.426,245.63644,14.4,28.8,8.79,13.875
aachen,50.7753,6.0839,2026-06-01 12:00:00,2026-06-02 23:59:59,23.575998,15.126,16.599998,7622.7285,214.16295,33.12,65.159996,11.099999,53.166668
aachen,50.7753,6.0839,2026-06-01 12:00:00,2026-06-03 23:59:59,19.594,13.326,1.45,24706.682,235.8835,21.252962,47.88,16.91536,43.875
aachen,50.7753,6.0839,2026-06-01 12:00:00,2026-06-04 23:59:59,18.55,12.65,3.1999996,51426.766,224.18182,26.748024,57.239998,21.683632,60.916668
aachen,50.7753,6.0839,2026-06-01 12:00:00,2026-06-05 23:59:59,16.9,11.05,1.2000002,46477.566,241.43169,21.822353,47.519997,18.550802,42.083332
aachen,50.7753,6.0839,2026-06-01 12:00:00,2026-06-06 23:59:59,17.45,9.4,0.6,34296.957,211.28304,13.690653,36.36,10.33532,14.458333
aachen,50.7753,6.0839,2026-06-01 12:00:00,2026-06-07 23:59:59,20.8,14.8,0.0,57241.04,245.91768,14.233664,36.0,10.920606,15.291667
munich,48.1351,11.582,2026-06-05 12:00:00,2026-06-05 23:59:59,18.115,10.714999,6.3999996,28231.746,249.71068,13.979871,35.64,8.623788,41.041668
munich,48.1351,11.582,2026-06-05 12:00:00,2026-06-06 23:59:59,20.665,10.214999,0.1,36213.66,229.57368,9.605998,27.359999,5.7228026,3.25
munich,48.1351,11.582,2026-06-05 12:00:00,2026-06-07 23:59:59,22.3215,13.1715,0.0,47597.44,271.1495,10.239453,29.519999,6.647948,3.875
munich,48.1351,11.582,2026-06-05 12:00:00,2026-06-08 23:59:59,26.6215,12.1215,0.0,51235.95,93.4777,6.87779,23.4,4.0800304,0.75
munich,48.1351,11.582,2026-06-05 12:00:00,2026-06-09 23:59:59,18.9715,14.0715,8.7,612.7831,253.30066,7.7043357,29.519999,5.8637533,60.916668
munich,48.1351,11.582,2026-06-05 12:00:00,2026-06-10 23:59:59,17.858,12.658,2.1,10226.9375,50.025005,7.8625183,19.08,3.7338755,45.40625
munich,48.1351,11.582,2026-06-05 12:00:00,2026-06-11 23:59:59,16.858,13.708,8.700001,1812.9996,181.19344,4.6938252,11.879999,3.0916443,44.25
aachen,50.7753,6.0839,2026-04-19 12:00:00,2026-04-19 23:59:59,14.026,7.776,9.1,35215.266,328.89954,14.4,35.64,9.63,53.916668
aachen,50.7753,6.0839,2026-04-19 12:00:00,2026-04-20 23:59:59,11.676,6.676,1.2000002,25700.264,349.63208,14.759999,31.319998,9.315001,15.208333
aachen,50.7753,6.0839,2026-04-19 12:00:00,2026-04-21 23:59:59,13.407,6.526,0.5,34707.754,54.53935,16.806643,39.239998,12.728283,4.5
aachen,50.7753,6.0839,2026-04-19 12:00:00,2026-04-22 23:59:59,14.35,3.1,0.0,48996.773,71.060555,16.055353,36.0,12.354061,0.0
aachen,50.7753,6.0839,2026-04-19 12:00:00,2026-04-23 23:59:59,15.2,4.1,0.0,50846.76,44.648525,10.08,22.68,6.4335365,0.0
aachen,50.7753,6.0839,2026-04-19 12:00:00,2026-04-24 23:59:59,14.7,2.6,0.0,45043.754,340.54495,11.966953,25.199999,8.461948,0.75
aachen,50.7753,6.0839,2026-04-19 12:00:00,2026-04-25 23:59:59,12.25,3.95,0.3,35317.75,329.64813,16.974487,40.68,14.8831,5.4166665
madrid,40.4168,-3.7038,2026-06-16 12:00:00,2026-06-11 23:59:59,30.9155,15.4655,0.0,51272.91,47.71315,15.7908325,42.48,8.888785,0.0
madrid,40.4168,-3.7038,2026-06-16 12:00:00,2026-06-12 23:59:59,32.7655,18.615501,0.0,51605.465,70.296074,12.181624,32.399998,7.6630435,0.0
madrid,40.4168,-3.7038,2026-06-16 12:00:00,2026-06-13 23:59:59,32.9155,19.865501,0.0,50903.74,115.83281,9.931042,29.16,7.3668923,0.0
madrid,40.4168,-3.7038,2026-06-16 12:00:00,2026-06-14 23:59:59,33.065502,20.9655,0.5,48697.63,102.994644,15.941944,40.68,6.3772273,11.625
madrid,40.4168,-3.7038,2026-06-16 12:00:00,2026-06-15 23:59:59,30.9655,19.115501,0.0,50535.867,150.4222,7.4128532,18.359999,3.3313017,2.125
madrid,40.4168,-3.7038,2026-06-16 12:00:00,2026-06-16 23:59:59,32.1655,19.1655,0.0,50870.72,88.4926,9.346143,27.359999,5.3454423,0.25
madrid,40.4168,-3.7038,2026-06-16 12:00:00,2026-06-17 23:59:59,34.4655,20.115501,0.0,52242.79,117.577644,10.1887,29.16,7.1159654,0.0
madrid,40.4168,-3.7038,2026-06-16 12:00:00,2026-06-18 23:59:59,33.4155,20.0655,0.0,51542.742,130.41383,11.298495,34.56,6.5238037,0.0
madrid,40.4168,-3.7038,2026-06-16 12:00:00,2026-06-19 23:59:59,34.2655,20.4155,0.0,52225.35,117.734085,11.200571,32.039997,5.3428764,2.125
madrid,40.4168,-3.7038,2026-06-16 12:00:00,2026-06-20 23:59:59,36.9155,21.7155,0.0,52984.945,83.47225,7.208994,23.4,5.4421535,4.375
madrid,40.4168,-3.7038,2026-06-16 12:00:00,2026-06-21 23:59:59,38.209,21.615501,0.0,53047.055,100.893845,10.08255,27.900002,5.1607723,0.75
madrid,40.4168,-3.7038,2026-06-16 12:00:00,2026-06-22 23:59:59,40.609,23.259,0.0,53079.414,70.37766,9.746631,25.919998,5.606623,0.45833334
madrid,40.4168,-3.7038,2026-06-16 12:00:00,2026-06-23 23:59:59,39.109,22.809,0.0,53097.555,103.98534,14.869351,37.8,5.6311812,3.2916667
madrid,40.4168,-3.7038,2026-06-16 12:00:00,2026-06-24 23:59:59,38.2,23.55,0.0,53089.098,57.826923,8.461915,57.239998,5.4203095,5.0625
madrid,40.4168,-3.7038,2026-06-16 12:00:00,2026-06-25 23:59:59,36.1,23.95,4.4999995,53104.773,325.63464,10.2742,42.48,5.311453,7.5833335
madrid,40.4168,-3.7038,2026-06-16 12:00:00,2026-06-26 23:59:59,35.75,22.65,0.3,53026.94,234.05777,6.4624763,41.760002,3.9601572,9.791667
madrid,40.4168,-3.7038,2026-06-16 12:00:00,2026-06-27 23:59:59,37.35,24.55,0.0,53028.945,266.677,12.251905,39.96,5.4118304,7.0833335
madrid,40.4168,-3.7038,2026-06-16 12:00:00,2026-06-28 23:59:59,37.15,24.1,0.0,53028.766,100.35901,5.426933,47.88,2.8558908,9.5
madrid,40.4168,-3.7038,2026-06-16 12:00:00,2026-06-29 23:59:59,36.15,24.75,1.8,53026.34,40.536835,13.8049555,50.76,7.78173,8.75
valencia,39.4699,-0.3763,2026-04-24 12:00:00,2026-04-24 23:59:59,19.932499,15.7825,0.0,18844.041,52.611107,14.081478,32.760002,9.005581,4.875
valencia,39.4699,-0.3763,2026-04-24 12:00:00,2026-04-25 23:59:59,20.7825,14.3325,0.0,36185.406,92.367935,14.182355,32.760002,6.3251805,1.2083334
valencia,39.4699,-0.3763,2026-04-24 12:00:00,2026-04-26 23:59:59,21.7325,12.5825,0.0,45994.727,108.6912,12.879752,30.239998,5.8978057,0.375
valencia,39.4699,-0.3763,2026-04-24 12:00:00,2026-04-27 23:59:59,22.2825,12.9325,0.0,47036.527,84.19335,11.609651,27.0,5.9151106,0.0
valencia,39.4699,-0.3763,2026-04-24 12:00:00,2026-04-28 23:59:59,24.0325,13.0325,0.0,48299.96,106.24294,12.181625,29.519999,5.6164145,0.125
valencia,39.4699,-0.3763,2026-04-24 12:00:00,2026-04-29 23:59:59,22.9645,11.7145,0.0,49113.324,82.657814,16.56,37.44,8.089193,10.40625
valencia,39.4699,-0.3763,2026-04-24 12:00:00,2026-04-30 23:59:59,21.6145,15.4145,4.5,32378.209,110.89786,11.709688,25.919998,6.364932,28.5
berlin,52.52,13.405,2026-06-01 12:00:00,2026-06-01 23:59:59,22.752,13.352,0.0,47883.086,340.24915,11.792404,31.319998,7.564217,0.0
berlin,52.52,13.405,2026-06-01 12:00:00,2026-06-02 23:59:59,26.552,15.202,0.0,39017.992,131.32819,12.879752,29.16,8.300236,0.0
berlin,52.52,13.405,2026-06-01 12:00:00,2026-06-03 23:59:59,20.489,15.589,7.7000003,11664.542,228.52051,12.661564,32.760002,8.549501,29.083334
berlin,52.52,13.405,2026-06-01 12:00:00,2026-06-04 23:59:59,24.189,13.339,0.9,40305.055,196.21643,13.556282,46.079998,8.062428,25.125
berlin,52.52,13.405,2026-06-01 12:00:00,2026-06-05 23:59:59,22.389,14.188999,0.0,57600.0,261.3137,11.609651,39.6,8.304568,22.916666
berlin,52.52,13.405,2026-06-01 12:00:00,2026-06-06 23:59:59,22.376,11.226,0.3,49711.254,170.3737,6.489992,21.96,4.4385777,9.364583
berlin,52.52,13.405,2026-06-01 12:00:00,2026-06-07 23:59:59,21.075998,14.276,3.6,37710.51,224.49796,17.0763,44.639996,11.728153,12.708333
aachen,50.7753,6.0839,2026-05-14 12:00:00,2026-05-14 23:59:59,10.826,6.376,6.7000003,26054.04,253.17332,18.359999,39.6,11.054999,63.875
aachen,50.7753,6.0839,2026-05-14 12:00:00,2026-05-15 23:59:59,13.026,5.576,0.4,35483.527,287.77048,15.84,39.6,8.13,44.916668
aachen,50.7753,6.0839,2026-05-14 12:00:00,2026-05-16 23:59:59,12.2,5.2945,2.775,47362.992,243.79094,17.574675,40.32,11.709952,32.458332
aachen,50.7753,6.0839,2026-05-14 12:00:00,2026-05-17 23:59:59,13.0,5.6,1.4000001,28360.781,205.56471,13.5012,30.960001,11.039515,13.125
aachen,50.7753,6.0839,2026-05-14 12:00:00,2026-05-18 23:59:59,14.05,9.3,5.4,29531.734,219.04967,16.116785,36.719997,13.481079,38.75
aachen,50.7753,6.0839,2026-05-14 12:00:00,2026-05-19 23:59:59,15.8,9.55,3.2999995,17706.611,210.63965,23.444956,55.44,17.984936,10.916667
aachen,50.7753,6.0839,2026-05-14 12:00:00,2026-05-20 23:59:59,19.25,11.85,1.2000002,45454.33,235.94603,17.762634,43.92,15.106749,29.666666
aachen,50.7753,6.0839,2026-06-07 12:00:00,2026-06-02 23:59:59,23.126,15.326,5.5,14575.029,203.4554,18.0,37.079998,11.22,49.625
aachen,50.7753,6.0839,2026-06-07 12:00:00,2026-06-03 23:59:59,18.925999,12.626,2.1000001,27026.83,221.27893,19.44,38.88,15.525,60.25
aachen,50.7753,6.0839,2026-06-07 12:00:00,2026-06-04 23:59:59,16.825998,13.226,2.7,10595.571,215.74706,24.119999,48.6,16.814999,74.541664
aachen,50.7753,6.0839,2026-06-07 12:00:00,2026-06-05 23:59:59,18.726,12.276,3.0,30450.742,232.5766,19.08,37.8,13.349998,41.875
aachen,50.7753,6.0839,2026-06-07 12:00:00,2026-06-06 23:59:59,21.425999,11.176,0.8,32916.72,196.67256,16.919998,32.399998,9.075,29.958334
aachen,50.7753,6.0839,2026-06-07 12:00:00,2026-06-07 23:59:59,20.376,11.526,0.1,40110.637,243.78595,20.16,40.68,13.514998,5.1666665
aachen,50.7753,6.0839,2026-06-07 12:00:00,2026-06-08 23:59:59,23.626,13.376,2.6000001,22025.594,207.60905,23.4,46.079998,9.704999,21.166666
aachen,50.7753,6.0839,2026-06-07 12:00:00,2026-06-09 23:59:59,19.026,11.126,2.1,41241.383,242.94055,17.28,56.16,14.565001,51.25
aachen,50.7753,6.0839,2026-06-07 12:00:00,2026-06-10 23:59:59,15.35,9.338,1.1,42446.562,232.83647,18.351173,44.28,13.794076,27.25
aachen,50.7753,6.0839,2026-06-07 12:00:00,2026-06-11 23:59:59,15.95,8.35,1.8000002,34471.04,256.8129,16.499237,38.88,14.093151,47.0
aachen,50.7753,6.0839,2026-06-07 12:00:00,2026-06-12 23:59:59,17.7,11.35,1.8000003,1214.5476,232.40683,22.134146,52.199997,17.240294,27.916666
aachen,50.7753,6.0839,2026-06-07 12:00:00,2026-06-13 23:59:59,22.55,13.1,0.3,46882.75,258.80353,15.717823,35.28,10.5493765,22.583334
aachen,50.7753,6.0839,2026-06-07 12:00:00,2026-06-14 23:59:59,26.9,15.2,0.0,58478.234,204.08737,7.2044983,19.08,5.089602,26.916666
aachen,50.7753,6.0839,2026-06-07 12:00:00,2026-06-15 23:59:59,30.75,18.5,0.0,58513.37,161.34143,12.4811535,25.919998,9.482372,15.916667
aachen,50.7753,6.0839,2026-06-07 12:00:00,2026-06-16 23:59:59,31.2,21.55,0.0,58542.996,199.92876,17.935081,35.28,11.720335,11.0
aachen,50.7753,6.0839,2026-06-07 12:00:00,2026-06-17 23:59:59,31.4,21.5,0.0,58567.1,273.25302,7.6642804,26.64,5.849251,17.25
aachen,50.7753,6.0839,2026-06-07 12:00:00,2026-06-18 23:59:59,29.75,21.35,0.0,58585.684,28.872866,12.647482,30.960001,7.057046,21.916666
aachen,50.7753,6.0839,2026-06-07 12:00:00,2026-06-19 23:59:59,32.25,20.1,0.0,58598.723,86.84553,12.059999,31.68,10.632249,16.791666
aachen,50.7753,6.0839,2026-06-07 12:00:00,2026-06-20 23:59:59,33.85,23.85,0.0,58541.67,216.23982,12.708815,38.519997,9.015576,18.708334
valencia,39.4699,-0.3763,2026-04-30 12:00:00,2026-04-30 23:59:59,21.7825,15.9325,0.0,46388.28,78.90049,15.856356,36.719997,7.3707128,0.0
valencia,39.4699,-0.3763,2026-04-30 12:00:00,2026-05-01 23:59:59,20.3825,17.082499,0.90000004,4923.842,41.43473,16.704155,38.519997,8.555004,20.833334
valencia,39.4699,-0.3763,2026-04-30 12:00:00,2026-05-02 23:59:59,20.3825,17.332499,2.3999999,13442.012,88.859344,15.034041,34.2,8.663817,40.375
valencia,39.4699,-0.3763,2026-04-30 12:00:00,2026-05-03 23:59:59,21.0325,17.3825,0.1,34992.53,85.32941,13.363711,31.68,6.7787013,11.625
valencia,39.4699,-0.3763,2026-04-30 12:00:00,2026-05-04 23:59:59,22.4825,16.6325,0.0,44143.54,67.51067,17.339897,35.64,7.92842,10.541667
valencia,39.4699,-0.3763,2026-04-30 12:00:00,2026-05-05 23:59:59,22.3145,16.2145,1.2,44862.465,109.1958,16.199999,37.079998,7.7853007,22.791666
valencia,39.4699,-0.3763,2026-04-30 12:00:00,2026-05-06 23:59:59,22.8145,15.1145,0.0,47595.344,106.45581,18.171976,39.96,7.914198,33.791668
berlin,52.52,13.405,2026-05-01 12:00:00,2026-05-01 23:59:59,22.752,9.202,0.0,50400.0,327.28394,6.989936,16.919998,4.3124275,0.0
berlin,52.52,13.405,2026-05-01 12:00:00,2026-05-02 23:59:59,25.402,11.302,0.0,50400.0,182.89986,13.75558,31.68,8.49671,0.0
berlin,52.52,13.405,2026-05-01 12:00:00,2026-05-03 23:59:59,28.139,11.789,0.0,41028.586,200.61652,13.0447235,33.48,8.434868,0.7083333
berlin,52.52,13.405,2026-05-01 12:00:00,2026-05-04 23:59:59,22.639,14.488999,0.0,45045.83,251.5323,13.708391,40.32,9.442027,12.25
berlin,52.52,13.405,2026-05-01 12:00:00,2026-05-05 23:59:59,15.688999,9.488999,8.7,1041.4023,15.339312,10.182337,27.359999,9.025851,30.291666
berlin,52.52,13.405,2026-05-01 12:00:00,2026-05-06 23:59:59,13.226,5.976,0.0,348.17896,3.0291936,13.679999,36.0,9.794995,38.166668
berlin,52.52,13.405,2026-05-01 12:00:00,2026-05-07 23:59:59,16.026,2.676,0.0,54378.05,80.97694,8.557102,23.4,5.2964654,9.75
berlin,52.52,13.405,2026-05-19 12:00:00,2026-05-19 23:59:59,20.052,10.052,0.0,46464.84,246.74065,10.931203,24.84,5.9768357,3.875
berlin,52.52,13.405,2026-05-19 12:00:00,2026-05-20 23:59:59,18.402,13.602,1.1,2700.3828,219.07936,13.608762,32.399998,6.5800915,17.0
berlin,52.52,13.405,2026-05-19 12:00:00,2026-05-21 23:59:59,21.039,11.52975,0.0,46599.074,287.13776,11.609651,31.319998,8.525551,4.6666665
berlin,52.52,13.405,2026-05-19 12:00:00,2026-05-22 23:59:59,23.739,12.988999,0.0,54014.633,296.0496,9.605998,26.64,5.6626863,0.0
berlin,52.52,13.405,2026-05-19 12:00:00,2026-05-23 23:59:59,27.139,14.738999,0.0,57233.742,105.30616,7.342588,19.8,4.5293984,0.125
berlin,52.52,13.405,2026-05-19 12:00:00,2026-05-24 23:59:59,29.976,16.675999,0.0,57304.79,171.85374,5.4119864,17.28,4.2557106,1.09375
berlin,52.52,13.405,2026-05-19 12:00:00,2026-05-25 23:59:59,28.325998,18.226,0.0,57373.434,329.98172,13.004922,35.28,7.9116597,0.0
valencia,39.4699,-0.3763,2026-04-18 12:00:00,2026-04-18 23:59:59,22.432499,12.382501,0.0,43895.11,68.07816,13.363711,32.039997,6.410255,0.0
valencia,39.4699,-0.3763,2026-04-18 12:00:00,2026-04-19 23:59:59,22.7325,12.4825,0.0,45507.773,71.971275,12.224107,30.239998,6.168008,0.0
valencia,39.4699,-0.3763,2026-04-18 12:00:00,2026-04-20 23:59:59,24.0325,12.6825,0.0,42047.336,74.82701,12.522619,30.960001,6.7454777,0.0
valencia,39.4699,-0.3763,2026-04-18 12:00:00,2026-04-21 23:59:59,21.0325,13.132501,0.0,46296.816,61.196873,12.620554,31.68,6.63997,0.41666666
valencia,39.4699,-0.3763,2026-04-18 12:00:00,2026-04-22 23:59:59,22.2825,12.2825,0.0,46308.438,92.54475,12.074766,29.519999,5.815832,0.0
valencia,39.4699,-0.3763,2026-04-18 12:00:00,2026-04-23 23:59:59,20.3645,14.132501,0.0,45866.926,63.1991,15.328561,36.36,8.248505,1.1770834
valencia,39.4699,-0.3763,2026-04-18 12:00:00,2026-04-24 23:59:59,20.8145,14.814501,0.0,31697.43,95.40684,11.592895,27.359999,5.727447,3.1666667
munich,48.1351,11.582,2026-05-20 12:00:00,2026-05-20 23:59:59,17.765001,12.365,9.799999,18275.328,259.64566,14.113653,37.079998,8.4646635,42.333332
munich,48.1351,11.582,2026-05-20 12:00:00,2026-05-21 23:59:59,19.315,11.615,0.0,44749.438,278.71463,9.114471,25.56,6.337521,2.25
munich,48.1351,11.582,2026-05-20 12:00:00,2026-05-22 23:59:59,23.2215,10.764999,0.0,50497.504,87.53508,9.504273,28.08,5.764394,0.0
munich,48.1351,11.582,2026-05-20 12:00:00,2026-05-23 23:59:59,25.521502,13.0715,0.0,53408.766,86.00916,10.823973,31.319998,6.661049,0.0
munich,48.1351,11.582,2026-05-20 12:00:00,2026-05-24 23:59:59,27.4715,14.5715,0.0,55244.586,78.69014,10.630672,29.519999,5.1346064,0.0
munich,48.1351,11.582,2026-05-20 12:00:00,2026-05-25 23:59:59,28.508,13.7715,0.0,55354.99,66.298805,8.913181,22.319998,4.5006027,0.0
munich,48.1351,11.582,2026-05-20 12:00:00,2026-05-26 23:59:59,27.658,17.508,0.0,52992.066,75.69969,12.10157,29.88,6.6303916,0.0
london,51.5074,-0.1278,2026-06-16 12:00:00,2026-06-11 23:59:59,16.341,10.240999,7.4,0.0,233.09282,20.880001,45.36,12.780001,51.5
london,51.5074,-0.1278,2026-06-16 12:00:00,2026-06-12 23:59:59,22.140999,15.941,0.0,38992.453,260.43973,22.319998,48.96,19.259998,10.25
london,51.5074,-0.1278,2026-06-16 12:00:00,2026-06-13 23:59:59,21.541,13.141,0.0,43200.0,280.25455,18.359999,39.96,15.525,0.0
london,51.5074,-0.1278,2026-06-16 12:00:00,2026-06-14 23:59:59,21.091,12.891,0.0,54000.0,324.15558,14.4,32.039997,8.865,0.0
london,51.5074,-0.1278,2026-06-16 12:00:00,2026-06-15 23:59:59,22.591,14.040999,1.0,43015.844,100.82202,14.759999,33.839996,11.699999,17.375
london,51.5074,-0.1278,2026-06-16 12:00:00,2026-06-16 23:59:59,26.491,16.041,0.4,57155.445,244.50221,20.16,44.28,9.63,10.375
london,51.5074,-0.1278,2026-06-16 12:00:00,2026-06-17 23:59:59,22.841,17.591,0.3,33002.52,225.80457,20.16,44.28,16.065,8.0
london,51.5074,-0.1278,2026-06-16 12:00:00,2026-06-18 23:59:59,27.390999,17.041,0.0,44201.086,216.26778,16.919998,38.16,11.82375,0.5
london,51.5074,-0.1278,2026-06-16 12:00:00,2026-06-19 23:59:59,29.3045,18.7045,0.0,54000.0,227.83171,18.72,39.239998,9.584999,7.0
london,51.5074,-0.1278,2026-06-16 12:00:00,2026-06-20 23:59:59,26.3545,17.5545,0.0,57632.586,254.10834,13.679999,27.359999,9.99,0.75
london,51.5074,-0.1278,2026-06-16 12:00:00,2026-06-21 23:59:59,28.7545,20.3045,0.0,57941.383,73.19053,14.759999,33.48,11.655,2.5
london,51.5074,-0.1278,2026-06-16 12:00:00,2026-06-22 23:59:59,31.7545,20.9545,0.0,54632.79,293.17664,17.28,37.079998,10.438726,7.5
london,51.5074,-0.1278,2026-06-16 12:00:00,2026-06-23 23:59:59,24.5,16.3,0.0,54038.492,323.99307,13.680661,38.519997,10.62032,11.25
london,51.5074,-0.1278,2026-06-16 12:00:00,2026-06-24 23:59:59,26.65,16.45,0.0,57691.785,303.6901,8.792405,31.319998,5.9951386,3.375
london,51.5074,-0.1278,2026-06-16 12:00:00,2026-06-25 23:59:59,29.2,17.95,0.0,57977.156,339.0314,7.342588,28.08,4.900805,2.5
london,51.5074,-0.1278,2026-06-16 12:00:00,2026-06-26 23:59:59,30.9,19.75,0.0,57083.65,190.21817,13.337016,37.44,6.1192865,8.0
london,51.5074,-0.1278,2026-06-16 12:00:00,2026-06-27 23:59:59,33.15,21.8,0.0,57719.84,238.14035,12.125642,36.719997,6.6611056,4.75
london,51.5074,-0.1278,2026-06-16 12:00:00,2026-06-28 23:59:59,27.3,19.65,0.0,57281.883,345.2628,14.687382,37.8,10.454667,6.875
london,51.5074,-0.1278,2026-06-16 12:00:00,2026-06-29 23:59:59,25.45,16.75,0.0,55192.82,59.201786,9.659814,37.44,7.4332767,8.125
berlin,52.52,13.405,2026-05-14 12:00:00,2026-05-14 23:59:59,13.552,7.652,3.3,32588.926,222.8996,17.673029,43.92,9.824032,47.958332
berlin,52.52,13.405,2026-05-14 12:00:00,2026-05-15 23:59:59,16.102,6.702,0.0,48254.39,296.4816,11.726277,28.08,5.561284,5.4583335
berlin,52.52,13.405,2026-05-14 12:00:00,2026-05-16 23:59:59,16.189,7.289,0.025,51225.94,286.13077,12.074766,33.839996,7.8783507,1.4583334
berlin,52.52,13.405,2026-05-14 12:00:00,2026-05-17 23:59:59,17.489,7.389,0.0,42364.047,340.41916,5.4119864,16.56,3.0444558,0.0
berlin,52.52,13.405,2026-05-14 12:00:00,2026-05-18 23:59:59,14.488999,10.738999,0.6,2128.54,56.492676,7.2359104,19.44,4.1982374,4.5416665
berlin,52.52,13.405,2026-05-14 12:00:00,2026-05-19 23:59:59,21.575998,10.076,0.0,44888.76,19.00525,9.0,23.4,5.9070945,1.5
berlin,52.52,13.405,2026-05-14 12:00:00,2026-05-20 23:59:59,24.126,9.876,0.0,56827.477,29.66663,11.808878,32.399998,8.2358,11.875
munich,48.1351,11.582,2026-05-14 12:00:00,2026-05-14 23:59:59,13.214999,7.915,0.4,25945.453,256.8978,18.0,39.239998,12.619759,31.916666
munich,48.1351,11.582,2026-05-14 12:00:00,2026-05-15 23:59:59,13.214999,6.915,6.4999995,22421.63,250.29703,15.94601,37.8,8.619128,30.875
munich,48.1351,11.582,2026-05-14 12:00:00,2026-05-16 23:59:59,10.1715,5.7215,3.225,0.0,293.15817,10.44,30.239998,8.418532,48.875
munich,48.1351,11.582,2026-05-14 12:00:00,2026-05-17 23:59:59,14.721499,4.1215,0.3,49764.676,282.47208,7.342588,21.24,5.529218,2.2083333
munich,48.1351,11.582,2026-05-14 12:00:00,2026-05-18 23:59:59,15.7715,5.7714996,0.3,41428.47,289.15564,7.5942082,27.359999,4.4318566,13.375
munich,48.1351,11.582,2026-05-14 12:00:00,2026-05-19 23:59:59,17.708,6.908,0.0,53557.07,82.78755,8.891343,21.96,5.0000563,7.5208335
munich,48.1351,11.582,2026-05-14 12:00:00,2026-05-20 23:59:59,16.258,9.208,3.9,20438.559,346.86594,7.0911775,18.72,3.1087825,15.083333
valencia,39.4699,-0.3763,2026-04-27 12:00:00,2026-04-27 23:59:59,21.4825,10.4825,0.0,48382.953,102.528885,12.864649,30.960001,6.0153103,0.0
valencia,39.4699,-0.3763,2026-04-27 12:00:00,2026-04-28 23:59:59,22.1325,11.5325,0.1,46498.215,87.92493,13.138765,31.319998,5.947196,0.25
valencia,39.4699,-0.3763,2026-04-27 12:00:00,2026-04-29 23:59:59,20.682499,15.0825,0.7,35550.582,51.129967,14.05845,34.2,7.1289334,4.3333335
valencia,39.4699,-0.3763,2026-04-27 12:00:00,2026-04-30 23:59:59,23.1325,14.9325,0.0,48355.652,100.09456,15.463246,37.8,7.35813,1.8333334
valencia,39.4699,-0.3763,2026-04-27 12:00:00,2026-05-01 23:59:59,20.3825,17.1325,2.3999996,20440.902,59.886333,10.8955765,26.28,6.9166813,8.416667
valencia,39.4699,-0.3763,2026-04-27 12:00:00,2026-05-02 23:59:59,21.7645,16.1145,0.0,34849.453,98.521484,15.042659,35.28,6.5886006,10.385417
valencia,39.4699,-0.3763,2026-04-27 12:00:00,2026-05-03 23:59:59,23.664501,15.3645,0.0,33330.21,98.80324,15.716793,35.64,5.878206,7.625
munich,48.1351,11.582,2026-05-01 12:00:00,2026-05-01 23:59:59,19.565,4.015,0.0,49769.355,90.91596,13.722565,33.839996,10.3797455,0.0
munich,48.1351,11.582,2026-05-01 12:00:00,2026-05-02 23:59:59,24.465,6.965,0.0,49629.758,98.085304,10.8955765,25.919998,5.9414887,0.0
munich,48.1351,11.582,2026-05-01 12:00:00,2026-05-03 23:59:59,24.771502,7.7215,0.1,45829.29,308.10248,9.957108,25.919998,5.088706,4.125
munich,48.1351,11.582,2026-05-01 12:00:00,2026-05-04 23:59:59,22.671501,11.6715,3.0000002,42596.918,62.57676,11.592895,48.6,6.735304,11.625
munich,48.1351,11.582,2026-05-01 12:00:00,2026-05-05 23:59:59,19.171501,11.6715,7.5,12872.224,37.199944,9.178235,25.919998,4.163657,38.541668
munich,48.1351,11.582,2026-05-01 12:00:00,2026-05-06 23:59:59,13.758,7.7580004,2.8500001,8843.086,299.39496,14.917212,32.31,11.874717,70.052086
munich,48.1351,11.582,2026-05-01 12:00:00,2026-05-07 23:59:59,15.808001,4.558,0.0,52267.21,41.06183,12.24,28.8,6.655263,44.416668
berlin,52.52,13.405,2026-04-24 12:00:00,2026-04-24 23:59:59,17.352,6.502,0.0,35515.6,293.9112,15.349684,35.28,13.769751,0.0
berlin,52.52,13.405,2026-04-24 12:00:00,2026-04-25 23:59:59,15.452,6.302,0.0,41142.168,284.95007,21.749481,52.199997,17.994263,0.0
berlin,52.52,13.405,2026-04-24 12:00:00,2026-04-26 23:59:59,14.238999,4.289,0.0,50175.81,314.05908,20.00512,43.199997,11.468359,0.0
berlin,52.52,13.405,2026-04-24 12:00:00,2026-04-27 23:59:59,14.438999,5.639,0.0,48810.473,304.72745,11.384199,30.239998,7.497021,0.25
berlin,52.52,13.405,2026-04-24 12:00:00,2026-04-28 23:59:59,14.889,5.639,0.0,50427.055,30.465462,10.446206,28.8,8.201452,4.4583335
berlin,52.52,13.405,2026-04-24 12:00:00,2026-04-29 23:59:59,11.626,5.576,0.0,50923.227,38.550163,15.315873,41.039997,10.176509,0.19791667
berlin,52.52,13.405,2026-04-24 12:00:00,2026-04-30 23:59:59,14.226,3.276,0.0,52020.754,21.174095,15.629971,40.68,8.306268,0.0
london,51.5074,-0.1278,2026-05-05 12:00:00,2026-05-05 23:59:59,16.941,11.391,0.2,19697.477,41.76019,17.64,39.239998,11.205,6.875
london,51.5074,-0.1278,2026-05-05 12:00:00,2026-05-06 23:59:59,15.341,8.341,0.8000001,35698.18,17.029305,18.0,39.239998,13.9800005,9.625
london,51.5074,-0.1278,2026-05-05 12:00:00,2026-05-07 23:59:59,15.4545,7.341,0.0,30669.305,89.12662,11.159999,23.759998,6.2474995,4.0833335
london,51.5074,-0.1278,2026-05-05 12:00:00,2026-05-08 23:59:59,17.904501,10.1045,0.9000001,50552.383,101.30425,13.32,28.8,7.874999,15.0
london,51.5074,-0.1278,2026-05-05 12:00:00,2026-05-09 23:59:59,20.6045,11.3545,0.0,47121.777,84.53229,18.359999,39.6,12.929999,33.541668
london,51.5074,-0.1278,2026-05-05 12:00:00,2026-05-10 23:59:59,23.2045,12.9045,0.0,24783.021,40.245144,26.28,54.0,15.420001,41.25
london,51.5074,-0.1278,2026-05-05 12:00:00,2026-05-11 23:59:59,12.4545,8.1545,0.0,41851.402,9.192114,21.96,45.36,18.645,25.541666
prag,50.0755,14.4378,2026-06-14 12:00:00,2026-06-09 23:59:59,20.9985,14.8485,6.6,3247.5928,221.0883,14.578888,44.28,8.359735,24.416666
prag,50.0755,14.4378,2026-06-14 12:00:00,2026-06-10 23:59:59,15.9485,12.1985,2.0,0.0,178.9312,10.829959,26.28,4.8698115,47.5
prag,50.0755,14.4378,2026-06-14 12:00:00,2026-06-11 23:59:59,16.5485,10.8985,5.7,33014.695,260.62115,13.684735,36.719997,8.95442,60.583332
prag,50.0755,14.4378,2026-06-14 12:00:00,2026-06-12 23:59:59,15.848499,9.7985,4.7,1311.7762,216.40416,13.246826,28.8,9.293379,33.5
prag,50.0755,14.4378,2026-06-14 12:00:00,2026-06-13 23:59:59,23.8485,15.0485,1.1,42333.543,267.54947,18.709612,43.199997,11.937517,18.625
prag,50.0755,14.4378,2026-06-14 12:00:00,2026-06-14 23:59:59,17.8985,13.6985,0.0,25610.8,279.8901,17.163355,38.88,11.242182,0.45833334
prag,50.0755,14.4378,2026-06-14 12:00:00,2026-06-15 23:59:59,19.6485,10.2985,0.0,36520.164,273.35263,17.015474,38.88,11.910813,0.25
prag,50.0755,14.4378,2026-06-14 12:00:00,2026-06-16 23:59:59,22.646,11.8485,0.35000002,31909.545,240.96898,14.05845,38.88,8.386889,6.3333335
prag,50.0755,14.4378,2026-06-14 12:00:00,2026-06-17 23:59:59,24.696,14.796,0.6,27854.572,258.06668,9.449572,32.760002,4.9158015,7.4583335
prag,50.0755,14.4378,2026-06-14 12:00:00,2026-06-18 23:59:59,30.696,14.896,0.0,57600.0,219.97076,6.6185193,22.319998,3.4144552,0.041666668
prag,50.0755,14.4378,2026-06-14 12:00:00,2026-06-19 23:59:59,30.996,19.646,0.6,54025.66,93.42636,6.162207,24.84,3.2354102,1.2083334
prag,50.0755,14.4378,2026-06-14 12:00:00,2026-06-20 23:59:59,30.696,19.646,2.1000001,46432.86,150.19102,6.0347,32.399998,3.6136782,9.5
prag,50.0755,14.4378,2026-06-14 12:00:00,2026-06-21 23:59:59,26.672,19.546,3.8999999,57600.0,338.28012,12.74954,50.399998,8.093057,33.458332
prag,50.0755,14.4378,2026-06-14 12:00:00,2026-06-22 23:59:59,27.25,18.8,1.5,57782.74,16.300018,9.957108,32.760002,7.036882,17.833334
prag,50.0755,14.4378,2026-06-14 12:00:00,2026-06-23 23:59:59,28.75,18.25,0.0,57778.254,349.93832,11.362834,35.64,6.699869,14.708333
prag,50.0755,14.4378,2026-06-14 12:00:00,2026-06-24 23:59:59,29.5,18.15,0.0,57775.484,323.14035,14.021525,51.839996,8.879074,12.416667
prag,50.0755,14.4378,2026-06-14 12:00:00,2026-06-25 23:59:59,24.8,17.85,0.0,57758.66,7.082706,14.004185,46.8,10.84847,9.583333
prag,50.0755,14.4378,2026-06-14 12:00:00,2026-06-26 23:59:59,26.6,17.15,0.0,57733.918,35.65336,15.10821,38.16,7.638453,9.041667
prag,50.0755,14.4378,2026-06-14 12:00:00,2026-06-27 23:59:59,27.25,17.05,0.0,57708.45,81.02282,11.672275,37.44,10.554322,14.333333
london,51.5074,-0.1278,2026-04-15 12:00:00,2026-04-15 23:59:59,16.890999,11.790999,0.8,13629.445,201.66992,24.48,52.199997,15.930002,29.208334
london,51.5074,-0.1278,2026-04-15 12:00:00,2026-04-16 23:59:59,16.390999,10.141,0.5,11054.806,220.03212,16.199999,34.56,13.5,4.0
london,51.5074,-0.1278,2026-04-15 12:00:00,2026-04-17 23:59:59,17.541,11.341,0.0,30268.309,209.42532,19.710001,42.48,13.027501,3.125
london,51.5074,-0.1278,2026-04-15 12:00:00,2026-04-18 23:59:59,15.7545,9.4045,0.0,47211.145,285.4669,12.959999,29.16,10.275,6.1666665
london,51.5074,-0.1278,2026-04-15 12:00:00,2026-04-19 23:59:59,13.554501,8.7045,0.0,49539.773,15.599691,12.599999,29.16,8.79,2.5416667
london,51.5074,-0.1278,2026-04-15 12:00:00,2026-04-20 23:59:59,12.6045,8.6045,0.0,50382.727,33.689037,13.32,28.08,6.7799997,6.25
london,51.5074,-0.1278,2026-04-15 12:00:00,2026-04-21 23:59:59,10.9545,7.0045004,0.0,35969.105,8.4280205,13.32,28.8,10.905001,4.7916665
valencia,39.4699,-0.3763,2026-06-03 12:00:00,2026-06-03 23:59:59,26.9825,21.9825,0.0,48208.25,98.86457,18.864824,44.28,10.356207,1.75
valencia,39.4699,-0.3763,2026-06-03 12:00:00,2026-06-04 23:59:59,31.2825,19.7825,0.0,50400.0,100.23251,25.741888,80.64,10.298371,0.0
valencia,39.4699,-0.3763,2026-06-03 12:00:00,2026-06-05 23:59:59,24.3825,20.932499,0.0,49140.16,71.23184,16.62249,38.88,12.6420355,0.0
valencia,39.4699,-0.3763,2026-06-03 12:00:00,2026-06-06 23:59:59,26.2325,20.8825,0.5,27030.44,117.00571,14.512064,35.28,6.8353224,1.0833334
valencia,39.4699,-0.3763,2026-06-03 12:00:00,2026-06-07 23:59:59,26.8825,21.682499,0.0,34125.4,74.68307,14.494192,34.92,8.610231,2.1666667
valencia,39.4699,-0.3763,2026-06-03 12:00:00,2026-06-08 23:59:59,28.414501,19.156502,0.0,51493.285,102.49573,18.0,41.399998,7.653748,0.45833334
valencia,39.4699,-0.3763,2026-06-03 12:00:00,2026-06-09 23:59:59,27.1145,21.914501,0.0,50023.715,90.438995,16.808569,37.44,8.688946,2.5833333
london,51.5074,-0.1278,2026-05-13 12:00:00,2026-05-13 23:59:59,12.891,8.091,5.6999993,21832.297,282.9908,30.960001,68.76,15.329999,44.458332
london,51.5074,-0.1278,2026-05-13 12:00:00,2026-05-14 23:59:59,12.540999,7.041,1.1,32977.04,336.24396,21.96,50.039997,11.955,27.583334
london,51.5074,-0.1278,2026-05-13 12:00:00,2026-05-15 23:59:59,14.1545,7.191,0.0,45167.414,343.51767,13.32,31.68,11.415,9.25
london,51.5074,-0.1278,2026-05-13 12:00:00,2026-05-16 23:59:59,13.2545,7.6045003,0.0,36621.504,246.53793,12.24,28.44,9.389999,5.1666665
london,51.5074,-0.1278,2026-05-13 12:00:00,2026-05-17 23:59:59,13.554501,10.554501,3.6,21221.61,186.11969,8.64,17.64,7.1099997,44.541668
london,51.5074,-0.1278,2026-05-13 12:00:00,2026-05-18 23:59:59,18.2545,9.1045,0.0,55420.844,154.78099,7.92,18.359999,5.37,24.208334
london,51.5074,-0.1278,2026-05-13 12:00:00,2026-05-19 23:59:59,17.55225,11.4045,0.0,19656.33,184.74191,21.659918,55.079998,11.174018,44.541668
paris,48.8566,2.3522,2026-06-15 12:00:00,2026-06-10 23:59:59,17.815,12.714999,2.4,36509.81,283.41785,16.65754,36.36,9.750391,22.25
paris,48.8566,2.3522,2026-06-15 12:00:00,2026-06-11 23:59:59,18.515001,10.115,0.0,29899.295,259.9624,14.973576,31.319998,10.35592,3.75
paris,48.8566,2.3522,2026-06-15 12:00:00,2026-06-12 23:59:59,25.465,16.665,0.0,36725.156,266.58435,17.339897,41.399998,14.526823,0.0
paris,48.8566,2.3522,2026-06-15 12:00:00,2026-06-13 23:59:59,28.015001,16.265001,0.0,50392.797,290.12036,15.0038395,32.760002,11.989604,0.0
paris,48.8566,2.3522,2026-06-15 12:00:00,2026-06-14 23:59:59,26.465,14.415,0.0,53968.285,330.77914,12.538134,28.44,8.326338,0.0
paris,48.8566,2.3522,2026-06-15 12:00:00,2026-06-15 23:59:59,29.065,14.615,0.0,46254.473,114.37404,8.714677,24.119999,6.9665227,1.125
paris,48.8566,2.3522,2026-06-15 12:00:00,2026-06-16 23:59:59,27.715,19.965,0.1,48154.055,318.23975,11.298495,28.08,8.875682,1.7083334
paris,48.8566,2.3522,2026-06-15 12:00:00,2026-06-17 23:59:59,31.1995,17.7495,0.0,49675.668,259.09134,6.8399997,19.08,2.940084,0.0
paris,48.8566,2.3522,2026-06-15 12:00:00,2026-06-18 23:59:59,32.2495,18.8995,0.0,53129.543,272.29056,11.384199,28.08,4.1051893,1.4583334
paris,48.8566,2.3522,2026-06-15 12:00:00,2026-06-19 23:59:59,34.2495,23.4495,0.6,53111.688,222.92993,12.261158,32.760002,6.728238,9.875
paris,48.8566,2.3522,2026-06-15 12:00:00,2026-06-20 23:59:59,34.299503,20.1495,0.0,56256.734,357.8259,11.366093,34.2,5.2696986,2.1979167
paris,48.8566,2.3522,2026-06-15 12:00:00,2026-06-21 23:59:59,39.1995,24.6995,0.0,57083.824,226.84755,10.948973,27.72,5.152001,1.4583334
paris,48.8566,2.3522,2026-06-15 12:00:00,2026-06-22 23:59:59,40.0,20.7995,0.0,57119.938,275.1459,12.261157,32.399998,10.56329,5.5208335
paris,48.8566,2.3522,2026-06-15 12:00:00,2026-06-23 23:59:59,33.9,21.8,1.2,57128.56,266.4505,17.280935,44.639996,12.9303,4.0416665
paris,48.8566,2.3522,2026-06-15 12:00:00,2026-06-24 23:59:59,22.65,17.15,0.0,45813.72,293.96924,14.941083,42.12,13.168902,2.3333333
paris,48.8566,2.3522,2026-06-15 12:00:00,2026-06-25 23:59:59,27.05,16.7,0.0,57137.62,9.66285,10.587918,35.64,7.3223076,3.4583333
paris,48.8566,2.3522,2026-06-15 12:00:00,2026-06-26 23:59:59,30.35,18.95,0.0,57137.94,45.101982,8.281956,34.92,6.1022654,2.125
paris,48.8566,2.3522,2026-06-15 12:00:00,2026-06-27 23:59:59,30.5,19.8,0.0,57135.375,314.79916,15.546833,39.96,9.419172,9.041667
paris,48.8566,2.3522,2026-06-15 12:00:00,2026-06-28 23:59:59,28.6,17.55,0.0,57129.875,328.44574,13.493999,43.199997,9.213904,17.25
aachen,50.7753,6.0839,2026-06-06 12:00:00,2026-06-01 23:59:59,24.526,13.676,2.2,54000.0,251.3006,14.4,28.8,8.189999,17.0
aachen,50.7753,6.0839,2026-06-06 12:00:00,2026-06-02 23:59:59,23.126,15.326,5.5,14575.029,203.4554,18.0,37.079998,11.22,49.625
aachen,50.7753,6.0839,2026-06-06 12:00:00,2026-06-03 23:59:59,18.925999,12.626,2.1000001,27026.83,221.27893,19.44,38.88,15.525,60.25
aachen,50.7753,6.0839,2026-06-06 12:00:00,2026-06-04 23:59:59,16.825998,13.226,2.7,10595.571,215.74706,24.119999,48.6,16.814999,74.541664
aachen,50.7753,6.0839,2026-06-06 12:00:00,2026-06-05 23:59:59,18.726,12.276,3.0,30450.742,232.5766,19.08,37.8,13.349998,41.875
aachen,50.7753,6.0839,2026-06-06 12:00:00,2026-06-06 23:59:59,21.325998,11.176,1.1,32739.266,194.50636,17.64,45.0,10.815001,24.625
aachen,50.7753,6.0839,2026-06-06 12:00:00,2026-06-07 23:59:59,20.226,11.726,1.8,32073.953,238.9889,20.519999,43.56,14.325001,5.9583335
aachen,50.7753,6.0839,2026-06-06 12:00:00,2026-06-08 23:59:59,23.026,13.576,3.45,14418.819,194.97566,17.081041,37.079998,9.986436,13.0
aachen,50.7753,6.0839,2026-06-06 12:00:00,2026-06-09 23:59:59,15.95,10.35,3.0000002,52817.766,246.81554,24.152887,52.199997,20.135544,48.166668
aachen,50.7753,6.0839,2026-06-06 12:00:00,2026-06-10 23:59:59,15.85,8.8,4.5,57722.62,246.51129,19.67936,45.36,16.516293,23.541666
aachen,50.7753,6.0839,2026-06-06 12:00:00,2026-06-11 23:59:59,17.3,8.5,0.3,41116.68,225.43692,15.931779,38.16,12.214335,20.791666
aachen,50.7753,6.0839,2026-06-06 12:00:00,2026-06-12 23:59:59,17.25,14.8,1.5000002,55046.41,223.069,17.884428,51.839996,16.617552,24.041666
aachen,50.7753,6.0839,2026-06-06 12:00:00,2026-06-13 23:59:59,20.85,14.1,3.8999996,42388.0,238.92305,33.40152,73.799995,22.531683,22.125
aachen,50.7753,6.0839,2026-06-06 12:00:00,2026-06-14 23:59:59,16.55,11.05,0.6,57410.047,249.37392,22.314194,62.639996,19.552675,24.416666
aachen,50.7753,6.0839,2026-06-06 12:00:00,2026-06-15 23:59:59,18.85,11.1,0.0,48409.69,239.39365,18.526888,44.28,16.778975,27.125
aachen,50.7753,6.0839,2026-06-06 12:00:00,2026-06-16 23:59:59,24.85,15.4,0.0,58542.996,235.68414,18.921415,46.44,16.4281,26.666666
aachen,50.7753,6.0839,2026-06-06 12:00:00,2026-06-17 23:59:59,22.9,15.8,0.0,58567.1,268.92993,15.472672,37.8,13.953461,26.083334
aachen,50.7753,6.0839,2026-06-06 12:00:00,2026-06-18 23:59:59,20.15,12.0,0.0,58585.684,6.71796,13.321216,33.839996,9.417771,26.083334
aachen,50.7753,6.0839,2026-06-06 12:00:00,2026-06-19 23:59:59,18.85,10.55,0.0,41900.965,4.2569747,9.743305,32.039997,8.117056,19.833334
berlin,52.52,13.405,2026-04-19 12:00:00,2026-04-19 23:59:59,16.302,7.252,32.699997,0.0,336.12344,29.74306,65.520004,12.395503,59.916668
berlin,52.52,13.405,2026-04-19 12:00:00,2026-04-20 23:59:59,11.952,5.302,23.399998,0.0,343.69543,18.864824,42.48,13.661997,46.208332
berlin,52.52,13.405,2026-04-19 12:00:00,2026-04-21 23:59:59,14.889,2.589,0.0,49764.14,31.50369,13.905509,35.28,11.14828,1.1666666
berlin,52.52,13.405,2026-04-19 12:00:00,2026-04-22 23:59:59,17.939,2.239,0.0,49663.633,319.1952,12.229406,32.399998,8.994839,0.0
berlin,52.52,13.405,2026-04-19 12:00:00,2026-04-23 23:59:59,15.539,4.839,0.0,42614.34,312.54236,15.2947035,37.079998,10.798622,0.7916667
berlin,52.52,13.405,2026-04-19 12:00:00,2026-04-24 23:59:59,15.276,4.526,0.0,16204.777,286.1427,18.043148,43.92,12.176647,1.3333334
berlin,52.52,13.405,2026-04-19 12:00:00,2026-04-25 23:59:59,11.776,5.126,1.2,29055.76,291.67584,23.068108,61.56,18.281483,9.333333
london,51.5074,-0.1278,2026-04-17 12:00:00,2026-04-17 23:59:59,17.491,11.540999,0.1,28623.402,212.81133,19.08,41.039997,13.575,7.8333335
london,51.5074,-0.1278,2026-04-17 12:00:00,2026-04-18 23:59:59,16.741,9.341,1.0,44428.305,295.00198,14.759999,31.68,10.74,6.125
london,51.5074,-0.1278,2026-04-17 12:00:00,2026-04-19 23:59:59,14.6045,7.213625,0.0,50160.29,11.625929,13.679999,29.16,9.596251,3.4166667
london,51.5074,-0.1278,2026-04-17 12:00:00,2026-04-20 23:59:59,12.0045,7.0045004,0.0,39923.16,43.20879,11.159999,27.0,8.204999,3.2916667
london,51.5074,-0.1278,2026-04-17 12:00:00,2026-04-21 23:59:59,12.304501,5.0545,0.0,50400.0,44.833023,20.519999,41.760002,14.025,5.9166665
london,51.5074,-0.1278,2026-04-17 12:00:00,2026-04-22 23:59:59,14.7045,7.1545,0.0,50400.0,65.87848,23.4,48.6,18.525,2.3333333
london,51.5074,-0.1278,2026-04-17 12:00:00,2026-04-23 23:59:59,16.7,6.6045003,0.0,50400.0,46.436874,14.4,32.399998,11.619035,0.5
aachen,50.7753,6.0839,2026-06-05 12:00:00,2026-06-05 23:59:59,18.575998,12.276,0.5,24264.418,233.48436,19.44,39.239998,13.74,42.541668
aachen,50.7753,6.0839,2026-06-05 12:00:00,2026-06-06 23:59:59,21.726,11.876,1.5000001,25766.46,194.66335,17.64,36.36,10.589999,29.416666
aachen,50.7753,6.0839,2026-06-05 12:00:00,2026-06-07 23:59:59,17.987999,12.176,0.0,26444.691,233.38281,21.24,43.92,15.404097,10.541667
aachen,50.7753,6.0839,2026-06-05 12:00:00,2026-06-08 23:59:59,19.7,11.15,0.0,17099.703,202.85329,18.116623,36.719997,10.229113,18.75
aachen,50.7753,6.0839,2026-06-05 12:00:00,2026-06-09 23:59:59,15.85,11.8,0.9000001,37639.1,246.43272,20.68356,48.239998,18.485735,50.25
aachen,50.7753,6.0839,2026-06-05 12:00:00,2026-06-10 23:59:59,15.0,10.1,5.999999,38633.195,248.09874,21.432096,50.399998,17.475384,22.25
aachen,50.7753,6.0839,2026-06-05 12:00:00,2026-06-11 23:59:59,16.6,9.5,1.8000003,56423.348,220.4097,17.69593,43.199997,12.859312,24.541666
berlin,52.52,13.405,2026-05-05 12:00:00,2026-05-05 23:59:59,19.402,12.752,1.0,8363.07,33.690117,13.089354,29.519999,7.6141553,33.208332
berlin,52.52,13.405,2026-05-05 12:00:00,2026-05-06 23:59:59,12.052,9.902,13.500002,0.0,52.247234,13.479583,30.599998,11.3185005,56.791668
berlin,52.52,13.405,2026-05-05 12:00:00,2026-05-07 23:59:59,12.789,6.5455,1.4,8585.7705,52.902016,13.708391,30.599998,8.637352,9.958333
berlin,52.52,13.405,2026-05-05 12:00:00,2026-05-08 23:59:59,14.389,8.339,0.0,6604.3804,48.31351,5.991594,15.4800005,4.1681533,10.375
berlin,52.52,13.405,2026-05-05 12:00:00,2026-05-09 23:59:59,20.838999,8.438999,0.0,53296.7,71.61938,7.771331,22.319998,5.108445,0.16666667
berlin,52.52,13.405,2026-05-05 12:00:00,2026-05-10 23:59:59,23.925999,11.089,0.3,40561.207,80.96769,16.199999,41.039997,11.202494,4.5
berlin,52.52,13.405,2026-05-05 12:00:00,2026-05-11 23:59:59,23.376,14.926,0.90000004,54461.63,200.07831,13.479583,41.399998,10.693185,36.0
berlin,52.52,13.405,2026-04-28 12:00:00,2026-04-28 23:59:59,14.602,4.602,0.0,49187.438,58.09793,13.849477,32.039997,11.756874,0.0
berlin,52.52,13.405,2026-04-28 12:00:00,2026-04-29 23:59:59,13.152,4.052,0.0,50400.0,60.893745,16.58346,37.079998,9.988804,0.0
berlin,52.52,13.405,2026-04-28 12:00:00,2026-04-30 23:59:59,18.139,5.852,0.0,47847.684,358.87262,8.669949,23.039999,5.3138723,0.0
berlin,52.52,13.405,2026-04-28 12:00:00,2026-05-01 23:59:59,22.289,7.489,0.0,52009.117,353.36755,5.8603754,16.919998,3.71787,0.0
berlin,52.52,13.405,2026-04-28 12:00:00,2026-05-02 23:59:59,25.139,10.688999,0.0,52652.72,183.20198,11.503113,29.519999,6.939402,0.083333336
berlin,52.52,13.405,2026-04-28 12:00:00,2026-05-03 23:59:59,26.026,12.139,0.0,50634.87,167.21492,10.105681,27.359999,5.8287005,9.46875
berlin,52.52,13.405,2026-04-28 12:00:00,2026-05-04 23:59:59,24.476,14.726,0.3,36316.277,206.35811,9.387651,27.359999,4.9321413,16.5
berlin,52.52,13.405,2026-06-03 12:00:00,2026-06-03 23:59:59,21.202,16.102,4.7999997,6752.314,233.62999,15.39184,36.36,10.589259,18.208334
berlin,52.52,13.405,2026-06-03 12:00:00,2026-06-04 23:59:59,24.702,14.302,4.1,28989.91,209.16911,17.884428,48.96,11.396991,16.75
berlin,52.52,13.405,2026-06-03 12:00:00,2026-06-05 23:59:59,18.639,15.152,3.6000004,4375.111,226.54298,9.904906,32.039997,6.5211716,19.5
berlin,52.52,13.405,2026-06-03 12:00:00,2026-06-06 23:59:59,23.489,12.188999,0.6,49547.85,189.02448,8.049845,22.68,4.064594,3.125
berlin,52.52,13.405,2026-06-03 12:00:00,2026-06-07 23:59:59,23.289,14.789,0.6,55318.49,251.56496,14.05845,38.519997,8.505338,14.625
berlin,52.52,13.405,2026-06-03 12:00:00,2026-06-08 23:59:59,22.726,14.438999,0.0,50950.94,249.17688,12.371645,32.760002,7.222244,12.0625
berlin,52.52,13.405,2026-06-03 12:00:00,2026-06-09 23:59:59,18.675999,12.476,14.1,0.0,251.01666,17.654688,43.56,6.178603,26.333334
berlin,52.52,13.405,2026-04-21 12:00:00,2026-04-21 23:59:59,13.652,2.102,0.0,49761.89,30.761168,16.179985,35.64,11.872823,0.0
berlin,52.52,13.405,2026-04-21 12:00:00,2026-04-22 23:59:59,17.202,3.252,0.0,50030.016,328.1521,16.78156,36.719997,10.616335,0.0
berlin,52.52,13.405,2026-04-21 12:00:00,2026-04-23 23:59:59,14.839,4.489,0.0,48336.938,296.25656,14.336861,36.36,11.43579,0.0
berlin,52.52,13.405,2026-04-21 12:00:00,2026-04-24 23:59:59,11.839,5.289,0.0,30323.879,275.76175,12.24,30.960001,10.239793,0.0
berlin,52.52,13.405,2026-04-21 12:00:00,2026-04-25 23:59:59,11.639,5.389,0.0,39711.305,286.75998,17.992796,46.8,14.998664,3.5
berlin,52.52,13.405,2026-04-21 12:00:00,2026-04-26 23:59:59,12.976,3.376,0.0,50231.516,303.75867,12.245293,30.599998,8.411721,3.1770833
berlin,52.52,13.405,2026-04-21 12:00:00,2026-04-27 23:59:59,13.476,6.426,0.0,46414.97,36.09836,7.2359104,19.8,5.061486,3.0
leipzig,51.3397,12.3731,2026-06-14 12:00:00,2026-06-09 23:59:59,21.563,16.863,0.7,29421.008,261.37595,17.462784,46.8,10.430271,13.125
leipzig,51.3397,12.3731,2026-06-14 12:00:00,2026-06-10 23:59:59,20.163,12.462999,0.0,36879.395,245.33617,13.237038,36.0,7.267292,4.75
leipzig,51.3397,12.3731,2026-06-14 12:00:00,2026-06-11 23:59:59,17.463001,11.863,4.9,45423.46,253.97855,11.928989,43.56,8.144794,52.666668
leipzig,51.3397,12.3731,2026-06-14 12:00:00,2026-06-12 23:59:59,17.763,11.563,3.1,0.0,224.79262,14.587776,34.92,9.419209,41.541668
leipzig,51.3397,12.3731,2026-06-14 12:00:00,2026-06-13 23:59:59,21.663,15.162999,1.5000001,28083.074,273.09158,18.204042,45.719997,10.8330555,23.541666
leipzig,51.3397,12.3731,2026-06-14 12:00:00,2026-06-14 23:59:59,17.613,12.063,0.8,26153.71,271.4109,19.70815,47.16,12.410831,11.791667
leipzig,51.3397,12.3731,2026-06-14 12:00:00,2026-06-15 23:59:59,17.813,11.263,0.1,18115.11,263.5884,18.72346,45.36,12.123852,0.8333333
leipzig,51.3397,12.3731,2026-06-14 12:00:00,2026-06-16 23:59:59,23.065,10.113,0.35,33940.44,230.80432,9.290511,36.719997,5.315064,8.5
leipzig,51.3397,12.3731,2026-06-14 12:00:00,2026-06-17 23:59:59,23.165,17.265001,0.4,19588.76,258.14444,10.948973,29.88,4.929843,5.0833335
leipzig,51.3397,12.3731,2026-06-14 12:00:00,2026-06-18 23:59:59,31.265001,16.965,0.0,57555.45,246.59528,7.342588,23.039999,3.791352,0.083333336
leipzig,51.3397,12.3731,2026-06-14 12:00:00,2026-06-19 23:59:59,33.076,21.065,0.6,55371.11,162.5016,6.87779,25.56,3.5786872,4.5104165
leipzig,51.3397,12.3731,2026-06-14 12:00:00,2026-06-20 23:59:59,33.576,22.026,0.9,51716.52,231.6134,13.627795,38.88,7.8889704,13.541667
leipzig,51.3397,12.3731,2026-06-14 12:00:00,2026-06-21 23:59:59,28.85,18.976,0.3,58699.66,357.57382,13.154786,38.519997,7.2292004,24.947916
leipzig,51.3397,12.3731,2026-06-14 12:00:00,2026-06-22 23:59:59,26.9,17.8,0.0,58955.543,27.171698,12.601285,33.839996,9.322122,14.708333
leipzig,51.3397,12.3731,2026-06-14 12:00:00,2026-06-23 23:59:59,26.25,18.05,0.0,58946.14,19.606949,9.913082,32.760002,8.58315,9.791667
leipzig,51.3397,12.3731,2026-06-14 12:00:00,2026-06-24 23:59:59,28.2,17.85,0.0,58931.05,321.4949,20.999144,57.6,12.578012,12.416667
leipzig,51.3397,12.3731,2026-06-14 12:00:00,2026-06-25 23:59:59,24.0,15.9,0.0,58910.3,351.86407,16.276817,52.199997,10.583159,8.125
leipzig,51.3397,12.3731,2026-06-14 12:00:00,2026-06-26 23:59:59,26.65,17.6,0.0,58883.89,67.376595,15.978484,38.88,9.849985,12.208333
leipzig,51.3397,12.3731,2026-06-14 12:00:00,2026-06-27 23:59:59,27.5,16.2,0.0,58851.848,88.92917,17.878086,45.36,16.212631,14.875
berlin,52.52,13.405,2026-04-16 12:00:00,2026-04-16 23:59:59,19.652,9.102,0.5,29824.744,258.99643,9.885262,31.319998,5.7990417,3.0833333
berlin,52.52,13.405,2026-04-16 12:00:00,2026-04-17 23:59:59,19.752,9.652,0.0,39916.426,2.9355927,10.446206,25.56,7.1433806,0.0
berlin,52.52,13.405,2026-04-16 12:00:00,2026-04-18 23:59:59,18.838999,8.789,0.0,13706.229,111.99729,6.763786,17.64,4.8589487,2.5
berlin,52.52,13.405,2026-04-16 12:00:00,2026-04-19 23:59:59,15.539,8.438999,2.5999997,45396.684,298.92633,14.81259,38.519997,10.53347,41.125
berlin,52.52,13.405,2026-04-16 12:00:00,2026-04-20 23:59:59,13.738999,4.739,0.9000001,47565.477,349.22208,11.592895,28.44,7.6021285,31.0
berlin,52.52,13.405,2026-04-16 12:00:00,2026-04-21 23:59:59,13.376,3.126,0.75000006,49764.14,28.346859,12.335501,34.2,11.424778,8.666667
berlin,52.52,13.405,2026-04-16 12:00:00,2026-04-22 23:59:59,13.776,1.376,0.0,50400.0,37.244873,11.808878,30.599998,8.44258,13.125
valencia,39.4699,-0.3763,2026-06-12 12:00:00,2026-06-07 23:59:59,25.682499,19.2825,0.0,45577.45,82.00793,15.192682,37.44,6.8293314,0.125
valencia,39.4699,-0.3763,2026-06-12 12:00:00,2026-06-08 23:59:59,26.8825,19.082499,0.0,50400.0,113.12651,14.578888,36.0,7.154273,0.0
valencia,39.4699,-0.3763,2026-06-12 12:00:00,2026-06-09 23:59:59,26.432499,20.7825,0.0,47154.906,64.223885,15.188415,37.8,8.898998,0.0
valencia,39.4699,-0.3763,2026-06-12 12:00:00,2026-06-10 23:59:59,24.2825,21.1325,0.0,34524.32,68.40268,14.332341,34.56,9.907219,0.0
valencia,39.4699,-0.3763,2026-06-12 12:00:00,2026-06-11 23:59:59,25.2325,19.182499,0.0,50400.0,99.225365,15.077082,35.64,7.4074945,0.0
valencia,39.4699,-0.3763,2026-06-12 12:00:00,2026-06-12 23:59:59,27.332499,18.7825,0.0,50400.0,121.2392,14.291592,34.92,6.505975,0.0
valencia,39.4699,-0.3763,2026-06-12 12:00:00,2026-06-13 23:59:59,30.3825,18.3825,0.0,49219.203,131.08167,11.681987,30.239998,5.77091,0.0
valencia,39.4699,-0.3763,2026-06-12 12:00:00,2026-06-14 23:59:59,30.5325,21.182499,0.0,48058.5,127.988235,16.489416,39.96,7.189309,0.5833333
valencia,39.4699,-0.3763,2026-06-12 12:00:00,2026-06-15 23:59:59,30.082499,21.3825,0.0,44880.04,87.75031,12.287555,30.599998,5.893034,2.7916667
valencia,39.4699,-0.3763,2026-06-12 12:00:00,2026-06-16 23:59:59,29.5325,21.3825,0.0,51385.992,91.7149,13.627795,34.92,6.4066577,0.041666668
valencia,39.4699,-0.3763,2026-06-12 12:00:00,2026-06-17 23:59:59,31.914501,20.5065,0.0,52353.46,106.61292,14.84318,36.36,6.0246863,1.46875
valencia,39.4699,-0.3763,2026-06-12 12:00:00,2026-06-18 23:59:59,29.5145,18.7145,0.0,51374.19,76.23917,14.917212,34.92,7.2912316,1.5833334
valencia,39.4699,-0.3763,2026-06-12 12:00:00,2026-06-19 23:59:59,28.5,21.0145,0.0,49944.266,73.09145,15.991659,47.16,7.131955,0.78125
valencia,39.4699,-0.3763,2026-06-12 12:00:00,2026-06-20 23:59:59,28.4,23.8,0.0,52416.11,54.357586,18.22361,52.199997,11.048211,0.5
valencia,39.4699,-0.3763,2026-06-12 12:00:00,2026-06-21 23:59:59,29.8,24.3,0.0,52436.42,59.315838,14.739132,44.28,9.773891,0.041666668
valencia,39.4699,-0.3763,2026-06-12 12:00:00,2026-06-22 23:59:59,31.9,23.7,0.0,52455.805,84.5006,11.132385,35.64,5.529718,1.5833334
valencia,39.4699,-0.3763,2026-06-12 12:00:00,2026-06-23 23:59:59,34.35,24.5,0.0,52474.035,137.00676,10.1456785,33.839996,5.788331,2.875
valencia,39.4699,-0.3763,2026-06-12 12:00:00,2026-06-24 23:59:59,34.2,25.65,0.0,52491.137,128.62996,11.679213,36.0,5.5442142,4.5416665
valencia,39.4699,-0.3763,2026-06-12 12:00:00,2026-06-25 23:59:59,34.25,25.1,0.0,52164.2,133.75627,15.338071,42.12,8.434613,2.625
stockholm,59.3293,18.0686,2026-06-15 12:00:00,2026-06-10 23:59:59,19.167501,12.4175,2.8,45092.516,222.02872,27.359999,56.16,18.359999,47.833332
stockholm,59.3293,18.0686,2026-06-15 12:00:00,2026-06-11 23:59:59,19.067501,12.9675,0.0,23552.066,198.6911,12.599999,26.64,8.085,18.458334
stockholm,59.3293,18.0686,2026-06-15 12:00:00,2026-06-12 23:59:59,20.917501,12.5675,0.0,53966.69,234.0868,19.44,41.399998,14.414999,7.875
stockholm,59.3293,18.0686,2026-06-15 12:00:00,2026-06-13 23:59:59,20.2175,12.6675,0.0,60177.445,142.60017,18.0,39.239998,14.685,5.3333335
stockholm,59.3293,18.0686,2026-06-15 12:00:00,2026-06-14 23:59:59,14.9675,12.3175,4.7,0.0,278.8156,19.8,37.8,11.624998,61.208332
stockholm,59.3293,18.0686,2026-06-15 12:00:00,2026-06-15 23:59:59,17.417501,12.117499,15.6,4554.863,2.5455616,23.759998,43.92,14.774999,70.25
stockholm,59.3293,18.0686,2026-06-15 12:00:00,2026-06-16 23:59:59,14.8175,11.7175,1.4000001,6553.6523,337.31015,28.08,52.92,18.15,52.833332
stockholm,59.3293,18.0686,2026-06-15 12:00:00,2026-06-17 23:59:59,22.167501,12.9675,0.0,56501.52,290.6661,18.359999,38.88,13.10739,0.0
stockholm,59.3293,18.0686,2026-06-15 12:00:00,2026-06-18 23:59:59,20.25,12.95,0.0,63792.78,265.134,13.709573,32.760002,11.600906,13.25
stockholm,59.3293,18.0686,2026-06-15 12:00:00,2026-06-19 23:59:59,24.0,13.9,0.0,64786.047,248.56447,9.292255,23.759998,7.4396453,0.7916667
stockholm,59.3293,18.0686,2026-06-15 12:00:00,2026-06-20 23:59:59,24.0,15.2,2.4,60913.176,188.06412,16.141893,38.519997,11.219753,9.166667
stockholm,59.3293,18.0686,2026-06-15 12:00:00,2026-06-21 23:59:59,22.9,15.75,5.4,65526.67,257.4547,18.751125,45.36,13.837651,12.833333
stockholm,59.3293,18.0686,2026-06-15 12:00:00,2026-06-22 23:59:59,19.15,15.0,0.6,65543.69,299.00104,19.523983,47.519997,16.068186,17.416666
stockholm,59.3293,18.0686,2026-06-15 12:00:00,2026-06-23 23:59:59,18.4,12.2,0.0,65557.9,339.06076,12.535549,33.12,8.446559,22.625
stockholm,59.3293,18.0686,2026-06-15 12:00:00,2026-06-24 23:59:59,19.05,11.25,0.0,65568.85,154.78868,12.904882,34.92,9.102603,25.875
stockholm,59.3293,18.0686,2026-06-15 12:00:00,2026-06-25 23:59:59,17.55,13.8,0.6,18424.232,180.80376,11.157097,30.599998,10.480407,18.75
stockholm,59.3293,18.0686,2026-06-15 12:00:00,2026-06-26 23:59:59,22.6,14.1,0.0,65580.98,256.64163,13.346729,34.92,11.953012,14.416667
stockholm,59.3293,18.0686,2026-06-15 12:00:00,2026-06-27 23:59:59,23.3,16.6,0.0,64300.12,241.49762,16.024044,42.839996,13.113091,13.208333
stockholm,59.3293,18.0686,2026-06-15 12:00:00,2026-06-28 23:59:59,21.8,14.1,4.8,47509.805,248.77449,7.2649574,32.760002,4.8750443,14.208333
berlin,52.52,13.405,2026-05-12 12:00:00,2026-05-12 23:59:59,12.702,5.802,4.4,24990.184,264.36697,15.192682,43.56,10.224872,24.625
berlin,52.52,13.405,2026-05-12 12:00:00,2026-05-13 23:59:59,13.852,6.202,4.4,23070.969,239.08266,15.496736,49.32,10.333444,28.791666
berlin,52.52,13.405,2026-05-12 12:00:00,2026-05-14 23:59:59,12.789,7.21725,4.5,38969.45,216.16156,14.529915,40.32,9.313331,51.041668
berlin,52.52,13.405,2026-05-12 12:00:00,2026-05-15 23:59:59,17.189,6.139,0.3,44848.105,140.52757,6.489992,21.96,2.968893,11.75
berlin,52.52,13.405,2026-05-12 12:00:00,2026-05-16 23:59:59,16.838999,8.738999,2.1000001,40237.77,345.61053,9.83268,28.8,5.6037407,18.625
berlin,52.52,13.405,2026-05-12 12:00:00,2026-05-17 23:59:59,13.576,8.226,5.7,18575.691,335.7355,12.287555,32.399998,8.754661,11.9375
berlin,52.52,13.405,2026-05-12 12:00:00,2026-05-18 23:59:59,13.026,7.726,2.3999999,13077.316,359.70767,9.3876505,25.919998,6.2550764,7.375
munich,48.1351,11.582,2026-04-16 12:00:00,2026-04-16 23:59:59,16.315,10.115,0.0,19516.422,270.3819,9.885262,22.319998,6.072911,0.125
munich,48.1351,11.582,2026-04-16 12:00:00,2026-04-17 23:59:59,18.515001,7.465,0.0,46837.402,91.94804,12.10157,23.039999,5.1998997,0.0
munich,48.1351,11.582,2026-04-16 12:00:00,2026-04-18 23:59:59,19.671501,7.8715,0.0,46800.0,257.66086,5.904439,16.56,3.0426693,1.25
munich,48.1351,11.582,2026-04-16 12:00:00,2026-04-19 23:59:59,13.7715,11.1215,8.599999,3071.5105,279.13705,7.2,28.8,5.268219,46.333332
munich,48.1351,11.582,2026-04-16 12:00:00,2026-04-20 23:59:59,10.6215,6.5715,4.8,36647.29,309.4231,10.703569,32.760002,6.9232373,37.625
munich,48.1351,11.582,2026-04-16 12:00:00,2026-04-21 23:59:59,9.808001,4.7580004,1.2,41547.742,343.38873,11.384199,26.28,7.711815,26.09375
munich,48.1351,11.582,2026-04-16 12:00:00,2026-04-22 23:59:59,10.458,4.1080003,1.5000001,0.0,56.410194,23.263912,50.399998,14.677554,18.916666
munich,48.1351,11.582,2026-04-25 12:00:00,2026-04-25 23:59:59,21.115,5.315,0.0,48208.797,287.2575,12.88981,33.12,6.503288,0.0
munich,48.1351,11.582,2026-04-25 12:00:00,2026-04-26 23:59:59,19.015001,7.465,0.0,42467.156,359.7121,10.00256,24.119999,6.0153823,0.0
munich,48.1351,11.582,2026-04-25 12:00:00,2026-04-27 23:59:59,19.4715,5.0214996,0.0,46493.84,56.174713,7.145796,22.319998,4.113586,0.0
munich,48.1351,11.582,2026-04-25 12:00:00,2026-04-28 23:59:59,17.3715,7.4214997,0.0,18626.0,78.662155,11.440978,31.68,6.173442,5.0
munich,48.1351,11.582,2026-04-25 12:00:00,2026-04-29 23:59:59,16.7215,8.9215,0.0,38046.992,81.17107,17.057314,47.88,11.954482,6.6666665
munich,48.1351,11.582,2026-04-25 12:00:00,2026-04-30 23:59:59,17.558,4.408,0.0,50264.87,78.156044,23.051247,51.12,17.40459,3.0208333
munich,48.1351,11.582,2026-04-25 12:00:00,2026-05-01 23:59:59,20.858,1.008,0.0,50362.59,79.26793,17.935081,39.96,10.810316,2.5
aachen,50.7753,6.0839,2026-04-18 12:00:00,2026-04-18 23:59:59,19.726,11.926,7.3,18751.98,276.8834,14.759999,30.960001,7.8899994,23.958334
aachen,50.7753,6.0839,2026-04-18 12:00:00,2026-04-19 23:59:59,13.876,8.226,4.7000003,36000.0,335.36722,12.599999,39.96,9.615,61.458332
aachen,50.7753,6.0839,2026-04-18 12:00:00,2026-04-20 23:59:59,13.076,6.376,0.1,39742.027,357.96753,12.959999,31.319998,8.669999,8.791667
aachen,50.7753,6.0839,2026-04-18 12:00:00,2026-04-21 23:59:59,13.55,3.15,0.25,44141.39,61.900654,19.60761,43.199997,13.088129,4.7916665
aachen,50.7753,6.0839,2026-04-18 12:00:00,2026-04-22 23:59:59,15.0,3.6,0.0,48996.773,76.00747,15.086748,36.36,12.248588,0.0
aachen,50.7753,6.0839,2026-04-18 12:00:00,2026-04-23 23:59:59,16.15,4.9,0.0,50846.76,55.854652,11.375658,25.56,7.8982143,0.5
aachen,50.7753,6.0839,2026-04-18 12:00:00,2026-04-24 23:59:59,11.2,3.95,0.0,33029.78,347.4123,11.7,30.960001,7.963831,2.25
berlin,52.52,13.405,2026-04-15 12:00:00,2026-04-15 23:59:59,16.752,4.002,0.0,43778.234,14.981642,7.928178,17.64,3.693882,0.0
berlin,52.52,13.405,2026-04-15 12:00:00,2026-04-16 23:59:59,19.152,8.852,0.1,44997.203,259.3803,12.57426,27.72,5.794014,2.8333333
berlin,52.52,13.405,2026-04-15 12:00:00,2026-04-17 23:59:59,18.20475,9.152,0.0,46899.67,351.74536,8.669949,20.519999,6.4424872,0.33333334
berlin,52.52,13.405,2026-04-15 12:00:00,2026-04-18 23:59:59,19.539,7.289,0.0,38277.445,67.33226,6.162207,14.759999,3.762477,0.45833334
berlin,52.52,13.405,2026-04-15 12:00:00,2026-04-19 23:59:59,15.188999,10.238999,9.6,5702.4736,1.53983,8.759178,20.880001,4.556017,24.166666
berlin,52.52,13.405,2026-04-15 12:00:00,2026-04-20 23:59:59,9.938999,6.989,7.049999,80.69595,4.644779,10.446198,26.82,8.086282,28.6875
berlin,52.52,13.405,2026-04-15 12:00:00,2026-04-21 23:59:59,13.026,2.926,0.3,48196.324,18.193539,9.360001,25.919998,7.9948325,11.791667
berlin,52.52,13.405,2026-06-14 12:00:00,2026-06-09 23:59:59,21.202,15.502,0.5,24489.473,253.97491,28.73242,58.679996,13.942183,12.583333
berlin,52.52,13.405,2026-06-14 12:00:00,2026-06-10 23:59:59,19.702,11.252,0.6,24485.707,153.91109,16.954432,37.8,6.1999316,12.208333
berlin,52.52,13.405,2026-06-14 12:00:00,2026-06-11 23:59:59,19.152,12.002,1.2,43944.35,293.9738,15.876775,54.719997,9.2568655,23.333334
berlin,52.52,13.405,2026-06-14 12:00:00,2026-06-12 23:59:59,17.802,11.452,1.9,5880.461,219.02072,15.141414,33.12,9.486026,17.458334
berlin,52.52,13.405,2026-06-14 12:00:00,2026-06-13 23:59:59,19.852,13.502,1.8000001,29109.04,271.27585,20.945072,51.839996,14.050623,10.458333
berlin,52.52,13.405,2026-06-14 12:00:00,2026-06-14 23:59:59,16.502,11.802,1.2,17091.51,275.01718,21.707731,53.639996,18.212343,41.208332
berlin,52.52,13.405,2026-06-14 12:00:00,2026-06-15 23:59:59,19.852,12.052,0.1,26717.57,278.2785,22.930048,56.88,17.624846,0.125
berlin,52.52,13.405,2026-06-14 12:00:00,2026-06-16 23:59:59,22.088999,9.502,0.0,55526.406,270.9552,13.32,29.16,8.614545,0.375
berlin,52.52,13.405,2026-06-14 12:00:00,2026-06-17 23:59:59,21.588999,13.589,1.2,13798.346,245.8209,7.9526596,22.319998,4.249918,5.75
berlin,52.52,13.405,2026-06-14 12:00:00,2026-06-18 23:59:59,30.189,16.088999,0.0,58303.88,240.71866,7.5942073,24.48,5.0133142,1.25
berlin,52.52,13.405,2026-06-14 12:00:00,2026-06-19 23:59:59,32.126,20.789,0.3,46535.734,166.80664,7.2359104,28.8,3.8247283,4.0104165
berlin,52.52,13.405,2026-06-14 12:00:00,2026-06-20 23:59:59,33.976,22.575998,1.5000001,51393.434,209.35765,13.37825,43.199997,8.523153,14.833333
berlin,52.52,13.405,2026-06-14 12:00:00,2026-06-21 23:59:59,27.9,19.425999,0.15,58994.156,314.74234,15.580141,41.039997,9.764713,23.427084
berlin,52.52,13.405,2026-06-14 12:00:00,2026-06-22 23:59:59,25.5,15.85,0.0,59383.234,348.32947,13.917154,37.44,8.192086,13.416667
berlin,52.52,13.405,2026-06-14 12:00:00,2026-06-23 23:59:59,24.45,16.05,0.0,59399.656,346.3858,11.334285,34.56,8.376252,5.75
berlin,52.52,13.405,2026-06-14 12:00:00,2026-06-24 23:59:59,25.4,16.55,0.0,43618.992,304.8187,17.986494,52.92,10.262134,6.375
berlin,52.52,13.405,2026-06-14 12:00:00,2026-06-25 23:59:59,23.35,15.35,0.0,58985.754,335.05252,12.570394,44.28,10.395319,9.291667
berlin,52.52,13.405,2026-06-14 12:00:00,2026-06-26 23:59:59,24.9,15.45,0.0,59437.41,50.460987,18.201374,43.56,9.34613,7.9583335
berlin,52.52,13.405,2026-06-14 12:00:00,2026-06-27 23:59:59,24.95,14.25,0.0,59445.676,89.71554,14.957339,42.839996,13.824362,13.75
valencia,39.4699,-0.3763,2026-04-22 12:00:00,2026-04-22 23:59:59,24.0325,13.9825,0.0,43992.633,85.34372,15.782622,34.92,6.319909,0.0
valencia,39.4699,-0.3763,2026-04-22 12:00:00,2026-04-23 23:59:59,20.2325,16.2825,0.0,42739.566,48.517635,19.969458,46.079998,14.448542,0.0
valencia,39.4699,-0.3763,2026-04-22 12:00:00,2026-04-24 23:59:59,20.2825,16.1325,0.6,19136.191,49.419304,15.463246,37.079998,9.707925,8.666667
valencia,39.4699,-0.3763,2026-04-22 12:00:00,2026-04-25 23:59:59,20.0325,15.3325,0.0,43364.02,57.08817,13.084402,32.039997,7.608337,9.208333
valencia,39.4699,-0.3763,2026-04-22 12:00:00,2026-04-26 23:59:59,23.5325,10.6825,0.0,48727.293,132.39742,11.91812,28.8,5.524966,3.2916667
valencia,39.4699,-0.3763,2026-04-22 12:00:00,2026-04-27 23:59:59,24.914501,7.8645,0.0,48864.715,130.94524,13.779114,32.039997,6.0187774,1.78125
valencia,39.4699,-0.3763,2026-04-22 12:00:00,2026-04-28 23:59:59,24.3145,6.9645,0.0,49000.61,130.68388,14.081477,33.12,6.586311,1.1666666
munich,48.1351,11.582,2026-06-06 12:00:00,2026-06-01 23:59:59,22.515001,14.915,1.2,33630.066,272.61237,15.617529,34.92,9.72849,40.541668
munich,48.1351,11.582,2026-06-06 12:00:00,2026-06-02 23:59:59,25.915,12.365,2.1,32657.957,200.73413,21.647945,53.28,8.10762,15.416667
munich,48.1351,11.582,2026-06-06 12:00:00,2026-06-03 23:59:59,16.915,13.165,8.200001,21529.86,248.89062,14.04,41.399998,10.483521,43.5
munich,48.1351,11.582,2026-06-06 12:00:00,2026-06-04 23:59:59,24.115,11.264999,3.7000003,37892.047,236.87279,16.862455,53.639996,7.5420074,16.916666
munich,48.1351,11.582,2026-06-06 12:00:00,2026-06-05 23:59:59,18.465,10.714999,9.299999,31427.254,244.7737,13.979871,35.64,9.046181,38.291668
munich,48.1351,11.582,2026-06-06 12:00:00,2026-06-06 23:59:59,22.165,9.964999,0.0,48990.375,250.11487,12.429127,34.2,6.6664577,3.5833333
munich,48.1351,11.582,2026-06-06 12:00:00,2026-06-07 23:59:59,22.665,14.665,0.1,42004.758,274.07474,11.480557,29.519999,7.1507163,2.125
munich,48.1351,11.582,2026-06-06 12:00:00,2026-06-08 23:59:59,27.1215,12.704125,0.4,42982.53,251.25542,12.783802,36.0,4.772091,1.7083334
munich,48.1351,11.582,2026-06-06 12:00:00,2026-06-09 23:59:59,16.8715,11.721499,14.899999,0.0,257.6508,10.823973,29.16,6.228462,78.5
munich,48.1351,11.582,2026-06-06 12:00:00,2026-06-10 23:59:59,15.5715,9.7715,1.5000001,21551.078,231.6912,7.24486,23.4,4.443199,54.104168
munich,48.1351,11.582,2026-06-06 12:00:00,2026-06-11 23:59:59,19.908,7.158,0.0,56426.938,259.32013,6.9899354,18.0,5.227561,36.875
munich,48.1351,11.582,2026-06-06 12:00:00,2026-06-12 23:59:59,25.558,8.508,0.0,54579.984,234.32352,10.495713,24.84,6.2182665,23.083334
munich,48.1351,11.582,2026-06-06 12:00:00,2026-06-13 23:59:59,26.3,15.258,0.0,50477.65,242.44368,15.333422,43.92,9.546995,29.145834
munich,48.1351,11.582,2026-06-06 12:00:00,2026-06-14 23:59:59,21.35,15.75,1.2000002,55263.49,288.43503,18.58451,50.039997,13.576105,27.333334
munich,48.1351,11.582,2026-06-06 12:00:00,2026-06-15 23:59:59,22.65,13.5,0.0,56583.094,273.26706,13.934604,42.839996,7.7886515,26.416666
munich,48.1351,11.582,2026-06-06 12:00:00,2026-06-16 23:59:59,28.15,14.8,0.0,56571.367,247.86444,7.1661706,23.039999,4.854978,20.083334
munich,48.1351,11.582,2026-06-06 12:00:00,2026-06-17 23:59:59,31.25,18.05,0.0,56557.77,248.26929,10.081606,36.0,7.385752,16.5
munich,48.1351,11.582,2026-06-06 12:00:00,2026-06-18 23:59:59,28.9,19.7,0.0,56542.94,307.11044,13.979871,38.519997,8.948689,21.375
munich,48.1351,11.582,2026-06-06 12:00:00,2026-06-19 23:59:59,25.85,16.45,0.0,56526.375,338.762,10.564942,36.36,7.324834,22.791666
bergen,60.3913,5.3249,2026-06-14 12:00:00,2026-06-09 23:59:59,13.061001,9.861,31.599998,0.0,263.54025,21.599998,38.519997,10.035,100.0
bergen,60.3913,5.3249,2026-06-14 12:00:00,2026-06-10 23:59:59,14.261001,9.861,0.4,59.81575,199.59644,11.879999,25.56,9.224998,93.208336
bergen,60.3913,5.3249,2026-06-14 12:00:00,2026-06-11 23:59:59,14.361,8.761001,12.200001,20931.27,165.29692,19.8,37.44,14.579999,80.458336
bergen,60.3913,5.3249,2026-06-14 12:00:00,2026-06-12 23:59:59,13.861,10.411,8.3,0.0,144.25081,23.4,44.28,16.739998,84.0
bergen,60.3913,5.3249,2026-06-14 12:00:00,2026-06-13 23:59:59,16.961,10.761001,1.5,14851.395,328.51205,19.8,37.079998,10.500001,64.541664
bergen,60.3913,5.3249,2026-06-14 12:00:00,2026-06-14 23:59:59,22.111,10.111,0.0,59657.46,333.90417,27.0,48.96,13.799999,1.625
bergen,60.3913,5.3249,2026-06-14 12:00:00,2026-06-15 23:59:59,19.211,9.761001,0.0,62456.38,335.6388,19.44,38.519997,16.289999,0.0
bergen,60.3913,5.3249,2026-06-14 12:00:00,2026-06-16 23:59:59,18.411001,8.811001,0.0,63729.96,318.69873,18.0,36.36,11.395302,0.0
bergen,60.3913,5.3249,2026-06-14 12:00:00,2026-06-17 23:59:59,14.25,6.65,2.9,16526.227,174.94101,11.35285,28.08,7.442716,16.125
bergen,60.3913,5.3249,2026-06-14 12:00:00,2026-06-18 23:59:59,15.3,11.05,1.6000001,19242.09,185.24084,11.722133,27.0,9.529697,37.583332
bergen,60.3913,5.3249,2026-06-14 12:00:00,2026-06-19 23:59:59,17.3,11.0,13.200001,10480.539,167.43178,21.768095,50.399998,14.832691,56.708332
bergen,60.3913,5.3249,2026-06-14 12:00:00,2026-06-20 23:59:59,15.9,10.55,41.400005,0.0,199.93411,18.553974,47.88,10.874198,72.541664
bergen,60.3913,5.3249,2026-06-14 12:00:00,2026-06-21 23:59:59,12.8,10.0,19.799997,28990.61,248.72528,15.273505,38.88,11.696811,61.458332
bergen,60.3913,5.3249,2026-06-14 12:00:00,2026-06-22 23:59:59,13.6,8.25,2.1000001,58522.0,242.83046,9.726665,30.599998,6.6353674,53.541668
bergen,60.3913,5.3249,2026-06-14 12:00:00,2026-06-23 23:59:59,12.25,7.8,1.8000003,22307.14,315.5786,11.556504,29.519999,4.7416673,26.125
bergen,60.3913,5.3249,2026-06-14 12:00:00,2026-06-24 23:59:59,14.8,7.75,1.2000002,56258.363,333.6476,18.337044,48.6,12.725055,35.5
bergen,60.3913,5.3249,2026-06-14 12:00:00,2026-06-25 23:59:59,15.8,7.55,0.0,67009.9,332.0966,14.664202,42.839996,10.941315,33.291668
bergen,60.3913,5.3249,2026-06-14 12:00:00,2026-06-26 23:59:59,19.1,7.35,0.0,63403.652,189.88258,13.493999,36.36,8.049695,26.541666
bergen,60.3913,5.3249,2026-06-14 12:00:00,2026-06-27 23:59:59,22.65,12.1,0.0,66903.57,165.70126,15.922624,42.839996,10.628578,31.875
vienna,48.2082,16.3738,2026-06-15 12:00:00,2026-06-10 23:59:59,17.771502,13.0215,5.7999997,0.0,310.45047,15.175612,34.92,10.218401,40.041668
vienna,48.2082,16.3738,2026-06-15 12:00:00,2026-06-11 23:59:59,19.1215,11.5215,5.7000003,47508.023,287.7195,21.261345,48.6,15.800838,14.333333
vienna,48.2082,16.3738,2026-06-15 12:00:00,2026-06-12 23:59:59,19.3715,11.221499,0.2,34281.156,279.50058,19.959719,45.719997,14.775136,19.875
vienna,48.2082,16.3738,2026-06-15 12:00:00,2026-06-13 23:59:59,25.9715,16.421501,3.0,41134.3,277.67712,17.731598,49.32,11.385633,36.208332
vienna,48.2082,16.3738,2026-06-15 12:00:00,2026-06-14 23:59:59,21.921501,17.771502,0.0,47553.11,294.395,19.813087,47.16,8.817174,4.4583335
vienna,48.2082,16.3738,2026-06-15 12:00:00,2026-06-15 23:59:59,24.021502,15.0715,0.0,50952.85,287.44485,18.057508,46.079998,10.457115,0.0
vienna,48.2082,16.3738,2026-06-15 12:00:00,2026-06-16 23:59:59,26.3215,14.8715,0.0,47132.17,271.57852,14.799459,36.36,7.9454865,0.7916667
vienna,48.2082,16.3738,2026-06-15 12:00:00,2026-06-17 23:59:59,24.13,18.279999,0.4,22812.111,284.0275,18.079027,45.0,8.600914,6.0416665
vienna,48.2082,16.3738,2026-06-15 12:00:00,2026-06-18 23:59:59,28.48,19.58,0.0,48437.523,324.90405,7.968939,22.68,6.2787824,0.6666667
vienna,48.2082,16.3738,2026-06-15 12:00:00,2026-06-19 23:59:59,32.03,19.33,0.0,57105.86,132.8142,13.237038,33.12,7.285991,0.0
vienna,48.2082,16.3738,2026-06-15 12:00:00,2026-06-20 23:59:59,29.813,21.413,1.5,49638.39,178.93748,10.365251,32.039997,5.6981483,7.375
vienna,48.2082,16.3738,2026-06-15 12:00:00,2026-06-21 23:59:59,34.713,22.613,0.3,57149.92,306.50418,8.669949,22.68,5.758736,28.375
vienna,48.2082,16.3738,2026-06-15 12:00:00,2026-06-22 23:59:59,34.931503,23.363,3.0,57130.152,306.22522,10.00256,38.16,5.1809134,22.270834
vienna,48.2082,16.3738,2026-06-15 12:00:00,2026-06-23 23:59:59,33.15,22.7,0.0,57106.6,88.66004,9.422101,24.84,4.6059585,16.041666
vienna,48.2082,16.3738,2026-06-15 12:00:00,2026-06-24 23:59:59,35.3,24.55,0.6,57093.734,135.77495,14.529915,47.88,9.184495,11.166667
vienna,48.2082,16.3738,2026-06-15 12:00:00,2026-06-25 23:59:59,28.5,22.2,1.8,57075.98,317.5888,20.833395,54.0,18.768766,5.0416665
vienna,48.2082,16.3738,2026-06-15 12:00:00,2026-06-26 23:59:59,28.65,19.35,0.0,57053.387,352.12283,13.277364,43.199997,11.176721,6.5416665
vienna,48.2082,16.3738,2026-06-15 12:00:00,2026-06-27 23:59:59,31.1,20.3,0.0,57025.92,89.62183,8.55142,32.760002,6.1203084,8.0
vienna,48.2082,16.3738,2026-06-15 12:00:00,2026-06-28 23:59:59,29.7,20.35,2.6999996,56993.637,273.05518,19.623302,53.28,10.982399,7.75
berlin,52.52,13.405,2026-04-18 12:00:00,2026-04-18 23:59:59,20.652,9.002,0.2,39108.465,103.736275,9.885262,23.759998,5.8186736,2.75
berlin,52.52,13.405,2026-04-18 12:00:00,2026-04-19 23:59:59,15.702,8.702,37.5,235.9275,335.70087,19.61587,44.639996,10.662262,54.208332
berlin,52.52,13.405,2026-04-18 12:00:00,2026-04-20 23:59:59,15.11125,6.002,20.875,15296.777,341.9017,18.864824,43.199997,11.880358,47.958332
berlin,52.52,13.405,2026-04-18 12:00:00,2026-04-21 23:59:59,13.938999,1.139,0.0,49371.523,30.933779,12.57426,32.039997,9.970429,0.6666667
berlin,52.52,13.405,2026-04-18 12:00:00,2026-04-22 23:59:59,17.739,2.039,0.0,50400.0,332.39813,12.371645,34.56,8.279119,0.0
berlin,52.52,13.405,2026-04-18 12:00:00,2026-04-23 23:59:59,18.376,5.089,0.0,50400.0,316.78003,17.287498,43.92,10.750201,1.09375
berlin,52.52,13.405,2026-04-18 12:00:00,2026-04-24 23:59:59,16.376,4.876,0.0,43952.926,285.62863,14.007655,35.64,10.018291,2.7916667
munich,48.1351,11.582,2026-06-14 12:00:00,2026-06-09 23:59:59,18.665,13.365,5.499999,0.0,235.00789,14.33234,36.0,8.826615,72.833336
munich,48.1351,11.582,2026-06-14 12:00:00,2026-06-10 23:59:59,13.464999,10.014999,22.2,166.21788,300.6185,12.768586,28.8,5.2998857,92.916664
munich,48.1351,11.582,2026-06-14 12:00:00,2026-06-11 23:59:59,15.464999,9.165,2.3000002,35889.15,269.11993,16.516901,54.719997,10.449371,37.375
munich,48.1351,11.582,2026-06-14 12:00:00,2026-06-12 23:59:59,16.415,11.115,5.7000003,0.0,248.47536,18.792551,42.12,11.957027,63.083332
munich,48.1351,11.582,2026-06-14 12:00:00,2026-06-13 23:59:59,25.515001,15.714999,0.2,48789.8,262.89352,23.759998,56.519997,17.465649,6.4166665
munich,48.1351,11.582,2026-06-14 12:00:00,2026-06-14 23:59:59,22.115,15.565,0.0,49237.043,300.72787,18.11841,41.760002,11.895808,1.6666666
munich,48.1351,11.582,2026-06-14 12:00:00,2026-06-15 23:59:59,22.465,12.815,0.0,52142.7,297.36127,19.022177,41.039997,9.612603,0.0
munich,48.1351,11.582,2026-06-14 12:00:00,2026-06-16 23:59:59,21.565,12.014999,0.25,28220.82,231.80643,11.417674,30.599998,6.3291836,11.208333
munich,48.1351,11.582,2026-06-14 12:00:00,2026-06-17 23:59:59,28.5715,16.6215,0.0,45629.504,260.60458,10.703569,31.319998,6.270299,5.7083335
munich,48.1351,11.582,2026-06-14 12:00:00,2026-06-18 23:59:59,31.8715,17.7215,0.3,55684.35,204.66374,5.6920996,20.519999,3.9210646,0.041666668
munich,48.1351,11.582,2026-06-14 12:00:00,2026-06-19 23:59:59,32.708,19.021502,0.6,49234.12,145.79158,7.9932976,22.319998,4.3914866,2.5416667
munich,48.1351,11.582,2026-06-14 12:00:00,2026-06-20 23:59:59,30.008,18.258,0.3,56435.68,246.94867,12.245293,33.12,7.104261,6.5
munich,48.1351,11.582,2026-06-14 12:00:00,2026-06-21 23:59:59,31.8,17.758,1.5,56508.812,216.73929,8.93859,38.519997,5.029057,18.072916
munich,48.1351,11.582,2026-06-14 12:00:00,2026-06-22 23:59:59,29.75,18.55,5.700001,56469.06,290.75162,12.189602,30.960001,6.108966,17.0
munich,48.1351,11.582,2026-06-14 12:00:00,2026-06-23 23:59:59,27.6,18.2,2.9999995,56447.676,195.92847,10.495713,30.960001,6.3653665,23.458334
munich,48.1351,11.582,2026-06-14 12:00:00,2026-06-24 23:59:59,29.15,20.15,0.0,56848.246,292.74414,10.587917,29.519999,8.964912,11.458333
munich,48.1351,11.582,2026-06-14 12:00:00,2026-06-25 23:59:59,27.25,18.25,0.0,56824.8,36.704975,9.187056,31.319998,6.3981442,9.958333
munich,48.1351,11.582,2026-06-14 12:00:00,2026-06-26 23:59:59,29.0,17.9,0.0,56800.44,58.651764,9.807935,33.12,6.7466564,12.333333
munich,48.1351,11.582,2026-06-14 12:00:00,2026-06-27 23:59:59,31.0,19.2,0.0,56775.344,81.70201,13.403656,39.6,9.971009,17.083334
london,51.5074,-0.1278,2026-04-30 12:00:00,2026-04-30 23:59:59,19.591,11.290999,0.0,46800.0,85.52454,20.16,45.719997,16.214998,0.0
london,51.5074,-0.1278,2026-04-30 12:00:00,2026-05-01 23:59:59,24.841,12.191,0.0,41968.305,150.79489,15.4800005,33.48,11.339999,6.0833335
london,51.5074,-0.1278,2026-04-30 12:00:00,2026-05-02 23:59:59,17.2545,11.601126,0.70000005,33300.0,209.79178,13.679999,29.16,7.6087503,14.916667
london,51.5074,-0.1278,2026-04-30 12:00:00,2026-05-03 23:59:59,15.6545,12.2045,13.000001,33689.8,35.987804,9.36,19.44,6.33,50.833332
london,51.5074,-0.1278,2026-04-30 12:00:00,2026-05-04 23:59:59,16.7045,11.4045,10.300001,26278.592,40.94208,8.28,17.28,6.435,18.291666
london,51.5074,-0.1278,2026-04-30 12:00:00,2026-05-05 23:59:59,15.2045,10.4045,2.2,39178.508,93.75799,9.72,21.599998,6.2400002,9.75
london,51.5074,-0.1278,2026-04-30 12:00:00,2026-05-06 23:59:59,12.890875,9.3,0.2,12457.896,348.72757,14.275713,36.0,7.9320045,7.625
valencia,39.4699,-0.3763,2026-05-15 12:00:00,2026-05-15 23:59:59,19.8825,14.5825,3.1,14842.878,288.81198,13.684735,30.239998,6.682044,17.458334
valencia,39.4699,-0.3763,2026-05-15 12:00:00,2026-05-16 23:59:59,22.1325,10.8325,0.0,50400.0,167.36096,16.323528,37.8,8.857817,0.0
valencia,39.4699,-0.3763,2026-05-15 12:00:00,2026-05-17 23:59:59,22.2325,13.0825,0.2,40571.56,99.38908,14.693999,35.64,6.2173996,3.6666667
valencia,39.4699,-0.3763,2026-05-15 12:00:00,2026-05-18 23:59:59,22.7825,13.9825,0.0,50400.0,95.00293,13.849477,33.12,7.3064365,3.625
valencia,39.4699,-0.3763,2026-05-15 12:00:00,2026-05-19 23:59:59,26.3825,15.4325,0.0,47228.977,110.64055,17.429354,39.239998,8.378304,0.041666668
valencia,39.4699,-0.3763,2026-05-15 12:00:00,2026-05-20 23:59:59,27.3145,14.6145,0.0,50480.188,95.65898,15.042659,35.28,6.934517,0.0
valencia,39.4699,-0.3763,2026-05-15 12:00:00,2026-05-21 23:59:59,26.3645,17.8145,0.0,48481.465,92.14755,16.039202,36.0,6.1922603,0.0
hamburg,53.5511,9.9937,2026-06-16 12:00:00,2026-06-11 23:59:59,17.223501,10.2235,1.3000001,43889.324,257.79636,12.959999,32.039997,7.4761868,15.708333
hamburg,53.5511,9.9937,2026-06-16 12:00:00,2026-06-12 23:59:59,18.6735,11.4735,0.8,3297.3894,232.56273,20.211363,46.44,10.465452,21.875
hamburg,53.5511,9.9937,2026-06-16 12:00:00,2026-06-13 23:59:59,17.2735,12.6735,2.5,25678.828,262.9365,27.0024,56.519997,16.315126,7.75
hamburg,53.5511,9.9937,2026-06-16 12:00:00,2026-06-14 23:59:59,16.323502,10.9735,4.899999,13961.957,279.71945,25.759504,53.639996,19.039751,18.333334
hamburg,53.5511,9.9937,2026-06-16 12:00:00,2026-06-15 23:59:59,15.9735,12.5234995,0.0,40429.492,280.1593,24.023088,55.079998,17.771482,0.0
hamburg,53.5511,9.9937,2026-06-16 12:00:00,2026-06-16 23:59:59,19.223501,11.1735,0.0,47639.258,281.76825,10.799999,27.72,8.8218,0.125
hamburg,53.5511,9.9937,2026-06-16 12:00:00,2026-06-17 23:59:59,21.223501,11.3235,0.1,14381.172,241.72095,14.57889,29.16,6.9865203,6.375
hamburg,53.5511,9.9937,2026-06-16 12:00:00,2026-06-18 23:59:59,27.4235,17.0235,0.0,41586.73,251.73468,13.493999,28.44,8.640596,0.6666667
hamburg,53.5511,9.9937,2026-06-16 12:00:00,2026-06-19 23:59:59,32.114998,18.615,0.6,45663.12,167.86702,8.049845,29.519999,5.3349595,9.958333
hamburg,53.5511,9.9937,2026-06-16 12:00:00,2026-06-20 23:59:59,30.465,22.565,12.599999,47473.383,165.57922,12.496719,41.399998,5.607091,24.208334
hamburg,53.5511,9.9937,2026-06-16 12:00:00,2026-06-21 23:59:59,24.425999,17.915,0.0,31166.16,345.89325,8.435069,21.599998,7.133637,18.03125
hamburg,53.5511,9.9937,2026-06-16 12:00:00,2026-06-22 23:59:59,23.276,16.876,0.6,47698.145,347.1077,13.684735,30.960001,8.10574,6.2916665
hamburg,53.5511,9.9937,2026-06-16 12:00:00,2026-06-23 23:59:59,18.675999,12.776,0.0,60333.453,311.12296,19.174856,43.92,12.919454,4.0833335
hamburg,53.5511,9.9937,2026-06-16 12:00:00,2026-06-24 23:59:59,17.15,13.632,0.0,28891.84,297.2735,20.285769,47.519997,15.782193,12.666667
hamburg,53.5511,9.9937,2026-06-16 12:00:00,2026-06-25 23:59:59,18.85,13.95,1.2000002,55891.062,278.017,15.086748,46.079998,11.364706,4.7916665
hamburg,53.5511,9.9937,2026-06-16 12:00:00,2026-06-26 23:59:59,19.15,13.85,1.2000002,59857.67,300.75836,12.815443,36.36,8.372982,16.583334
hamburg,53.5511,9.9937,2026-06-16 12:00:00,2026-06-27 23:59:59,22.9,14.6,0.0,48475.344,276.56253,6.77575,32.039997,4.1312947,12.0
hamburg,53.5511,9.9937,2026-06-16 12:00:00,2026-06-28 23:59:59,28.0,17.55,0.6,60275.598,291.2181,14.8257065,33.48,8.513182,7.5416665
hamburg,53.5511,9.9937,2026-06-16 12:00:00,2026-06-29 23:59:59,19.4,15.0,0.0,60227.176,316.03418,20.276182,50.76,16.753439,12.041667
aachen,50.7753,6.0839,2026-04-15 12:00:00,2026-04-15 23:59:59,19.126,7.826,0.0,44919.938,197.13081,12.24,24.119999,8.34,1.0416666
aachen,50.7753,6.0839,2026-04-15 12:00:00,2026-04-16 23:59:59,18.526,11.926,0.1,35147.58,247.85912,12.959999,25.919998,8.4,10.791667
aachen,50.7753,6.0839,2026-04-15 12:00:00,2026-04-17 23:59:59,20.376,12.776,0.0,42178.04,262.14413,6.8399997,19.08,4.05,0.0
aachen,50.7753,6.0839,2026-04-15 12:00:00,2026-04-18 23:59:59,17.95,10.0,7.1,41540.83,247.76485,10.742848,27.359999,6.4003153,22.5
aachen,50.7753,6.0839,2026-04-15 12:00:00,2026-04-19 23:59:59,13.9,7.8,4.2,48234.727,338.2509,15.1884165,37.44,11.01516,35.125
aachen,50.7753,6.0839,2026-04-15 12:00:00,2026-04-20 23:59:59,9.7,4.15,2.4,32146.86,349.67587,16.516901,38.88,12.235801,29.166666
aachen,50.7753,6.0839,2026-04-15 12:00:00,2026-04-21 23:59:59,8.2,3.15,5.400001,45300.48,6.38701,17.972979,40.68,13.183614,18.333334
berlin,52.52,13.405,2026-05-03 12:00:00,2026-05-03 23:59:59,28.052,12.752,0.0,49364.086,214.45616,13.479583,34.56,7.9983926,0.33333334
berlin,52.52,13.405,2026-05-03 12:00:00,2026-05-04 23:59:59,23.452,15.902,1.5,39472.887,271.63986,17.313717,35.64,8.752741,6.375
berlin,52.52,13.405,2026-05-03 12:00:00,2026-05-05 23:59:59,18.588999,10.039,9.724999,2154.612,23.377665,13.009903,31.319998,6.1937017,51.708332
berlin,52.52,13.405,2026-05-03 12:00:00,2026-05-06 23:59:59,10.889,6.689,5.0999994,0.0,5.4996047,11.91812,28.44,9.168388,34.625
berlin,52.52,13.405,2026-05-03 12:00:00,2026-05-07 23:59:59,14.389,6.489,0.0,2340.9465,356.49872,10.105681,26.28,7.959451,13.958333
berlin,52.52,13.405,2026-05-03 12:00:00,2026-05-08 23:59:59,18.575998,5.626,0.0,51515.13,9.623085,10.799999,27.0,6.4950385,8.041667
berlin,52.52,13.405,2026-05-03 12:00:00,2026-05-09 23:59:59,19.026,4.376,0.0,52873.69,65.454185,12.224107,32.399998,8.7204275,2.5416667
leipzig,51.3397,12.3731,2026-06-16 12:00:00,2026-06-11 23:59:59,17.463001,11.863,4.9,45423.46,253.97855,11.928989,43.56,8.144794,52.666668
leipzig,51.3397,12.3731,2026-06-16 12:00:00,2026-06-12 23:59:59,17.763,11.563,3.1,0.0,224.79262,14.587776,34.92,9.419209,41.541668
leipzig,51.3397,12.3731,2026-06-16 12:00:00,2026-06-13 23:59:59,21.663,15.162999,1.5000001,28083.074,273.09158,18.204042,45.719997,10.8330555,23.541666
leipzig,51.3397,12.3731,2026-06-16 12:00:00,2026-06-14 23:59:59,17.613,12.063,2.0,27586.148,271.22318,19.70815,47.16,12.849229,12.25
leipzig,51.3397,12.3731,2026-06-16 12:00:00,2026-06-15 23:59:59,17.213001,11.212999,0.0,24199.605,266.3569,18.775301,46.079998,12.20832,1.4166666
leipzig,51.3397,12.3731,2026-06-16 12:00:00,2026-06-16 23:59:59,23.263,9.712999,0.3,30992.994,242.71117,15.042659,36.719997,7.4163384,11.458333
leipzig,51.3397,12.3731,2026-06-16 12:00:00,2026-06-17 23:59:59,23.963001,14.462999,0.2,32125.805,278.75812,12.429127,32.039997,5.8384814,7.3333335
leipzig,51.3397,12.3731,2026-06-16 12:00:00,2026-06-18 23:59:59,30.463001,17.413,0.0,53695.723,252.22818,12.9249525,30.960001,6.066091,0.0
leipzig,51.3397,12.3731,2026-06-16 12:00:00,2026-06-19 23:59:59,33.815,20.515001,0.1,49522.766,159.97787,7.172949,29.88,3.9443483,4.7083335
leipzig,51.3397,12.3731,2026-06-16 12:00:00,2026-06-20 23:59:59,33.315,21.465,0.9000001,25648.459,188.76747,8.217153,26.64,4.6126943,16.541666
leipzig,51.3397,12.3731,2026-06-16 12:00:00,2026-06-21 23:59:59,29.4205,21.215,6.0,50169.207,324.8535,7.729527,26.64,5.025634,15.4375
leipzig,51.3397,12.3731,2026-06-16 12:00:00,2026-06-22 23:59:59,23.675999,18.276,8.700001,26681.633,341.277,13.324863,33.48,5.6393557,20.25
leipzig,51.3397,12.3731,2026-06-16 12:00:00,2026-06-23 23:59:59,23.776,15.676,0.0,54020.402,337.21118,13.70839,35.28,7.869846,12.625
leipzig,51.3397,12.3731,2026-06-16 12:00:00,2026-06-24 23:59:59,22.95,15.463,0.0,58154.027,310.7365,15.137133,41.039997,12.171983,7.8958335
leipzig,51.3397,12.3731,2026-06-16 12:00:00,2026-06-25 23:59:59,22.75,14.55,0.0,57422.695,302.417,16.308636,38.88,8.189085,4.5833335
leipzig,51.3397,12.3731,2026-06-16 12:00:00,2026-06-26 23:59:59,23.8,16.3,0.6,49177.934,319.4246,13.14493,39.6,8.934785,10.0
leipzig,51.3397,12.3731,2026-06-16 12:00:00,2026-06-27 23:59:59,25.8,16.3,0.0,58851.848,355.7831,8.64,34.2,5.5683837,7.0
leipzig,51.3397,12.3731,2026-06-16 12:00:00,2026-06-28 23:59:59,32.7,18.85,0.0,58814.203,264.39655,15.546833,36.0,8.960412,5.5833335
leipzig,51.3397,12.3731,2026-06-16 12:00:00,2026-06-29 23:59:59,27.0,19.6,0.6,58770.98,341.7621,17.419127,43.56,14.570204,7.625
munich,48.1351,11.582,2026-06-02 12:00:00,2026-06-02 23:59:59,24.815,12.365,0.4,27247.049,195.85588,20.192118,61.199997,7.9089074,11.708333
munich,48.1351,11.582,2026-06-02 12:00:00,2026-06-03 23:59:59,18.815,13.915,10.6,32993.32,262.04645,21.749481,52.92,12.378686,34.916668
munich,48.1351,11.582,2026-06-02 12:00:00,2026-06-04 23:59:59,24.8215,12.3715,6.0,27656.53,242.72128,12.979984,36.719997,7.5605187,30.791666
munich,48.1351,11.582,2026-06-02 12:00:00,2026-06-05 23:59:59,17.7215,10.5715,11.9000025,44215.816,247.79404,11.879999,36.0,8.3770075,61.791668
munich,48.1351,11.582,2026-06-02 12:00:00,2026-06-06 23:59:59,19.7215,10.5215,1.2,23254.615,109.85533,8.287822,26.28,4.317478,10.541667
munich,48.1351,11.582,2026-06-02 12:00:00,2026-06-07 23:59:59,17.658,12.836376,7.4999976,20156.88,246.3869,21.188072,58.32,12.187538,43.291668
munich,48.1351,11.582,2026-06-02 12:00:00,2026-06-08 23:59:59,18.508,11.808001,0.3,32416.7,259.19626,14.830076,35.64,10.698921,23.916666
valencia,39.4699,-0.3763,2026-05-20 12:00:00,2026-05-20 23:59:59,23.932499,15.5325,0.0,50400.0,63.89126,14.561099,33.839996,7.552193,0.0
valencia,39.4699,-0.3763,2026-05-20 12:00:00,2026-05-21 23:59:59,26.3825,15.4325,0.0,50400.0,100.384026,13.570615,32.039997,6.011691,0.0
valencia,39.4699,-0.3763,2026-05-20 12:00:00,2026-05-22 23:59:59,27.682499,15.5325,0.0,50400.0,105.47407,14.33234,33.48,5.673456,0.0
valencia,39.4699,-0.3763,2026-05-20 12:00:00,2026-05-23 23:59:59,26.5325,15.8325,0.0,50407.484,98.49263,13.493999,33.48,5.922228,0.0
valencia,39.4699,-0.3763,2026-05-20 12:00:00,2026-05-24 23:59:59,25.932499,15.9325,0.0,50400.0,92.63831,12.324414,30.239998,5.4091344,0.125
valencia,39.4699,-0.3763,2026-05-20 12:00:00,2026-05-25 23:59:59,27.2145,16.044,0.0,47436.043,79.80885,15.484185,36.36,6.606875,0.8958333
valencia,39.4699,-0.3763,2026-05-20 12:00:00,2026-05-26 23:59:59,25.5645,14.814501,0.0,47996.01,81.39704,14.799459,34.2,7.7632046,0.0
london,51.5074,-0.1278,2026-05-04 12:00:00,2026-05-04 23:59:59,18.041,13.040999,0.1,13143.556,35.40411,13.32,30.239998,9.4800005,17.208334
london,51.5074,-0.1278,2026-05-04 12:00:00,2026-05-05 23:59:59,17.541,10.591,0.0,20561.596,29.411726,20.16,44.28,13.079999,1.9166666
london,51.5074,-0.1278,2026-05-04 12:00:00,2026-05-06 23:59:59,10.4045,6.541,0.0,26274.217,44.665573,18.359999,40.68,12.723749,6.6666665
london,51.5074,-0.1278,2026-05-04 12:00:00,2026-05-07 23:59:59,11.6045,7.7545004,0.0,48202.96,104.58823,10.440001,22.68,7.0950003,11.333333
london,51.5074,-0.1278,2026-05-04 12:00:00,2026-05-08 23:59:59,16.9545,8.8545,0.0,51803.246,101.587395,16.919998,36.0,10.695001,13.791667
london,51.5074,-0.1278,2026-05-04 12:00:00,2026-05-09 23:59:59,18.404501,8.7045,0.4,44500.973,66.48827,20.880001,43.199997,16.11,43.791668
london,51.5074,-0.1278,2026-05-04 12:00:00,2026-05-10 23:59:59,18.8045,10.5045,11.800001,0.0,23.752533,14.4,30.599998,12.33,37.666668
valencia,39.4699,-0.3763,2026-05-18 12:00:00,2026-05-18 23:59:59,22.832499,13.4325,0.0,50400.0,85.166725,15.941944,36.36,7.5918865,0.125
valencia,39.4699,-0.3763,2026-05-18 12:00:00,2026-05-19 23:59:59,28.7325,15.2825,0.0,50400.0,91.70475,17.654688,42.12,7.927843,0.0
valencia,39.4699,-0.3763,2026-05-18 12:00:00,2026-05-20 23:59:59,23.3825,16.7825,0.0,48806.152,64.47424,14.417988,33.12,7.754232,0.0
valencia,39.4699,-0.3763,2026-05-18 12:00:00,2026-05-21 23:59:59,26.082499,15.0825,0.0,50455.668,100.17547,14.182355,33.12,6.244981,0.0
valencia,39.4699,-0.3763,2026-05-18 12:00:00,2026-05-22 23:59:59,26.8825,15.132501,0.0,50431.55,94.61468,14.658676,34.56,6.3962317,0.0
valencia,39.4699,-0.3763,2026-05-18 12:00:00,2026-05-23 23:59:59,27.6145,13.564501,0.0,50407.484,99.42293,15.978486,38.16,7.2677555,0.0
valencia,39.4699,-0.3763,2026-05-18 12:00:00,2026-05-24 23:59:59,26.8145,15.814501,0.0,49466.695,80.93718,16.09969,36.36,7.55982,3.4583333
aachen,50.78200149536133,6.089999675750732,2026-06-06/18/26 17:34:58,2026-06-12 00:59:59,17.775999069213867,9.675999641418457,6.099999904632568,26784.15625,238.87213134765625,20.51999855041504,39.959999084472656,12.239997863769531,41.45833206176758
aachen,50.78200149536133,6.089999675750732,2026-06-06/18/26 17:34:58,2026-06-13 00:59:59,16.025999069213867,12.37600040435791,9.80000114440918,0.0,244.151611328125,22.68000030517578,43.91999816894531,18.734996795654297,83.45833587646484
aachen,50.78200149536133,6.089999675750732,2026-06-06/18/26 17:34:58,2026-06-14 00:59:59,18.125999450683594,13.47599983215332,0.4000000059604645,22400.2265625,266.47760009765625,22.68000030517578,46.439998626708984,16.57499885559082,24.125
aachen,50.78200149536133,6.089999675750732,2026-06-06/18/26 17:34:58,2026-06-15 00:59:59,18.875999450683594,12.326000213623047,0.20000000298023224,24314.033203125,281.62384033203125,16.559999465942383,36.0,12.899999618530273,20.125
aachen,50.78200149536133,6.089999675750732,2026-06-06/18/26 17:34:58,2026-06-16 00:59:59,20.875999450683594,10.276000022888184,0.0,37617.16796875,266.21453857421875,12.59999942779541,25.559999465942383,8.114998817443848,2.9583332538604736
aachen,50.78200149536133,6.089999675750732,2026-06-06/18/26 17:34:58,2026-06-17 00:59:59,25.92599868774414,15.826000213623047,0.0,39504.94140625,253.6730499267578,18.0,36.0,10.619999885559082,19.83333396911621
aachen,50.78200149536133,6.089999675750732,2026-06-06/18/26 17:34:58,2026-06-18 00:59:59,27.525999069213867,16.47599983215332,0.0,36758.51953125,245.8996124267578,13.319999694824219,29.51999855041504,8.09999942779541,3.625
aachen,50.78200149536133,6.089999675750732,2026-06-06/18/26 17:34:58,2026-06-19 00:59:59,33.32600021362305,20.17599868774414,0.6000000238418579,53737.5859375,220.96827697753906,30.23999786376953,83.52000427246094,7.230000019073486,0.4166666567325592
aachen,50.78200149536133,6.089999675750732,2026-06-06/18/26 17:34:58,2026-06-20 00:59:59,37.125999450683594,21.275999069213867,0.0,49380.84375,121.06849670410156,27.719999313354492,64.07999420166016,10.649998664855957,26.5
aachen,50.78200149536133,6.089999675750732,2026-06-06/18/26 17:34:58,2026-06-21 00:59:59,32.375999450683594,23.22599983215332,0.0,53691.26953125,224.43939208984375,20.15999984741211,58.679996490478516,12.647327423095703,12.125
aachen,50.78200149536133,6.089999675750732,2026-06-06/18/26 17:34:58,2026-06-22 00:59:59,30.799999237060547,19.5,0.0,54420.38671875,43.67667007446289,11.246759414672852,28.079999923706055,6.797237396240234,9.625
aachen,50.78200149536133,6.089999675750732,2026-06-06/18/26 17:34:58,2026-06-23 00:59:59,32.849998474121094,20.850000381469727,0.0,58604.546875,62.893775939941406,10.735305786132812,27.0,8.226630210876465,3.875
aachen,50.78200149536133,6.089999675750732,2026-06-06/18/26 17:34:58,2026-06-24 00:59:59,35.79999923706055,23.200000762939453,0.0,58595.4140625,208.72604370117188,15.464293479919434,39.599998474121094,12.49894905090332,4.25
aachen,50.78200149536133,6.089999675750732,2026-06-06/18/26 17:34:58,2026-06-25 00:59:59,28.450000762939453,19.549999237060547,0.0,58580.7421875,309.1720886230469,15.745627403259277,37.439998626708984,12.646672248840332,3.2916667461395264
aachen,50.78200149536133,6.089999675750732,2026-06-06/18/26 17:34:58,2026-06-26 00:59:59,24.850000381469727,15.199999809265137,0.0,58560.55078125,38.63674545288086,14.518759727478027,36.71999740600586,11.764078140258789,2.7916667461395264
aachen,50.78200149536133,6.089999675750732,2026-06-06/18/26 17:34:58,2026-06-27 00:59:59,29.450000762939453,17.450000762939453,0.0,58168.62109375,51.45087432861328,14.256409645080566,36.36000061035156,11.774575233459473,6.375
aachen,50.78200149536133,6.089999675750732,2026-06-06/18/26 17:34:58,2026-06-28 00:59:59,29.649999618530273,19.149999618530273,0.0,58503.70703125,47.886512756347656,15.717823028564453,38.519996643066406,12.9187650680542,5.75
aachen,50.78200149536133,6.089999675750732,2026-06-06/18/26 17:34:58,2026-06-29 00:59:59,32.849998474121094,19.200000762939453,0.0,58467.08984375,81.07608032226562,16.029096603393555,37.79999923706055,14.910456657409668,9.208333015441895
aachen,50.78200149536133,6.089999675750732,2026-06-06/18/26 17:34:58,2026-06-30 00:59:59,37.95000076293945,24.200000762939453,4.800000190734863,58425.0546875,139.10916137695312,18.613252639770508,41.03999710083008,15.078328132629395,14.458333015441895
aachen,50.78200149536133,6.089999675750732,2026-06-06/18/26 17:34:58,2026-07-01 00:59:59,30.5,21.799999237060547,8.199999809265137,57386.12890625,214.30245971679688,19.73443603515625,38.880001068115234,11.265947341918945,20.875
aachen,50.78200149536133,6.089999675750732,2026-06-06/18/26 17:34:58,2026-07-02 00:59:59,20.600000381469727,16.75,10.000003814697266,43435.38671875,324.6658935546875,14.896562576293945,39.599998474121094,8.889129638671875,22.20833396911621
munich,48.13999938964844,11.579999923706055,2026-06-06/18/26 17:34:58,2026-06-12 00:59:59,15.464999198913574,9.164999961853027,2.3000001907348633,35889.1484375,269.46368408203125,16.51690101623535,54.71999740600586,10.31394100189209,37.16666793823242
munich,48.13999938964844,11.579999923706055,2026-06-06/18/26 17:34:58,2026-06-13 00:59:59,16.415000915527344,11.114999771118164,5.700000286102295,0.0,249.47743225097656,18.792551040649414,42.119998931884766,12.363298416137695,64.95833587646484
munich,48.13999938964844,11.579999923706055,2026-06-06/18/26 17:34:58,2026-06-14 00:59:59,25.51500129699707,15.714999198913574,0.20000000298023224,48789.80078125,262.67156982421875,23.759998321533203,56.519996643066406,17.424535751342773,4.541666507720947
munich,48.13999938964844,11.579999923706055,2026-06-06/18/26 17:34:58,2026-06-15 00:59:59,21.614999771118164,15.5649995803833,0.0,49551.6484375,302.98968505859375,15.124283790588379,39.23999786376953,11.383187294006348,1.6666666269302368
munich,48.13999938964844,11.579999923706055,2026-06-06/18/26 17:34:58,2026-06-16 00:59:59,22.21500015258789,13.0649995803833,0.0,53492.30078125,298.9169921875,15.226763725280762,38.880001068115234,8.86077880859375,0.0
munich,48.13999938964844,11.579999923706055,2026-06-06/18/26 17:34:58,2026-06-17 00:59:59,22.665000915527344,10.8149995803833,0.0,25495.640625,238.8243408203125,15.941944122314453,34.20000076293945,7.888053894042969,5.583333492279053
munich,48.13999938964844,11.579999923706055,2026-06-06/18/26 17:34:58,2026-06-18 00:59:59,26.614999771118164,17.96500015258789,0.0,46827.40234375,273.2947692871094,14.40899658203125,35.279998779296875,8.408330917358398,3.4166667461395264
munich,48.13999938964844,11.579999923706055,2026-06-06/18/26 17:34:58,2026-06-19 00:59:59,30.614999771118164,16.815000534057617,0.0,54000.0,105.29476928710938,12.181624412536621,24.479999542236328,5.589572429656982,0.0
munich,48.13999938964844,11.579999923706055,2026-06-06/18/26 17:34:58,2026-06-20 00:59:59,33.16499710083008,17.864999771118164,0.0,50400.1484375,83.76171112060547,15.815435409545898,35.279998779296875,7.298173904418945,0.25
munich,48.13999938964844,11.579999923706055,2026-06-06/18/26 17:34:58,2026-06-21 00:59:59,31.67150115966797,21.114999771118164,0.5,48275.85546875,255.56187438964844,11.246759414672852,31.68000030517578,5.429931163787842,16.41666603088379
munich,48.13999938964844,11.579999923706055,2026-06-06/18/26 17:34:58,2026-06-22 00:59:59,32.82149887084961,18.721500396728516,0.5,53930.46484375,80.8629379272461,11.50311279296875,27.0,4.613598346710205,13.791666984558105
munich,48.13999938964844,11.579999923706055,2026-06-06/18/26 17:34:58,2026-06-23 00:59:59,33.32149887084961,19.42150115966797,0.6000000238418579,50065.60546875,128.23387145996094,7.754636764526367,24.119998931884766,3.302522659301758,9.25
munich,48.13999938964844,11.579999923706055,2026-06-06/18/26 17:34:58,2026-06-24 00:59:59,34.40800094604492,18.62150001525879,0.6000000238418579,56380.88671875,235.51052856445312,10.13769245147705,24.84000015258789,4.950557231903076,5.90625
munich,48.13999938964844,11.579999923706055,2026-06-06/18/26 17:34:58,2026-06-25 00:59:59,37.05799865722656,19.558000564575195,0.0,56453.1171875,247.15492248535156,14.44044303894043,35.279998779296875,8.759469032287598,6.041666507720947
munich,48.13999938964844,11.579999923706055,2026-06-06/18/26 17:34:58,2026-06-26 00:59:59,30.0,21.357999801635742,0.0,55600.45703125,13.16739273071289,9.648066520690918,31.68000030517578,6.427350044250488,4.447916507720947
munich,48.13999938964844,11.579999923706055,2026-06-06/18/26 17:34:58,2026-06-27 00:59:59,30.399999618530273,19.450000762939453,0.0,56800.44140625,53.999778747558594,12.870944023132324,38.15999984741211,9.37142562866211,5.833333492279053
munich,48.13999938964844,11.579999923706055,2026-06-06/18/26 17:34:58,2026-06-28 00:59:59,32.349998474121094,20.700000762939453,0.0,56775.34375,45.63301467895508,10.587918281555176,34.560001373291016,6.003559112548828,3.125
munich,48.13999938964844,11.579999923706055,2026-06-06/18/26 17:34:58,2026-06-29 00:59:59,32.5,21.850000381469727,0.0,56749.70703125,47.80378723144531,14.00302791595459,35.63999938964844,10.277928352355957,8.958333015441895
munich,48.13999938964844,11.579999923706055,2026-06-06/18/26 17:34:58,2026-06-30 00:59:59,33.25,21.600000381469727,0.0,56723.15625,81.71427154541016,16.120807647705078,45.0,11.861719131469727,10.75
munich,48.13999938964844,11.579999923706055,2026-06-06/18/26 17:34:58,2026-07-01 00:59:59,31.0,22.75,6.000000476837158,56275.62109375,62.29254150390625,7.3997297286987305,31.319997787475586,4.258913040161133,23.25
munich,48.13999938964844,11.579999923706055,2026-06-06/18/26 17:34:58,2026-07-02 00:59:59,23.049999237060547,17.75,13.199999809265137,45988.953125,238.553466796875,11.003581047058105,51.47999954223633,8.846550941467285,29.45833396911621
hamburg,53.560001373291016,10.0,2026-06-06/18/26 17:34:58,2026-06-12 00:59:59,17.223501205444336,10.22350025177002,1.3000000715255737,43889.32421875,256.49017333984375,12.959999084472656,32.03999710083008,7.515588283538818,15.833333015441895
hamburg,53.560001373291016,10.0,2026-06-06/18/26 17:34:58,2026-06-13 00:59:59,18.673500061035156,11.47350025177002,0.800000011920929,3297.389404296875,233.53857421875,20.211362838745117,46.439998626708984,10.444926261901855,21.75
hamburg,53.560001373291016,10.0,2026-06-06/18/26 17:34:58,2026-06-14 00:59:59,17.273500442504883,12.373499870300293,2.5,25678.828125,262.9218444824219,27.002399444580078,56.519996643066406,16.637903213500977,9.0
hamburg,53.560001373291016,10.0,2026-06-06/18/26 17:34:58,2026-06-15 00:59:59,16.323501586914062,10.97350025177002,4.899999141693115,13961.95703125,280.35101318359375,25.759504318237305,53.63999557495117,19.13782501220703,17.08333396911621
hamburg,53.560001373291016,10.0,2026-06-06/18/26 17:34:58,2026-06-16 00:59:59,15.97350025177002,12.523499488830566,0.0,40429.4921875,280.09478759765625,24.023088455200195,55.07999801635742,17.54376220703125,0.0
hamburg,53.560001373291016,10.0,2026-06-06/18/26 17:34:58,2026-06-17 00:59:59,19.223501205444336,11.173500061035156,0.0,47639.2578125,285.0345458984375,10.799999237060547,27.719999313354492,8.783036231994629,0.125
hamburg,53.560001373291016,10.0,2026-06-06/18/26 17:34:58,2026-06-18 00:59:59,23.573501586914062,10.32349967956543,0.699999988079071,37469.640625,239.30563354492188,14.336860656738281,31.319997787475586,5.931100845336914,6.125
hamburg,53.560001373291016,10.0,2026-06-06/18/26 17:34:58,2026-06-19 00:59:59,27.37350082397461,18.173500061035156,0.0,46948.5,276.4697265625,13.979870796203613,29.15999984741211,8.127875328063965,0.0
hamburg,53.560001373291016,10.0,2026-06-06/18/26 17:34:58,2026-06-20 00:59:59,33.773502349853516,20.073501586914062,0.5,47166.03515625,146.5137939453125,9.0,20.15999984741211,6.124325275421143,14.208333015441895
hamburg,53.560001373291016,10.0,2026-06-06/18/26 17:34:58,2026-06-21 00:59:59,33.06712341308594,19.364999771118164,1.7999999523162842,37708.015625,264.4390869140625,28.019935607910156,57.23999786376953,9.987897872924805,12.833333015441895
hamburg,53.560001373291016,10.0,2026-06-06/18/26 17:34:58,2026-06-22 00:59:59,26.165000915527344,16.565000534057617,0.0,51466.42578125,9.945223808288574,10.805997848510742,26.639999389648438,7.0417914390563965,0.6666666865348816
hamburg,53.560001373291016,10.0,2026-06-06/18/26 17:34:58,2026-06-23 00:59:59,27.065000534057617,16.014999389648438,0.0,60348.82421875,68.6646957397461,11.92355728149414,29.8799991607666,8.025918006896973,0.0
hamburg,53.560001373291016,10.0,2026-06-06/18/26 17:34:58,2026-06-24 00:59:59,33.82600021362305,16.565000534057617,0.0,53360.84375,198.4341278076172,16.51690101623535,41.39999771118164,9.547852516174316,3.9791667461395264
hamburg,53.560001373291016,10.0,2026-06-06/18/26 17:34:58,2026-06-25 00:59:59,25.47599983215332,15.776000022888184,0.0,60337.41015625,296.1138610839844,19.02217674255371,42.119998931884766,14.707649230957031,0.0
hamburg,53.560001373291016,10.0,2026-06-06/18/26 17:34:58,2026-06-26 00:59:59,19.381500244140625,13.776000022888184,0.0,51219.375,306.7791442871094,20.282573699951172,50.7599983215332,14.076817512512207,1.6145833730697632
hamburg,53.560001373291016,10.0,2026-06-06/18/26 17:34:58,2026-06-27 00:59:59,22.899999618530273,12.600000381469727,0.0,60351.3125,321.9582824707031,12.682018280029297,36.36000061035156,8.174717903137207,3.9583332538604736
hamburg,53.560001373291016,10.0,2026-06-06/18/26 17:34:58,2026-06-28 00:59:59,22.950000762939453,14.850000381469727,0.0,60317.77734375,316.92388916015625,15.680675506591797,41.03999710083008,10.34281063079834,2.25
hamburg,53.560001373291016,10.0,2026-06-06/18/26 17:34:58,2026-06-29 00:59:59,25.75,14.25,0.0,60275.59765625,22.441272735595703,11.486200332641602,36.71999740600586,7.4605021476745605,6.333333492279053
hamburg,53.560001373291016,10.0,2026-06-06/18/26 17:34:58,2026-06-30 00:59:59,30.899999618530273,17.5,0.0,60227.17578125,119.17189025878906,18.033267974853516,42.839996337890625,13.923386573791504,8.875
hamburg,53.560001373291016,10.0,2026-06-06/18/26 17:34:58,2026-07-01 00:59:59,34.04999923706055,23.399999618530273,1.4000000953674316,60172.5546875,164.36026000976562,16.985933303833008,39.599998474121094,12.122591018676758,15.333333015441895
hamburg,53.560001373291016,10.0,2026-06-06/18/26 17:34:58,2026-07-02 00:59:59,24.25,15.5,6.999999523162842,23452.16015625,329.3107604980469,16.489416122436523,48.599998474121094,10.677210807800293,18.91666603088379
freiburg,48.0,7.839999675750732,2026-06-06/18/26 17:34:58,2026-06-12 00:59:59,18.54800033569336,11.197999954223633,2.5,45811.09375,240.9158935546875,13.004920959472656,33.119998931884766,7.737310886383057,9.083333015441895
freiburg,48.0,7.839999675750732,2026-06-06/18/26 17:34:58,2026-06-13 00:59:59,19.74799919128418,15.29800033569336,1.2000000476837158,63.39946746826172,203.23477172851562,17.25373077392578,41.03999710083008,12.629701614379883,24.91666603088379
freiburg,48.0,7.839999675750732,2026-06-06/18/26 17:34:58,2026-06-14 00:59:59,28.097999572753906,18.648000717163086,0.0,52085.7890625,225.77845764160156,19.959720611572266,45.36000061035156,14.097298622131348,0.375
freiburg,48.0,7.839999675750732,2026-06-06/18/26 17:34:58,2026-06-15 00:59:59,25.648000717163086,16.847999572753906,0.0,54000.0,333.3472595214844,13.281023025512695,37.07999801635742,7.324395179748535,0.0
freiburg,48.0,7.839999675750732,2026-06-06/18/26 17:34:58,2026-06-16 00:59:59,24.79800033569336,11.498000144958496,0.0,54000.0,35.735591888427734,9.0,20.51999855041504,4.330178260803223,0.0
freiburg,48.0,7.839999675750732,2026-06-06/18/26 17:34:58,2026-06-17 00:59:59,28.49799919128418,16.29800033569336,0.0,34342.95703125,169.8933563232422,12.924952507019043,36.0,7.133946895599365,4.375
freiburg,48.0,7.839999675750732,2026-06-06/18/26 17:34:58,2026-06-18 00:59:59,30.898000717163086,16.49799919128418,0.0,52305.1171875,76.26366424560547,10.538843154907227,24.479999542236328,5.625949382781982,0.0
freiburg,48.0,7.839999675750732,2026-06-06/18/26 17:34:58,2026-06-19 00:59:59,34.04800033569336,18.947999954223633,0.0,54000.0,127.87513732910156,9.885261535644531,20.880001068115234,5.7380452156066895,0.0
freiburg,48.0,7.839999675750732,2026-06-06/18/26 17:34:58,2026-06-20 00:59:59,36.59800338745117,20.648000717163086,0.0,43200.0,177.3057861328125,17.533145904541016,47.519996643066406,7.452722072601318,4.083333492279053
freiburg,48.0,7.839999675750732,2026-06-06/18/26 17:34:58,2026-06-21 00:59:59,36.83100128173828,21.097999572753906,0.0,53599.24609375,210.14353942871094,15.038350105285645,35.90999984741211,6.693962574005127,0.8333333134651184
freiburg,48.0,7.839999675750732,2026-06-06/18/26 17:34:58,2026-06-22 00:59:59,37.531002044677734,20.680999755859375,0.30000001192092896,54482.19921875,89.35626983642578,9.746630668640137,27.0,5.31556510925293,3.0
freiburg,48.0,7.839999675750732,2026-06-06/18/26 17:34:58,2026-06-23 00:59:59,38.33100128173828,21.7810001373291,0.0,55000.0625,55.00803756713867,6.792466163635254,23.03999900817871,4.060863018035889,2.2083332538604736
freiburg,48.0,7.839999675750732,2026-06-06/18/26 17:34:58,2026-06-24 00:59:59,40.56550216674805,23.430999755859375,0.6000000238418579,55010.0,164.09384155273438,10.703569412231445,25.19999885559082,5.559072971343994,0.625
freiburg,48.0,7.839999675750732,2026-06-06/18/26 17:34:58,2026-06-25 00:59:59,40.71549987792969,24.815500259399414,0.30000001192092896,55427.26171875,298.52294921875,14.264361381530762,32.76000213623047,7.831887722015381,1.5416666269302368
freiburg,48.0,7.839999675750732,2026-06-06/18/26 17:34:58,2026-06-26 00:59:59,32.20387649536133,22.315500259399414,0.0,56119.765625,359.05401611328125,13.543130874633789,35.279998779296875,7.50790548324585,3.3854167461395264
freiburg,48.0,7.839999675750732,2026-06-06/18/26 17:34:58,2026-06-27 00:59:59,34.349998474121094,20.399999618530273,0.0,56564.1171875,352.9512634277344,14.238215446472168,37.439998626708984,7.250135898590088,5.583333492279053
freiburg,48.0,7.839999675750732,2026-06-06/18/26 17:34:58,2026-06-28 00:59:59,34.5,20.700000762939453,0.0,56914.421875,354.0112609863281,11.34142780303955,31.319997787475586,6.375334739685059,4.041666507720947
freiburg,48.0,7.839999675750732,2026-06-06/18/26 17:34:58,2026-06-29 00:59:59,36.150001525878906,21.350000381469727,0.0,56164.87109375,343.90911865234375,13.519186019897461,33.119998931884766,6.674360275268555,11.0
freiburg,48.0,7.839999675750732,2026-06-06/18/26 17:34:58,2026-06-30 00:59:59,36.20000076293945,24.100000381469727,0.0,55072.51953125,207.77713012695312,13.723745346069336,30.96000099182129,6.384576797485352,13.333333015441895
freiburg,48.0,7.839999675750732,2026-06-06/18/26 17:34:58,2026-07-01 00:59:59,35.25,21.850000381469727,2.1999998092651367,56338.94921875,213.90843200683594,13.93576717376709,50.39999771118164,7.194284915924072,28.45833396911621
freiburg,48.0,7.839999675750732,2026-06-06/18/26 17:34:58,2026-07-02 00:59:59,25.75,17.600000381469727,5.400001049041748,50398.625,230.7772979736328,24.192428588867188,49.31999969482422,10.826057434082031,27.125
leipzig,51.34000015258789,12.379999160766602,2026-06-06/18/26 17:34:58,2026-06-12 00:59:59,17.463001251220703,11.86299991607666,4.900000095367432,45423.4609375,253.6417694091797,11.92898941040039,43.560001373291016,8.102058410644531,51.625
leipzig,51.34000015258789,12.379999160766602,2026-06-06/18/26 17:34:58,2026-06-13 00:59:59,17.76300048828125,11.562999725341797,3.0999999046325684,0.0,225.3446807861328,14.587776184082031,34.91999816894531,9.472043991088867,42.16666793823242
leipzig,51.34000015258789,12.379999160766602,2026-06-06/18/26 17:34:58,2026-06-14 00:59:59,21.663000106811523,14.812999725341797,1.5000001192092896,28083.07421875,274.1675720214844,18.204042434692383,45.71999740600586,10.800315856933594,22.91666603088379
leipzig,51.34000015258789,12.379999160766602,2026-06-06/18/26 17:34:58,2026-06-15 00:59:59,17.613000869750977,12.062999725341797,2.0,27586.1484375,270.6065979003906,19.70815086364746,47.15999984741211,12.933568000793457,12.375
leipzig,51.34000015258789,12.379999160766602,2026-06-06/18/26 17:34:58,2026-06-16 00:59:59,17.213001251220703,11.21299934387207,0.0,24199.60546875,266.2856750488281,18.775300979614258,46.07999801635742,12.209939956665039,1.2916666269302368
leipzig,51.34000015258789,12.379999160766602,2026-06-06/18/26 17:34:58,2026-06-17 00:59:59,23.26300048828125,9.71299934387207,0.30000001192092896,30992.994140625,241.85037231445312,15.042658805847168,36.71999740600586,7.062349319458008,18.375
leipzig,51.34000015258789,12.379999160766602,2026-06-06/18/26 17:34:58,2026-06-18 00:59:59,25.062999725341797,14.662999153137207,0.0,47988.3515625,280.53912353515625,11.96695327758789,33.839996337890625,6.258059501647949,1.3333333730697632
leipzig,51.34000015258789,12.379999160766602,2026-06-06/18/26 17:34:58,2026-06-19 00:59:59,30.463001251220703,17.913000106811523,0.0,50770.3515625,253.5986328125,10.464797973632812,30.23999786376953,5.944564342498779,0.0
leipzig,51.34000015258789,12.379999160766602,2026-06-06/18/26 17:34:58,2026-06-20 00:59:59,35.0629997253418,21.413000106811523,0.0,55390.6328125,187.23684692382812,9.178235054016113,24.119998931884766,5.28114652633667,6.083333492279053
leipzig,51.34000015258789,12.379999160766602,2026-06-06/18/26 17:34:58,2026-06-21 00:59:59,33.76499938964844,23.663000106811523,0.550000011920929,37867.7265625,160.36643981933594,8.31124496459961,25.559999465942383,4.90228796005249,11.5
leipzig,51.34000015258789,12.379999160766602,2026-06-06/18/26 17:34:58,2026-06-22 00:59:59,30.815000534057617,21.065000534057617,4.199999809265137,42654.9765625,10.19929313659668,9.064568519592285,31.319997787475586,5.054563522338867,19.16666603088379
leipzig,51.34000015258789,12.379999160766602,2026-06-06/18/26 17:34:58,2026-06-23 00:59:59,31.21500015258789,19.96500015258789,0.0,57736.2734375,66.15426635742188,8.427383422851562,22.68000030517578,5.5623040199279785,5.416666507720947
leipzig,51.34000015258789,12.379999160766602,2026-06-06/18/26 17:34:58,2026-06-24 00:59:59,34.82600021362305,20.114999771118164,0.30000001192092896,57711.3515625,242.49534606933594,8.161764144897461,27.0,4.991147518157959,5.59375
leipzig,51.34000015258789,12.379999160766602,2026-06-06/18/26 17:34:58,2026-06-25 00:59:59,31.22599983215332,22.625999450683594,0.0,57703.1171875,313.82525634765625,12.889809608459473,33.47999954223633,9.635795593261719,2.875
leipzig,51.34000015258789,12.379999160766602,2026-06-06/18/26 17:34:58,2026-06-26 00:59:59,24.549999237060547,16.275999069213867,0.0,58924.0078125,332.05389404296875,15.198012351989746,41.03999710083008,11.297796249389648,2.1875
leipzig,51.34000015258789,12.379999160766602,2026-06-06/18/26 17:34:58,2026-06-27 00:59:59,27.25,16.5,0.0,58883.890625,2.017383098602295,10.626099586486816,37.07999801635742,7.807290554046631,4.291666507720947
leipzig,51.34000015258789,12.379999160766602,2026-06-06/18/26 17:34:58,2026-06-28 00:59:59,28.899999618530273,19.299999237060547,0.0,58851.84765625,1.8269027471542358,14.154914855957031,34.560001373291016,9.17044448852539,1.875
leipzig,51.34000015258789,12.379999160766602,2026-06-06/18/26 17:34:58,2026-06-29 00:59:59,28.049999237060547,17.899999618530273,0.0,58814.203125,15.200959205627441,12.662842750549316,33.839996337890625,9.249580383300781,3.0416667461395264
leipzig,51.34000015258789,12.379999160766602,2026-06-06/18/26 17:34:58,2026-06-30 00:59:59,32.20000076293945,20.0,0.0,58770.98046875,98.80419921875,16.59225082397461,41.76000213623047,12.204380989074707,4.666666507720947
leipzig,51.34000015258789,12.379999160766602,2026-06-06/18/26 17:34:58,2026-07-01 00:59:59,35.79999923706055,23.350000381469727,0.0,58722.2109375,147.07717895507812,14.50871467590332,38.519996643066406,11.815366744995117,19.29166603088379
leipzig,51.34000015258789,12.379999160766602,2026-06-06/18/26 17:34:58,2026-07-02 00:59:59,27.0,18.549999237060547,3.999999523162842,24914.375,261.9510192871094,18.553974151611328,44.279998779296875,10.942375183105469,18.58333396911621
frankfurt,50.119998931884766,8.680000305175781,2026-06-06/18/26 17:34:58,2026-06-12 00:59:59,18.792999267578125,9.993000030517578,3.200000047683716,34481.828125,249.36764526367188,15.379205703735352,35.279998779296875,8.625221252441406,13.625
frankfurt,50.119998931884766,8.680000305175781,2026-06-06/18/26 17:34:58,2026-06-13 00:59:59,22.042999267578125,12.692999839782715,3.1999998092651367,4720.91357421875,229.5915069580078,13.698933601379395,35.279998779296875,10.014129638671875,43.66666793823242
frankfurt,50.119998931884766,8.680000305175781,2026-06-06/18/26 17:34:58,2026-06-14 00:59:59,25.343000411987305,15.743000030517578,0.0,52692.5859375,274.1721496582031,18.03236961364746,46.07999801635742,11.240180015563965,0.0
frankfurt,50.119998931884766,8.680000305175781,2026-06-06/18/26 17:34:58,2026-06-15 00:59:59,19.993000030517578,12.692999839782715,0.0,34660.5078125,286.195556640625,15.042658805847168,38.880001068115234,9.27774715423584,4.625
frankfurt,50.119998931884766,8.680000305175781,2026-06-06/18/26 17:34:58,2026-06-16 00:59:59,20.6929988861084,10.292999267578125,0.0,51755.3984375,281.4964904785156,10.144082069396973,31.319997787475586,5.991281032562256,0.0
frankfurt,50.119998931884766,8.680000305175781,2026-06-06/18/26 17:34:58,2026-06-17 00:59:59,25.993000030517578,12.442999839782715,0.30000001192092896,22617.927734375,206.01231384277344,15.13713264465332,45.71999740600586,6.305391311645508,11.291666984558105
frankfurt,50.119998931884766,8.680000305175781,2026-06-06/18/26 17:34:58,2026-06-18 00:59:59,28.89299964904785,15.743000030517578,0.20000000298023224,33995.51171875,264.55975341796875,10.13769245147705,28.440000534057617,4.91352653503418,0.125
frankfurt,50.119998931884766,8.680000305175781,2026-06-06/18/26 17:34:58,2026-06-19 00:59:59,33.643001556396484,16.89299964904785,0.0,50400.0,154.5108642578125,7.5170207023620605,19.440000534057617,3.8595399856567383,0.0
frankfurt,50.119998931884766,8.680000305175781,2026-06-06/18/26 17:34:58,2026-06-20 00:59:59,37.393001556396484,21.493000030517578,0.20000000298023224,49705.10546875,109.0692367553711,12.661563873291016,31.319997787475586,5.508595943450928,6.166666507720947
frankfurt,50.119998931884766,8.680000305175781,2026-06-06/18/26 17:34:58,2026-06-21 00:59:59,37.647499084472656,23.39299964904785,0.4000000059604645,47011.125,259.56463623046875,14.003028869628906,38.880001068115234,6.110389709472656,4.333333492279053
frankfurt,50.119998931884766,8.680000305175781,2026-06-06/18/26 17:34:58,2026-06-22 00:59:59,34.247501373291016,22.197500228881836,0.20000000298023224,42931.515625,10.263907432556152,10.086426734924316,33.839996337890625,6.03598690032959,16.33333396911621
frankfurt,50.119998931884766,8.680000305175781,2026-06-06/18/26 17:34:58,2026-06-23 00:59:59,36.397499084472656,21.997499465942383,0.0,56627.734375,34.17259979248047,7.491114139556885,23.399999618530273,6.098355770111084,6.375
frankfurt,50.119998931884766,8.680000305175781,2026-06-06/18/26 17:34:58,2026-06-24 00:59:59,38.00199890136719,22.34749984741211,0.0,56244.55859375,169.64273071289062,5.815978050231934,20.15999984741211,3.7951714992523193,1.9375
frankfurt,50.119998931884766,8.680000305175781,2026-06-06/18/26 17:34:58,2026-06-25 00:59:59,36.85199737548828,24.101999282836914,0.0,58180.140625,349.4300537109375,11.384198188781738,32.39999771118164,6.912662506103516,0.9583333134651184
frankfurt,50.119998931884766,8.680000305175781,2026-06-06/18/26 17:34:58,2026-06-26 00:59:59,27.75,19.101999282836914,0.0,58142.73828125,27.13460922241211,15.881875038146973,36.36000061035156,9.802990913391113,3.2604167461395264
frankfurt,50.119998931884766,8.680000305175781,2026-06-06/18/26 17:34:58,2026-06-27 00:59:59,30.899999618530273,18.350000381469727,0.0,58113.90234375,34.715667724609375,13.379461288452148,36.0,12.009023666381836,4.958333492279053
frankfurt,50.119998931884766,8.680000305175781,2026-06-06/18/26 17:34:58,2026-06-28 00:59:59,32.349998474121094,21.0,0.0,58083.78515625,23.88965606689453,16.940095901489258,37.79999923706055,12.698745727539062,5.291666507720947
frankfurt,50.119998931884766,8.680000305175781,2026-06-06/18/26 17:34:58,2026-06-29 00:59:59,33.5,20.5,0.0,58048.39453125,42.756141662597656,15.455910682678223,37.07999801635742,12.619170188903809,7.708333492279053
frankfurt,50.119998931884766,8.680000305175781,2026-06-06/18/26 17:34:58,2026-06-30 00:59:59,36.29999923706055,22.850000381469727,0.0,58007.7578125,86.2593002319336,13.4434814453125,34.91999816894531,10.500543594360352,12.75
frankfurt,50.119998931884766,8.680000305175781,2026-06-06/18/26 17:34:58,2026-07-01 00:59:59,35.849998474121094,24.899999618530273,0.6000000238418579,57726.28515625,93.02786254882812,9.01618480682373,58.31999969482422,5.192560195922852,27.625
frankfurt,50.119998931884766,8.680000305175781,2026-06-06/18/26 17:34:58,2026-07-02 00:59:59,24.850000381469727,20.25,1.7999999523162842,56881.078125,284.1893310546875,18.396141052246094,48.959999084472656,11.509005546569824,19.95833396911621
darmstadt,49.880001068115234,8.639999389648438,2026-06-06/18/26 17:34:58,2026-06-12 00:59:59,18.554500579833984,10.254500389099121,2.0,38080.828125,238.866943359375,11.631956100463867,39.959999084472656,8.513999938964844,18.29166603088379
darmstadt,49.880001068115234,8.639999389648438,2026-06-06/18/26 17:34:58,2026-06-13 00:59:59,21.10449981689453,12.754500389099121,7.300000190734863,3065.486328125,212.3772735595703,12.64107608795166,33.119998931884766,10.829334259033203,46.41666793823242
darmstadt,49.880001068115234,8.639999389648438,2026-06-06/18/26 17:34:58,2026-06-14 00:59:59,25.054500579833984,15.504500389099121,0.0,54000.0,271.6616516113281,17.0725040435791,44.63999557495117,10.629640579223633,0.0
darmstadt,49.880001068115234,8.639999389648438,2026-06-06/18/26 17:34:58,2026-06-15 00:59:59,19.85449981689453,12.504500389099121,0.20000000298023224,36053.73046875,300.799072265625,12.768586158752441,36.36000061035156,7.77217960357666,4.333333492279053
darmstadt,49.880001068115234,8.639999389648438,2026-06-06/18/26 17:34:58,2026-06-16 00:59:59,20.65450096130371,10.404500007629395,0.0,54000.0,309.7145080566406,9.693296432495117,29.15999984741211,5.227561950683594,0.0
darmstadt,49.880001068115234,8.639999389648438,2026-06-06/18/26 17:34:58,2026-06-17 00:59:59,25.054500579833984,13.354499816894531,0.5,21047.51953125,196.81553649902344,15.509273529052734,44.63999557495117,7.369633197784424,12.666666984558105
darmstadt,49.880001068115234,8.639999389648438,2026-06-06/18/26 17:34:58,2026-06-18 00:59:59,28.60449981689453,17.004499435424805,0.20000000298023224,34438.5625,266.73992919921875,6.4096174240112305,24.119998931884766,3.746840238571167,0.0
darmstadt,49.880001068115234,8.639999389648438,2026-06-06/18/26 17:34:58,2026-06-19 00:59:59,33.25449752807617,18.90450096130371,0.0,53670.62890625,150.6978759765625,6.439876079559326,18.719999313354492,3.7599399089813232,0.0
darmstadt,49.880001068115234,8.639999389648438,2026-06-06/18/26 17:34:58,2026-06-20 00:59:59,37.30449676513672,21.10449981689453,0.10000000149011612,48955.15625,181.51536560058594,15.937877655029297,43.560001373291016,5.211504936218262,6.041666507720947
darmstadt,49.880001068115234,8.639999389648438,2026-06-06/18/26 17:34:58,2026-06-21 00:59:59,38.063499450683594,24.15450096130371,0.20000000298023224,50291.57421875,235.27125549316406,13.627795219421387,37.79999923706055,6.903010845184326,4.541666507720947
darmstadt,49.880001068115234,8.639999389648438,2026-06-06/18/26 17:34:58,2026-06-22 00:59:59,35.66349792480469,21.513500213623047,0.4000000059604645,44124.296875,14.931467056274414,15.978486061096191,45.0,6.60483980178833,15.208333015441895
darmstadt,49.880001068115234,8.639999389648438,2026-06-06/18/26 17:34:58,2026-06-23 00:59:59,37.063499450683594,20.9635009765625,0.6000000238418579,56999.21484375,49.61642074584961,7.594208240509033,24.479999542236328,5.7938337326049805,6.041666507720947
darmstadt,49.880001068115234,8.639999389648438,2026-06-06/18/26 17:34:58,2026-06-24 00:59:59,38.5004997253418,22.063501358032227,0.30000001192092896,54095.36328125,88.89652252197266,6.989935874938965,31.68000030517578,4.2702436447143555,1.9375
darmstadt,49.880001068115234,8.639999389648438,2026-06-06/18/26 17:34:58,2026-06-25 00:59:59,37.450496673583984,24.15049934387207,0.0,57695.4921875,345.0972595214844,13.397611618041992,34.91999816894531,7.444971084594727,0.9583333134651184
darmstadt,49.880001068115234,8.639999389648438,2026-06-06/18/26 17:34:58,2026-06-26 00:59:59,28.475250244140625,19.15049934387207,0.0,58018.66796875,28.106300354003906,15.379205703735352,37.439998626708984,9.927496910095215,3.2604167461395264
darmstadt,49.880001068115234,8.639999389648438,2026-06-06/18/26 17:34:58,2026-06-27 00:59:59,31.700000762939453,18.799999237060547,0.0,57990.76171875,43.301231384277344,14.333470344543457,35.279998779296875,12.036798477172852,4.958333492279053
darmstadt,49.880001068115234,8.639999389648438,2026-06-06/18/26 17:34:58,2026-06-28 00:59:59,33.349998474121094,21.149999618530273,0.0,57960.9375,32.71823501586914,15.444376945495605,34.91999816894531,12.483349800109863,5.291666507720947
darmstadt,49.880001068115234,8.639999389648438,2026-06-06/18/26 17:34:58,2026-06-29 00:59:59,34.25,21.350000381469727,0.0,57925.90625,66.25176239013672,16.248924255371094,34.91999816894531,13.277859687805176,7.708333492279053
darmstadt,49.880001068115234,8.639999389648438,2026-06-06/18/26 17:34:58,2026-06-30 00:59:59,36.70000076293945,23.600000381469727,0.0,57885.671875,100.16411590576172,16.928613662719727,35.279998779296875,12.329472541809082,12.75
darmstadt,49.880001068115234,8.639999389648438,2026-06-06/18/26 17:34:58,2026-07-01 00:59:59,35.150001525878906,24.5,2.799999713897705,57663.3828125,178.4088897705078,8.792405128479004,58.679996490478516,6.13466215133667,27.625
darmstadt,49.880001068115234,8.639999389648438,2026-06-06/18/26 17:34:58,2026-07-02 00:59:59,24.950000762939453,20.450000762939453,2.0,56475.703125,283.55377197265625,16.854766845703125,52.560001373291016,12.130865097045898,19.95833396911621
berlin,52.52000045776367,13.399999618530273,2026-06-06/18/26 17:34:58,2026-06-12 00:59:59,19.152000427246094,12.001999855041504,1.2000000476837158,43944.3515625,293.9304504394531,15.876774787902832,54.71999740600586,9.03200626373291,23.66666603088379
berlin,52.52000045776367,13.399999618530273,2026-06-06/18/26 17:34:58,2026-06-13 00:59:59,17.802000045776367,11.45199966430664,1.899999976158142,5880.4609375,220.4932861328125,15.141413688659668,33.119998931884766,9.698603630065918,17.125
berlin,52.52000045776367,13.399999618530273,2026-06-06/18/26 17:34:58,2026-06-14 00:59:59,19.851999282836914,12.85200023651123,1.8000000715255737,29109.0390625,271.0620422363281,20.945072174072266,51.839996337890625,14.336008071899414,10.458333015441895
berlin,52.52000045776367,13.399999618530273,2026-06-06/18/26 17:34:58,2026-06-15 00:59:59,16.652000427246094,11.802000045776367,1.3000000715255737,14131.84765625,277.2593078613281,21.707731246948242,53.63999557495117,17.763042449951172,41.54166793823242
berlin,52.52000045776367,13.399999618530273,2026-06-06/18/26 17:34:58,2026-06-16 00:59:59,19.45199966430664,12.501999855041504,0.0,33776.8671875,280.1666259765625,24.482646942138672,56.519996643066406,17.75450897216797,0.3333333432674408
berlin,52.52000045776367,13.399999618530273,2026-06-06/18/26 17:34:58,2026-06-17 00:59:59,22.402000427246094,10.10200023651123,0.0,49234.671875,271.3971252441406,12.429126739501953,29.15999984741211,9.592337608337402,1.4166666269302368
berlin,52.52000045776367,13.399999618530273,2026-06-06/18/26 17:34:58,2026-06-18 00:59:59,25.101999282836914,12.001999855041504,0.10000000149011612,50704.34375,297.3606872558594,12.594856262207031,33.119998931884766,7.62302303314209,0.875
berlin,52.52000045776367,13.399999618530273,2026-06-06/18/26 17:34:58,2026-06-19 00:59:59,28.351999282836914,20.00200080871582,0.0,50144.09375,272.023681640625,13.276144027709961,32.39999771118164,8.009713172912598,2.2916667461395264
berlin,52.52000045776367,13.399999618530273,2026-06-06/18/26 17:34:58,2026-06-20 00:59:59,32.801998138427734,20.70199966430664,0.0,48361.69140625,138.90859985351562,11.252518653869629,29.8799991607666,6.900328636169434,6.458333492279053
berlin,52.52000045776367,13.399999618530273,2026-06-06/18/26 17:34:58,2026-06-21 00:59:59,32.939002990722656,22.302000045776367,0.20000000298023224,28011.1015625,154.661865234375,14.917211532592773,34.20000076293945,6.731963634490967,14.916666984558105
berlin,52.52000045776367,13.399999618530273,2026-06-06/18/26 17:34:58,2026-06-22 00:59:59,30.588998794555664,20.73900032043457,0.5,50391.6015625,0.9219164252281189,10.739831924438477,32.03999710083008,8.114087104797363,4.666666507720947
berlin,52.52000045776367,13.399999618530273,2026-06-06/18/26 17:34:58,2026-06-23 00:59:59,28.73900032043457,17.788999557495117,0.0,55370.0546875,58.634033203125,9.5042724609375,24.479999542236328,7.818859577178955,0.0
berlin,52.52000045776367,13.399999618530273,2026-06-06/18/26 17:34:58,2026-06-24 00:59:59,34.32600021362305,18.48900032043457,0.0,58267.7890625,164.3853302001953,8.90590763092041,24.119998931884766,7.1698455810546875,3.4583332538604736
berlin,52.52000045776367,13.399999618530273,2026-06-06/18/26 17:34:58,2026-06-25 00:59:59,29.075998306274414,20.92599868774414,0.0,58264.734375,304.41729736328125,14.98222827911377,37.79999923706055,12.663559913635254,3.0416667461395264
berlin,52.52000045776367,13.399999618530273,2026-06-06/18/26 17:34:58,2026-06-26 00:59:59,23.5,14.776000022888184,0.0,59187.03125,317.0562744140625,17.92243194580078,48.23999786376953,12.787766456604004,1.1666666269302368
berlin,52.52000045776367,13.399999618530273,2026-06-06/18/26 17:34:58,2026-06-27 00:59:59,27.100000381469727,15.850000381469727,0.0,59437.41015625,332.7593994140625,9.746630668640137,37.79999923706055,7.829952239990234,5.541666507720947
berlin,52.52000045776367,13.399999618530273,2026-06-06/18/26 17:34:58,2026-06-28 00:59:59,26.899999618530273,17.700000762939453,0.0,59179.36328125,323.73016357421875,15.156384468078613,38.880001068115234,9.853459358215332,2.9166667461395264
berlin,52.52000045776367,13.399999618530273,2026-06-06/18/26 17:34:58,2026-06-29 00:59:59,27.100000381469727,16.0,0.0,59170.41796875,347.6352233886719,10.65806770324707,37.439998626708984,8.34360408782959,5.0
berlin,52.52000045776367,13.399999618530273,2026-06-06/18/26 17:34:58,2026-06-30 00:59:59,31.049999237060547,18.799999237060547,0.0,59158.0078125,107.9063491821289,14.602204322814941,33.47999954223633,10.685378074645996,5.708333492279053
berlin,52.52000045776367,13.399999618530273,2026-06-06/18/26 17:34:58,2026-07-01 00:59:59,35.20000076293945,22.549999237060547,0.0,59142.08203125,139.9279022216797,16.813386917114258,44.279998779296875,14.61828899383545,10.333333015441895
berlin,52.52000045776367,13.399999618530273,2026-06-06/18/26 17:34:58,2026-07-02 00:59:59,36.04999923706055,20.649999618530273,9.399999618530273,57801.3671875,175.229248046875,13.447094917297363,46.79999923706055,10.049160957336426,20.45833396911621
valencia,39.5,-0.375,2026-06-06/18/26 17:34:58,2026-06-12 00:59:59,25.232500076293945,19.182498931884766,0.0,50400.0,99.84285736083984,15.077081680297852,35.63999938964844,7.379848480224609,0.0
valencia,39.5,-0.375,2026-06-06/18/26 17:34:58,2026-06-13 00:59:59,27.182498931884766,18.782499313354492,0.0,50400.0,127.20802307128906,14.512063980102539,34.91999816894531,6.387209415435791,0.0
valencia,39.5,-0.375,2026-06-06/18/26 17:34:58,2026-06-14 00:59:59,31.08249855041504,18.33249855041504,0.0,44675.359375,140.79283142089844,12.181624412536621,30.599998474121094,5.867526054382324,0.0
valencia,39.5,-0.375,2026-06-06/18/26 17:34:58,2026-06-15 00:59:59,30.482500076293945,19.982500076293945,0.0,47926.51171875,130.06069946289062,15.62997055053711,38.519996643066406,7.025920867919922,0.0
valencia,39.5,-0.375,2026-06-06/18/26 17:34:58,2026-06-16 00:59:59,29.63249969482422,20.032499313354492,0.0,50400.0,103.04568481445312,13.849475860595703,34.560001373291016,6.252614974975586,0.0
valencia,39.5,-0.375,2026-06-06/18/26 17:34:58,2026-06-17 00:59:59,29.88249969482422,19.232500076293945,0.0,50400.0,112.45703887939453,12.64107608795166,32.39999771118164,5.822057247161865,0.0
valencia,39.5,-0.375,2026-06-06/18/26 17:34:58,2026-06-18 00:59:59,31.932498931884766,19.63249969482422,0.0,50400.0,114.08112335205078,12.727921485900879,32.39999771118164,5.793939113616943,0.0
valencia,39.5,-0.375,2026-06-06/18/26 17:34:58,2026-06-19 00:59:59,28.58249855041504,20.232500076293945,0.0,44713.79296875,63.80950164794922,13.441070556640625,35.63999938964844,6.801915645599365,1.2916666269302368
valencia,39.5,-0.375,2026-06-06/18/26 17:34:58,2026-06-20 00:59:59,28.63249969482422,20.232500076293945,0.0,50400.0,63.15787124633789,15.629972457885742,38.880001068115234,7.4651007652282715,0.25
valencia,39.5,-0.375,2026-06-06/18/26 17:34:58,2026-06-21 00:59:59,28.982500076293945,21.682498931884766,0.0,50400.0,51.123558044433594,19.969457626342773,47.519996643066406,9.766660690307617,0.375
valencia,39.5,-0.375,2026-06-06/18/26 17:34:58,2026-06-22 00:59:59,30.932498931884766,21.532499313354492,0.0,51979.80859375,61.4873161315918,15.978484153747559,38.880001068115234,7.920000076293945,0.0
valencia,39.5,-0.375,2026-06-06/18/26 17:34:58,2026-06-23 00:59:59,31.38249969482422,21.682498931884766,0.0,52052.16796875,81.9539794921875,12.245293617248535,32.39999771118164,5.470480442047119,0.0
valencia,39.5,-0.375,2026-06-06/18/26 17:34:58,2026-06-24 00:59:59,35.81449890136719,21.144001007080078,0.0,52397.41015625,102.59801483154297,15.856355667114258,38.880001068115234,6.9899492263793945,0.0
valencia,39.5,-0.375,2026-06-06/18/26 17:34:58,2026-06-25 00:59:59,33.864501953125,20.964500427246094,0.0,52058.05078125,109.58216094970703,14.494192123413086,36.0,6.748398780822754,0.0
valencia,39.5,-0.375,2026-06-06/18/26 17:34:58,2026-06-26 00:59:59,32.8072509765625,20.614500045776367,0.0,52162.1484375,125.97241973876953,12.771675109863281,38.519996643066406,6.350625991821289,1.0416666269302368
valencia,39.5,-0.375,2026-06-06/18/26 17:34:58,2026-06-27 00:59:59,31.850000381469727,24.850000381469727,0.0,52178.58203125,108.76210021972656,13.151090621948242,38.880001068115234,7.032922267913818,0.0416666679084301
valencia,39.5,-0.375,2026-06-06/18/26 17:34:58,2026-06-28 00:59:59,29.850000381469727,24.799999237060547,0.0,52191.5078125,85.03617858886719,12.351987838745117,38.519996643066406,7.316551685333252,0.5
valencia,39.5,-0.375,2026-06-06/18/26 17:34:58,2026-06-29 00:59:59,30.450000762939453,24.200000762939453,0.0,52202.8984375,88.287353515625,11.9317045211792,37.79999923706055,6.470738887786865,2.875
valencia,39.5,-0.375,2026-06-06/18/26 17:34:58,2026-06-30 00:59:59,31.5,24.75,0.0,52212.5703125,59.29281997680664,13.403656005859375,41.39999771118164,7.578917503356934,2.2916667461395264
valencia,39.5,-0.375,2026-06-06/18/26 17:34:58,2026-07-01 00:59:59,30.899999618530273,24.649999618530273,0.0,52220.609375,73.39630126953125,14.13888168334961,38.880001068115234,7.219746112823486,2.0
valencia,39.5,-0.375,2026-06-06/18/26 17:34:58,2026-07-02 00:59:59,29.399999618530273,26.100000381469727,0.0,52226.92578125,94.56752014160156,14.411245346069336,41.76000213623047,9.085111618041992,4.083333492279053
madrid,40.4375,-3.6875,2026-06-06/18/26 17:34:58,2026-06-12 00:59:59,30.91550064086914,15.465499877929688,0.0,51272.91015625,48.065284729003906,15.79083251953125,42.47999954223633,8.673656463623047,0.0
madrid,40.4375,-3.6875,2026-06-06/18/26 17:34:58,2026-06-13 00:59:59,32.765499114990234,18.615501403808594,0.0,51605.46484375,75.69966125488281,12.181624412536621,32.39999771118164,7.679515361785889,0.0
madrid,40.4375,-3.6875,2026-06-06/18/26 17:34:58,2026-06-14 00:59:59,32.91550064086914,19.865501403808594,0.0,50903.73828125,114.81283569335938,9.931041717529297,29.15999984741211,7.360524654388428,0.0
madrid,40.4375,-3.6875,2026-06-06/18/26 17:34:58,2026-06-15 00:59:59,33.06550216674805,20.965499877929688,0.5,48697.62890625,90.00004577636719,15.941944122314453,40.68000030517578,6.175540447235107,12.25
madrid,40.4375,-3.6875,2026-06-06/18/26 17:34:58,2026-06-16 00:59:59,30.965499877929688,19.115501403808594,0.0,50535.8671875,141.63243103027344,7.412853240966797,18.35999870300293,3.363433361053467,1.5
madrid,40.4375,-3.6875,2026-06-06/18/26 17:34:58,2026-06-17 00:59:59,32.16550064086914,19.16550064086914,0.0,50870.71875,91.43206024169922,9.346142768859863,27.35999870300293,5.431893348693848,0.375
madrid,40.4375,-3.6875,2026-06-06/18/26 17:34:58,2026-06-18 00:59:59,34.16550064086914,20.41550064086914,0.0,52242.7890625,116.42157745361328,10.086426734924316,28.440000534057617,6.966542720794678,0.0
madrid,40.4375,-3.6875,2026-06-06/18/26 17:34:58,2026-06-19 00:59:59,34.16550064086914,20.815500259399414,0.0,50400.0,125.40313720703125,8.654987335205078,24.479999542236328,6.929808616638184,0.5833333134651184
madrid,40.4375,-3.6875,2026-06-06/18/26 17:34:58,2026-06-20 00:59:59,34.515499114990234,21.41550064086914,0.10000000149011612,43900.4296875,136.49432373046875,10.195056915283203,32.03999710083008,6.486889839172363,5.541666507720947
madrid,40.4375,-3.6875,2026-06-06/18/26 17:34:58,2026-06-21 00:59:59,36.81550216674805,22.465499877929688,1.0,43812.94140625,93.7130126953125,14.058449745178223,68.03999328613281,7.220893383026123,8.041666984558105
madrid,40.4375,-3.6875,2026-06-06/18/26 17:34:58,2026-06-22 00:59:59,38.115501403808594,22.315500259399414,0.0,52998.7890625,101.7868423461914,13.55150032043457,42.839996337890625,8.034455299377441,2.1666667461395264
madrid,40.4375,-3.6875,2026-06-06/18/26 17:34:58,2026-06-23 00:59:59,40.16550064086914,23.91550064086914,0.0,50874.4296875,124.06731414794922,18.12913703918457,46.439998626708984,9.33518123626709,0.7916666865348816
madrid,40.4375,-3.6875,2026-06-06/18/26 17:34:58,2026-06-24 00:59:59,39.85900115966797,23.83562469482422,0.0,53091.015625,62.573768615722656,10.041354179382324,26.280000686645508,7.08528995513916,2.1041667461395264
madrid,40.4375,-3.6875,2026-06-06/18/26 17:34:58,2026-06-25 00:59:59,38.75899887084961,22.909000396728516,0.0,52269.953125,91.7156753540039,11.486200332641602,30.23999786376953,7.486352443695068,1.4166666269302368
madrid,40.4375,-3.6875,2026-06-06/18/26 17:34:58,2026-06-26 00:59:59,37.150001525878906,22.708999633789062,0.4000000059604645,53114.8046875,249.359130859375,20.545246124267578,54.0,8.416996955871582,8.666666984558105
madrid,40.4375,-3.6875,2026-06-06/18/26 17:34:58,2026-06-27 00:59:59,35.75,23.299999237060547,3.4000000953674316,53026.94140625,79.33972930908203,7.773416519165039,60.47999572753906,5.1734185218811035,8.666666984558105
madrid,40.4375,-3.6875,2026-06-06/18/26 17:34:58,2026-06-28 00:59:59,33.54999923706055,21.450000762939453,1.0,53028.9453125,68.3494873046875,9.361730575561523,37.439998626708984,5.440164566040039,15.166666984558105
madrid,40.4375,-3.6875,2026-06-06/18/26 17:34:58,2026-06-29 00:59:59,34.29999923706055,22.75,1.6000001430511475,53028.765625,88.658447265625,9.55357551574707,43.19999694824219,6.392616271972656,11.75
madrid,40.4375,-3.6875,2026-06-06/18/26 17:34:58,2026-06-30 00:59:59,31.5,19.950000762939453,0.20000000298023224,53026.33984375,235.47274780273438,11.334284782409668,37.07999801635742,7.981734752655029,6.625
madrid,40.4375,-3.6875,2026-06-06/18/26 17:34:58,2026-07-01 00:59:59,32.150001525878906,21.75,0.0,53021.609375,291.8393859863281,13.59685230255127,37.07999801635742,9.401533126831055,4.666666507720947
madrid,40.4375,-3.6875,2026-06-06/18/26 17:34:58,2026-07-02 00:59:59,34.599998474121094,20.0,0.0,53014.6875,57.33510971069336,12.730466842651367,39.959999084472656,8.621377944946289,4.791666507720947
london,51.5,-0.25,2026-06-06/18/26 17:34:58,2026-06-12 00:59:59,16.340999603271484,10.240999221801758,7.400000095367432,0.0,233.0928192138672,20.880001068115234,45.36000061035156,12.780000686645508,51.5
london,51.5,-0.25,2026-06-06/18/26 17:34:58,2026-06-13 00:59:59,22.14099884033203,15.940999984741211,0.0,38992.453125,260.4397277832031,22.319997787475586,48.959999084472656,19.259998321533203,10.25
london,51.5,-0.25,2026-06-06/18/26 17:34:58,2026-06-14 00:59:59,21.541000366210938,13.140999794006348,0.0,43200.0,280.2545471191406,18.35999870300293,39.959999084472656,15.524999618530273,0.0
london,51.5,-0.25,2026-06-06/18/26 17:34:58,2026-06-15 00:59:59,21.090999603271484,12.890999794006348,0.0,54000.0,324.15557861328125,14.399999618530273,32.03999710083008,8.864999771118164,0.0
london,51.5,-0.25,2026-06-06/18/26 17:34:58,2026-06-16 00:59:59,22.590999603271484,14.040999412536621,1.0,43015.84375,100.822021484375,14.75999927520752,33.839996337890625,11.69999885559082,17.375
london,51.5,-0.25,2026-06-06/18/26 17:34:58,2026-06-17 00:59:59,26.490999221801758,16.041000366210938,0.4000000059604645,49180.3828125,239.73170471191406,17.639999389648438,39.959999084472656,9.405000686645508,10.625
london,51.5,-0.25,2026-06-06/18/26 17:34:58,2026-06-18 00:59:59,24.89099884033203,17.590999603271484,0.30000001192092896,41969.47265625,224.2339630126953,19.440000534057617,43.560001373291016,15.614999771118164,27.5
london,51.5,-0.25,2026-06-06/18/26 17:34:58,2026-06-19 00:59:59,26.541000366210938,17.39099884033203,0.0,43200.0,217.93162536621094,14.039999961853027,32.03999710083008,10.394999504089355,0.5
london,51.5,-0.25,2026-06-06/18/26 17:34:58,2026-06-20 00:59:59,29.69099998474121,16.340999603271484,0.0,54758.1875,226.633544921875,16.559999465942383,37.439998626708984,10.889999389648438,0.0
london,51.5,-0.25,2026-06-06/18/26 17:34:58,2026-06-21 00:59:59,25.754499435424805,18.090999603271484,0.0,45834.45703125,248.188232421875,13.679999351501465,31.139997482299805,11.936249732971191,3.25
london,51.5,-0.25,2026-06-06/18/26 17:34:58,2026-06-22 00:59:59,27.65450096130371,18.254499435424805,0.0,54323.60546875,59.47446060180664,17.280000686645508,36.36000061035156,11.519998550415039,6.375
london,51.5,-0.25,2026-06-06/18/26 17:34:58,2026-06-23 00:59:59,27.004499435424805,17.704500198364258,0.0,56894.1640625,67.54248809814453,19.799999237060547,42.119998931884766,16.110000610351562,8.5
london,51.5,-0.25,2026-06-06/18/26 17:34:58,2026-06-24 00:59:59,28.554500579833984,19.304500579833984,0.0,57656.625,77.77685546875,18.0,38.880001068115234,14.71500015258789,5.0
london,51.5,-0.25,2026-06-06/18/26 17:34:58,2026-06-25 00:59:59,32.40449905395508,20.004499435424805,0.0,58123.96875,66.74258422851562,13.679999351501465,29.15999984741211,8.890660285949707,2.5
london,51.5,-0.25,2026-06-06/18/26 17:34:58,2026-06-26 00:59:59,26.649999618530273,17.600000381469727,0.0,57699.13671875,94.39586639404297,10.873251914978027,36.36000061035156,8.592522621154785,0.875
london,51.5,-0.25,2026-06-06/18/26 17:34:58,2026-06-27 00:59:59,28.850000381469727,17.0,0.0,56955.26171875,71.47134399414062,13.671707153320312,38.15999984741211,9.005512237548828,1.625
london,51.5,-0.25,2026-06-06/18/26 17:34:58,2026-06-28 00:59:59,28.600000381469727,18.700000762939453,0.0,57719.83984375,75.73200988769531,15.808262825012207,42.839996337890625,12.245144844055176,6.75
london,51.5,-0.25,2026-06-06/18/26 17:34:58,2026-06-29 00:59:59,31.950000762939453,19.600000381469727,0.0,57733.2578125,82.0645751953125,12.093535423278809,39.959999084472656,11.292709350585938,6.875
london,51.5,-0.25,2026-06-06/18/26 17:34:58,2026-06-30 00:59:59,33.849998474121094,24.350000381469727,4.800000190734863,56216.85546875,81.46940612792969,9.743305206298828,43.19999694824219,6.946221828460693,9.25
london,51.5,-0.25,2026-06-06/18/26 17:34:58,2026-07-01 00:59:59,25.649999618530273,19.450000762939453,2.0,54000.0,240.56155395507812,16.793140411376953,52.91999816894531,13.024126052856445,16.25
london,51.5,-0.25,2026-06-06/18/26 17:34:58,2026-07-02 00:59:59,22.149999618530273,15.449999809265137,0.4000000059604645,46907.2109375,336.7813720703125,11.37565803527832,33.839996337890625,8.9078369140625,13.625
amsterdam,52.36600112915039,4.901000022888184,2026-06-06/18/26 17:34:58,2026-06-12 00:59:59,17.706501007080078,11.906499862670898,4.299999713897705,25339.560546875,227.11764526367188,18.35999870300293,38.519996643066406,12.794999122619629,38.875
amsterdam,52.36600112915039,4.901000022888184,2026-06-06/18/26 17:34:58,2026-06-13 00:59:59,18.056499481201172,13.056500434875488,4.799999713897705,4440.36767578125,251.75169372558594,25.559999465942383,45.0,19.365001678466797,80.08333587646484
amsterdam,52.36600112915039,4.901000022888184,2026-06-06/18/26 17:34:58,2026-06-14 00:59:59,17.306499481201172,14.906499862670898,2.4000000953674316,21303.662109375,271.82672119140625,25.559999465942383,49.31999969482422,16.994998931884766,36.41666793823242
amsterdam,52.36600112915039,4.901000022888184,2026-06-06/18/26 17:34:58,2026-06-15 00:59:59,17.256500244140625,14.106500625610352,2.1999998092651367,42506.0625,298.3824462890625,20.51999855041504,40.31999969482422,17.23499870300293,13.291666984558105
amsterdam,52.36600112915039,4.901000022888184,2026-06-06/18/26 17:34:58,2026-06-16 00:59:59,18.4064998626709,13.656499862670898,0.10000000149011612,36000.0,309.61199951171875,17.280000686645508,32.39999771118164,12.164999008178711,1.875
amsterdam,52.36600112915039,4.901000022888184,2026-06-06/18/26 17:34:58,2026-06-17 00:59:59,23.006500244140625,13.856500625610352,0.0,44260.953125,72.8898696899414,16.559999465942383,30.23999786376953,9.959999084472656,2.0
amsterdam,52.36600112915039,4.901000022888184,2026-06-06/18/26 17:34:58,2026-06-18 00:59:59,23.756500244140625,17.306499481201172,1.8000000715255737,14955.779296875,229.53564453125,21.599998474121094,42.47999954223633,12.24000072479248,24.91666603088379
amsterdam,52.36600112915039,4.901000022888184,2026-06-06/18/26 17:34:58,2026-06-19 00:59:59,29.056499481201172,18.256500244140625,0.10000000149011612,45826.90625,263.9203186035156,15.480000495910645,30.23999786376953,8.970001220703125,6.916666507720947
amsterdam,52.36600112915039,4.901000022888184,2026-06-06/18/26 17:34:58,2026-06-20 00:59:59,33.70650100708008,20.35650062561035,0.4000000059604645,43281.65625,158.89151000976562,34.91999816894531,91.79999542236328,13.694999694824219,26.29166603088379
amsterdam,52.36600112915039,4.901000022888184,2026-06-06/18/26 17:34:58,2026-06-21 00:59:59,27.506500244140625,19.35650062561035,4.0,44364.71875,313.0912170410156,24.119998931884766,47.15999984741211,11.509081840515137,3.2916667461395264
amsterdam,52.36600112915039,4.901000022888184,2026-06-06/18/26 17:34:58,2026-06-22 00:59:59,26.350000381469727,17.399999618530273,0.30000001192092896,54583.95703125,66.47991943359375,14.168641090393066,30.96000099182129,8.852936744689941,11.25
amsterdam,52.36600112915039,4.901000022888184,2026-06-06/18/26 17:34:58,2026-06-23 00:59:59,27.850000381469727,17.5,0.0,59645.92578125,71.09140014648438,11.431061744689941,28.440000534057617,10.086318016052246,2.25
amsterdam,52.36600112915039,4.901000022888184,2026-06-06/18/26 17:34:58,2026-06-24 00:59:59,31.799999237060547,21.350000381469727,0.0,59636.0078125,215.9915771484375,14.205182075500488,35.279998779296875,8.829541206359863,5.25
amsterdam,52.36600112915039,4.901000022888184,2026-06-06/18/26 17:34:58,2026-06-25 00:59:59,21.649999618530273,15.5,0.0,59620.0859375,324.2272644042969,13.02234935760498,36.36000061035156,9.515604019165039,4.708333492279053
amsterdam,52.36600112915039,4.901000022888184,2026-06-06/18/26 17:34:58,2026-06-26 00:59:59,21.149999618530273,13.949999809265137,0.0,59598.1796875,34.332550048828125,12.852049827575684,33.839996337890625,8.763511657714844,3.2083332538604736
amsterdam,52.36600112915039,4.901000022888184,2026-06-06/18/26 17:34:58,2026-06-27 00:59:59,23.600000381469727,14.25,0.0,59570.30859375,59.05014419555664,13.666967391967773,34.560001373291016,10.797040939331055,3.875
amsterdam,52.36600112915039,4.901000022888184,2026-06-06/18/26 17:34:58,2026-06-28 00:59:59,24.100000381469727,16.75,0.0,59536.49609375,61.5545539855957,15.575981140136719,37.439998626708984,12.134671211242676,3.7083332538604736
amsterdam,52.36600112915039,4.901000022888184,2026-06-06/18/26 17:34:58,2026-06-29 00:59:59,28.600000381469727,15.949999809265137,0.0,59496.76953125,83.59476470947266,14.417987823486328,39.23999786376953,13.196671485900879,6.166666507720947
amsterdam,52.36600112915039,4.901000022888184,2026-06-06/18/26 17:34:58,2026-06-30 00:59:59,35.5,22.75,0.0,59451.1640625,128.3675079345703,14.264361381530762,35.279998779296875,11.894171714782715,10.333333015441895
amsterdam,52.36600112915039,4.901000022888184,2026-06-06/18/26 17:34:58,2026-07-01 00:59:59,29.049999237060547,20.700000762939453,0.0,59399.71484375,248.59414672851562,17.79179573059082,47.15999984741211,11.805283546447754,14.5
amsterdam,52.36600112915039,4.901000022888184,2026-06-06/18/26 17:34:58,2026-07-02 00:59:59,20.0,15.550000190734863,10.199999809265137,28678.115234375,332.5345764160156,12.810385704040527,30.96000099182129,10.46634578704834,19.33333396911621
paris,48.86000061035156,2.359999656677246,2026-06-06/18/26 17:34:58,2026-06-12 00:59:59,18.51500129699707,10.114999771118164,0.0,29899.294921875,259.36492919921875,14.973575592041016,31.319997787475586,10.544568061828613,3.75
paris,48.86000061035156,2.359999656677246,2026-06-06/18/26 17:34:58,2026-06-13 00:59:59,25.46500015258789,16.665000915527344,0.0,36725.15625,267.802001953125,17.33989715576172,41.39999771118164,14.626185417175293,0.0
paris,48.86000061035156,2.359999656677246,2026-06-06/18/26 17:34:58,2026-06-14 00:59:59,28.01500129699707,16.26500129699707,0.0,50392.796875,291.3915100097656,15.003839492797852,32.76000213623047,11.921378135681152,0.0
paris,48.86000061035156,2.359999656677246,2026-06-06/18/26 17:34:58,2026-06-15 00:59:59,26.46500015258789,14.414999961853027,0.0,53968.28515625,334.0174865722656,12.53813362121582,28.440000534057617,8.168035507202148,0.0
paris,48.86000061035156,2.359999656677246,2026-06-06/18/26 17:34:58,2026-06-16 00:59:59,28.815000534057617,14.614999771118164,1.4000000953674316,43200.0,119.02116394042969,10.00903606414795,35.63999938964844,7.539534091949463,2.0833332538604736
paris,48.86000061035156,2.359999656677246,2026-06-06/18/26 17:34:58,2026-06-17 00:59:59,27.76500129699707,21.21500015258789,0.30000001192092896,40630.6171875,294.9283752441406,13.397611618041992,30.96000099182129,9.039249420166016,3.2916667461395264
paris,48.86000061035156,2.359999656677246,2026-06-06/18/26 17:34:58,2026-06-18 00:59:59,32.61499786376953,19.114999771118164,0.0,51065.765625,198.8531951904297,13.698933601379395,27.719999313354492,4.546098232269287,0.0
paris,48.86000061035156,2.359999656677246,2026-06-06/18/26 17:34:58,2026-06-19 00:59:59,36.564998626708984,19.114999771118164,0.0,48866.73828125,70.89091491699219,15.15852165222168,47.519996643066406,7.504761219024658,3.4583332538604736
paris,48.86000061035156,2.359999656677246,2026-06-06/18/26 17:34:58,2026-06-20 00:59:59,37.21500015258789,24.915000915527344,0.0,53315.87890625,174.66796875,14.512063980102539,32.39999771118164,8.616092681884766,3.875
paris,48.86000061035156,2.359999656677246,2026-06-06/18/26 17:34:58,2026-06-21 00:59:59,33.049503326416016,21.565000534057617,0.3500000238418579,53690.5546875,346.2090759277344,11.592894554138184,31.68000030517578,5.443221092224121,7.958333492279053
paris,48.86000061035156,2.359999656677246,2026-06-06/18/26 17:34:58,2026-06-22 00:59:59,36.7495002746582,23.59950065612793,0.0,52619.80859375,48.74983596801758,9.983105659484863,25.919998168945312,5.888552188873291,11.625
paris,48.86000061035156,2.359999656677246,2026-06-06/18/26 17:34:58,2026-06-23 00:59:59,40.14950180053711,25.84950065612793,0.0,57095.09375,37.32883071899414,9.199390411376953,23.03999900817871,5.848255157470703,1.125
paris,48.86000061035156,2.359999656677246,2026-06-06/18/26 17:34:58,2026-06-24 00:59:59,41.949501037597656,27.84950065612793,0.0,57103.72265625,338.6203918457031,17.399585723876953,40.68000030517578,6.992724418640137,1.3229166269302368
paris,48.86000061035156,2.359999656677246,2026-06-06/18/26 17:34:58,2026-06-25 00:59:59,36.84950256347656,23.54949951171875,0.0,57109.640625,354.8878479003906,10.739832878112793,27.719999313354492,8.192519187927246,0.625
paris,48.86000061035156,2.359999656677246,2026-06-06/18/26 17:34:58,2026-06-26 00:59:59,30.912376403808594,21.899499893188477,0.0,57137.62109375,41.162315368652344,13.02234935760498,34.91999816894531,10.792120933532715,3.59375
paris,48.86000061035156,2.359999656677246,2026-06-06/18/26 17:34:58,2026-06-27 00:59:59,33.29999923706055,20.5,0.0,57137.94140625,41.883567810058594,14.777549743652344,39.23999786376953,11.668682098388672,3.25
paris,48.86000061035156,2.359999656677246,2026-06-06/18/26 17:34:58,2026-06-28 00:59:59,35.650001525878906,22.75,0.0,57135.375,54.0388069152832,15.577021598815918,42.839996337890625,12.378514289855957,11.208333015441895
paris,48.86000061035156,2.359999656677246,2026-06-06/18/26 17:34:58,2026-06-29 00:59:59,38.54999923706055,25.25,0.0,57129.875,97.2085189819336,11.616626739501953,36.0,9.237631797790527,10.916666984558105
paris,48.86000061035156,2.359999656677246,2026-06-06/18/26 17:34:58,2026-06-30 00:59:59,38.45000076293945,27.549999237060547,0.6000000238418579,57121.3828125,202.8619384765625,20.35592269897461,60.839996337890625,12.166544914245605,15.333333015441895
paris,48.86000061035156,2.359999656677246,2026-06-06/18/26 17:34:58,2026-07-01 00:59:59,30.100000381469727,18.649999618530273,7.800000190734863,57109.83984375,253.7987060546875,12.257193565368652,51.119998931884766,8.247686386108398,17.25
paris,48.86000061035156,2.359999656677246,2026-06-06/18/26 17:34:58,2026-07-02 00:59:59,22.850000381469727,17.600000381469727,6.999998092651367,57095.34375,297.6809387207031,13.170785903930664,33.47999954223633,12.089232444763184,13.333333015441895
prag,50.08000183105469,14.439998626708984,2026-06-06/18/26 17:34:58,2026-06-12 00:59:59,16.548500061035156,10.898500442504883,5.200000286102295,33014.6953125,259.4722595214844,13.684735298156738,36.71999740600586,9.136495590209961,56.5
prag,50.08000183105469,14.439998626708984,2026-06-06/18/26 17:34:58,2026-06-13 00:59:59,15.848499298095703,9.798500061035156,4.699999809265137,1311.7762451171875,216.5015106201172,13.246826171875,28.799999237060547,9.398968696594238,35.79166793823242
prag,50.08000183105469,14.439998626708984,2026-06-06/18/26 17:34:58,2026-06-14 00:59:59,23.848499298095703,15.048500061035156,1.100000023841858,42333.54296875,270.33502197265625,18.709611892700195,43.19999694824219,11.802724838256836,16.33333396911621
prag,50.08000183105469,14.439998626708984,2026-06-06/18/26 17:34:58,2026-06-15 00:59:59,17.898500442504883,13.69849967956543,0.0,23354.318359375,277.91583251953125,17.163354873657227,39.23999786376953,11.282135963439941,0.4583333432674408
prag,50.08000183105469,14.439998626708984,2026-06-06/18/26 17:34:58,2026-06-16 00:59:59,19.348499298095703,12.548500061035156,0.0,35882.703125,274.3113708496094,17.69867706298828,37.439998626708984,11.323451042175293,0.125
prag,50.08000183105469,14.439998626708984,2026-06-06/18/26 17:34:58,2026-06-17 00:59:59,23.798500061035156,10.748499870300293,0.9000000357627869,37467.03515625,238.17027282714844,19.41665267944336,43.560001373291016,11.266763687133789,9.666666984558105
prag,50.08000183105469,14.439998626708984,2026-06-06/18/26 17:34:58,2026-06-18 00:59:59,25.898500442504883,15.248499870300293,0.7000000476837158,49761.828125,289.4081115722656,11.486200332641602,30.96000099182129,5.902564525604248,7.25
prag,50.08000183105469,14.439998626708984,2026-06-06/18/26 17:34:58,2026-06-19 00:59:59,29.74850082397461,18.44849967956543,0.0,50094.30078125,270.45111083984375,8.287821769714355,24.84000015258789,4.179004669189453,0.0
prag,50.08000183105469,14.439998626708984,2026-06-06/18/26 17:34:58,2026-06-20 00:59:59,33.24850082397461,19.848499298095703,0.0,54038.2109375,162.4179229736328,9.686609268188477,23.03999900817871,4.5578203201293945,0.125
prag,50.08000183105469,14.439998626708984,2026-06-06/18/26 17:34:58,2026-06-21 00:59:59,33.895999908447266,21.898500442504883,0.6000000238418579,41311.6484375,210.49981689453125,16.29174041748047,68.03999328613281,3.7497363090515137,10.625
prag,50.08000183105469,14.439998626708984,2026-06-06/18/26 17:34:58,2026-06-22 00:59:59,33.69599914550781,20.395999908447266,0.8000000715255737,48385.87890625,355.3467102050781,10.948972702026367,28.079999923706055,4.958821773529053,24.04166603088379
prag,50.08000183105469,14.439998626708984,2026-06-06/18/26 17:34:58,2026-06-23 00:59:59,28.645999908447266,20.84600067138672,3.299999952316284,43254.4921875,43.42348861694336,8.21715259552002,33.839996337890625,2.809577226638794,15.708333015441895
prag,50.08000183105469,14.439998626708984,2026-06-06/18/26 17:34:58,2026-06-24 00:59:59,31.695999145507812,20.395999908447266,0.30000001192092896,57600.0,210.02984619140625,6.519876956939697,24.119998931884766,3.447930097579956,12.427083015441895
prag,50.08000183105469,14.439998626708984,2026-06-06/18/26 17:34:58,2026-06-25 00:59:59,33.395999908447266,23.145999908447266,0.0,57600.0,313.01885986328125,15.844088554382324,34.20000076293945,9.213281631469727,4.166666507720947
prag,50.08000183105469,14.439998626708984,2026-06-06/18/26 17:34:58,2026-06-26 00:59:59,26.700000762939453,19.695999145507812,0.0,57773.92578125,332.00457763671875,16.263872146606445,42.839996337890625,12.188042640686035,3.90625
prag,50.08000183105469,14.439998626708984,2026-06-06/18/26 17:34:58,2026-06-27 00:59:59,28.549999237060547,18.049999237060547,0.0,57733.91796875,6.11773681640625,10.429132461547852,39.959999084472656,6.741663932800293,5.125
prag,50.08000183105469,14.439998626708984,2026-06-06/18/26 17:34:58,2026-06-28 00:59:59,31.600000381469727,20.25,0.0,57708.44921875,352.7074279785156,15.119998931884766,38.15999984741211,6.784985542297363,2.8333332538604736
prag,50.08000183105469,14.439998626708984,2026-06-06/18/26 17:34:58,2026-06-29 00:59:59,28.75,19.350000381469727,0.0,57682.5,12.576171875,13.183079719543457,37.439998626708984,9.476790428161621,4.291666507720947
prag,50.08000183105469,14.439998626708984,2026-06-06/18/26 17:34:58,2026-06-30 00:59:59,30.799999237060547,19.799999237060547,0.0,57655.6953125,93.28804779052734,13.701298713684082,36.71999740600586,9.265630722045898,4.708333492279053
prag,50.08000183105469,14.439998626708984,2026-06-06/18/26 17:34:58,2026-07-01 00:59:59,33.95000076293945,20.649999618530273,0.0,57628.75,124.49256134033203,14.156058311462402,36.0,10.090012550354004,18.125
prag,50.08000183105469,14.439998626708984,2026-06-06/18/26 17:34:58,2026-07-02 00:59:59,31.350000381469727,20.799999237060547,8.59999942779541,56018.3828125,221.51571655273438,16.740968704223633,49.68000030517578,9.266220092773438,24.70833396911621
rome,41.875,12.5,2026-06-06/18/26 17:34:58,2026-06-12 00:59:59,25.041500091552734,20.291500091552734,0.0,40323.796875,198.50389099121094,14.68958854675293,35.63999938964844,8.526741981506348,0.0
rome,41.875,12.5,2026-06-06/18/26 17:34:58,2026-06-13 00:59:59,30.64150047302246,17.691499710083008,0.0,50397.5,359.1279602050781,16.071491241455078,36.71999740600586,10.191844940185547,0.0
rome,41.875,12.5,2026-06-06/18/26 17:34:58,2026-06-14 00:59:59,30.041500091552734,17.191499710083008,0.0,50400.0,271.9580078125,14.081478118896484,34.560001373291016,5.782644748687744,0.0
rome,41.875,12.5,2026-06-06/18/26 17:34:58,2026-06-15 00:59:59,29.991498947143555,16.691499710083008,0.0,49564.1796875,217.20799255371094,13.551501274108887,33.47999954223633,6.311535358428955,0.0
rome,41.875,12.5,2026-06-06/18/26 17:34:58,2026-06-16 00:59:59,29.191499710083008,16.741498947143555,0.0,43091.39453125,190.33352661132812,16.862455368041992,41.39999771118164,7.128504276275635,0.0
rome,41.875,12.5,2026-06-06/18/26 17:34:58,2026-06-17 00:59:59,30.691499710083008,19.09149932861328,0.30000001192092896,49157.85546875,262.0198974609375,14.182354927062988,34.91999816894531,5.539894104003906,2.3333332538604736
rome,41.875,12.5,2026-06-06/18/26 17:34:58,2026-06-18 00:59:59,33.19150161743164,19.84149932861328,0.10000000149011612,49582.82421875,275.1943359375,15.15852165222168,38.880001068115234,6.239201068878174,2.4166667461395264
rome,41.875,12.5,2026-06-06/18/26 17:34:58,2026-06-19 00:59:59,34.24150085449219,20.491498947143555,0.0,50221.4140625,252.00680541992188,15.778515815734863,39.599998474121094,5.442384243011475,1.5
rome,41.875,12.5,2026-06-06/18/26 17:34:58,2026-06-20 00:59:59,34.99150085449219,21.791500091552734,0.0,50238.265625,240.39561462402344,16.808570861816406,41.39999771118164,6.142702579498291,0.75
rome,41.875,12.5,2026-06-06/18/26 17:34:58,2026-06-21 00:59:59,34.791500091552734,21.741498947143555,0.0,50047.90625,218.23382568359375,14.277982711791992,35.279998779296875,6.127874374389648,0.25
rome,41.875,12.5,2026-06-06/18/26 17:34:58,2026-06-22 00:59:59,35.34150314331055,22.241498947143555,0.0,51823.3046875,237.8042755126953,12.738099098205566,34.560001373291016,5.655848026275635,1.2083333730697632
rome,41.875,12.5,2026-06-06/18/26 17:34:58,2026-06-23 00:59:59,35.141502380371094,23.041500091552734,0.0,46579.59375,235.74578857421875,13.281023025512695,34.20000076293945,4.708800792694092,9.75
rome,41.875,12.5,2026-06-06/18/26 17:34:58,2026-06-24 00:59:59,35.78499984741211,24.09149932861328,0.30000001192092896,50626.18359375,242.1844482421875,8.891343116760254,29.51999855041504,4.68708610534668,0.2083333283662796
rome,41.875,12.5,2026-06-06/18/26 17:34:58,2026-06-25 00:59:59,37.58500289916992,22.385000228881836,0.6000000238418579,53541.00390625,240.62429809570312,12.599998474121094,30.599998474121094,4.9037957191467285,0.0
rome,41.875,12.5,2026-06-06/18/26 17:34:58,2026-06-26 00:59:59,36.758750915527344,21.635000228881836,0.0,53544.3828125,239.94509887695312,13.59685230255127,45.71999740600586,6.995361804962158,3.71875
rome,41.875,12.5,2026-06-06/18/26 17:34:58,2026-06-27 00:59:59,38.599998474121094,25.799999237060547,0.0,53554.37890625,251.7479705810547,11.48760986328125,34.91999816894531,6.041847229003906,9.541666984558105
rome,41.875,12.5,2026-06-06/18/26 17:34:58,2026-06-28 00:59:59,38.900001525878906,27.600000381469727,0.0,53566.546875,228.6664276123047,11.67921257019043,41.76000213623047,6.027281761169434,7.333333492279053
rome,41.875,12.5,2026-06-06/18/26 17:34:58,2026-06-29 00:59:59,37.099998474121094,26.700000762939453,0.0,53577.1875,224.93801879882812,13.466357231140137,40.31999969482422,6.483540058135986,2.875
rome,41.875,12.5,2026-06-06/18/26 17:34:58,2026-06-30 00:59:59,36.70000076293945,26.75,0.0,53586.046875,241.24713134765625,14.311980247497559,42.119998931884766,6.474839210510254,3.6666667461395264
rome,41.875,12.5,2026-06-06/18/26 17:34:58,2026-07-01 00:59:59,37.5,26.450000762939453,0.0,53593.01953125,243.03988647460938,13.243156433105469,38.880001068115234,6.449980735778809,1.5416666269302368
rome,41.875,12.5,2026-06-06/18/26 17:34:58,2026-07-02 00:59:59,35.20000076293945,26.350000381469727,0.0,53598.25390625,215.62608337402344,12.768586158752441,36.71999740600586,6.448498725891113,3.5833332538604736
zurich,47.380001068115234,8.539999008178711,2026-06-06/18/26 17:34:58,2026-06-12 00:59:59,17.522001266479492,9.92199993133545,0.10000000149011612,44976.23046875,264.87005615234375,14.205182075500488,37.07999801635742,7.275752067565918,7.458333492279053
zurich,47.380001068115234,8.539999008178711,2026-06-06/18/26 17:34:58,2026-06-13 00:59:59,18.172000885009766,13.92199993133545,0.10000000149011612,4293.8876953125,196.5149383544922,11.090103149414062,25.559999465942383,6.542279243469238,8.875
zurich,47.380001068115234,8.539999008178711,2026-06-06/18/26 17:34:58,2026-06-14 00:59:59,27.772001266479492,14.972000122070312,0.0,51873.78515625,243.1329345703125,16.450069427490234,37.439998626708984,9.824620246887207,0.0
zurich,47.380001068115234,8.539999008178711,2026-06-06/18/26 17:34:58,2026-06-15 00:59:59,26.672000885009766,17.87200164794922,0.0,54000.0,270.885498046875,21.40713882446289,46.07999801635742,11.364048957824707,0.0
zurich,47.380001068115234,8.539999008178711,2026-06-06/18/26 17:34:58,2026-06-16 00:59:59,25.422000885009766,14.121999740600586,0.0,54000.0,287.34429931640625,14.693999290466309,36.71999740600586,6.476452350616455,0.0
zurich,47.380001068115234,8.539999008178711,2026-06-06/18/26 17:34:58,2026-06-17 00:59:59,26.87200164794922,16.772001266479492,0.0,45316.99609375,178.44586181640625,11.090103149414062,27.35999870300293,4.75413703918457,2.4166667461395264
zurich,47.380001068115234,8.539999008178711,2026-06-06/18/26 17:34:58,2026-06-18 00:59:59,29.82200050354004,18.32200050354004,0.0,48389.76171875,265.3226623535156,10.13769245147705,24.84000015258789,4.4616241455078125,0.4583333432674408
zurich,47.380001068115234,8.539999008178711,2026-06-06/18/26 17:34:58,2026-06-19 00:59:59,32.12200164794922,18.172000885009766,0.0,54000.0,70.90641021728516,5.506940841674805,13.679999351501465,2.6970622539520264,0.0
zurich,47.380001068115234,8.539999008178711,2026-06-06/18/26 17:34:58,2026-06-20 00:59:59,34.07200241088867,20.222000122070312,5.5,39573.859375,134.5342559814453,20.211362838745117,71.63999938964844,4.789702415466309,11.958333015441895
zurich,47.380001068115234,8.539999008178711,2026-06-06/18/26 17:34:58,2026-06-21 00:59:59,34.40599822998047,18.272001266479492,0.0,54000.0,276.3821105957031,8.534353256225586,24.84000015258789,3.7439777851104736,1.5833333730697632
zurich,47.380001068115234,8.539999008178711,2026-06-06/18/26 17:34:58,2026-06-22 00:59:59,35.90599822998047,19.856000900268555,0.0,54224.5625,85.36461639404297,6.92473840713501,26.280000686645508,4.321365833282471,2.2083332538604736
zurich,47.380001068115234,8.539999008178711,2026-06-06/18/26 17:34:58,2026-06-23 00:59:59,36.055999755859375,20.606000900268555,0.0,55122.1640625,87.24996185302734,6.618519306182861,21.599998474121094,4.32760763168335,1.75
zurich,47.380001068115234,8.539999008178711,2026-06-06/18/26 17:34:58,2026-06-24 00:59:59,37.65950012207031,21.45599937438965,0.0,54913.9453125,138.51324462890625,5.351784706115723,13.679999351501465,3.3447821140289307,1.5416666269302368
zurich,47.380001068115234,8.539999008178711,2026-06-06/18/26 17:34:58,2026-06-25 00:59:59,38.15950012207031,23.00950050354004,0.6000000238418579,53782.72265625,242.4180145263672,10.685391426086426,29.51999855041504,5.534870147705078,2.4583332538604736
zurich,47.380001068115234,8.539999008178711,2026-06-06/18/26 17:34:58,2026-06-26 00:59:59,33.25,22.309499740600586,0.0,55344.69921875,54.496498107910156,12.48115348815918,32.03999710083008,6.5139241218566895,4.25
zurich,47.380001068115234,8.539999008178711,2026-06-06/18/26 17:34:58,2026-06-27 00:59:59,34.0,22.25,0.0,56585.1484375,45.32777404785156,11.466438293457031,32.76000213623047,9.499967575073242,7.083333492279053
zurich,47.380001068115234,8.539999008178711,2026-06-06/18/26 17:34:58,2026-06-28 00:59:59,35.5,22.950000762939453,0.0,56587.15625,47.1210823059082,9.965238571166992,27.35999870300293,6.148449897766113,7.625
zurich,47.380001068115234,8.539999008178711,2026-06-06/18/26 17:34:58,2026-06-29 00:59:59,35.95000076293945,23.5,0.0,56193.6171875,55.72034454345703,10.993270874023438,33.47999954223633,7.316601753234863,10.291666984558105
zurich,47.380001068115234,8.539999008178711,2026-06-06/18/26 17:34:58,2026-06-30 00:59:59,35.20000076293945,23.899999618530273,0.0,55196.8046875,207.1494903564453,9.059205055236816,35.63999938964844,5.358953952789307,12.916666984558105
zurich,47.380001068115234,8.539999008178711,2026-06-06/18/26 17:34:58,2026-07-01 00:59:59,34.099998474121094,23.700000762939453,1.6000001430511475,55624.11328125,164.1480255126953,7.636752605438232,35.279998779296875,4.485897064208984,26.20833396911621
zurich,47.380001068115234,8.539999008178711,2026-06-06/18/26 17:34:58,2026-07-02 00:59:59,22.899999618530273,17.649999618530273,16.799999237060547,31260.10546875,255.7178192138672,10.948972702026367,29.15999984741211,7.323821067810059,29.83333396911621
lisbon,38.75,-9.125,2026-06-06/18/26 17:34:58,2026-06-12 00:59:59,32.291500091552734,18.59149932861328,0.0,52818.40625,341.6957702636719,13.246826171875,31.68000030517578,6.644204616546631,0.0
lisbon,38.75,-9.125,2026-06-06/18/26 17:34:58,2026-06-13 00:59:59,33.49150085449219,20.14150047302246,0.0,46785.390625,324.9719543457031,13.905508995056152,31.319997787475586,4.338746070861816,0.0
lisbon,38.75,-9.125,2026-06-06/18/26 17:34:58,2026-06-14 00:59:59,31.64150047302246,21.041500091552734,0.0,52584.43359375,237.40420532226562,18.17197608947754,42.119998931884766,7.450485706329346,0.0
lisbon,38.75,-9.125,2026-06-06/18/26 17:34:58,2026-06-15 00:59:59,25.34149932861328,18.89150047302246,0.0,50741.6875,258.8279113769531,17.57744026184082,41.39999771118164,8.463729858398438,0.0
lisbon,38.75,-9.125,2026-06-06/18/26 17:34:58,2026-06-16 00:59:59,25.491498947143555,17.84149932861328,0.0,50965.6640625,340.2815246582031,18.05750846862793,41.39999771118164,11.703656196594238,0.0
lisbon,38.75,-9.125,2026-06-06/18/26 17:34:58,2026-06-17 00:59:59,28.241498947143555,17.241498947143555,0.0,50989.9921875,343.2940368652344,18.837322235107422,44.63999557495117,12.518835067749023,0.0
lisbon,38.75,-9.125,2026-06-06/18/26 17:34:58,2026-06-18 00:59:59,31.441499710083008,18.39150047302246,0.0,52351.65234375,334.7143249511719,20.304128646850586,45.36000061035156,8.336662292480469,0.0
lisbon,38.75,-9.125,2026-06-06/18/26 17:34:58,2026-06-19 00:59:59,29.84149932861328,17.64150047302246,0.0,50367.69140625,332.1812438964844,15.192682266235352,36.36000061035156,8.051127433776855,0.0
lisbon,38.75,-9.125,2026-06-06/18/26 17:34:58,2026-06-20 00:59:59,28.541500091552734,17.041500091552734,0.0,50056.48046875,338.43280029296875,16.904672622680664,39.23999786376953,8.973140716552734,0.0
lisbon,38.75,-9.125,2026-06-06/18/26 17:34:58,2026-06-21 00:59:59,29.541500091552734,19.09149932861328,0.0,46901.9375,340.4324951171875,16.99260902404785,39.23999786376953,9.545845985412598,0.0416666679084301
lisbon,38.75,-9.125,2026-06-06/18/26 17:34:58,2026-06-22 00:59:59,30.84149932861328,19.441499710083008,0.0,50387.12890625,336.67254638671875,17.414474487304688,40.31999969482422,7.259050369262695,0.3333333432674408
lisbon,38.75,-9.125,2026-06-06/18/26 17:34:58,2026-06-23 00:59:59,29.941499710083008,20.741498947143555,0.0,27173.052734375,315.16900634765625,7.2448601722717285,25.919998168945312,4.177425861358643,2.5416667461395264
lisbon,38.75,-9.125,2026-06-06/18/26 17:34:58,2026-06-24 00:59:59,29.563501358032227,21.113500595092773,0.0,41310.8203125,247.8726043701172,10.308831214904785,25.919998168945312,4.923562049865723,5.5625
lisbon,38.75,-9.125,2026-06-06/18/26 17:34:58,2026-06-25 00:59:59,24.513500213623047,18.66349983215332,0.30000001192092896,27777.921875,264.3044128417969,15.58430004119873,40.68000030517578,6.782991409301758,0.0
lisbon,38.75,-9.125,2026-06-06/18/26 17:34:58,2026-06-26 00:59:59,27.25,17.763500213623047,0.0,49244.73046875,239.5200653076172,15.13713264465332,41.03999710083008,9.672778129577637,4.291666507720947
lisbon,38.75,-9.125,2026-06-06/18/26 17:34:58,2026-06-27 00:59:59,27.100000381469727,18.75,0.0,51168.16015625,257.16082763671875,11.881362915039062,41.39999771118164,6.605833530426025,9.125
lisbon,38.75,-9.125,2026-06-06/18/26 17:34:58,2026-06-28 00:59:59,28.149999618530273,19.549999237060547,0.0,51178.18359375,278.85247802734375,9.940824508666992,35.63999938964844,7.021108627319336,1.0
lisbon,38.75,-9.125,2026-06-06/18/26 17:34:58,2026-06-29 00:59:59,28.100000381469727,19.75,0.0,51188.6328125,274.21563720703125,15.02757453918457,41.03999710083008,10.159406661987305,2.5833332538604736
lisbon,38.75,-9.125,2026-06-06/18/26 17:34:58,2026-06-30 00:59:59,25.850000381469727,19.700000762939453,0.0,51199.484375,242.89390563964844,15.8583984375,42.119998931884766,9.486271858215332,2.5833332538604736
lisbon,38.75,-9.125,2026-06-06/18/26 17:34:58,2026-07-01 00:59:59,29.25,19.049999237060547,0.0,51210.6953125,328.5074157714844,16.836496353149414,45.36000061035156,7.417651653289795,0.5
lisbon,38.75,-9.125,2026-06-06/18/26 17:34:58,2026-07-02 00:59:59,29.100000381469727,18.25,0.0,52758.77734375,349.44793701171875,20.10286521911621,47.880001068115234,13.725920677185059,1.125
vienna,48.20000076293945,16.3799991607666,2026-06-06/18/26 17:34:58,2026-06-12 00:59:59,19.12150001525879,11.521499633789062,1.2999999523162842,47508.0234375,287.5118103027344,21.26134490966797,48.599998474121094,15.838245391845703,10.166666984558105
vienna,48.20000076293945,16.3799991607666,2026-06-06/18/26 17:34:58,2026-06-13 00:59:59,19.37150001525879,11.2214994430542,0.30000001192092896,34281.15625,279.3164978027344,19.959718704223633,45.71999740600586,14.604843139648438,23.75
vienna,48.20000076293945,16.3799991607666,2026-06-06/18/26 17:34:58,2026-06-14 00:59:59,25.971500396728516,16.42150115966797,2.8999998569488525,41134.30078125,277.7176513671875,17.731597900390625,49.31999969482422,10.997919082641602,32.33333206176758
vienna,48.20000076293945,16.3799991607666,2026-06-06/18/26 17:34:58,2026-06-15 00:59:59,21.92150115966797,17.62150001525879,0.0,47553.109375,296.03936767578125,19.813087463378906,47.15999984741211,8.859691619873047,4.458333492279053
vienna,48.20000076293945,16.3799991607666,2026-06-06/18/26 17:34:58,2026-06-16 00:59:59,23.42150115966797,15.071499824523926,0.0,51365.35546875,283.5794677734375,18.0,41.39999771118164,9.763689994812012,0.0
vienna,48.20000076293945,16.3799991607666,2026-06-06/18/26 17:34:58,2026-06-17 00:59:59,25.92150115966797,13.671500205993652,0.10000000149011612,48464.5859375,273.2801818847656,21.077686309814453,39.23999786376953,10.174826622009277,2.0
vienna,48.20000076293945,16.3799991607666,2026-06-06/18/26 17:34:58,2026-06-18 00:59:59,27.821500778198242,18.021501541137695,1.600000023841858,44959.3671875,271.12493896484375,18.709611892700195,40.68000030517578,11.456429481506348,7.208333492279053
vienna,48.20000076293945,16.3799991607666,2026-06-06/18/26 17:34:58,2026-06-19 00:59:59,29.721500396728516,21.17150115966797,0.0,48325.34375,324.61737060546875,11.65977668762207,27.35999870300293,6.985503196716309,0.875
vienna,48.20000076293945,16.3799991607666,2026-06-06/18/26 17:34:58,2026-06-20 00:59:59,33.52149963378906,20.87150001525879,0.0,52388.58984375,120.34920501708984,13.627795219421387,28.799999237060547,6.895793914794922,0.0
vienna,48.20000076293945,16.3799991607666,2026-06-06/18/26 17:34:58,2026-06-21 00:59:59,34.53000259399414,21.92150115966797,0.375,43360.87890625,178.40589904785156,12.31389331817627,48.959999084472656,5.889895439147949,5.916666507720947
vienna,48.20000076293945,16.3799991607666,2026-06-06/18/26 17:34:58,2026-06-22 00:59:59,31.979999542236328,23.229999542236328,1.3000000715255737,38915.54296875,315.70721435546875,11.525623321533203,36.0,6.169743537902832,35.625
vienna,48.20000076293945,16.3799991607666,2026-06-06/18/26 17:34:58,2026-06-23 00:59:59,29.729999542236328,23.779998779296875,0.9000000953674316,42743.234375,334.9903564453125,10.464797019958496,26.639999389648438,7.51649284362793,10.166666984558105
vienna,48.20000076293945,16.3799991607666,2026-06-06/18/26 17:34:58,2026-06-24 00:59:59,31.76300048828125,21.92999839782715,2.6999998092651367,47292.03125,281.7811279296875,9.470120429992676,29.8799991607666,4.67730188369751,11.9375
vienna,48.20000076293945,16.3799991607666,2026-06-06/18/26 17:34:58,2026-06-25 00:59:59,37.9630012512207,21.312999725341797,0.0,55660.15625,281.8446960449219,14.618837356567383,32.39999771118164,6.377871990203857,7.208333492279053
vienna,48.20000076293945,16.3799991607666,2026-06-06/18/26 17:34:58,2026-06-26 00:59:59,31.850000381469727,23.649999618530273,0.0,57091.5078125,333.4024353027344,18.741621017456055,49.68000030517578,14.723028182983398,6.729166507720947
vienna,48.20000076293945,16.3799991607666,2026-06-06/18/26 17:34:58,2026-06-27 00:59:59,30.049999237060547,20.600000381469727,0.0,57053.38671875,356.74591064453125,14.40899658203125,45.71999740600586,9.654359817504883,5.625
vienna,48.20000076293945,16.3799991607666,2026-06-06/18/26 17:34:58,2026-06-28 00:59:59,33.29999923706055,22.149999618530273,0.0,57025.921875,342.2131652832031,9.55357551574707,29.51999855041504,4.258607864379883,3.7083332538604736
vienna,48.20000076293945,16.3799991607666,2026-06-06/18/26 17:34:58,2026-06-29 00:59:59,32.04999923706055,24.100000381469727,0.0,56993.63671875,337.0059814453125,14.027301788330078,39.23999786376953,11.557300567626953,4.541666507720947
vienna,48.20000076293945,16.3799991607666,2026-06-06/18/26 17:34:58,2026-06-30 00:59:59,31.450000762939453,21.549999237060547,0.0,56956.55078125,89.81926727294922,9.252069473266602,34.91999816894531,5.981612205505371,3.375
vienna,48.20000076293945,16.3799991607666,2026-06-06/18/26 17:34:58,2026-07-01 00:59:59,31.899999618530273,21.899999618530273,0.0,56914.6796875,133.60289001464844,17.714231491088867,47.15999984741211,13.868165969848633,8.125
vienna,48.20000076293945,16.3799991607666,2026-06-06/18/26 17:34:58,2026-07-02 00:59:59,34.79999923706055,22.25,0.0,56868.1640625,173.49179077148438,16.645864486694336,62.63999557495117,11.775362968444824,17.75
bergen,60.390037536621094,5.3183135986328125,2026-06-06/18/26 17:34:58,2026-06-12 00:59:59,14.361000061035156,8.761000633239746,12.200000762939453,20931.26953125,165.1494598388672,19.799999237060547,37.439998626708984,14.804998397827148,80.45833587646484
bergen,60.390037536621094,5.3183135986328125,2026-06-06/18/26 17:34:58,2026-06-13 00:59:59,13.861000061035156,10.41100025177002,8.300000190734863,0.0,144.0782012939453,23.399999618530273,44.279998779296875,16.43999671936035,84.625
bergen,60.390037536621094,5.3183135986328125,2026-06-06/18/26 17:34:58,2026-06-14 00:59:59,16.961000442504883,10.761000633239746,1.5,14851.39453125,330.0151672363281,19.799999237060547,37.07999801635742,10.545000076293945,60.83333206176758
bergen,60.390037536621094,5.3183135986328125,2026-06-06/18/26 17:34:58,2026-06-15 00:59:59,22.111000061035156,10.111000061035156,0.0,59657.4609375,335.1102294921875,28.799999237060547,52.19999694824219,14.204998970031738,3.4583332538604736
bergen,60.390037536621094,5.3183135986328125,2026-06-06/18/26 17:34:58,2026-06-16 00:59:59,18.361000061035156,9.711000442504883,0.0,62066.0546875,329.49261474609375,18.719999313354492,37.07999801635742,14.100000381469727,0.0
bergen,60.390037536621094,5.3183135986328125,2026-06-06/18/26 17:34:58,2026-06-17 00:59:59,18.06100082397461,9.461000442504883,0.0,61517.50390625,283.1708679199219,15.480000495910645,32.03999710083008,8.819998741149902,0.0
bergen,60.390037536621094,5.3183135986328125,2026-06-06/18/26 17:34:58,2026-06-18 00:59:59,14.761000633239746,9.711000442504883,5.699999809265137,997.6141967773438,164.32315063476562,16.559999465942383,30.599998474121094,8.444999694824219,35.79166793823242
bergen,60.390037536621094,5.3183135986328125,2026-06-06/18/26 17:34:58,2026-06-19 00:59:59,18.361000061035156,11.761000633239746,0.9000000953674316,23624.619140625,174.4758758544922,15.119998931884766,29.15999984741211,12.255001068115234,25.0
bergen,60.390037536621094,5.3183135986328125,2026-06-06/18/26 17:34:58,2026-06-20 00:59:59,20.361000061035156,14.56100082397461,6.800000190734863,0.0,156.92770385742188,26.639999389648438,47.880001068115234,22.799999237060547,78.16666412353516
bergen,60.390037536621094,5.3183135986328125,2026-06-06/18/26 17:34:58,2026-06-21 00:59:59,17.01099967956543,10.727750778198242,9.800002098083496,2704.169921875,187.55966186523438,25.559999465942383,51.47999954223633,14.857738494873047,69.29166412353516
bergen,60.390037536621094,5.3183135986328125,2026-06-06/18/26 17:34:58,2026-06-22 00:59:59,15.25,9.550000190734863,4.199999809265137,45659.703125,225.42897033691406,14.417987823486328,37.07999801635742,10.982227325439453,42.5
bergen,60.390037536621094,5.3183135986328125,2026-06-06/18/26 17:34:58,2026-06-23 00:59:59,15.300000190734863,8.050000190734863,0.0,65857.0078125,318.6847229003906,11.052058219909668,33.47999954223633,4.745121002197266,8.625
bergen,60.390037536621094,5.3183135986328125,2026-06-06/18/26 17:34:58,2026-06-24 00:59:59,15.300000190734863,10.300000190734863,37.79999923706055,0.0,172.2224578857422,19.313756942749023,50.7599983215332,11.699128150939941,55.54166793823242
bergen,60.390037536621094,5.3183135986328125,2026-06-06/18/26 17:34:58,2026-06-25 00:59:59,12.600000381469727,9.350000381469727,4.799998760223389,0.0,306.99853515625,26.579729080200195,59.03999710083008,17.502927780151367,62.54166793823242
bergen,60.390037536621094,5.3183135986328125,2026-06-06/18/26 17:34:58,2026-06-26 00:59:59,14.0,8.600000381469727,0.0,67009.8984375,319.8637390136719,14.20632266998291,51.839996337890625,8.954354286193848,29.58333396911621
bergen,60.390037536621094,5.3183135986328125,2026-06-06/18/26 17:34:58,2026-06-27 00:59:59,13.0,10.149999618530273,6.999999046325684,28729.955078125,256.669677734375,12.156331062316895,34.91999816894531,7.830223560333252,30.25
bergen,60.390037536621094,5.3183135986328125,2026-06-06/18/26 17:34:58,2026-06-28 00:59:59,14.100000381469727,9.050000190734863,4.400000095367432,50056.609375,308.7749328613281,14.311980247497559,36.0,7.707921981811523,31.875
bergen,60.390037536621094,5.3183135986328125,2026-06-06/18/26 17:34:58,2026-06-29 00:59:59,18.799999237060547,7.900000095367432,0.0,51208.44140625,165.95443725585938,19.770523071289062,47.519996643066406,12.130584716796875,44.0
bergen,60.390037536621094,5.3183135986328125,2026-06-06/18/26 17:34:58,2026-06-30 00:59:59,23.200000762939453,14.649999618530273,0.0,66756.953125,175.54371643066406,18.968446731567383,44.63999557495117,14.403716087341309,36.79166793823242
bergen,60.390037536621094,5.3183135986328125,2026-06-06/18/26 17:34:58,2026-07-01 00:59:59,23.350000381469727,15.699999809265137,1.8000001907348633,66587.703125,159.2210235595703,22.137073516845703,59.39999771118164,11.70046615600586,41.58333206176758
bergen,60.390037536621094,5.3183135986328125,2026-06-06/18/26 17:34:58,2026-07-02 00:59:59,18.299999237060547,10.600000381469727,8.399999618530273,0.0,290.9820861816406,22.73421859741211,56.15999984741211,15.070478439331055,39.66666793823242
stockholm,59.32889938354492,18.072357177734375,2026-06-06/18/26 17:34:58,2026-06-12 00:59:59,19.067501068115234,12.967499732971191,0.0,23552.06640625,200.76158142089844,14.039999961853027,26.639999389648438,8.235000610351562,19.70833396911621
stockholm,59.32889938354492,18.072357177734375,2026-06-06/18/26 17:34:58,2026-06-13 00:59:59,20.91750144958496,12.567500114440918,0.0,53966.69140625,231.75149536132812,19.440000534057617,41.39999771118164,14.38499927520752,6.625
stockholm,59.32889938354492,18.072357177734375,2026-06-06/18/26 17:34:58,2026-06-14 00:59:59,20.217500686645508,12.667499542236328,0.0,60177.4453125,139.98324584960938,18.0,39.23999786376953,14.550002098083496,5.333333492279053
stockholm,59.32889938354492,18.072357177734375,2026-06-06/18/26 17:34:58,2026-06-15 00:59:59,14.967499732971191,12.317500114440918,4.699999809265137,0.0,270.8135986328125,19.799999237060547,37.79999923706055,11.68499755859375,62.16666793823242
stockholm,59.32889938354492,18.072357177734375,2026-06-06/18/26 17:34:58,2026-06-16 00:59:59,17.11750030517578,11.817500114440918,12.399999618530273,1686.0184326171875,5.488840103149414,23.03999900817871,42.119998931884766,14.114999771118164,72.70833587646484
stockholm,59.32889938354492,18.072357177734375,2026-06-06/18/26 17:34:58,2026-06-17 00:59:59,15.167499542236328,11.117499351501465,6.799999713897705,6346.33251953125,334.7373352050781,25.559999465942383,46.79999923706055,17.264999389648438,61.04166793823242
stockholm,59.32889938354492,18.072357177734375,2026-06-06/18/26 17:34:58,2026-06-18 00:59:59,22.717500686645508,13.167499542236328,0.0,57026.359375,293.4150695800781,19.440000534057617,41.76000213623047,15.059998512268066,0.0
stockholm,59.32889938354492,18.072357177734375,2026-06-06/18/26 17:34:58,2026-06-19 00:59:59,20.967500686645508,15.067500114440918,0.0,35758.4453125,264.9800720214844,17.280000686645508,35.63999938964844,14.925000190734863,14.333333015441895
stockholm,59.32889938354492,18.072357177734375,2026-06-06/18/26 17:34:58,2026-06-20 00:59:59,25.11750030517578,15.367499351501465,0.0,53835.5703125,207.72080993652344,16.919998168945312,35.279998779296875,10.604999542236328,3.5
stockholm,59.32889938354492,18.072357177734375,2026-06-06/18/26 17:34:58,2026-06-21 00:59:59,27.017499923706055,19.2918758392334,0.02500000037252903,37285.48828125,202.2263641357422,24.119998931884766,50.03999710083008,15.675748825073242,9.416666984558105
stockholm,59.32889938354492,18.072357177734375,2026-06-06/18/26 17:34:58,2026-06-22 00:59:59,23.25,16.899999618530273,0.0,64680.48828125,265.2756042480469,15.009236335754395,33.839996337890625,13.185248374938965,2.375
stockholm,59.32889938354492,18.072357177734375,2026-06-06/18/26 17:34:58,2026-06-23 00:59:59,21.549999237060547,14.399999618530273,0.30000001192092896,64844.05078125,12.094766616821289,10.837434768676758,29.15999984741211,8.439289093017578,2.7916667461395264
stockholm,59.32889938354492,18.072357177734375,2026-06-06/18/26 17:34:58,2026-06-24 00:59:59,19.950000762939453,13.550000190734863,0.4000000059604645,58500.2421875,149.71804809570312,19.008546829223633,44.63999557495117,13.55346965789795,11.166666984558105
stockholm,59.32889938354492,18.072357177734375,2026-06-06/18/26 17:34:58,2026-06-25 00:59:59,19.25,13.5,16.200000762939453,43142.5703125,262.7734680175781,23.933908462524414,55.79999923706055,18.17019271850586,37.66666793823242
stockholm,59.32889938354492,18.072357177734375,2026-06-06/18/26 17:34:58,2026-06-26 00:59:59,16.5,13.0,2.000000238418579,22158.12109375,337.35784912109375,30.67667007446289,70.91999816894531,24.18494415283203,18.375
stockholm,59.32889938354492,18.072357177734375,2026-06-06/18/26 17:34:58,2026-06-27 00:59:59,20.0,12.800000190734863,0.6000000238418579,65580.9765625,315.5561218261719,13.661038398742676,45.71999740600586,8.40868091583252,12.625
stockholm,59.32889938354492,18.072357177734375,2026-06-06/18/26 17:34:58,2026-06-28 00:59:59,17.350000381469727,14.0,0.6000000238418579,64885.16015625,334.2003479003906,12.429126739501953,35.63999938964844,7.090555191040039,11.625
stockholm,59.32889938354492,18.072357177734375,2026-06-06/18/26 17:34:58,2026-06-29 00:59:59,18.25,12.5,0.0,65548.3828125,311.3693542480469,17.205778121948242,41.03999710083008,12.926087379455566,10.333333015441895
stockholm,59.32889938354492,18.072357177734375,2026-06-06/18/26 17:34:58,2026-06-30 00:59:59,24.899999618530273,12.899999618530273,0.0,64879.984375,243.166015625,11.638916969299316,30.23999786376953,8.068290710449219,18.33333396911621
stockholm,59.32889938354492,18.072357177734375,2026-06-06/18/26 17:34:58,2026-07-01 00:59:59,28.049999237060547,17.850000381469727,0.0,64872.796875,225.0303192138672,12.245292663574219,30.599998474121094,10.786438941955566,16.0
stockholm,59.32889938354492,18.072357177734375,2026-06-06/18/26 17:34:58,2026-07-02 00:59:59,28.350000381469727,19.549999237060547,0.0,64861.7890625,194.64004516601562,15.451717376708984,36.0,12.43933391571045,14.541666984558105
