location_name,latitude,longitude,forecasted_on,forecast_for,temperature_2m_max,temperature_2m_min,precipitation_sum,sunshine_duration,wind_direction_10m_dominant,wind_speed_10m_max,wind_gusts_10m_max,wind_speed_10m_mean,precipitation_probability_mean
london,51.5074,-0.1278,2026-06-02 12:00:00,2026-06-02 23:59:59,20.841,15.041,16.7,40776.98,238.6091,21.24,45.36,13.455,95.5
london,51.5074,-0.1278,2026-06-02 12:00:00,2026-06-03 23:59:59,17.841,14.141,7.7,9532.321,228.6835,26.28,55.44,18.045,37.875
london,51.5074,-0.1278,2026-06-02 12:00:00,2026-06-04 23:59:59,16.6545,12.9477,7.625,54000.0,234.1178,24.84,50.4,21.8362,51.25
london,51.5074,-0.1278,2026-06-02 12:00:00,2026-06-05 23:59:59,17.7045,11.4045,0.6,54000.0,253.5632,20.88,42.12,18.405,13.75
london,51.5074,-0.1278,2026-06-02 12:00:00,2026-06-06 23:59:59,16.1045,12.1545,4.8,30180.512,140.896,19.08,39.24,12.24,38.75
london,51.5074,-0.1278,2026-06-02 12:00:00,2026-06-07 23:59:59,21.3045,12.7045,0.0,53573.094,303.5462,12.24,26.28,10.17,15.75
london,51.5074,-0.1278,2026-06-02 12:00:00,2026-06-08 23:59:59,18.45,13.4045,0.0,54000.0,239.3852,17.3268,44.28,12.8918,16.875
berlin,52.52,13.405,2026-05-20 12:00:00,2026-05-20 23:59:59,19.952,14.102,3.1,20003.076,226.446,15.6838,45.72,7.7277,23.5417
berlin,52.52,13.405,2026-05-20 12:00:00,2026-05-21 23:59:59,19.652,12.152,0.2,34215.992,275.5433,13.0049,37.8,8.7928,0.375
berlin,52.52,13.405,2026-05-20 12:00:00,2026-05-22 23:59:59,23.889,13.902,0.0,47972.44,291.796,11.6208,30.6,6.6623,0.125
berlin,52.52,13.405,2026-05-20 12:00:00,2026-05-23 23:59:59,28.439,14.539,0.0,55044.656,184.8792,7.8625,22.68,4.8525,0.125
berlin,52.52,13.405,2026-05-20 12:00:00,2026-05-24 23:59:59,30.139,19.139,0.0,57304.79,295.157,12.3978,32.4,6.7662,0.6667
berlin,52.52,13.405,2026-05-20 12:00:00,2026-05-25 23:59:59,25.876,16.139,0.0,57373.434,330.686,9.9831,26.64,6.7622,0.0
berlin,52.52,13.405,2026-05-20 12:00:00,2026-05-26 23:59:59,26.876,14.076,0.0,57439.652,13.5572,7.2359,21.24,4.6228,0.0
munich,48.1351,11.582,2026-04-19 12:00:00,2026-04-19 23:59:59,18.215,10.015,1.4,21082.693,278.5475,17.8736,43.56,10.6748,29.5417
munich,48.1351,11.582,2026-04-19 12:00:00,2026-04-20 23:59:59,14.115,6.515,0.1,42599.793,332.9182,13.3928,32.04,6.0137,7.25
munich,48.1351,11.582,2026-04-19 12:00:00,2026-04-21 23:59:59,12.0715,4.1215,0.0,46281.094,19.5837,10.2331,28.8,6.0361,11.7917
munich,48.1351,11.582,2026-04-19 12:00:00,2026-04-22 23:59:59,13.9215,1.7715,0.0,47997.016,57.7835,11.9886,33.84,7.0624,1.2083
munich,48.1351,11.582,2026-04-19 12:00:00,2026-04-23 23:59:59,16.2215,1.7715,0.0,49519.332,281.3393,12.2876,33.12,6.6993,0.125
munich,48.1351,11.582,2026-04-19 12:00:00,2026-04-24 23:59:59,16.958,1.708,0.0,49642.83,285.5089,14.278,32.4,7.3401,0.1562
munich,48.1351,11.582,2026-04-19 12:00:00,2026-04-25 23:59:59,16.358,2.858,0.3,49750.14,276.0617,22.882,50.76,14.5204,5.2917
aachen,50.7753,6.0839,2026-06-14 12:00:00,2026-06-09 23:59:59,17.176,11.726,4.4,23202.717,241.0407,18.36,38.16,14.67,60.3333
aachen,50.7753,6.0839,2026-06-14 12:00:00,2026-06-10 23:59:59,17.226,10.126,1.2,42422.67,234.3517,22.68,48.96,11.835,33.5417
aachen,50.7753,6.0839,2026-06-14 12:00:00,2026-06-11 23:59:59,17.776,9.676,5.5,26784.156,241.7279,15.84,33.12,11.7,39.25
aachen,50.7753,6.0839,2026-06-14 12:00:00,2026-06-12 23:59:59,16.026,12.376,10.4,0.0,242.5054,22.68,43.92,18.915,86.375
aachen,50.7753,6.0839,2026-06-14 12:00:00,2026-06-13 23:59:59,18.126,13.476,0.4,22400.227,266.3699,22.68,46.44,16.995,25.375
aachen,50.7753,6.0839,2026-06-14 12:00:00,2026-06-14 23:59:59,18.876,12.376,0.2,34204.914,279.4016,16.56,36.0,12.81,19.5833
aachen,50.7753,6.0839,2026-06-14 12:00:00,2026-06-15 23:59:59,22.726,11.126,0.0,42341.023,275.7326,14.04,29.16,9.72,3.9167
aachen,50.7753,6.0839,2026-06-14 12:00:00,2026-06-16 23:59:59,27.226,17.026,0.0,40889.438,239.966,21.24,41.76,13.185,16.2917
aachen,50.7753,6.0839,2026-06-14 12:00:00,2026-06-17 23:59:59,25.25,14.0,0.0,55803.227,247.4932,10.5649,28.08,8.1955,2.9583
aachen,50.7753,6.0839,2026-06-14 12:00:00,2026-06-18 23:59:59,29.4,15.45,0.0,58585.684,135.4122,10.1377,20.16,4.4752,1.3333
aachen,50.7753,6.0839,2026-06-14 12:00:00,2026-06-19 23:59:59,33.15,20.25,1.5,58598.723,173.3576,14.993,41.76,10.9219,22.5
aachen,50.7753,6.0839,2026-06-14 12:00:00,2026-06-20 23:59:59,30.4,19.9,7.5,58014.65,223.3712,14.7776,45.72,6.2652,16.1667
aachen,50.7753,6.0839,2026-06-14 12:00:00,2026-06-21 23:59:59,23.2,19.0,0.3,25271.79,32.4809,12.331,32.76,10.4067,18.875
aachen,50.7753,6.0839,2026-06-14 12:00:00,2026-06-22 23:59:59,26.35,16.7,0.0,58567.723,41.326,12.8722,32.4,10.7011,7.375
aachen,50.7753,6.0839,2026-06-14 12:00:00,2026-06-23 23:59:59,25.8,15.6,0.0,58595.414,28.3414,10.6307,29.52,7.4611,15.25
aachen,50.7753,6.0839,2026-06-14 12:00:00,2026-06-24 23:59:59,26.0,17.35,0.0,58580.742,358.414,15.1371,36.0,7.9848,10.125
aachen,50.7753,6.0839,2026-06-14 12:00:00,2026-06-25 23:59:59,24.45,15.65,0.0,58560.55,48.4885,14.8715,37.44,12.4339,7.4167
aachen,50.7753,6.0839,2026-06-14 12:00:00,2026-06-26 23:59:59,30.0,16.3,0.0,58534.875,80.8304,14.8694,37.44,13.1336,10.25
aachen,50.7753,6.0839,2026-06-14 12:00:00,2026-06-27 23:59:59,33.5,21.75,2.1,58503.707,121.7482,16.225,34.2,9.4948,16.9167
london,51.5074,-0.1278,2026-04-19 12:00:00,2026-04-19 23:59:59,15.291,7.441,0.0,43207.46,6.4397,14.04,31.68,11.13,0.0417
london,51.5074,-0.1278,2026-04-19 12:00:00,2026-04-20 23:59:59,12.691,7.791,0.0,29943.492,67.0267,16.2,35.64,10.44,0.5
london,51.5074,-0.1278,2026-04-19 12:00:00,2026-04-21 23:59:59,13.3045,6.2011,0.0,40279.125,56.4602,21.6,45.36,16.0462,0.3333
london,51.5074,-0.1278,2026-04-19 12:00:00,2026-04-22 23:59:59,14.6045,7.3045,0.0,50400.0,66.8763,23.04,48.96,17.985,0.0
london,51.5074,-0.1278,2026-04-19 12:00:00,2026-04-23 23:59:59,16.3045,4.9045,0.0,50400.0,47.417,16.92,34.92,13.755,0.3333
london,51.5074,-0.1278,2026-04-19 12:00:00,2026-04-24 23:59:59,12.4045,5.9045,0.0,41997.973,33.0841,17.28,37.08,14.37,0.0
london,51.5074,-0.1278,2026-04-19 12:00:00,2026-04-25 23:59:59,20.1,6.1545,0.0,50643.758,32.5063,14.04,44.28,12.648,1.25
amsterdam,52.3676,4.9041,2026-06-15 12:00:00,2026-06-10 23:59:59,17.3065,11.6565,4.5,40561.66,236.56,27.36,48.24,13.29,51.8333
amsterdam,52.3676,4.9041,2026-06-15 12:00:00,2026-06-11 23:59:59,17.7065,11.9065,3.9,25339.56,227.1544,18.36,38.52,12.615,36.2917
amsterdam,52.3676,4.9041,2026-06-15 12:00:00,2026-06-12 23:59:59,18.0565,12.6565,5.2,4440.3677,250.1048,25.56,45.0,19.485,80.4583
amsterdam,52.3676,4.9041,2026-06-15 12:00:00,2026-06-13 23:59:59,17.3065,14.9065,2.4,21303.662,270.8423,25.56,49.32,17.07,39.4583
amsterdam,52.3676,4.9041,2026-06-15 12:00:00,2026-06-14 23:59:59,17.2565,14.1065,2.2,42506.062,297.8703,20.52,40.32,17.055,13.9583
amsterdam,52.3676,4.9041,2026-06-15 12:00:00,2026-06-15 23:59:59,18.5065,14.1065,0.1,29464.678,307.9766,17.28,32.04,13.425,1.0417
amsterdam,52.3676,4.9041,2026-06-15 12:00:00,2026-06-16 23:59:59,22.6065,14.3065,0.0,41253.297,62.4943,16.56,31.32,11.22,3.0
amsterdam,52.3676,4.9041,2026-06-15 12:00:00,2026-06-17 23:59:59,22.4549,16.2065,0.1,27454.607,227.1186,17.1293,38.7,10.7893,9.6667
amsterdam,52.3676,4.9041,2026-06-15 12:00:00,2026-06-18 23:59:59,24.2,15.8,0.0,57520.46,241.1718,10.699,29.52,7.4536,0.3333
amsterdam,52.3676,4.9041,2026-06-15 12:00:00,2026-06-19 23:59:59,30.4,19.35,5.1,56091.227,153.098,12.0492,38.88,9.3884,15.125
amsterdam,52.3676,4.9041,2026-06-15 12:00:00,2026-06-20 23:59:59,27.0,18.65,0.3,59647.73,250.7458,10.4042,30.6,7.1008,13.6667
amsterdam,52.3676,4.9041,2026-06-15 12:00:00,2026-06-21 23:59:59,24.4,17.5,0.0,59649.844,78.4356,8.724,24.48,7.2731,10.8333
amsterdam,52.3676,4.9041,2026-06-15 12:00:00,2026-06-22 23:59:59,27.8,18.0,0.0,59645.926,95.3315,11.6792,30.24,10.4127,5.2917
amsterdam,52.3676,4.9041,2026-06-15 12:00:00,2026-06-23 23:59:59,33.35,21.25,12.6,59636.008,169.8602,14.3289,41.4,11.2975,11.5833
amsterdam,52.3676,4.9041,2026-06-15 12:00:00,2026-06-24 23:59:59,20.4,17.4,1.8,55750.875,259.3611,15.5645,41.04,12.6137,4.4583
amsterdam,52.3676,4.9041,2026-06-15 12:00:00,2026-06-25 23:59:59,21.1,16.3,0.0,59598.18,302.8043,10.4291,35.28,6.9062,5.2917
amsterdam,52.3676,4.9041,2026-06-15 12:00:00,2026-06-26 23:59:59,25.95,16.0,0.0,59570.31,158.5322,7.517,23.04,4.6044,6.5417
amsterdam,52.3676,4.9041,2026-06-15 12:00:00,2026-06-27 23:59:59,25.45,17.65,1.2,59536.496,0.3957,11.3343,28.08,6.1518,8.5417
amsterdam,52.3676,4.9041,2026-06-15 12:00:00,2026-06-28 23:59:59,19.25,14.85,0.0,59496.77,313.5486,15.3169,40.68,10.5621,18.875
aachen,50.7753,6.0839,2026-04-25 12:00:00,2026-04-25 23:59:59,18.626,6.026,0.0,46800.0,346.7053,9.36,22.68,5.76,0.0
aachen,50.7753,6.0839,2026-04-25 12:00:00,2026-04-26 23:59:59,18.576,6.876,0.0,46800.0,41.7024,10.8,26.28,9.06,0.0
aachen,50.7753,6.0839,2026-04-25 12:00:00,2026-04-27 23:59:59,16.638,9.276,0.0,24014.3,40.4238,11.5214,21.96,5.5066,0.0
aachen,50.7753,6.0839,2026-04-25 12:00:00,2026-04-28 23:59:59,16.7,6.7,0.0,49297.176,52.0954,20.6757,44.28,15.3628,3.2917
aachen,50.7753,6.0839,2026-04-25 12:00:00,2026-04-29 23:59:59,16.95,6.25,0.0,52109.184,68.5787,19.4142,45.72,17.3183,0.0
aachen,50.7753,6.0839,2026-04-25 12:00:00,2026-04-30 23:59:59,18.35,7.4,0.0,52312.176,95.5071,21.3321,47.88,17.1073,0.0
aachen,50.7753,6.0839,2026-04-25 12:00:00,2026-05-01 23:59:59,23.15,10.4,0.0,52512.516,141.4636,15.2108,34.2,8.8897,0.5833
paris,48.8566,2.3522,2026-06-14 12:00:00,2026-06-09 23:59:59,20.215,10.715,0.3,50012.25,263.5413,18.5984,37.8,11.5298,1.8333
paris,48.8566,2.3522,2026-06-14 12:00:00,2026-06-10 23:59:59,17.815,12.715,2.4,36509.81,283.4178,16.6575,36.36,9.7504,22.25
paris,48.8566,2.3522,2026-06-14 12:00:00,2026-06-11 23:59:59,18.515,10.115,0.0,29899.295,259.9624,14.9736,31.32,10.3559,3.75
paris,48.8566,2.3522,2026-06-14 12:00:00,2026-06-12 23:59:59,25.465,16.665,0.0,36725.156,266.5843,17.3399,41.4,14.5268,0.0
paris,48.8566,2.3522,2026-06-14 12:00:00,2026-06-13 23:59:59,28.015,16.265,0.0,50392.797,290.1204,15.0038,32.76,11.9896,0.0
paris,48.8566,2.3522,2026-06-14 12:00:00,2026-06-14 23:59:59,26.215,14.415,0.0,53968.285,331.4876,11.8089,27.0,8.5044,0.0
paris,48.8566,2.3522,2026-06-14 12:00:00,2026-06-15 23:59:59,29.915,15.515,0.0,46800.0,127.8751,9.4701,33.84,7.4892,2.5
paris,48.8566,2.3522,2026-06-14 12:00:00,2026-06-16 23:59:59,28.5495,18.665,0.5,40525.105,300.9472,11.3842,24.12,7.5693,4.1667
paris,48.8566,2.3522,2026-06-14 12:00:00,2026-06-17 23:59:59,33.4495,17.4995,0.0,56968.484,253.7676,12.24,30.96,6.6223,0.0
paris,48.8566,2.3522,2026-06-14 12:00:00,2026-06-18 23:59:59,30.7495,19.0495,0.3,41361.613,342.3348,11.5256,27.72,4.5618,2.5833
paris,48.8566,2.3522,2026-06-14 12:00:00,2026-06-19 23:59:59,34.1995,21.9495,4.8,57053.586,218.8052,9.2556,27.0,6.1065,2.6458
paris,48.8566,2.3522,2026-06-14 12:00:00,2026-06-20 23:59:59,29.7495,19.7995,16.5,44094.47,264.8662,9.1782,32.04,6.2107,21.8333
paris,48.8566,2.3522,2026-06-14 12:00:00,2026-06-21 23:59:59,31.55,20.4495,0.0,54106.04,36.5711,10.9667,30.96,8.6423,12.7812
paris,48.8566,2.3522,2026-06-14 12:00:00,2026-06-22 23:59:59,34.2,21.3,0.0,57119.938,38.2076,11.4876,31.68,8.2029,4.6667
paris,48.8566,2.3522,2026-06-14 12:00:00,2026-06-23 23:59:59,34.25,22.6,0.0,57128.56,29.6751,12.2678,33.12,8.4686,8.5417
paris,48.8566,2.3522,2026-06-14 12:00:00,2026-06-24 23:59:59,32.25,22.75,0.0,57134.477,47.386,15.0534,37.8,9.9854,5.3333
paris,48.8566,2.3522,2026-06-14 12:00:00,2026-06-25 23:59:59,31.25,21.05,0.0,57137.62,57.7412,16.6867,42.12,13.7767,6.4583
paris,48.8566,2.3522,2026-06-14 12:00:00,2026-06-26 23:59:59,37.2,21.8,0.0,57137.94,90.4976,12.8015,41.76,9.4062,6.9167
paris,48.8566,2.3522,2026-06-14 12:00:00,2026-06-27 23:59:59,28.85,22.2,1.8,57135.375,271.6401,12.5355,39.24,7.5501,7.2917
berlin,52.52,13.405,2026-05-21 12:00:00,2026-05-21 23:59:59,20.152,11.702,1.2,40882.09,279.4268,12.682,37.08,8.2306,0.7917
berlin,52.52,13.405,2026-05-21 12:00:00,2026-05-22 23:59:59,23.052,14.052,0.0,39359.84,296.732,10.009,25.92,5.5678,0.0
berlin,52.52,13.405,2026-05-21 12:00:00,2026-05-23 23:59:59,27.789,14.639,0.0,51444.656,176.8462,6.6185,19.08,4.4092,0.0
berlin,52.52,13.405,2026-05-21 12:00:00,2026-05-24 23:59:59,29.589,18.689,0.0,55462.223,310.7635,11.3042,30.6,5.9055,0.0
berlin,52.52,13.405,2026-05-21 12:00:00,2026-05-25 23:59:59,27.939,17.139,0.0,57373.434,345.9116,7.1458,20.52,4.7898,0.0
berlin,52.52,13.405,2026-05-21 12:00:00,2026-05-26 23:59:59,27.176,17.776,0.0,57439.652,313.8233,14.7732,39.96,8.1222,0.0
berlin,52.52,13.405,2026-05-21 12:00:00,2026-05-27 23:59:59,25.026,15.526,0.0,57503.4,314.2321,13.7462,36.36,8.1021,1.625
valencia,39.4699,-0.3763,2026-05-05 12:00:00,2026-05-05 23:59:59,25.2325,15.8825,0.0,43567.895,58.3758,22.7712,47.16,8.0986,0.625
valencia,39.4699,-0.3763,2026-05-05 12:00:00,2026-05-06 23:59:59,20.6825,13.4325,0.0,45491.652,111.8966,17.0725,39.24,8.6187,1.75
valencia,39.4699,-0.3763,2026-05-05 12:00:00,2026-05-07 23:59:59,20.8825,13.6325,0.0,47410.445,74.2053,14.418,32.04,6.8571,9.25
valencia,39.4699,-0.3763,2026-05-05 12:00:00,2026-05-08 23:59:59,21.4325,14.6325,0.1,35836.418,99.4063,18.2786,39.96,8.2569,8.9583
valencia,39.4699,-0.3763,2026-05-05 12:00:00,2026-05-09 23:59:59,18.2325,16.0825,13.5,6808.1772,54.7924,15.6962,34.92,9.7026,37.2917
valencia,39.4699,-0.3763,2026-05-05 12:00:00,2026-05-10 23:59:59,24.1645,13.6655,0.0,50351.65,254.7364,24.9337,52.56,13.8232,13.6875
valencia,39.4699,-0.3763,2026-05-05 12:00:00,2026-05-11 23:59:59,23.0645,14.6145,0.0,50400.0,266.0207,26.7274,58.32,17.7419,10.25
berlin,52.52,13.405,2026-04-25 12:00:00,2026-04-25 23:59:59,15.602,6.152,0.0,41417.77,285.3556,22.865,49.32,18.207,0.0
berlin,52.52,13.405,2026-04-25 12:00:00,2026-04-26 23:59:59,13.502,4.202,0.0,47961.863,326.2858,20.6836,47.16,11.4412,0.0
berlin,52.52,13.405,2026-04-25 12:00:00,2026-04-27 23:59:59,16.439,6.139,0.0,49296.168,265.7894,6.3792,17.28,4.3402,0.0
berlin,52.52,13.405,2026-04-25 12:00:00,2026-04-28 23:59:59,16.289,6.839,0.0,41603.164,61.3372,11.967,30.96,9.2891,0.0
berlin,52.52,13.405,2026-04-25 12:00:00,2026-04-29 23:59:59,15.289,5.639,0.0,51711.207,72.4629,10.1823,26.64,7.9223,0.0
berlin,52.52,13.405,2026-04-25 12:00:00,2026-04-30 23:59:59,18.376,6.976,0.0,52020.754,11.6186,5.5887,16.2,3.3232,0.0
berlin,52.52,13.405,2026-04-25 12:00:00,2026-05-01 23:59:59,21.126,9.276,0.0,52335.06,101.9761,8.8255,25.56,6.1009,0.4167
valencia,39.4699,-0.3763,2026-04-19 12:00:00,2026-04-19 23:59:59,23.2325,13.0325,0.0,45202.727,75.6321,12.4291,30.96,6.0258,0.0
valencia,39.4699,-0.3763,2026-04-19 12:00:00,2026-04-20 23:59:59,24.8325,13.5825,0.0,44147.44,71.565,14.7644,35.64,6.8452,0.0
valencia,39.4699,-0.3763,2026-04-19 12:00:00,2026-04-21 23:59:59,21.8325,13.8825,0.0,43251.832,62.7057,12.6462,31.68,6.1892,0.0
valencia,39.4699,-0.3763,2026-04-19 12:00:00,2026-04-22 23:59:59,22.2825,13.4825,0.0,44169.59,92.6025,11.2121,30.6,4.9153,0.0
valencia,39.4699,-0.3763,2026-04-19 12:00:00,2026-04-23 23:59:59,19.8825,15.0325,0.0,46248.973,53.7722,15.8768,38.16,9.439,0.8333
valencia,39.4699,-0.3763,2026-04-19 12:00:00,2026-04-24 23:59:59,22.0645,13.2145,0.0,46350.895,102.0556,15.3792,36.36,6.0847,3.7917
valencia,39.4699,-0.3763,2026-04-19 12:00:00,2026-04-25 23:59:59,22.3645,11.5645,0.0,45879.473,95.9552,15.6838,38.52,6.5811,8.875
aachen,50.7753,6.0839,2026-06-16 12:00:00,2026-06-14 23:59:59,18.876,12.376,0.2,24314.033,281.1761,16.56,36.0,12.765,20.125
aachen,50.7753,6.0839,2026-06-16 12:00:00,2026-06-15 23:59:59,20.876,10.276,0.0,37617.168,268.0369,12.6,25.56,8.265,2.5833
aachen,50.7753,6.0839,2026-06-16 12:00:00,2026-06-16 23:59:59,25.926,15.826,0.0,39504.94,245.101,18.0,36.0,10.41,20.0
aachen,50.7753,6.0839,2026-06-16 12:00:00,2026-06-17 23:59:59,26.926,16.726,0.0,41706.258,252.2077,13.32,29.16,8.685,2.625
aachen,50.7753,6.0839,2026-06-16 12:00:00,2026-06-18 23:59:59,33.426,19.826,1.8,52416.805,207.077,7.92,80.28,6.165,0.7917
aachen,50.7753,6.0839,2026-06-16 12:00:00,2026-06-19 23:59:59,31.95,20.6,7.8,50054.895,159.6343,15.3,49.32,9.8905,27.7083
aachen,50.7753,6.0839,2026-06-16 12:00:00,2026-06-20 23:59:59,30.3,20.15,1.5,57194.207,184.8625,15.1296,31.32,7.1275,13.5417
aachen,50.7753,6.0839,2026-06-16 12:00:00,2026-06-21 23:59:59,32.75,18.35,0.0,58548.938,94.6798,13.072,27.36,6.422,6.1667
aachen,50.7753,6.0839,2026-06-16 12:00:00,2026-06-22 23:59:59,32.9,23.3,1.8,58604.547,133.46,17.4683,59.04,9.2304,6.125
aachen,50.7753,6.0839,2026-06-16 12:00:00,2026-06-23 23:59:59,22.3,16.4,8.4,57675.938,280.4515,18.8614,55.08,14.9949,20.7083
aachen,50.7753,6.0839,2026-06-16 12:00:00,2026-06-24 23:59:59,21.55,14.2,0.6,48279.594,297.8475,9.224,40.32,7.4118,9.5833
aachen,50.7753,6.0839,2026-06-16 12:00:00,2026-06-25 23:59:59,24.15,15.25,0.0,58560.55,2.5637,9.0878,25.92,6.1403,4.9167
aachen,50.7753,6.0839,2026-06-16 12:00:00,2026-06-26 23:59:59,25.05,16.1,0.0,57714.67,41.0118,8.2976,27.0,5.573,10.7083
aachen,50.7753,6.0839,2026-06-16 12:00:00,2026-06-27 23:59:59,30.1,18.25,0.0,58503.707,86.0859,9.5654,24.84,7.5394,9.875
aachen,50.7753,6.0839,2026-06-16 12:00:00,2026-06-28 23:59:59,32.6,22.7,0.0,58467.09,258.793,21.2102,46.44,14.642,4.4583
aachen,50.7753,6.0839,2026-06-16 12:00:00,2026-06-29 23:59:59,23.1,15.0,0.0,53246.312,2.9027,16.0119,46.44,12.1582,13.3333
valencia,39.4699,-0.3763,2026-06-16 12:00:00,2026-06-11 23:59:59,25.2325,19.1825,0.0,50400.0,99.2254,15.0771,35.64,7.4075,0.0
valencia,39.4699,-0.3763,2026-06-16 12:00:00,2026-06-12 23:59:59,27.1825,18.7825,0.0,50400.0,126.5837,14.5121,34.92,6.3623,0.0
valencia,39.4699,-0.3763,2026-06-16 12:00:00,2026-06-13 23:59:59,31.0825,18.3325,0.0,44675.36,138.3666,12.1816,30.6,5.8824,0.0
valencia,39.4699,-0.3763,2026-06-16 12:00:00,2026-06-14 23:59:59,30.4825,19.9825,0.0,47926.51,131.3254,15.63,38.52,7.0148,0.0
valencia,39.4699,-0.3763,2026-06-16 12:00:00,2026-06-15 23:59:59,29.6325,20.0325,0.0,50400.0,101.3551,13.8495,34.56,6.3157,0.0
valencia,39.4699,-0.3763,2026-06-16 12:00:00,2026-06-16 23:59:59,29.8825,19.2325,0.0,50400.0,110.7198,12.6411,32.4,5.9807,0.0
valencia,39.4699,-0.3763,2026-06-16 12:00:00,2026-06-17 23:59:59,30.8825,19.7825,0.0,50400.0,102.2005,12.1816,31.32,5.5455,0.125
valencia,39.4699,-0.3763,2026-06-16 12:00:00,2026-06-18 23:59:59,28.4825,20.8325,0.3,41133.023,66.6979,13.3394,34.2,6.4093,6.4583
valencia,39.4699,-0.3763,2026-06-16 12:00:00,2026-06-19 23:59:59,28.9825,21.0825,0.0,46563.18,66.3599,14.6188,36.72,6.8831,0.4167
valencia,39.4699,-0.3763,2026-06-16 12:00:00,2026-06-20 23:59:59,28.9325,21.6825,0.0,51710.242,63.8811,16.18,39.24,7.577,0.0
valencia,39.4699,-0.3763,2026-06-16 12:00:00,2026-06-21 23:59:59,30.8645,21.9325,0.0,51709.53,81.4641,14.7995,35.64,6.8812,0.0
valencia,39.4699,-0.3763,2026-06-16 12:00:00,2026-06-22 23:59:59,31.9145,21.1645,0.0,51710.42,100.0079,15.1243,36.72,6.2196,0.0
valencia,39.4699,-0.3763,2026-06-16 12:00:00,2026-06-23 23:59:59,35.0645,20.9145,0.0,52054.484,117.4314,12.8646,32.76,5.6272,1.625
valencia,39.4699,-0.3763,2026-06-16 12:00:00,2026-06-24 23:59:59,30.85,24.0,0.0,52491.137,109.5395,11.465,36.72,5.3048,0.5312
valencia,39.4699,-0.3763,2026-06-16 12:00:00,2026-06-25 23:59:59,31.75,24.45,0.0,52164.2,88.4199,12.2955,38.16,5.7719,0.0
valencia,39.4699,-0.3763,2026-06-16 12:00:00,2026-06-26 23:59:59,32.7,25.45,0.0,52178.582,81.8206,11.0286,36.36,5.4915,1.125
valencia,39.4699,-0.3763,2026-06-16 12:00:00,2026-06-27 23:59:59,33.05,26.0,0.0,52191.508,85.5509,12.6385,38.16,6.7098,2.3333
valencia,39.4699,-0.3763,2026-06-16 12:00:00,2026-06-28 23:59:59,31.45,25.75,0.0,52202.9,73.0724,13.2027,40.32,6.9277,0.625
valencia,39.4699,-0.3763,2026-06-16 12:00:00,2026-06-29 23:59:59,34.0,24.75,0.0,52212.57,126.2708,9.4187,34.56,5.2747,2.375
amsterdam,52.3676,4.9041,2026-06-14 12:00:00,2026-06-09 23:59:59,17.4565,13.4065,0.8,41753.555,249.5861,28.08,51.84,16.26,78.3333
amsterdam,52.3676,4.9041,2026-06-14 12:00:00,2026-06-14 23:59:59,17.8565,14.1065,2.2,41339.223,298.1653,20.88,41.04,18.165,11.625
amsterdam,52.3676,4.9041,2026-06-14 12:00:00,2026-06-15 23:59:59,18.8065,13.8565,0.2,34330.64,312.4693,17.64,34.92,13.635,0.75
amsterdam,52.3676,4.9041,2026-06-14 12:00:00,2026-06-16 23:59:59,22.7565,13.9065,0.0,41408.36,58.053,15.84,34.92,12.9,5.0
amsterdam,52.3676,4.9041,2026-06-14 12:00:00,2026-06-17 23:59:59,23.35,13.2,1.1,56885.023,220.7921,14.914,36.0,8.8216,9.2083
amsterdam,52.3676,4.9041,2026-06-14 12:00:00,2026-06-18 23:59:59,24.5,15.85,0.0,59625.445,243.6482,9.1959,25.2,6.8761,0.0
amsterdam,52.3676,4.9041,2026-06-14 12:00:00,2026-06-19 23:59:59,30.2,19.4,10.2,39613.94,139.6355,9.606,37.8,6.1079,16.5
amsterdam,52.3676,4.9041,2026-06-14 12:00:00,2026-06-20 23:59:59,25.25,18.7,0.0,59647.73,264.6661,10.0945,30.6,7.8913,12.125
amsterdam,52.3676,4.9041,2026-06-14 12:00:00,2026-06-21 23:59:59,22.55,16.6,0.0,59649.844,44.1026,12.852,31.68,8.4859,8.5417
amsterdam,52.3676,4.9041,2026-06-14 12:00:00,2026-06-22 23:59:59,21.55,14.85,0.0,59645.926,62.7458,14.1389,33.48,11.4844,5.4583
amsterdam,52.3676,4.9041,2026-06-14 12:00:00,2026-06-23 23:59:59,24.45,13.75,0.0,59636.008,59.3615,9.0449,33.12,6.043,11.0417
amsterdam,52.3676,4.9041,2026-06-14 12:00:00,2026-06-24 23:59:59,25.3,16.25,0.0,59620.086,0.7979,12.9962,33.12,8.7699,9.5417
amsterdam,52.3676,4.9041,2026-06-14 12:00:00,2026-06-25 23:59:59,21.3,14.75,0.0,59598.18,58.3296,16.6244,39.24,12.7286,7.0417
amsterdam,52.3676,4.9041,2026-06-14 12:00:00,2026-06-26 23:59:59,25.6,14.0,0.0,59570.31,67.4,15.63,39.24,13.32,10.0
amsterdam,52.3676,4.9041,2026-06-14 12:00:00,2026-06-27 23:59:59,29.45,20.15,0.3,59536.496,123.7996,12.7305,36.0,10.6957,9.625
munich,48.1351,11.582,2026-05-21 12:00:00,2026-05-21 23:59:59,18.815,11.965,0.0,35168.82,280.713,9.931,25.2,6.6423,2.2917
munich,48.1351,11.582,2026-05-21 12:00:00,2026-05-22 23:59:59,22.865,10.065,0.0,50890.668,85.2711,12.1016,28.44,6.9217,0.0
munich,48.1351,11.582,2026-05-21 12:00:00,2026-05-23 23:59:59,25.5715,13.5949,0.0,51253.184,84.1048,11.0139,31.32,6.4159,0.0
munich,48.1351,11.582,2026-05-21 12:00:00,2026-05-24 23:59:59,27.3715,15.2215,0.0,53475.92,83.2812,10.7036,29.52,5.7946,0.0
munich,48.1351,11.582,2026-05-21 12:00:00,2026-05-25 23:59:59,29.2215,16.9215,0.0,55366.24,81.7734,9.9049,29.16,4.4403,0.0
munich,48.1351,11.582,2026-05-21 12:00:00,2026-05-26 23:59:59,29.208,14.658,0.0,55484.773,0.1221,10.9667,26.28,5.5838,0.0
munich,48.1351,11.582,2026-05-21 12:00:00,2026-05-27 23:59:59,29.158,17.358,0.0,55600.066,74.5362,13.5324,32.4,7.1131,2.2917
aachen,50.7753,6.0839,2026-05-01 12:00:00,2026-05-01 23:59:59,24.826,10.976,0.0,47759.35,127.808,15.48,33.12,11.4,0.0
aachen,50.7753,6.0839,2026-05-01 12:00:00,2026-05-02 23:59:59,25.976,14.726,0.0,44004.867,193.7176,15.84,34.56,10.095,22.8333
aachen,50.7753,6.0839,2026-05-01 12:00:00,2026-05-03 23:59:59,19.376,14.45,0.1,7840.2705,204.3894,16.9563,41.4,14.0476,22.375
aachen,50.7753,6.0839,2026-05-01 12:00:00,2026-05-04 23:59:59,19.85,12.3,6.3,34815.367,229.1344,15.4863,33.48,10.2351,34.9167
aachen,50.7753,6.0839,2026-05-01 12:00:00,2026-05-05 23:59:59,12.7,9.5,11.4,0.0,346.6117,12.6462,29.16,7.8331,27.375
aachen,50.7753,6.0839,2026-05-01 12:00:00,2026-05-06 23:59:59,12.05,6.65,0.3,39434.543,350.7103,13.7674,33.84,10.3196,22.1667
aachen,50.7753,6.0839,2026-05-01 12:00:00,2026-05-07 23:59:59,14.2,7.5,2.4,41916.75,99.4708,10.7715,26.64,8.3137,13.9167
london,51.5074,-0.1278,2026-06-01 12:00:00,2026-06-01 23:59:59,21.641,14.441,3.2,33265.035,226.5647,19.44,42.48,13.095,11.125
london,51.5074,-0.1278,2026-06-01 12:00:00,2026-06-02 23:59:59,19.491,15.091,19.2,39218.51,232.6009,24.84,49.68,13.185,87.875
london,51.5074,-0.1278,2026-06-01 12:00:00,2026-06-03 23:59:59,19.4545,14.0386,2.625,21600.0,231.162,27.36,55.44,18.1913,28.25
london,51.5074,-0.1278,2026-06-01 12:00:00,2026-06-04 23:59:59,17.2045,12.3045,6.9,54000.0,230.5514,26.64,55.08,22.68,47.25
london,51.5074,-0.1278,2026-06-01 12:00:00,2026-06-05 23:59:59,17.0545,11.5045,0.4,56737.87,247.1022,21.96,45.0,19.35,24.125
london,51.5074,-0.1278,2026-06-01 12:00:00,2026-06-06 23:59:59,19.8545,12.1045,0.3,18873.324,225.6619,28.8,57.6,20.34,21.375
london,51.5074,-0.1278,2026-06-01 12:00:00,2026-06-07 23:59:59,19.5,11.7045,0.0,49488.887,240.1914,12.24,30.6,8.9052,15.125
munich,48.1351,11.582,2026-05-12 12:00:00,2026-05-12 23:59:59,9.865,3.765,4.6,36541.062,279.8631,24.6067,54.0,14.6337,30.6667
munich,48.1351,11.582,2026-05-12 12:00:00,2026-05-13 23:59:59,13.465,4.265,0.1,30848.777,257.338,16.2997,41.4,9.8789,2.375
munich,48.1351,11.582,2026-05-12 12:00:00,2026-05-14 23:59:59,12.8215,7.3215,1.3,2643.5212,235.6272,13.9799,38.88,9.5448,29.625
munich,48.1351,11.582,2026-05-12 12:00:00,2026-05-15 23:59:59,14.5215,3.9215,0.3,48323.74,75.9637,10.2963,26.28,5.8589,29.5417
munich,48.1351,11.582,2026-05-12 12:00:00,2026-05-16 23:59:59,9.1215,4.9715,43.8,0.0,295.7642,14.3369,38.16,8.8848,70.0833
munich,48.1351,11.582,2026-05-12 12:00:00,2026-05-17 23:59:59,11.308,5.858,1.5,26646.66,279.3147,13.3906,35.28,10.6889,12.3958
munich,48.1351,11.582,2026-05-12 12:00:00,2026-05-18 23:59:59,14.008,1.808,0.0,45616.855,25.5296,6.2974,15.84,4.4896,4.6667
prag,50.0755,14.4378,2026-06-15 12:00:00,2026-06-10 23:59:59,15.9485,12.1985,2.0,0.0,178.9312,10.83,26.28,4.8698,47.5
prag,50.0755,14.4378,2026-06-15 12:00:00,2026-06-11 23:59:59,16.5485,10.8985,5.7,33014.695,260.6212,13.6847,36.72,8.9544,60.5833
prag,50.0755,14.4378,2026-06-15 12:00:00,2026-06-12 23:59:59,15.8485,9.7985,4.7,1311.7762,216.4042,13.2468,28.8,9.2934,33.5
prag,50.0755,14.4378,2026-06-15 12:00:00,2026-06-13 23:59:59,23.8485,15.0485,1.1,42333.543,267.5495,18.7096,43.2,11.9375,18.625
prag,50.0755,14.4378,2026-06-15 12:00:00,2026-06-14 23:59:59,17.8985,13.6985,0.0,23354.318,279.4354,17.1634,39.24,11.1958,0.4583
prag,50.0755,14.4378,2026-06-15 12:00:00,2026-06-15 23:59:59,19.3985,12.5485,0.0,35082.594,277.1816,18.7096,40.68,12.0736,0.25
prag,50.0755,14.4378,2026-06-15 12:00:00,2026-06-16 23:59:59,22.4985,11.4985,0.7,28332.766,229.5712,18.3317,38.16,9.1484,11.125
prag,50.0755,14.4378,2026-06-15 12:00:00,2026-06-17 23:59:59,22.446,14.296,0.3,26637.062,286.0479,8.7147,24.48,5.7435,5.4583
prag,50.0755,14.4378,2026-06-15 12:00:00,2026-06-18 23:59:59,28.246,16.496,0.0,53112.6,281.725,7.9036,23.04,4.5491,1.2083
prag,50.0755,14.4378,2026-06-15 12:00:00,2026-06-19 23:59:59,32.546,18.546,0.0,55026.484,150.7248,5.8604,17.28,2.7438,0.75
prag,50.0755,14.4378,2026-06-15 12:00:00,2026-06-20 23:59:59,28.796,19.846,3.9,27185.656,174.7981,6.2871,27.72,3.8007,14.1146
prag,50.0755,14.4378,2026-06-15 12:00:00,2026-06-21 23:59:59,33.646,19.196,0.0,57600.0,221.5316,6.4096,16.2,3.4801,22.4583
prag,50.0755,14.4378,2026-06-15 12:00:00,2026-06-22 23:59:59,32.797,22.146,0.0,57782.74,91.9829,15.5468,34.2,9.1623,19.5208
prag,50.0755,14.4378,2026-06-15 12:00:00,2026-06-23 23:59:59,32.15,20.0,0.0,57778.254,61.8494,14.9411,37.8,6.9322,11.0833
prag,50.0755,14.4378,2026-06-15 12:00:00,2026-06-24 23:59:59,34.95,22.55,9.0,56824.457,57.5809,10.0704,43.2,6.5287,7.0417
prag,50.0755,14.4378,2026-06-15 12:00:00,2026-06-25 23:59:59,23.85,18.55,3.0,44760.652,331.3279,15.1564,43.2,12.0048,5.4583
prag,50.0755,14.4378,2026-06-15 12:00:00,2026-06-26 23:59:59,25.5,15.9,0.0,57733.918,6.5633,12.2836,36.36,6.3061,4.0
prag,50.0755,14.4378,2026-06-15 12:00:00,2026-06-27 23:59:59,30.6,18.4,0.0,57708.45,136.8045,9.36,29.16,5.0665,4.2917
prag,50.0755,14.4378,2026-06-15 12:00:00,2026-06-28 23:59:59,24.5,18.75,6.0,57682.5,315.4233,17.6822,50.76,12.311,11.4167
aachen,50.7753,6.0839,2026-04-22 12:00:00,2026-04-22 23:59:59,17.176,4.376,0.0,46800.0,83.6268,15.84,34.92,8.79,0.0
aachen,50.7753,6.0839,2026-04-22 12:00:00,2026-04-23 23:59:59,19.076,6.926,0.0,46800.0,13.5908,12.6,28.08,7.065,0.0
aachen,50.7753,6.0839,2026-04-22 12:00:00,2026-04-24 23:59:59,19.376,5.626,0.0,42340.5,14.4434,9.72,24.12,6.5541,0.0
aachen,50.7753,6.0839,2026-04-22 12:00:00,2026-04-25 23:59:59,15.95,4.9,0.0,40504.23,350.7175,10.454,22.32,4.8469,0.0
aachen,50.7753,6.0839,2026-04-22 12:00:00,2026-04-26 23:59:59,13.45,4.85,0.0,51486.348,49.8395,10.9667,30.6,9.2229,0.0
aachen,50.7753,6.0839,2026-04-22 12:00:00,2026-04-27 23:59:59,16.0,4.35,0.0,38473.36,43.3588,11.5999,30.6,7.6413,0.3333
aachen,50.7753,6.0839,2026-04-22 12:00:00,2026-04-28 23:59:59,10.8,4.8,0.0,46075.016,21.5378,12.5032,37.08,9.9449,0.0
munich,48.1351,11.582,2026-06-07 12:00:00,2026-06-02 23:59:59,25.915,12.365,2.1,32657.957,200.7341,21.6479,53.28,8.1076,15.4167
munich,48.1351,11.582,2026-06-07 12:00:00,2026-06-03 23:59:59,16.915,13.165,8.2,21529.86,248.8906,14.04,41.4,10.4835,43.5
munich,48.1351,11.582,2026-06-07 12:00:00,2026-06-04 23:59:59,24.115,11.265,3.7,37892.047,236.8728,16.8625,53.64,7.542,16.9167
munich,48.1351,11.582,2026-06-07 12:00:00,2026-06-05 23:59:59,18.465,10.715,9.3,31427.254,244.7737,13.9799,35.64,9.0462,38.2917
munich,48.1351,11.582,2026-06-07 12:00:00,2026-06-06 23:59:59,23.015,9.965,0.0,51461.906,219.8055,12.1016,28.8,6.6524,2.5
munich,48.1351,11.582,2026-06-07 12:00:00,2026-06-07 23:59:59,23.415,15.965,0.0,44596.348,275.1697,11.2121,30.96,7.5837,0.4583
munich,48.1351,11.582,2026-06-07 12:00:00,2026-06-08 23:59:59,27.415,13.765,0.1,44085.38,284.8503,17.5959,40.68,6.1603,3.4167
munich,48.1351,11.582,2026-06-07 12:00:00,2026-06-09 23:59:59,17.965,12.6215,16.525,0.0,259.854,14.9042,37.44,7.0696,76.0
munich,48.1351,11.582,2026-06-07 12:00:00,2026-06-10 23:59:59,14.0215,10.7215,13.8,8135.954,223.2961,9.7267,26.64,5.4928,63.5833
munich,48.1351,11.582,2026-06-07 12:00:00,2026-06-11 23:59:59,19.8215,8.7215,0.3,49708.676,254.82,9.4221,28.8,6.3177,14.375
munich,48.1351,11.582,2026-06-07 12:00:00,2026-06-12 23:59:59,16.0806,12.6215,8.7,1089.3348,246.5093,20.733,51.93,13.0757,39.9271
munich,48.1351,11.582,2026-06-07 12:00:00,2026-06-13 23:59:59,17.258,11.008,0.3,35766.688,268.623,18.1613,42.48,12.8659,28.2083
munich,48.1351,11.582,2026-06-07 12:00:00,2026-06-14 23:59:59,17.208,10.758,0.0,33194.64,280.7304,18.8476,43.92,11.2759,24.7083
munich,48.1351,11.582,2026-06-07 12:00:00,2026-06-15 23:59:59,25.45,12.031,0.0,56583.094,51.376,7.3094,27.0,4.6296,20.6458
munich,48.1351,11.582,2026-06-07 12:00:00,2026-06-16 23:59:59,28.85,15.65,0.0,56571.367,87.64,6.8919,25.92,4.8858,10.8333
munich,48.1351,11.582,2026-06-07 12:00:00,2026-06-17 23:59:59,31.1,18.35,0.0,56557.77,252.417,12.1816,28.08,7.3644,12.6667
munich,48.1351,11.582,2026-06-07 12:00:00,2026-06-18 23:59:59,30.55,20.6,0.6,56542.94,300.8422,7.5942,30.6,5.5196,14.0
munich,48.1351,11.582,2026-06-07 12:00:00,2026-06-19 23:59:59,30.6,19.8,0.0,56526.375,59.4643,9.4221,33.84,5.573,18.9583
munich,48.1351,11.582,2026-06-07 12:00:00,2026-06-20 23:59:59,32.7,19.75,0.0,56508.535,51.1322,7.1684,25.2,4.2412,18.5
valencia,39.4699,-0.3763,2026-05-01 12:00:00,2026-05-01 23:59:59,19.8825,17.4825,2.8,15313.15,38.6224,13.9799,31.68,8.6371,22.7083
valencia,39.4699,-0.3763,2026-05-01 12:00:00,2026-05-02 23:59:59,20.9325,17.0325,0.7,18045.697,81.9107,15.946,36.36,7.9141,24.4583
valencia,39.4699,-0.3763,2026-05-01 12:00:00,2026-05-03 23:59:59,21.4325,17.5325,0.5,29103.994,80.8239,13.8495,32.04,6.3501,16.8333
valencia,39.4699,-0.3763,2026-05-01 12:00:00,2026-05-04 23:59:59,24.6325,16.4825,3.2,44256.785,211.0052,12.0748,37.44,6.1978,8.5833
valencia,39.4699,-0.3763,2026-05-01 12:00:00,2026-05-05 23:59:59,26.6325,15.0325,0.0,49907.09,301.8941,23.689,50.76,9.6464,5.9583
valencia,39.4699,-0.3763,2026-05-01 12:00:00,2026-05-06 23:59:59,23.0645,12.5645,0.0,50032.008,116.1472,19.7705,43.2,8.246,9.5417
valencia,39.4699,-0.3763,2026-05-01 12:00:00,2026-05-07 23:59:59,20.9645,14.9145,0.9,13188.704,60.8142,11.9018,27.0,6.5721,27.1667
valencia,39.4699,-0.3763,2026-06-14 12:00:00,2026-06-09 23:59:59,26.4325,20.7825,0.0,47154.906,64.2239,15.1884,37.8,8.899,0.0
valencia,39.4699,-0.3763,2026-06-14 12:00:00,2026-06-10 23:59:59,24.2825,21.1325,0.0,34524.32,68.4027,14.3323,34.56,9.9072,0.0
valencia,39.4699,-0.3763,2026-06-14 12:00:00,2026-06-14 23:59:59,30.4825,19.9825,0.0,46351.94,125.7131,15.4967,38.16,7.3456,0.0
valencia,39.4699,-0.3763,2026-06-14 12:00:00,2026-06-15 23:59:59,27.9325,20.3325,0.0,45683.53,88.5634,13.0049,33.12,5.9488,0.125
valencia,39.4699,-0.3763,2026-06-14 12:00:00,2026-06-16 23:59:59,28.5325,19.1825,0.0,49695.086,102.8244,12.1443,31.32,5.668,0.0
valencia,39.4699,-0.3763,2026-06-14 12:00:00,2026-06-17 23:59:59,30.8825,18.5325,0.0,51670.508,91.774,12.5743,32.04,6.2382,0.0
valencia,39.4699,-0.3763,2026-06-14 12:00:00,2026-06-18 23:59:59,25.7825,20.3325,0.6,26302.11,46.2729,9.8853,31.32,4.6775,6.0833
valencia,39.4699,-0.3763,2026-06-14 12:00:00,2026-06-19 23:59:59,30.9645,21.269,0.0,51028.684,88.098,13.0049,33.48,5.549,2.5417
valencia,39.4699,-0.3763,2026-06-14 12:00:00,2026-06-20 23:59:59,29.9645,21.0145,0.0,51010.777,100.9705,14.4718,34.92,6.6688,0.0417
valencia,39.4699,-0.3763,2026-06-14 12:00:00,2026-06-21 23:59:59,30.2286,20.9145,0.0,52091.676,89.4116,14.4404,42.84,6.3774,0.0
valencia,39.4699,-0.3763,2026-06-14 12:00:00,2026-06-22 23:59:59,32.5,23.75,0.0,52455.805,130.001,12.3257,37.44,5.8332,0.0833
valencia,39.4699,-0.3763,2026-06-14 12:00:00,2026-06-23 23:59:59,32.4,24.9,0.0,51268.816,95.9889,12.7495,39.24,5.919,2.9167
valencia,39.4699,-0.3763,2026-06-14 12:00:00,2026-06-24 23:59:59,35.45,25.6,0.0,52491.137,127.8081,14.0377,40.32,7.6302,4.0
valencia,39.4699,-0.3763,2026-06-14 12:00:00,2026-06-25 23:59:59,35.7,26.9,0.0,52164.2,65.9657,15.1596,41.76,8.4758,1.4167
valencia,39.4699,-0.3763,2026-06-14 12:00:00,2026-06-26 23:59:59,33.5,26.5,0.0,52178.582,68.0347,11.7221,39.24,7.358,0.0417
valencia,39.4699,-0.3763,2026-06-14 12:00:00,2026-06-27 23:59:59,31.45,25.25,0.0,52191.508,77.132,11.8977,39.24,7.4694,1.5
munich,48.1351,11.582,2026-05-13 12:00:00,2026-05-13 23:59:59,13.415,4.165,0.0,30545.578,251.9052,20.9574,46.8,11.5811,0.7917
munich,48.1351,11.582,2026-05-13 12:00:00,2026-05-14 23:59:59,12.415,7.315,1.6,6221.2036,255.0316,16.6225,43.56,11.1141,26.375
munich,48.1351,11.582,2026-05-13 12:00:00,2026-05-15 23:59:59,11.9715,5.7791,2.5,18267.666,245.8656,7.2894,20.16,4.924,29.125
munich,48.1351,11.582,2026-05-13 12:00:00,2026-05-16 23:59:59,11.0215,5.8215,4.8,20904.455,291.4906,9.3392,28.44,7.004,58.625
munich,48.1351,11.582,2026-05-13 12:00:00,2026-05-17 23:59:59,14.7715,4.2715,0.0,49692.16,259.2157,5.8048,17.28,3.3749,13.625
munich,48.1351,11.582,2026-05-13 12:00:00,2026-05-18 23:59:59,15.658,4.808,0.0,47571.2,266.3523,7.8954,19.08,5.219,6.5729
munich,48.1351,11.582,2026-05-13 12:00:00,2026-05-19 23:59:59,17.108,6.358,0.0,51830.01,268.986,7.6368,18.72,4.8419,12.75
munich,48.1351,11.582,2026-06-11 12:00:00,2026-06-07 23:59:59,23.415,15.965,0.0,43895.555,275.107,11.2121,30.96,7.4643,0.4583
munich,48.1351,11.582,2026-06-11 12:00:00,2026-06-08 23:59:59,27.665,12.665,0.0,46845.348,266.2174,13.2076,41.04,6.2489,2.5417
munich,48.1351,11.582,2026-06-11 12:00:00,2026-06-09 23:59:59,18.665,13.365,5.5,0.0,235.0079,14.3323,36.0,8.8266,72.8333
munich,48.1351,11.582,2026-06-11 12:00:00,2026-06-10 23:59:59,13.465,10.015,22.2,166.2179,300.6185,12.7686,28.8,5.2999,92.9167
munich,48.1351,11.582,2026-06-11 12:00:00,2026-06-11 23:59:59,15.315,9.165,1.8,37219.004,272.0874,16.2639,48.6,10.3522,35.875
munich,48.1351,11.582,2026-06-11 12:00:00,2026-06-12 23:59:59,14.215,10.915,7.1,0.0,248.5925,16.7003,37.08,11.5935,57.2083
munich,48.1351,11.582,2026-06-11 12:00:00,2026-06-13 23:59:59,23.8715,14.615,0.8,47605.383,264.9907,18.7338,50.76,13.7508,6.2083
munich,48.1351,11.582,2026-06-11 12:00:00,2026-06-14 23:59:59,21.6715,13.2215,0.0,56439.734,289.183,16.2679,46.44,9.5163,0.875
munich,48.1351,11.582,2026-06-11 12:00:00,2026-06-15 23:59:59,19.5715,11.7715,0.0,48356.0,300.3275,12.1816,34.56,7.2192,3.5
munich,48.1351,11.582,2026-06-11 12:00:00,2026-06-16 23:59:59,23.608,11.308,0.0,56459.055,12.0228,7.2,18.36,3.4085,2.9688
munich,48.1351,11.582,2026-06-11 12:00:00,2026-06-17 23:59:59,25.979,13.008,0.0,55792.58,189.9287,6.5694,19.08,4.2803,12.0833
munich,48.1351,11.582,2026-06-11 12:00:00,2026-06-18 23:59:59,28.9,16.35,0.0,56542.94,62.9693,9.0,25.56,6.1107,3.4375
munich,48.1351,11.582,2026-06-11 12:00:00,2026-06-19 23:59:59,31.95,18.65,0.0,56526.375,211.0586,15.8768,38.88,7.5342,7.8333
munich,48.1351,11.582,2026-06-11 12:00:00,2026-06-20 23:59:59,30.15,21.25,0.0,56508.535,235.6975,12.4734,36.36,6.2625,20.375
munich,48.1351,11.582,2026-06-11 12:00:00,2026-06-21 23:59:59,32.45,20.8,0.0,56489.35,183.1657,9.8327,25.92,5.3608,16.7083
munich,48.1351,11.582,2026-06-11 12:00:00,2026-06-22 23:59:59,33.6,21.9,0.3,56469.06,221.3436,11.1091,39.6,6.625,17.2083
munich,48.1351,11.582,2026-06-11 12:00:00,2026-06-23 23:59:59,23.85,17.6,7.8,56447.676,274.1125,11.3685,35.64,8.9376,27.5417
munich,48.1351,11.582,2026-06-11 12:00:00,2026-06-24 23:59:59,23.1,16.75,9.9,55800.523,86.4678,7.6283,27.0,3.5484,26.0
leipzig,51.3397,12.3731,2026-06-15 12:00:00,2026-06-10 23:59:59,20.163,12.463,0.0,36879.395,245.3362,13.237,36.0,7.2673,4.75
leipzig,51.3397,12.3731,2026-06-15 12:00:00,2026-06-11 23:59:59,17.463,11.863,4.9,45423.46,253.9786,11.929,43.56,8.1448,52.6667
leipzig,51.3397,12.3731,2026-06-15 12:00:00,2026-06-12 23:59:59,17.763,11.563,3.1,0.0,224.7926,14.5878,34.92,9.4192,41.5417
leipzig,51.3397,12.3731,2026-06-15 12:00:00,2026-06-13 23:59:59,21.663,15.163,1.5,28083.074,273.0916,18.204,45.72,10.8331,23.5417
leipzig,51.3397,12.3731,2026-06-15 12:00:00,2026-06-14 23:59:59,17.613,12.063,2.0,27586.148,271.2232,19.7082,47.16,12.8492,12.25
leipzig,51.3397,12.3731,2026-06-15 12:00:00,2026-06-15 23:59:59,17.513,11.213,0.0,18539.018,267.2264,21.606,47.16,12.3575,2.25
leipzig,51.3397,12.3731,2026-06-15 12:00:00,2026-06-16 23:59:59,20.763,10.363,2.7,19390.264,218.3634,13.3782,33.48,7.1421,19.7917
leipzig,51.3397,12.3731,2026-06-15 12:00:00,2026-06-17 23:59:59,22.565,14.677,0.1,18636.172,277.0007,8.7072,23.04,5.0116,5.375
leipzig,51.3397,12.3731,2026-06-15 12:00:00,2026-06-18 23:59:59,28.015,17.065,0.0,54737.188,245.7826,8.2093,23.04,4.3482,0.7917
leipzig,51.3397,12.3731,2026-06-15 12:00:00,2026-06-19 23:59:59,32.265,20.365,0.0,39694.066,164.8706,6.7254,24.12,4.3696,4.875
leipzig,51.3397,12.3731,2026-06-15 12:00:00,2026-06-20 23:59:59,32.676,21.476,1.5,48376.688,187.4794,11.7704,34.92,5.385,6.7812
leipzig,51.3397,12.3731,2026-06-15 12:00:00,2026-06-21 23:59:59,34.676,20.626,0.0,50310.855,189.4622,8.7147,22.32,4.561,21.5417
leipzig,51.3397,12.3731,2026-06-15 12:00:00,2026-06-22 23:59:59,29.363,22.55,0.0,58969.27,23.7117,10.3371,49.68,6.7074,13.1354
leipzig,51.3397,12.3731,2026-06-15 12:00:00,2026-06-23 23:59:59,31.45,18.85,0.0,58946.14,98.7686,14.5878,32.04,10.3318,14.75
leipzig,51.3397,12.3731,2026-06-15 12:00:00,2026-06-24 23:59:59,29.45,20.0,9.3,57688.73,243.0644,14.6896,37.8,8.7855,8.375
leipzig,51.3397,12.3731,2026-06-15 12:00:00,2026-06-25 23:59:59,22.2,17.9,0.3,54656.07,316.4951,16.5541,42.12,13.1864,7.9583
leipzig,51.3397,12.3731,2026-06-15 12:00:00,2026-06-26 23:59:59,26.1,15.75,0.0,58883.89,2.1517,8.5741,26.64,4.4291,4.0417
leipzig,51.3397,12.3731,2026-06-15 12:00:00,2026-06-27 23:59:59,31.2,18.95,0.0,58541.14,179.0722,12.2413,29.52,7.802,5.7917
leipzig,51.3397,12.3731,2026-06-15 12:00:00,2026-06-28 23:59:59,25.3,19.4,0.6,55248.625,321.4627,20.3814,49.68,15.9223,12.375
aachen,50.7753,6.0839,2026-05-20 12:00:00,2026-05-20 23:59:59,17.626,13.026,2.3,36216.145,233.6956,19.8,43.2,14.25,63.6667
aachen,50.7753,6.0839,2026-05-20 12:00:00,2026-05-21 23:59:59,21.276,12.176,0.0,53135.625,248.1207,14.04,28.08,9.75,0.125
aachen,50.7753,6.0839,2026-05-20 12:00:00,2026-05-22 23:59:59,27.526,13.976,0.0,54000.0,147.168,8.64,19.44,5.4993,0.0
aachen,50.7753,6.0839,2026-05-20 12:00:00,2026-05-23 23:59:59,25.05,12.65,0.0,54000.0,203.9536,9.1145,16.92,5.3236,1.25
aachen,50.7753,6.0839,2026-05-20 12:00:00,2026-05-24 23:59:59,24.15,15.65,0.0,54890.824,31.9043,9.9571,25.92,6.0723,1.0833
aachen,50.7753,6.0839,2026-05-20 12:00:00,2026-05-25 23:59:59,24.4,14.45,0.0,56233.91,52.8878,10.4725,27.0,8.4151,0.5
aachen,50.7753,6.0839,2026-05-20 12:00:00,2026-05-26 23:59:59,25.15,14.5,0.0,56714.625,53.1434,10.2616,25.56,8.4447,0.9583
london,51.5074,-0.1278,2026-06-14 12:00:00,2026-06-09 23:59:59,18.791,9.841,1.2,50809.504,252.4235,20.16,45.0,15.705,21.25
london,51.5074,-0.1278,2026-06-14 12:00:00,2026-06-10 23:59:59,17.191,10.291,2.3,13056.807,270.6858,16.92,34.92,11.07,40.125
london,51.5074,-0.1278,2026-06-14 12:00:00,2026-06-11 23:59:59,16.341,10.241,7.4,0.0,233.0928,20.88,45.36,12.78,51.5
london,51.5074,-0.1278,2026-06-14 12:00:00,2026-06-12 23:59:59,22.141,15.941,0.0,38992.453,260.4397,22.32,48.96,19.26,10.25
london,51.5074,-0.1278,2026-06-14 12:00:00,2026-06-13 23:59:59,21.541,13.141,0.0,43200.0,280.2546,18.36,39.96,15.525,0.0
london,51.5074,-0.1278,2026-06-14 12:00:00,2026-06-14 23:59:59,21.441,12.891,0.0,54000.0,328.1356,14.4,32.04,9.45,0.0
london,51.5074,-0.1278,2026-06-14 12:00:00,2026-06-15 23:59:59,24.141,13.841,0.7,50190.24,110.6988,16.56,37.08,11.34,10.0
london,51.5074,-0.1278,2026-06-14 12:00:00,2026-06-16 23:59:59,25.1761,16.091,0.0,54000.0,258.8855,17.64,37.08,12.6788,1.5
london,51.5074,-0.1278,2026-06-14 12:00:00,2026-06-17 23:59:59,23.5545,17.1545,0.3,38118.418,222.8765,20.88,43.2,16.65,15.0
london,51.5074,-0.1278,2026-06-14 12:00:00,2026-06-18 23:59:59,26.6045,15.6045,0.0,43200.0,230.5939,14.4,31.68,9.45,0.25
london,51.5074,-0.1278,2026-06-14 12:00:00,2026-06-19 23:59:59,29.5545,19.4045,0.2,57023.375,223.2173,13.68,30.24,5.805,6.25
london,51.5074,-0.1278,2026-06-14 12:00:00,2026-06-20 23:59:59,29.9045,20.5545,1.0,44378.914,239.6314,9.72,23.76,8.4374,7.875
london,51.5074,-0.1278,2026-06-14 12:00:00,2026-06-21 23:59:59,24.15,17.85,0.0,56886.195,75.006,15.6765,41.04,11.9812,7.0
london,51.5074,-0.1278,2026-06-14 12:00:00,2026-06-22 23:59:59,26.7,17.55,0.0,55989.617,81.4248,12.6385,39.6,11.58,10.0
london,51.5074,-0.1278,2026-06-14 12:00:00,2026-06-23 23:59:59,31.8,17.3,0.0,57656.625,351.4392,10.5894,32.76,6.044,8.25
london,51.5074,-0.1278,2026-06-14 12:00:00,2026-06-24 23:59:59,30.0,20.7,0.0,57665.89,47.705,15.2151,42.12,9.0997,4.0
london,51.5074,-0.1278,2026-06-14 12:00:00,2026-06-25 23:59:59,24.85,17.85,0.0,57072.996,77.9649,16.4599,43.92,13.6205,7.0
london,51.5074,-0.1278,2026-06-14 12:00:00,2026-06-26 23:59:59,27.65,17.3,0.0,57708.434,78.155,15.9419,44.64,13.8077,5.875
london,51.5074,-0.1278,2026-06-14 12:00:00,2026-06-27 23:59:59,28.1,20.35,1.8,57546.54,212.8285,18.6246,53.28,12.0536,11.625
london,51.5074,-0.1278,2026-05-20 12:00:00,2026-05-20 23:59:59,18.641,12.791,0.3,15010.878,243.1025,22.68,48.96,18.0,9.2083
london,51.5074,-0.1278,2026-05-20 12:00:00,2026-05-21 23:59:59,22.491,12.591,0.0,35391.17,215.1951,14.76,32.4,10.905,0.0
london,51.5074,-0.1278,2026-05-20 12:00:00,2026-05-22 23:59:59,26.6045,16.491,0.0,56626.93,174.2658,16.92,36.36,11.8538,0.0
london,51.5074,-0.1278,2026-05-20 12:00:00,2026-05-23 23:59:59,26.9545,19.6545,0.0,55656.434,219.0795,11.88,23.76,7.26,3.0417
london,51.5074,-0.1278,2026-05-20 12:00:00,2026-05-24 23:59:59,31.3545,18.9545,0.0,56906.824,155.7755,13.32,29.16,6.99,1.5
london,51.5074,-0.1278,2026-05-20 12:00:00,2026-05-25 23:59:59,29.0545,20.9545,0.0,57047.973,330.1713,18.36,37.8,8.73,0.5
london,51.5074,-0.1278,2026-05-20 12:00:00,2026-05-26 23:59:59,20.6045,13.1545,0.0,57185.6,40.3554,16.56,35.64,12.885,0.625
munich,48.1351,11.582,2026-06-16 12:00:00,2026-06-11 23:59:59,15.465,9.165,2.3,35889.15,269.1199,16.5169,54.72,10.4494,37.375
munich,48.1351,11.582,2026-06-16 12:00:00,2026-06-12 23:59:59,16.415,11.115,5.7,0.0,248.4754,18.7926,42.12,11.957,63.0833
munich,48.1351,11.582,2026-06-16 12:00:00,2026-06-13 23:59:59,25.515,15.715,0.2,48789.8,262.8935,23.76,56.52,17.4656,6.4167
munich,48.1351,11.582,2026-06-16 12:00:00,2026-06-14 23:59:59,21.615,15.565,0.0,49551.65,300.1637,15.1243,39.24,11.6884,1.6667
munich,48.1351,11.582,2026-06-16 12:00:00,2026-06-15 23:59:59,22.215,13.065,0.0,53492.3,299.7075,15.2268,38.88,8.9613,0.0
munich,48.1351,11.582,2026-06-16 12:00:00,2026-06-16 23:59:59,22.665,10.815,0.0,25495.64,241.2643,15.9419,34.2,7.675,5.0833
munich,48.1351,11.582,2026-06-16 12:00:00,2026-06-17 23:59:59,25.565,17.215,1.4,41488.91,279.8802,12.682,29.52,7.8417,4.875
munich,48.1351,11.582,2026-06-16 12:00:00,2026-06-18 23:59:59,31.115,16.665,0.0,53737.06,87.2942,11.2755,22.32,4.6923,0.125
munich,48.1351,11.582,2026-06-16 12:00:00,2026-06-19 23:59:59,32.6715,18.2215,0.1,46800.0,97.8456,8.09,23.4,4.4305,1.625
munich,48.1351,11.582,2026-06-16 12:00:00,2026-06-20 23:59:59,29.8715,19.8715,2.1,47326.73,236.2249,15.1414,38.16,6.2628,26.8333
munich,48.1351,11.582,2026-06-16 12:00:00,2026-06-21 23:59:59,33.358,19.8715,0.3,56408.535,229.6066,6.7638,22.32,4.9112,12.75
munich,48.1351,11.582,2026-06-16 12:00:00,2026-06-22 23:59:59,32.608,19.258,3.3,48576.98,266.6336,13.3928,34.2,6.3322,21.875
munich,48.1351,11.582,2026-06-16 12:00:00,2026-06-23 23:59:59,23.558,19.658,19.2,30787.021,285.8275,9.1074,33.48,5.3651,21.5
munich,48.1351,11.582,2026-06-16 12:00:00,2026-06-24 23:59:59,28.5,19.781,0.15,56848.246,322.146,9.9278,37.08,6.9546,14.8333
munich,48.1351,11.582,2026-06-16 12:00:00,2026-06-25 23:59:59,29.1,19.15,0.0,56824.8,354.5356,10.7398,29.52,6.13,7.7083
munich,48.1351,11.582,2026-06-16 12:00:00,2026-06-26 23:59:59,28.5,19.0,0.0,56377.855,21.2797,8.9964,29.88,5.4025,8.75
munich,48.1351,11.582,2026-06-16 12:00:00,2026-06-27 23:59:59,29.3,20.6,0.0,56353.094,20.6,9.3963,33.84,4.9232,11.875
munich,48.1351,11.582,2026-06-16 12:00:00,2026-06-28 23:59:59,32.0,21.2,0.0,56749.707,59.7013,7.7043,28.8,4.6402,6.625
munich,48.1351,11.582,2026-06-16 12:00:00,2026-06-29 23:59:59,32.5,22.9,0.0,56301.824,304.5638,16.9286,46.08,11.0185,11.625
aachen,50.7753,6.0839,2026-04-21 12:00:00,2026-04-21 23:59:59,14.976,4.976,0.0,46800.0,50.2474,16.56,35.64,10.26,4.4583
aachen,50.7753,6.0839,2026-04-21 12:00:00,2026-04-22 23:59:59,17.226,4.826,0.0,46800.0,81.0233,15.48,34.92,10.155,0.0
aachen,50.7753,6.0839,2026-04-21 12:00:00,2026-04-23 23:59:59,18.976,6.676,0.0,48324.645,46.8421,11.4074,27.54,6.4529,0.0
aachen,50.7753,6.0839,2026-04-21 12:00:00,2026-04-24 23:59:59,16.05,3.05,0.0,49784.105,24.2093,7.8954,21.6,4.9101,0.0
aachen,50.7753,6.0839,2026-04-21 12:00:00,2026-04-25 23:59:59,16.6,4.8,0.0,51274.766,317.1087,12.7686,27.36,7.0429,0.0
aachen,50.7753,6.0839,2026-04-21 12:00:00,2026-04-26 23:59:59,10.1,5.55,0.0,41391.266,26.0961,15.9389,37.08,11.9644,0.5
aachen,50.7753,6.0839,2026-04-21 12:00:00,2026-04-27 23:59:59,12.5,3.8,0.0,51696.07,57.0545,12.7445,33.48,10.2853,0.625
london,51.5074,-0.1278,2026-05-15 12:00:00,2026-05-15 23:59:59,13.741,7.341,0.4,5405.024,314.7686,12.24,27.0,9.84,17.0417
london,51.5074,-0.1278,2026-05-15 12:00:00,2026-05-16 23:59:59,15.441,6.941,0.7,33933.637,265.0088,15.84,34.2,10.395,7.6667
london,51.5074,-0.1278,2026-05-15 12:00:00,2026-05-17 23:59:59,15.6045,10.691,4.475,35751.61,248.5631,16.56,33.12,12.615,41.0417
london,51.5074,-0.1278,2026-05-15 12:00:00,2026-05-18 23:59:59,15.3045,8.8045,1.5,52873.055,226.9802,16.2,33.48,12.585,39.7083
london,51.5074,-0.1278,2026-05-15 12:00:00,2026-05-19 23:59:59,19.1545,11.4045,3.0,31536.094,209.3206,21.96,45.0,17.535,56.5833
london,51.5074,-0.1278,2026-05-15 12:00:00,2026-05-20 23:59:59,20.0545,12.9045,0.0,43750.16,224.962,18.0,38.52,15.24,14.0
london,51.5074,-0.1278,2026-05-15 12:00:00,2026-05-21 23:59:59,19.25,13.2545,0.0,56463.633,209.1605,12.96,26.64,6.8393,1.5417
munich,48.1351,11.582,2026-06-13 12:00:00,2026-06-13 23:59:59,25.515,15.715,0.2,47834.37,262.5325,23.76,56.52,17.5366,6.4167
munich,48.1351,11.582,2026-06-13 12:00:00,2026-06-14 23:59:59,21.665,14.415,0.0,52060.637,297.0222,17.4962,43.56,11.733,1.9167
munich,48.1351,11.582,2026-06-13 12:00:00,2026-06-15 23:59:59,20.7182,12.365,0.0,53715.086,292.7671,15.1884,41.31,7.9511,0.7083
munich,48.1351,11.582,2026-06-13 12:00:00,2026-06-16 23:59:59,21.2215,9.6715,0.0,26056.395,231.0405,8.9059,27.0,5.2469,3.25
munich,48.1351,11.582,2026-06-13 12:00:00,2026-06-17 23:59:59,23.8715,15.7215,1.2,26763.21,253.3878,7.9282,20.16,5.3674,9.0417
munich,48.1351,11.582,2026-06-13 12:00:00,2026-06-18 23:59:59,29.308,15.3715,0.0,56555.78,100.6875,6.2146,15.84,3.9218,0.7083
munich,48.1351,11.582,2026-06-13 12:00:00,2026-06-19 23:59:59,31.558,16.408,0.0,56445.37,105.695,9.2275,22.68,4.8567,0.7917
munich,48.1351,11.582,2026-06-13 12:00:00,2026-06-20 23:59:59,29.758,18.608,1.8,56536.37,209.2426,10.3088,25.56,5.7354,4.6667
munich,48.1351,11.582,2026-06-13 12:00:00,2026-06-21 23:59:59,35.35,21.4685,0.0,56489.35,215.2005,9.9016,24.12,5.0025,8.1146
munich,48.1351,11.582,2026-06-13 12:00:00,2026-06-22 23:59:59,37.05,24.1,0.0,56892.562,239.9315,9.8327,23.4,5.0399,15.1667
munich,48.1351,11.582,2026-06-13 12:00:00,2026-06-23 23:59:59,29.05,20.1,5.1,56447.676,261.4768,13.9102,58.68,9.8657,21.4583
munich,48.1351,11.582,2026-06-13 12:00:00,2026-06-24 23:59:59,25.15,17.8,4.5,56638.7,279.9557,13.8319,40.68,6.8723,19.3333
munich,48.1351,11.582,2026-06-13 12:00:00,2026-06-25 23:59:59,28.7,19.1,1.8,56223.668,249.5129,16.5952,47.16,10.2973,12.7083
munich,48.1351,11.582,2026-06-13 12:00:00,2026-06-26 23:59:59,24.85,18.2,1.2,56241.312,289.3802,17.1341,44.64,12.7597,16.2083
vienna,48.2082,16.3738,2026-06-14 12:00:00,2026-06-09 23:59:59,27.8215,17.1715,11.9,15932.199,285.2416,16.4855,62.28,8.1852,24.4583
vienna,48.2082,16.3738,2026-06-14 12:00:00,2026-06-10 23:59:59,17.7715,13.0215,5.8,0.0,310.4505,15.1756,34.92,10.2184,40.0417
vienna,48.2082,16.3738,2026-06-14 12:00:00,2026-06-11 23:59:59,19.1215,11.5215,5.7,47508.023,287.7195,21.2613,48.6,15.8008,14.3333
vienna,48.2082,16.3738,2026-06-14 12:00:00,2026-06-12 23:59:59,19.3715,11.2215,0.2,34281.156,279.5006,19.9597,45.72,14.7751,19.875
vienna,48.2082,16.3738,2026-06-14 12:00:00,2026-06-13 23:59:59,25.9715,16.4215,3.0,41134.3,277.6771,17.7316,49.32,11.3856,36.2083
vienna,48.2082,16.3738,2026-06-14 12:00:00,2026-06-14 23:59:59,22.0215,17.2215,0.0,47706.418,296.5135,19.8131,47.16,9.1352,4.4583
vienna,48.2082,16.3738,2026-06-14 12:00:00,2026-06-15 23:59:59,23.6215,14.5715,0.0,50767.887,282.3786,19.0834,45.72,10.1944,0.0
vienna,48.2082,16.3738,2026-06-14 12:00:00,2026-06-16 23:59:59,25.28,15.8215,0.0,47804.55,276.0996,14.4404,38.52,9.2874,3.0833
vienna,48.2082,16.3738,2026-06-14 12:00:00,2026-06-17 23:59:59,29.03,18.08,0.3,41374.22,285.2994,12.2876,35.28,6.4959,8.5417
vienna,48.2082,16.3738,2026-06-14 12:00:00,2026-06-18 23:59:59,31.18,17.98,0.0,57087.082,335.6506,7.2359,23.04,4.4494,1.125
vienna,48.2082,16.3738,2026-06-14 12:00:00,2026-06-19 23:59:59,33.963,20.63,0.0,57122.59,138.6478,11.3842,30.6,5.8249,0.3333
vienna,48.2082,16.3738,2026-06-14 12:00:00,2026-06-20 23:59:59,33.863,21.813,0.3,46828.28,230.1022,11.7924,30.96,6.274,5.75
vienna,48.2082,16.3738,2026-06-14 12:00:00,2026-06-21 23:59:59,31.063,23.713,1.05,56556.125,312.1311,12.4135,50.4,9.0927,16.7188
vienna,48.2082,16.3738,2026-06-14 12:00:00,2026-06-22 23:59:59,30.25,22.5,0.6,57114.58,335.3628,11.2985,34.2,9.8774,19.125
vienna,48.2082,16.3738,2026-06-14 12:00:00,2026-06-23 23:59:59,27.7,21.75,1.2,57106.6,299.4959,12.0075,36.36,7.7495,20.5
vienna,48.2082,16.3738,2026-06-14 12:00:00,2026-06-24 23:59:59,31.0,21.65,0.6,57093.734,303.7167,10.8374,39.96,9.3214,17.125
vienna,48.2082,16.3738,2026-06-14 12:00:00,2026-06-25 23:59:59,27.85,20.95,0.0,57075.98,337.0905,12.7508,41.4,11.0488,10.3333
vienna,48.2082,16.3738,2026-06-14 12:00:00,2026-06-26 23:59:59,28.95,19.1,0.0,57053.387,41.7183,11.3343,32.04,5.8439,11.0417
vienna,48.2082,16.3738,2026-06-14 12:00:00,2026-06-27 23:59:59,28.3,20.1,0.0,57025.92,48.6523,10.4369,31.32,8.459,14.625
valencia,39.4699,-0.3763,2026-06-05 12:00:00,2026-06-05 23:59:59,23.9825,20.3325,0.0,13496.253,66.7095,25.2129,58.32,14.1535,6.0833
valencia,39.4699,-0.3763,2026-06-05 12:00:00,2026-06-06 23:59:59,26.2325,20.0825,0.0,38565.203,109.1409,16.4501,39.24,7.2587,0.0
valencia,39.4699,-0.3763,2026-06-05 12:00:00,2026-06-07 23:59:59,26.1325,20.0325,0.0,41300.312,76.7014,13.6989,33.12,7.5533,3.0417
valencia,39.4699,-0.3763,2026-06-05 12:00:00,2026-06-08 23:59:59,26.8325,19.1825,0.0,51095.207,102.168,15.4591,37.08,8.0138,0.0
valencia,39.4699,-0.3763,2026-06-05 12:00:00,2026-06-09 23:59:59,26.2325,21.4825,0.0,45289.184,60.5787,16.216,39.24,10.8065,0.9167
valencia,39.4699,-0.3763,2026-06-05 12:00:00,2026-06-10 23:59:59,26.9645,20.8645,0.0,47506.35,72.4646,17.6547,39.6,8.8876,4.2188
valencia,39.4699,-0.3763,2026-06-05 12:00:00,2026-06-11 23:59:59,24.8645,21.2645,0.0,47841.25,76.6255,16.9238,38.16,11.6471,1.0417
london,51.5074,-0.1278,2026-04-27 12:00:00,2026-04-27 23:59:59,20.641,9.591,1.1,36000.0,35.4898,25.56,55.08,7.695,8.125
london,51.5074,-0.1278,2026-04-27 12:00:00,2026-04-28 23:59:59,16.941,9.191,6.5,32261.498,41.62,24.12,54.36,18.585,17.5833
london,51.5074,-0.1278,2026-04-27 12:00:00,2026-04-29 23:59:59,16.1545,8.591,0.0,50400.0,64.5128,28.8,59.4,21.6862,0.0
london,51.5074,-0.1278,2026-04-27 12:00:00,2026-04-30 23:59:59,16.0045,10.4545,0.0,50712.01,78.7526,24.84,52.92,18.525,0.0417
london,51.5074,-0.1278,2026-04-27 12:00:00,2026-05-01 23:59:59,20.1045,9.7045,0.0,51226.47,93.1615,14.76,33.48,11.19,9.5417
london,51.5074,-0.1278,2026-04-27 12:00:00,2026-05-02 23:59:59,21.9545,10.1545,0.0,35923.945,310.7606,10.44,22.68,5.34,12.9583
london,51.5074,-0.1278,2026-04-27 12:00:00,2026-05-03 23:59:59,18.4045,13.0545,0.6,22971.184,255.1727,13.2627,38.52,9.2657,23.2083
aachen,50.7753,6.0839,2026-05-12 12:00:00,2026-05-12 23:59:59,11.826,4.326,0.6,35185.016,261.1922,17.28,37.8,14.955,33.875
aachen,50.7753,6.0839,2026-05-12 12:00:00,2026-05-13 23:59:59,13.776,7.426,10.1,32559.445,236.7003,24.48,61.2,17.925,64.875
aachen,50.7753,6.0839,2026-05-12 12:00:00,2026-05-14 23:59:59,10.45,3.8,9.625,26686.008,244.6728,20.16,43.2,13.3245,67.5417
aachen,50.7753,6.0839,2026-05-12 12:00:00,2026-05-15 23:59:59,12.35,2.65,1.1,54059.05,323.1735,14.6421,34.92,5.2655,35.4167
aachen,50.7753,6.0839,2026-05-12 12:00:00,2026-05-16 23:59:59,11.45,4.95,0.6,43352.562,267.3949,11.0036,29.16,8.468,33.4583
aachen,50.7753,6.0839,2026-05-12 12:00:00,2026-05-17 23:59:59,14.0,3.65,0.0,54129.65,196.4895,9.0288,19.44,6.0399,10.0417
aachen,50.7753,6.0839,2026-05-12 12:00:00,2026-05-18 23:59:59,14.6,7.25,4.8,32633.5,199.9558,10.4462,29.52,6.2467,17.375
valencia,39.4699,-0.3763,2026-04-16 12:00:00,2026-04-16 23:59:59,22.8825,11.2825,0.0,44490.816,92.7119,13.7791,33.84,6.1558,0.0
valencia,39.4699,-0.3763,2026-04-16 12:00:00,2026-04-17 23:59:59,21.5325,12.1325,0.0,44118.617,69.9368,11.7208,29.16,5.8323,0.0
valencia,39.4699,-0.3763,2026-04-16 12:00:00,2026-04-18 23:59:59,21.5325,12.2825,0.0,43895.11,62.6502,12.6,31.32,6.0411,0.0
valencia,39.4699,-0.3763,2026-04-16 12:00:00,2026-04-19 23:59:59,22.8825,12.2825,0.0,46552.883,79.287,11.632,30.24,5.9753,0.0
valencia,39.4699,-0.3763,2026-04-16 12:00:00,2026-04-20 23:59:59,25.5825,12.5325,0.0,46267.76,75.3581,13.8307,31.68,7.1917,0.125
valencia,39.4699,-0.3763,2026-04-16 12:00:00,2026-04-21 23:59:59,21.9145,13.5645,0.0,45039.746,84.0741,14.4718,34.92,6.5742,1.6354
valencia,39.4699,-0.3763,2026-04-16 12:00:00,2026-04-22 23:59:59,18.7145,14.9145,3.0,43237.613,63.1442,12.4135,29.88,7.6278,7.0417
london,51.5074,-0.1278,2026-04-28 12:00:00,2026-04-28 23:59:59,16.641,9.641,0.3,25200.0,41.1164,22.68,50.76,18.195,5.0833
london,51.5074,-0.1278,2026-04-28 12:00:00,2026-04-29 23:59:59,17.091,9.091,0.0,46800.0,65.8196,27.36,61.56,21.63,0.0
london,51.5074,-0.1278,2026-04-28 12:00:00,2026-04-30 23:59:59,17.9545,11.091,0.0,50400.0,84.6566,19.8,42.84,16.5638,0.0
london,51.5074,-0.1278,2026-04-28 12:00:00,2026-05-01 23:59:59,23.3045,10.2545,0.0,42414.883,124.8579,12.24,27.72,9.015,11.7917
london,51.5074,-0.1278,2026-04-28 12:00:00,2026-05-02 23:59:59,19.8045,14.6045,6.0,50291.83,288.1846,7.92,18.0,4.935,13.4583
london,51.5074,-0.1278,2026-04-28 12:00:00,2026-05-03 23:59:59,16.0545,11.2545,4.8,8622.69,77.619,10.08,20.88,8.37,40.9167
london,51.5074,-0.1278,2026-04-28 12:00:00,2026-05-04 23:59:59,17.0045,11.7045,2.8,26036.096,240.8097,8.28,16.2,4.905,28.9583
valencia,39.4699,-0.3763,2026-05-12 12:00:00,2026-05-12 23:59:59,26.5325,15.5825,0.1,50400.0,270.9263,23.4443,54.0,12.1914,0.3333
valencia,39.4699,-0.3763,2026-05-12 12:00:00,2026-05-13 23:59:59,27.3825,15.5325,0.1,50400.0,285.4931,18.3741,43.92,11.0052,3.125
valencia,39.4699,-0.3763,2026-05-12 12:00:00,2026-05-14 23:59:59,25.6325,14.1325,0.0,50400.0,75.9638,21.0284,46.8,9.0562,0.7083
valencia,39.4699,-0.3763,2026-05-12 12:00:00,2026-05-15 23:59:59,26.7825,14.6825,2.1,48391.605,320.8897,27.258,70.2,11.491,5.5417
valencia,39.4699,-0.3763,2026-05-12 12:00:00,2026-05-16 23:59:59,21.7325,12.2325,0.0,50472.516,256.8658,19.9597,42.48,11.1407,4.5417
valencia,39.4699,-0.3763,2026-05-12 12:00:00,2026-05-17 23:59:59,23.0145,10.3145,0.0,50190.98,94.7035,15.8768,35.64,7.6392,12.0833
valencia,39.4699,-0.3763,2026-05-12 12:00:00,2026-05-18 23:59:59,23.2645,14.6645,0.0,44778.207,74.9655,15.1414,33.48,8.1908,12.875
valencia,39.4699,-0.3763,2026-04-21 12:00:00,2026-04-21 23:59:59,21.1825,12.8825,0.0,44457.07,66.189,11.9018,29.88,6.2219,0.0
valencia,39.4699,-0.3763,2026-04-21 12:00:00,2026-04-22 23:59:59,23.8825,14.0325,0.0,45008.285,93.1798,10.7036,28.08,5.7112,0.25
valencia,39.4699,-0.3763,2026-04-21 12:00:00,2026-04-23 23:59:59,20.2825,16.5825,0.0,41054.71,50.6841,18.5041,44.64,13.9521,0.125
valencia,39.4699,-0.3763,2026-04-21 12:00:00,2026-04-24 23:59:59,21.0825,15.0825,0.0,36355.582,84.6204,10.8539,28.08,6.4401,5.9167
valencia,39.4699,-0.3763,2026-04-21 12:00:00,2026-04-25 23:59:59,22.2825,13.8325,0.0,43257.39,92.9903,13.2761,34.2,6.4231,10.2083
valencia,39.4699,-0.3763,2026-04-21 12:00:00,2026-04-26 23:59:59,23.0145,11.6145,0.0,48246.6,86.4676,13.0398,32.04,5.5538,5.0417
valencia,39.4699,-0.3763,2026-04-21 12:00:00,2026-04-27 23:59:59,23.9145,9.8145,0.0,48100.746,101.8132,12.925,31.68,5.7721,5.8333
aachen,50.7753,6.0839,2026-04-27 12:00:00,2026-04-27 23:59:59,18.826,7.876,0.0,46800.0,51.4678,12.24,24.48,6.675,0.0
aachen,50.7753,6.0839,2026-04-27 12:00:00,2026-04-28 23:59:59,21.076,9.376,0.0,36438.207,54.4662,18.72,38.16,12.48,0.5
aachen,50.7753,6.0839,2026-04-27 12:00:00,2026-04-29 23:59:59,19.676,8.326,0.0,49635.598,77.4037,19.8,43.56,16.1645,0.0
aachen,50.7753,6.0839,2026-04-27 12:00:00,2026-04-30 23:59:59,17.35,6.8,0.0,51980.61,93.1449,23.2374,50.76,19.8731,0.0
aachen,50.7753,6.0839,2026-04-27 12:00:00,2026-05-01 23:59:59,23.9,9.9,0.0,52512.516,130.8002,20.0221,38.52,12.3598,1.0
aachen,50.7753,6.0839,2026-04-27 12:00:00,2026-05-02 23:59:59,22.45,14.55,7.5,45728.625,207.1896,18.0324,36.0,11.7643,16.9167
aachen,50.7753,6.0839,2026-04-27 12:00:00,2026-05-03 23:59:59,16.4,13.7,3.0,39888.117,211.5724,21.0107,46.44,14.9964,41.75
valencia,39.4699,-0.3763,2026-05-21 12:00:00,2026-05-21 23:59:59,26.1325,15.9325,0.0,50400.0,105.0112,12.9049,31.32,5.5089,0.0
valencia,39.4699,-0.3763,2026-05-21 12:00:00,2026-05-22 23:59:59,28.4825,15.6825,0.0,50400.0,117.42,14.5121,33.84,5.6125,0.0
valencia,39.4699,-0.3763,2026-05-21 12:00:00,2026-05-23 23:59:59,27.2825,16.4325,0.0,50400.0,110.4542,13.5276,32.4,5.7768,0.0
valencia,39.4699,-0.3763,2026-05-21 12:00:00,2026-05-24 23:59:59,25.8325,15.9825,0.0,50400.0,94.7389,12.4967,30.6,5.2062,0.0
valencia,39.4699,-0.3763,2026-05-21 12:00:00,2026-05-25 23:59:59,26.9825,16.3825,0.0,41854.344,78.69,12.3244,32.04,6.0109,0.0
valencia,39.4699,-0.3763,2026-05-21 12:00:00,2026-05-26 23:59:59,25.4645,16.1645,0.0,47624.785,81.5562,16.3434,37.44,7.6902,0.0
valencia,39.4699,-0.3763,2026-05-21 12:00:00,2026-05-27 23:59:59,26.8145,15.7645,0.0,50826.95,85.4624,14.8694,34.56,6.9864,0.0
munich,48.1351,11.582,2026-05-17 12:00:00,2026-05-17 23:59:59,14.815,4.365,0.0,44317.367,204.7905,7.6959,20.52,5.0589,0.375
munich,48.1351,11.582,2026-05-17 12:00:00,2026-05-18 23:59:59,17.815,5.715,2.2,42295.69,250.2424,13.8962,34.2,6.5669,15.5
munich,48.1351,11.582,2026-05-17 12:00:00,2026-05-19 23:59:59,16.6715,9.0791,3.0,29173.906,222.4697,8.09,22.32,5.091,37.0417
munich,48.1351,11.582,2026-05-17 12:00:00,2026-05-20 23:59:59,17.3715,10.5215,5.9,29944.67,255.0449,11.2525,39.6,7.747,60.625
munich,48.1351,11.582,2026-05-17 12:00:00,2026-05-21 23:59:59,18.7215,11.3215,0.0,20949.15,260.5114,9.0072,28.8,6.0706,30.9583
munich,48.1351,11.582,2026-05-17 12:00:00,2026-05-22 23:59:59,19.458,12.108,0.15,36204.71,295.6561,11.9886,29.16,6.8523,2.2292
munich,48.1351,11.582,2026-05-17 12:00:00,2026-05-23 23:59:59,19.208,10.208,0.0,54513.996,3.5763,10.4462,25.2,5.2037,3.9583
berlin,52.52,13.405,2026-04-20 12:00:00,2026-04-20 23:59:59,11.502,5.152,11.2,2263.657,341.1699,20.1407,46.44,12.8249,45.625
berlin,52.52,13.405,2026-04-20 12:00:00,2026-04-21 23:59:59,13.852,2.102,0.0,49958.293,29.9179,16.2679,37.8,11.9734,0.0
berlin,52.52,13.405,2026-04-20 12:00:00,2026-04-22 23:59:59,16.589,3.152,0.0,50030.016,322.7393,14.3813,36.0,10.1768,0.0
berlin,52.52,13.405,2026-04-20 12:00:00,2026-04-23 23:59:59,15.639,3.939,0.0,36000.0,302.0373,14.4,36.0,11.6071,0.0
berlin,52.52,13.405,2026-04-20 12:00:00,2026-04-24 23:59:59,12.989,5.539,0.0,25219.232,292.7263,11.1135,28.8,9.4527,0.0
berlin,52.52,13.405,2026-04-20 12:00:00,2026-04-25 23:59:59,11.226,5.676,0.0,43200.0,326.8344,16.9468,41.4,11.3513,8.6042
berlin,52.52,13.405,2026-04-20 12:00:00,2026-04-26 23:59:59,11.926,3.576,0.0,35145.523,325.6381,11.5031,28.8,6.4801,4.7917
amsterdam,52.3676,4.9041,2026-06-16 12:00:00,2026-06-15 23:59:59,18.4065,13.6565,0.1,36000.0,307.1003,17.28,32.4,12.345,1.8333
amsterdam,52.3676,4.9041,2026-06-16 12:00:00,2026-06-16 23:59:59,23.0065,13.8565,0.0,44005.06,76.3508,16.56,30.24,10.065,2.3333
amsterdam,52.3676,4.9041,2026-06-16 12:00:00,2026-06-17 23:59:59,23.9065,17.9565,0.1,27997.06,236.695,24.12,47.16,13.86,9.5417
amsterdam,52.3676,4.9041,2026-06-16 12:00:00,2026-06-18 23:59:59,30.2065,18.3065,0.2,40916.023,233.5988,12.6,27.72,9.105,1.625
amsterdam,52.3676,4.9041,2026-06-16 12:00:00,2026-06-19 23:59:59,31.45,20.2783,0.575,49980.668,150.293,14.6188,38.52,10.3406,32.7083
amsterdam,52.3676,4.9041,2026-06-16 12:00:00,2026-06-20 23:59:59,26.25,20.6,0.0,59647.73,256.4545,8.9095,25.56,6.0426,8.25
amsterdam,52.3676,4.9041,2026-06-16 12:00:00,2026-06-21 23:59:59,30.35,18.2,0.0,59649.844,78.8786,8.6867,26.64,6.8188,8.2083
amsterdam,52.3676,4.9041,2026-06-16 12:00:00,2026-06-22 23:59:59,28.65,22.85,5.7,59645.926,141.4715,10.1951,38.16,7.5546,7.5
amsterdam,52.3676,4.9041,2026-06-16 12:00:00,2026-06-23 23:59:59,22.7,16.25,7.2,24181.684,291.124,18.7701,46.08,12.9041,14.5833
amsterdam,52.3676,4.9041,2026-06-16 12:00:00,2026-06-24 23:59:59,20.65,15.0,0.3,57557.777,297.2175,11.6889,30.6,7.923,6.0833
amsterdam,52.3676,4.9041,2026-06-16 12:00:00,2026-06-25 23:59:59,22.1,15.4,0.0,47451.953,274.0258,13.6195,37.44,6.8338,6.0833
amsterdam,52.3676,4.9041,2026-06-16 12:00:00,2026-06-26 23:59:59,24.5,14.9,0.0,48720.918,312.1159,6.8542,27.36,4.4088,11.4167
amsterdam,52.3676,4.9041,2026-06-16 12:00:00,2026-06-27 23:59:59,28.45,17.65,0.0,59536.496,143.7841,8.2447,26.64,5.6215,8.5
amsterdam,52.3676,4.9041,2026-06-16 12:00:00,2026-06-28 23:59:59,28.55,17.2,0.0,59496.77,325.0254,15.7024,39.96,8.7687,5.625
amsterdam,52.3676,4.9041,2026-06-16 12:00:00,2026-06-29 23:59:59,21.45,15.6,0.0,59451.164,344.1897,12.24,38.88,10.3205,7.9583
valencia,39.4699,-0.3763,2026-04-25 12:00:00,2026-04-25 23:59:59,20.8325,15.1325,0.0,40726.996,123.0051,14.0815,32.76,5.9864,3.5
valencia,39.4699,-0.3763,2026-04-25 12:00:00,2026-04-26 23:59:59,21.6325,12.2825,0.0,47536.7,117.9408,12.8798,30.6,5.89,0.0
valencia,39.4699,-0.3763,2026-04-25 12:00:00,2026-04-27 23:59:59,22.5325,12.7325,0.0,47790.83,90.924,10.9312,26.28,5.9372,0.0
valencia,39.4699,-0.3763,2026-04-25 12:00:00,2026-04-28 23:59:59,22.5825,12.9325,0.0,49000.61,87.2343,12.0694,29.52,5.9378,0.875
valencia,39.4699,-0.3763,2026-04-25 12:00:00,2026-04-29 23:59:59,20.1325,15.8325,0.0,36951.95,60.4574,17.3772,38.52,7.523,6.5833
valencia,39.4699,-0.3763,2026-04-25 12:00:00,2026-04-30 23:59:59,26.8145,15.8145,0.0,44070.703,251.7526,9.2556,24.12,5.144,12.7708
valencia,39.4699,-0.3763,2026-04-25 12:00:00,2026-05-01 23:59:59,25.7645,15.1145,0.0,49318.78,93.7101,17.1935,42.12,6.7715,21.7083
munich,48.1351,11.582,2026-04-30 12:00:00,2026-04-30 23:59:59,14.715,3.215,0.0,49806.727,82.9013,20.5452,46.8,16.3373,0.0
munich,48.1351,11.582,2026-04-30 12:00:00,2026-05-01 23:59:59,19.165,4.865,0.0,49404.246,90.7406,16.216,37.8,12.807,0.0
munich,48.1351,11.582,2026-04-30 12:00:00,2026-05-02 23:59:59,24.1715,5.6715,0.0,50002.09,105.1526,8.7666,21.96,3.9719,0.0
munich,48.1351,11.582,2026-04-30 12:00:00,2026-05-03 23:59:59,23.3215,8.8715,0.0,41237.4,285.3426,11.5929,32.4,6.2187,3.5417
munich,48.1351,11.582,2026-04-30 12:00:00,2026-05-04 23:59:59,20.5715,11.0215,1.2,48555.28,272.5294,9.1994,25.56,5.3446,26.375
munich,48.1351,11.582,2026-04-30 12:00:00,2026-05-05 23:59:59,13.2306,8.708,48.3,0.0,281.9707,15.9419,33.48,9.946,59.2188
munich,48.1351,11.582,2026-04-30 12:00:00,2026-05-06 23:59:59,13.358,8.108,15.3,14922.868,259.786,15.6175,32.76,12.2261,63.4583
london,51.5074,-0.1278,2026-06-04 12:00:00,2026-06-04 23:59:59,18.691,13.691,4.8,17036.406,239.1042,25.56,51.48,20.52,54.875
london,51.5074,-0.1278,2026-06-04 12:00:00,2026-06-05 23:59:59,17.591,11.991,0.1,49081.125,243.458,16.56,37.08,13.635,5.0
london,51.5074,-0.1278,2026-06-04 12:00:00,2026-06-06 23:59:59,19.3045,11.5011,5.975,27444.062,169.9943,16.56,34.56,13.9838,47.5
london,51.5074,-0.1278,2026-06-04 12:00:00,2026-06-07 23:59:59,21.4545,13.1045,0.0,49040.87,241.5859,16.56,34.2,14.85,2.25
london,51.5074,-0.1278,2026-06-04 12:00:00,2026-06-08 23:59:59,17.7545,13.9045,6.8,1868.7126,212.4954,23.4,47.16,17.505,44.625
london,51.5074,-0.1278,2026-06-04 12:00:00,2026-06-09 23:59:59,17.3545,11.0545,0.4,57906.438,259.7016,19.08,39.96,16.335,26.5
london,51.5074,-0.1278,2026-06-04 12:00:00,2026-06-10 23:59:59,16.85,11.1045,1.2,58053.805,232.9552,21.603,65.52,15.3319,24.25
aachen,50.7753,6.0839,2026-05-04 12:00:00,2026-05-04 23:59:59,16.826,12.526,4.6,7353.362,204.6147,12.96,23.76,6.405,35.7917
aachen,50.7753,6.0839,2026-05-04 12:00:00,2026-05-05 23:59:59,14.176,10.126,12.6,0.0,34.8474,12.6,24.48,6.225,57.9167
aachen,50.7753,6.0839,2026-05-04 12:00:00,2026-05-06 23:59:59,10.026,6.976,18.675,0.0,336.6754,12.96,26.28,8.7234,73.4583
aachen,50.7753,6.0839,2026-05-04 12:00:00,2026-05-07 23:59:59,12.5,7.3,1.5,16810.951,351.7703,12.4876,25.92,9.1824,17.7083
aachen,50.7753,6.0839,2026-05-04 12:00:00,2026-05-08 23:59:59,17.75,6.45,0.0,52111.73,111.541,11.7,21.96,5.0145,8.0417
aachen,50.7753,6.0839,2026-05-04 12:00:00,2026-05-09 23:59:59,21.6,11.85,0.0,53875.086,171.7497,14.0181,30.96,10.0788,30.0
aachen,50.7753,6.0839,2026-05-04 12:00:00,2026-05-10 23:59:59,20.5,14.25,0.6,10023.244,155.4838,13.3212,25.92,9.3272,42.625
valencia,39.4699,-0.3763,2026-06-15 12:00:00,2026-06-15 23:59:59,29.8825,20.0325,0.0,46990.543,107.6091,15.034,36.72,6.1806,0.0
valencia,39.4699,-0.3763,2026-06-15 12:00:00,2026-06-16 23:59:59,29.8825,20.0325,0.0,50400.0,107.418,13.32,32.76,6.6235,0.0
valencia,39.4699,-0.3763,2026-06-15 12:00:00,2026-06-17 23:59:59,31.5825,19.0325,0.0,50400.0,108.9248,12.3034,31.68,5.9397,0.0
valencia,39.4699,-0.3763,2026-06-15 12:00:00,2026-06-18 23:59:59,27.5825,20.9825,0.0,37426.902,64.7541,13.0844,32.76,6.0066,4.25
valencia,39.4699,-0.3763,2026-06-15 12:00:00,2026-06-19 23:59:59,28.0825,20.9825,0.0,50686.83,61.2514,13.8495,34.56,7.3701,4.25
valencia,39.4699,-0.3763,2026-06-15 12:00:00,2026-06-20 23:59:59,29.5145,20.6645,0.0,51368.4,83.28,15.1371,37.08,6.7613,0.0
valencia,39.4699,-0.3763,2026-06-15 12:00:00,2026-06-21 23:59:59,30.8145,21.4145,0.0,51709.53,89.1576,15.1884,36.0,6.9988,0.0
valencia,39.4699,-0.3763,2026-06-15 12:00:00,2026-06-22 23:59:59,30.7786,20.4145,0.0,52111.027,106.1212,11.8279,38.16,5.8744,0.3229
valencia,39.4699,-0.3763,2026-06-15 12:00:00,2026-06-23 23:59:59,30.1,24.2,0.0,51375.008,106.0194,12.4409,38.88,5.2852,0.0
valencia,39.4699,-0.3763,2026-06-15 12:00:00,2026-06-24 23:59:59,29.45,24.7,0.0,52491.137,77.2263,14.312,44.64,7.6011,0.9583
valencia,39.4699,-0.3763,2026-06-15 12:00:00,2026-06-25 23:59:59,27.35,24.25,0.6,52164.2,77.4119,16.024,45.36,10.6624,0.5417
valencia,39.4699,-0.3763,2026-06-15 12:00:00,2026-06-26 23:59:59,29.4,23.95,0.0,52178.582,104.278,13.3066,41.76,6.4271,0.0
valencia,39.4699,-0.3763,2026-06-15 12:00:00,2026-06-27 23:59:59,28.05,23.9,0.0,52191.508,87.0893,12.8104,40.32,7.1086,0.4583
valencia,39.4699,-0.3763,2026-06-15 12:00:00,2026-06-28 23:59:59,31.15,22.9,0.0,52202.9,136.3769,12.9962,38.16,6.4792,1.5417
valencia,39.4699,-0.3763,2026-06-01 12:00:00,2026-06-01 23:59:59,26.2825,19.4825,0.0,47693.684,68.1985,14.7776,36.36,7.9073,0.0
valencia,39.4699,-0.3763,2026-06-01 12:00:00,2026-06-02 23:59:59,27.6325,19.5325,0.0,50400.0,79.9107,13.494,33.84,6.4431,0.0
valencia,39.4699,-0.3763,2026-06-01 12:00:00,2026-06-03 23:59:59,26.7825,21.0325,0.0,48809.797,118.0947,19.8816,46.8,10.014,0.0
valencia,39.4699,-0.3763,2026-06-01 12:00:00,2026-06-04 23:59:59,29.5325,19.5825,0.0,50821.69,59.642,18.6715,43.92,9.0568,0.0
valencia,39.4699,-0.3763,2026-06-01 12:00:00,2026-06-05 23:59:59,24.7325,21.0825,0.0,22869.117,61.3697,22.4243,51.84,15.2349,5.4167
valencia,39.4699,-0.3763,2026-06-01 12:00:00,2026-06-06 23:59:59,31.2145,20.3645,0.6,46486.86,78.1053,18.8889,45.36,7.6682,13.5833
valencia,39.4699,-0.3763,2026-06-01 12:00:00,2026-06-07 23:59:59,27.0145,19.6145,0.0,46174.617,87.7688,15.1371,37.44,7.2707,1.2083
valencia,39.4699,-0.3763,2026-06-04 12:00:00,2026-06-04 23:59:59,31.1325,19.7325,0.0,50400.0,94.645,24.1844,60.48,10.1,0.0
valencia,39.4699,-0.3763,2026-06-04 12:00:00,2026-06-05 23:59:59,24.1325,20.2325,0.0,27449.127,63.7663,22.1831,53.28,13.647,0.125
valencia,39.4699,-0.3763,2026-06-04 12:00:00,2026-06-06 23:59:59,26.5325,19.9825,0.1,47534.96,118.4821,16.2997,39.6,7.7293,0.5833
valencia,39.4699,-0.3763,2026-06-04 12:00:00,2026-06-07 23:59:59,26.6325,21.0825,0.1,46178.72,79.9698,15.1585,36.36,8.1686,2.1667
valencia,39.4699,-0.3763,2026-06-04 12:00:00,2026-06-08 23:59:59,27.6825,19.6825,0.0,51153.16,108.1596,14.9736,36.0,7.3115,0.0
valencia,39.4699,-0.3763,2026-06-04 12:00:00,2026-06-09 23:59:59,28.2645,21.0645,0.0,49598.727,70.913,17.295,40.32,9.2805,0.0
valencia,39.4699,-0.3763,2026-06-04 12:00:00,2026-06-10 23:59:59,25.9645,21.5645,0.0,35823.37,78.6079,16.4185,37.08,10.1636,5.75
london,51.5074,-0.1278,2026-06-05 12:00:00,2026-06-05 23:59:59,18.041,13.141,0.0,9585.972,243.3353,17.64,38.52,13.995,4.5
london,51.5074,-0.1278,2026-06-05 12:00:00,2026-06-06 23:59:59,16.091,12.741,4.6,10800.0,206.7183,29.52,63.36,20.295,59.875
london,51.5074,-0.1278,2026-06-05 12:00:00,2026-06-07 23:59:59,20.4045,11.391,0.0,40473.95,233.5463,21.6,45.0,18.36,1.75
london,51.5074,-0.1278,2026-06-05 12:00:00,2026-06-08 23:59:59,16.5545,12.0545,7.1,40141.0,226.7462,16.56,34.2,13.905,47.5
london,51.5074,-0.1278,2026-06-05 12:00:00,2026-06-09 23:59:59,18.1545,10.4045,0.1,56713.4,252.8869,17.28,36.0,11.79,31.75
london,51.5074,-0.1278,2026-06-05 12:00:00,2026-06-10 23:59:59,17.3545,11.1045,0.6,54000.0,233.3802,21.24,43.56,14.94,15.375
london,51.5074,-0.1278,2026-06-05 12:00:00,2026-06-11 23:59:59,16.5886,12.2045,1.5,48985.344,222.955,22.6852,64.8,19.305,27.625
frankfurt,50.1109,8.6821,2026-06-16 12:00:00,2026-06-11 23:59:59,18.793,9.993,3.2,34481.83,248.9545,15.3792,35.28,8.5276,10.7083
frankfurt,50.1109,8.6821,2026-06-16 12:00:00,2026-06-12 23:59:59,22.043,12.693,3.4,4720.9136,230.2632,13.6989,35.28,9.9536,46.7083
frankfurt,50.1109,8.6821,2026-06-16 12:00:00,2026-06-13 23:59:59,25.343,15.743,0.0,52692.586,270.9462,18.0324,46.08,11.2476,0.0
frankfurt,50.1109,8.6821,2026-06-16 12:00:00,2026-06-14 23:59:59,19.993,12.693,0.0,34660.508,287.8882,15.0427,38.88,9.35,4.625
frankfurt,50.1109,8.6821,2026-06-16 12:00:00,2026-06-15 23:59:59,20.693,10.293,0.0,51755.4,280.4993,10.1441,31.32,6.1344,0.0
frankfurt,50.1109,8.6821,2026-06-16 12:00:00,2026-06-16 23:59:59,25.993,12.443,0.3,22617.928,203.6653,15.1371,45.72,6.2872,13.0833
frankfurt,50.1109,8.6821,2026-06-16 12:00:00,2026-06-17 23:59:59,28.043,16.693,0.0,35820.93,281.4819,8.4043,25.92,4.7684,2.0833
frankfurt,50.1109,8.6821,2026-06-16 12:00:00,2026-06-18 23:59:59,34.3066,18.943,0.0,54000.0,53.1146,7.0912,19.08,3.5529,0.0
frankfurt,50.1109,8.6821,2026-06-16 12:00:00,2026-06-19 23:59:59,36.8975,20.1475,0.6,43607.168,94.0219,8.6699,27.36,4.4678,12.25
frankfurt,50.1109,8.6821,2026-06-16 12:00:00,2026-06-20 23:59:59,37.7475,21.5975,0.0,56324.03,252.6258,11.4862,32.04,5.6455,3.4583
frankfurt,50.1109,8.6821,2026-06-16 12:00:00,2026-06-21 23:59:59,35.052,21.7975,0.3,56192.574,27.5881,8.2093,24.12,4.7354,11.6562
frankfurt,50.1109,8.6821,2026-06-16 12:00:00,2026-06-22 23:59:59,29.352,22.002,0.0,23218.24,352.9286,11.4806,32.04,6.917,16.5833
frankfurt,50.1109,8.6821,2026-06-16 12:00:00,2026-06-23 23:59:59,27.102,17.952,0.0,57657.867,11.2896,10.824,30.96,8.3676,6.3333
frankfurt,50.1109,8.6821,2026-06-16 12:00:00,2026-06-24 23:59:59,26.2,17.176,0.0,56522.742,321.0979,11.2985,32.4,6.961,9.2708
frankfurt,50.1109,8.6821,2026-06-16 12:00:00,2026-06-25 23:59:59,26.8,16.6,0.0,58138.723,14.262,12.2215,34.2,8.7384,2.0
frankfurt,50.1109,8.6821,2026-06-16 12:00:00,2026-06-26 23:59:59,28.75,18.1,0.0,58113.902,10.5531,11.1962,30.96,6.7553,7.1667
frankfurt,50.1109,8.6821,2026-06-16 12:00:00,2026-06-27 23:59:59,29.95,19.15,0.0,58083.785,28.9195,10.2284,33.48,8.7638,3.8333
frankfurt,50.1109,8.6821,2026-06-16 12:00:00,2026-06-28 23:59:59,35.65,21.0,0.0,58048.395,354.7347,10.2616,23.4,4.8628,1.3333
frankfurt,50.1109,8.6821,2026-06-16 12:00:00,2026-06-29 23:59:59,28.55,20.6,0.0,58007.758,13.1888,16.5218,38.16,14.6581,7.3333
berlin,52.52,13.405,2026-04-17 12:00:00,2026-04-17 23:59:59,18.952,8.702,0.0,44949.438,11.6835,11.5929,26.28,6.6565,0.0
berlin,52.52,13.405,2026-04-17 12:00:00,2026-04-18 23:59:59,19.852,9.202,0.0,31824.207,118.6426,7.9036,19.08,5.2976,1.0417
berlin,52.52,13.405,2026-04-17 12:00:00,2026-04-19 23:59:59,15.902,8.339,12.4875,0.0,322.2551,14.6896,35.28,6.9595,44.4583
berlin,52.52,13.405,2026-04-17 12:00:00,2026-04-20 23:59:59,12.689,5.389,1.2,30839.86,358.9647,12.9049,32.76,8.7798,43.9167
berlin,52.52,13.405,2026-04-17 12:00:00,2026-04-21 23:59:59,15.389,4.339,0.6,50294.58,42.7532,15.1756,38.16,12.4155,6.75
berlin,52.52,13.405,2026-04-17 12:00:00,2026-04-22 23:59:59,14.726,2.076,0.6,49948.223,18.4207,15.6465,49.68,9.4192,0.9167
berlin,52.52,13.405,2026-04-17 12:00:00,2026-04-23 23:59:59,16.476,2.826,0.0,49107.336,27.5415,8.4351,22.68,6.097,3.5833
aachen,50.7753,6.0839,2026-05-21 12:00:00,2026-05-21 23:59:59,21.576,12.776,0.0,50270.426,247.0178,16.2,30.24,9.63,1.0417
aachen,50.7753,6.0839,2026-05-21 12:00:00,2026-05-22 23:59:59,27.276,13.726,0.0,54000.0,161.5128,8.28,19.8,5.235,0.0
aachen,50.7753,6.0839,2026-05-21 12:00:00,2026-05-23 23:59:59,29.876,17.726,0.0,53717.574,199.2443,9.36,19.08,5.5749,0.7917
aachen,50.7753,6.0839,2026-05-21 12:00:00,2026-05-24 23:59:59,24.6,16.0,0.0,55005.727,17.502,10.1632,25.2,6.0326,3.6667
aachen,50.7753,6.0839,2026-05-21 12:00:00,2026-05-25 23:59:59,25.05,14.5,0.0,56667.2,70.9089,9.2205,25.56,7.2954,0.5833
aachen,50.7753,6.0839,2026-05-21 12:00:00,2026-05-26 23:59:59,27.6,13.55,0.3,55203.35,5.8589,18.0575,41.76,9.2315,0.4583
aachen,50.7753,6.0839,2026-05-21 12:00:00,2026-05-27 23:59:59,17.1,9.4,0.0,55890.355,21.7283,15.8257,38.52,13.2343,0.5
berlin,52.52,13.405,2026-04-30 12:00:00,2026-04-30 23:59:59,17.952,5.352,0.0,50400.0,346.2748,7.6959,21.24,4.8941,0.0
berlin,52.52,13.405,2026-04-30 12:00:00,2026-05-01 23:59:59,21.852,9.252,0.0,50400.0,321.2869,6.2871,16.56,4.5965,0.0
berlin,52.52,13.405,2026-04-30 12:00:00,2026-05-02 23:59:59,25.939,10.239,0.0,50400.0,185.5935,14.4942,36.72,8.1796,0.0
berlin,52.52,13.405,2026-04-30 12:00:00,2026-05-03 23:59:59,26.639,12.739,0.0,50739.707,210.1413,14.2916,38.88,9.1237,5.4167
berlin,52.52,13.405,2026-04-30 12:00:00,2026-05-04 23:59:59,20.039,12.389,0.0,44275.91,255.5066,16.3434,41.04,10.7788,15.1667
berlin,52.52,13.405,2026-04-30 12:00:00,2026-05-05 23:59:59,19.876,10.276,0.0,39096.094,291.3083,9.2556,25.2,6.0747,16.1875
berlin,52.52,13.405,2026-04-30 12:00:00,2026-05-06 23:59:59,15.926,7.876,0.0,41742.41,320.2187,15.9135,42.48,9.9891,23.5833
aachen,50.7753,6.0839,2026-04-24 12:00:00,2026-04-24 23:59:59,18.526,5.576,0.0,41912.047,347.9674,9.72,23.76,6.675,0.0
aachen,50.7753,6.0839,2026-04-24 12:00:00,2026-04-25 23:59:59,18.226,6.326,0.0,46800.0,339.9058,11.52,23.76,6.54,0.0
aachen,50.7753,6.0839,2026-04-24 12:00:00,2026-04-26 23:59:59,16.826,6.126,0.0,47818.254,45.4556,11.88,25.92,8.6589,0.0
aachen,50.7753,6.0839,2026-04-24 12:00:00,2026-04-27 23:59:59,15.35,4.65,0.0,38500.88,62.1551,8.8273,24.12,6.7865,0.125
aachen,50.7753,6.0839,2026-04-24 12:00:00,2026-04-28 23:59:59,17.55,6.85,0.0,51903.75,54.1411,19.6027,45.72,13.8214,5.125
aachen,50.7753,6.0839,2026-04-24 12:00:00,2026-04-29 23:59:59,17.1,6.3,0.0,52109.184,74.8481,17.7289,42.48,15.7903,0.1667
aachen,50.7753,6.0839,2026-04-24 12:00:00,2026-04-30 23:59:59,17.0,7.25,0.0,52312.176,87.7666,19.0936,46.44,14.4497,5.9583
munich,48.1351,11.582,2026-05-04 12:00:00,2026-05-04 23:59:59,24.365,13.565,9.5,36087.332,357.859,13.5324,52.2,7.6809,6.0417
munich,48.1351,11.582,2026-05-04 12:00:00,2026-05-05 23:59:59,24.365,11.665,1.1,35334.043,256.6075,17.6437,47.16,5.8396,9.1667
munich,48.1351,11.582,2026-05-04 12:00:00,2026-05-06 23:59:59,19.9215,11.715,7.6,36000.0,271.3508,12.965,27.72,7.0812,33.7083
munich,48.1351,11.582,2026-05-04 12:00:00,2026-05-07 23:59:59,16.1715,9.6715,7.2,36232.727,256.5706,11.929,44.64,8.1667,42.7917
munich,48.1351,11.582,2026-05-04 12:00:00,2026-05-08 23:59:59,20.5215,6.8215,0.0,50500.74,72.4907,7.5942,25.56,3.85,1.7083
munich,48.1351,11.582,2026-05-04 12:00:00,2026-05-09 23:59:59,20.258,11.7398,2.4,35036.92,108.4092,7.6368,21.87,4.9843,10.4167
munich,48.1351,11.582,2026-05-04 12:00:00,2026-05-10 23:59:59,24.608,9.758,0.6,39656.06,114.0055,11.441,28.44,6.2951,21.1667
valencia,39.4699,-0.3763,2026-06-06 12:00:00,2026-06-01 23:59:59,26.4825,19.4825,0.0,48729.715,72.2822,14.418,34.92,7.5167,0.0
valencia,39.4699,-0.3763,2026-06-06 12:00:00,2026-06-02 23:59:59,27.1325,19.6325,0.0,50400.0,81.4234,15.3286,36.0,6.517,0.0
valencia,39.4699,-0.3763,2026-06-06 12:00:00,2026-06-03 23:59:59,26.7825,21.9825,0.0,48208.25,99.7895,18.668,42.84,10.3162,1.75
valencia,39.4699,-0.3763,2026-06-06 12:00:00,2026-06-04 23:59:59,30.3325,19.7325,0.0,50400.0,86.4126,22.148,52.92,10.3409,0.0
valencia,39.4699,-0.3763,2026-06-06 12:00:00,2026-06-05 23:59:59,23.9825,19.9325,0.2,15105.511,61.8447,25.2129,58.32,14.3226,6.2083
valencia,39.4699,-0.3763,2026-06-06 12:00:00,2026-06-06 23:59:59,25.9325,18.8325,0.0,41043.676,118.3578,15.4632,36.36,7.3165,0.0
valencia,39.4699,-0.3763,2026-06-06 12:00:00,2026-06-07 23:59:59,26.0325,20.5325,0.4,41328.125,81.0427,13.8962,33.84,7.56,2.7917
valencia,39.4699,-0.3763,2026-06-06 12:00:00,2026-06-08 23:59:59,26.7825,19.7325,0.0,50400.0,96.6366,14.7072,35.64,7.9171,0.0
valencia,39.4699,-0.3763,2026-06-06 12:00:00,2026-06-09 23:59:59,25.6325,21.6325,0.0,46997.457,58.6309,16.3434,39.24,10.5297,0.0
valencia,39.4699,-0.3763,2026-06-06 12:00:00,2026-06-10 23:59:59,24.8325,20.9825,0.0,49163.176,73.7676,13.7791,33.48,10.1744,1.4583
valencia,39.4699,-0.3763,2026-06-06 12:00:00,2026-06-11 23:59:59,27.4645,17.8645,0.0,51783.023,107.6916,15.9906,36.72,7.4325,1.625
valencia,39.4699,-0.3763,2026-06-06 12:00:00,2026-06-12 23:59:59,29.4145,18.2145,0.0,51427.953,114.1241,14.9346,34.2,6.77,0.0
valencia,39.4699,-0.3763,2026-06-06 12:00:00,2026-06-13 23:59:59,28.5822,18.4645,0.0,51909.89,125.9747,13.7991,40.68,6.1846,2.6667
valencia,39.4699,-0.3763,2026-06-06 12:00:00,2026-06-14 23:59:59,27.8,21.85,0.0,52278.098,110.2309,11.2309,36.72,5.3292,2.6667
valencia,39.4699,-0.3763,2026-06-06 12:00:00,2026-06-15 23:59:59,27.75,21.7,0.0,51960.496,97.6719,12.2413,38.16,5.9967,1.0417
valencia,39.4699,-0.3763,2026-06-06 12:00:00,2026-06-16 23:59:59,29.0,21.8,0.0,52326.434,82.5964,13.8612,40.68,6.7333,4.0417
valencia,39.4699,-0.3763,2026-06-06 12:00:00,2026-06-17 23:59:59,28.3,22.8,0.0,52349.848,80.7138,12.8646,37.44,7.4262,5.4167
valencia,39.4699,-0.3763,2026-06-06 12:00:00,2026-06-18 23:59:59,30.15,22.15,0.0,52372.676,82.9785,13.5276,37.44,6.9959,7.5833
valencia,39.4699,-0.3763,2026-06-06 12:00:00,2026-06-19 23:59:59,29.25,24.3,0.0,52394.766,80.342,13.0918,39.96,6.875,4.0833
zurich,47.3769,8.5472,2026-06-16 12:00:00,2026-06-11 23:59:59,17.522,9.922,0.1,44976.23,264.6755,14.2052,37.08,7.2965,7.4583
zurich,47.3769,8.5472,2026-06-16 12:00:00,2026-06-12 23:59:59,18.172,13.922,0.1,4293.8877,197.9197,11.0901,25.56,6.4618,8.875
zurich,47.3769,8.5472,2026-06-16 12:00:00,2026-06-13 23:59:59,27.772,14.972,0.0,51873.785,243.0254,16.4501,37.44,9.816,0.0
zurich,47.3769,8.5472,2026-06-16 12:00:00,2026-06-14 23:59:59,26.672,17.872,0.0,54000.0,269.1969,21.4071,46.08,11.493,0.0
zurich,47.3769,8.5472,2026-06-16 12:00:00,2026-06-15 23:59:59,25.422,14.122,0.0,54000.0,288.9376,14.694,36.72,6.4302,0.0
zurich,47.3769,8.5472,2026-06-16 12:00:00,2026-06-16 23:59:59,26.872,16.772,0.0,45316.996,179.3312,11.0901,27.36,4.7098,2.2917
zurich,47.3769,8.5472,2026-06-16 12:00:00,2026-06-17 23:59:59,30.272,19.972,0.0,50448.03,254.5006,9.1074,24.12,4.6567,1.2917
zurich,47.3769,8.5472,2026-06-16 12:00:00,2026-06-18 23:59:59,33.222,20.522,0.0,54000.0,82.9773,5.4834,12.6,2.8339,0.0
zurich,47.3769,8.5472,2026-06-16 12:00:00,2026-06-19 23:59:59,33.356,19.506,0.7,51295.344,161.565,10.0026,25.92,4.0098,11.0417
zurich,47.3769,8.5472,2026-06-16 12:00:00,2026-06-20 23:59:59,33.206,20.606,2.4,50380.64,188.0783,7.6537,57.24,3.5531,10.3333
zurich,47.3769,8.5472,2026-06-16 12:00:00,2026-06-21 23:59:59,34.5595,20.956,0.0,55112.99,135.5161,5.192,12.6,3.7413,3.0
zurich,47.3769,8.5472,2026-06-16 12:00:00,2026-06-22 23:59:59,35.2095,21.8095,0.0,54911.273,103.7607,8.4351,29.88,4.2146,9.375
zurich,47.3769,8.5472,2026-06-16 12:00:00,2026-06-23 23:59:59,29.0595,21.9595,6.0,50334.367,358.4926,7.788,29.52,3.6259,16.7917
zurich,47.3769,8.5472,2026-06-16 12:00:00,2026-06-24 23:59:59,30.25,19.65,0.0,56559.285,327.8291,8.2976,29.88,4.5225,12.4271
zurich,47.3769,8.5472,2026-06-16 12:00:00,2026-06-25 23:59:59,31.95,20.85,0.0,56573.168,0.6227,8.3966,28.08,4.9662,10.2083
zurich,47.3769,8.5472,2026-06-16 12:00:00,2026-06-26 23:59:59,31.8,20.95,0.0,56386.074,46.2532,9.9847,34.2,7.9594,8.7083
zurich,47.3769,8.5472,2026-06-16 12:00:00,2026-06-27 23:59:59,32.85,21.7,0.0,56587.156,51.7243,9.8409,25.56,6.5061,8.3333
zurich,47.3769,8.5472,2026-06-16 12:00:00,2026-06-28 23:59:59,34.95,22.65,0.0,56555.96,357.6041,8.2093,23.4,4.425,7.1667
zurich,47.3769,8.5472,2026-06-16 12:00:00,2026-06-29 23:59:59,33.8,23.6,0.0,56015.957,7.3057,11.074,32.76,4.7252,11.8333
munich,48.1351,11.582,2026-06-03 12:00:00,2026-06-03 23:59:59,17.365,13.665,6.4,23774.096,255.7436,15.5843,41.4,10.8903,42.5
munich,48.1351,11.582,2026-06-03 12:00:00,2026-06-04 23:59:59,24.565,11.915,5.0,33389.914,227.2587,16.2639,39.6,6.8014,21.7917
munich,48.1351,11.582,2026-06-03 12:00:00,2026-06-05 23:59:59,18.0715,10.915,20.05,30620.428,258.6257,11.967,30.69,8.2974,56.2083
munich,48.1351,11.582,2026-06-03 12:00:00,2026-06-06 23:59:59,20.6215,10.0215,0.3,28135.43,161.5649,10.2395,31.68,5.8705,10.0
munich,48.1351,11.582,2026-06-03 12:00:00,2026-06-07 23:59:59,23.2215,11.9715,0.0,40134.953,252.6066,7.1458,20.52,4.8056,10.4167
munich,48.1351,11.582,2026-06-03 12:00:00,2026-06-08 23:59:59,25.758,14.1215,0.0,56362.926,359.0288,8.3734,21.24,4.4037,3.5208
munich,48.1351,11.582,2026-06-03 12:00:00,2026-06-09 23:59:59,17.308,11.708,13.2,0.0,269.567,9.2205,34.92,6.6852,31.0
stockholm,59.3293,18.0686,2026-06-14 12:00:00,2026-06-09 23:59:59,20.9175,13.9175,0.8,45980.21,137.7397,15.48,34.56,11.61,12.7083
stockholm,59.3293,18.0686,2026-06-14 12:00:00,2026-06-10 23:59:59,19.1675,12.4175,2.8,45092.516,222.0287,27.36,56.16,18.36,47.8333
stockholm,59.3293,18.0686,2026-06-14 12:00:00,2026-06-11 23:59:59,19.0675,12.9675,0.0,23552.066,198.6911,12.6,26.64,8.085,18.4583
stockholm,59.3293,18.0686,2026-06-14 12:00:00,2026-06-12 23:59:59,20.9175,12.5675,0.0,53966.69,234.0868,19.44,41.4,14.415,7.875
stockholm,59.3293,18.0686,2026-06-14 12:00:00,2026-06-13 23:59:59,20.2175,12.6675,0.0,60177.445,142.6002,18.0,39.24,14.685,5.3333
stockholm,59.3293,18.0686,2026-06-14 12:00:00,2026-06-14 23:59:59,14.9675,12.3175,4.6,4002.586,280.5582,19.8,37.8,11.52,61.0
stockholm,59.3293,18.0686,2026-06-14 12:00:00,2026-06-15 23:59:59,16.6175,11.8175,9.2,513.7445,6.025,18.0,36.72,13.41,68.8333
stockholm,59.3293,18.0686,2026-06-14 12:00:00,2026-06-16 23:59:59,14.9175,11.9675,3.2,46.4158,331.813,19.8,37.44,17.2575,59.25
stockholm,59.3293,18.0686,2026-06-14 12:00:00,2026-06-17 23:59:59,20.8,11.7,0.0,64735.04,292.0285,16.6867,39.6,12.2976,0.9583
stockholm,59.3293,18.0686,2026-06-14 12:00:00,2026-06-18 23:59:59,20.7,13.25,0.6,58233.48,266.103,15.3381,35.28,11.4432,10.5
stockholm,59.3293,18.0686,2026-06-14 12:00:00,2026-06-19 23:59:59,24.5,14.5,0.0,64786.047,240.7872,10.7594,28.08,8.4438,2.9583
stockholm,59.3293,18.0686,2026-06-14 12:00:00,2026-06-20 23:59:59,24.6,15.15,0.0,64807.99,177.1045,13.494,35.28,9.2769,3.375
stockholm,59.3293,18.0686,2026-06-14 12:00:00,2026-06-21 23:59:59,22.1,15.55,1.8,64455.465,268.3388,22.7826,56.52,16.6745,20.375
stockholm,59.3293,18.0686,2026-06-14 12:00:00,2026-06-22 23:59:59,20.35,13.3,1.2,65543.69,315.301,16.021,44.28,12.5875,16.75
stockholm,59.3293,18.0686,2026-06-14 12:00:00,2026-06-23 23:59:59,18.85,12.25,1.2,65557.9,57.1152,12.0115,34.56,7.574,13.5
stockholm,59.3293,18.0686,2026-06-14 12:00:00,2026-06-24 23:59:59,17.0,11.7,0.6,28779.787,328.1981,11.5425,32.4,7.5633,21.6667
stockholm,59.3293,18.0686,2026-06-14 12:00:00,2026-06-25 23:59:59,17.0,11.7,1.8,65576.555,334.2978,17.3175,42.84,13.0934,23.0
stockholm,59.3293,18.0686,2026-06-14 12:00:00,2026-06-26 23:59:59,18.75,11.85,0.0,65580.98,349.727,19.6868,48.96,15.1259,18.125
stockholm,59.3293,18.0686,2026-06-14 12:00:00,2026-06-27 23:59:59,20.75,10.95,0.0,65582.86,260.4528,11.2727,34.56,7.1224,10.5833
berlin,52.52,13.405,2026-06-15 12:00:00,2026-06-10 23:59:59,19.702,11.252,0.6,24485.707,153.9111,16.9544,37.8,6.1999,12.2083
berlin,52.52,13.405,2026-06-15 12:00:00,2026-06-11 23:59:59,19.152,12.002,1.2,43944.35,293.9738,15.8768,54.72,9.2569,23.3333
berlin,52.52,13.405,2026-06-15 12:00:00,2026-06-12 23:59:59,17.802,11.452,1.9,5880.461,219.0207,15.1414,33.12,9.486,17.4583
berlin,52.52,13.405,2026-06-15 12:00:00,2026-06-13 23:59:59,19.852,13.502,1.8,29109.04,271.2758,20.9451,51.84,14.0506,10.4583
berlin,52.52,13.405,2026-06-15 12:00:00,2026-06-14 23:59:59,16.652,11.802,1.3,14131.848,276.595,21.7077,53.64,17.8153,41.5417
berlin,52.52,13.405,2026-06-15 12:00:00,2026-06-15 23:59:59,21.152,12.502,0.0,30053.275,280.2076,24.6278,55.8,18.5379,0.5833
berlin,52.52,13.405,2026-06-15 12:00:00,2026-06-16 23:59:59,21.602,9.902,0.0,40044.53,270.2428,14.2416,31.68,8.8336,1.375
berlin,52.52,13.405,2026-06-15 12:00:00,2026-06-17 23:59:59,23.289,13.189,0.0,46800.0,292.9017,10.949,30.6,7.1786,3.9167
berlin,52.52,13.405,2026-06-15 12:00:00,2026-06-18 23:59:59,27.839,16.889,0.0,51419.062,261.4759,9.3669,28.08,6.6541,5.875
berlin,52.52,13.405,2026-06-15 12:00:00,2026-06-19 23:59:59,32.939,20.339,0.3,53615.883,178.3738,7.9282,33.84,4.8849,1.7083
berlin,52.52,13.405,2026-06-15 12:00:00,2026-06-20 23:59:59,28.876,22.626,5.1,42747.05,188.4699,8.8255,35.28,3.9795,15.1458
berlin,52.52,13.405,2026-06-15 12:00:00,2026-06-21 23:59:59,33.026,21.626,0.3,50084.863,209.1441,10.1887,32.76,4.7102,32.125
berlin,52.52,13.405,2026-06-15 12:00:00,2026-06-22 23:59:59,27.276,19.05,0.15,49500.797,343.1977,9.9408,34.2,6.4753,12.1771
berlin,52.52,13.405,2026-06-15 12:00:00,2026-06-23 23:59:59,27.6,15.25,0.0,59399.656,91.1734,15.2873,32.76,10.327,12.9583
berlin,52.52,13.405,2026-06-15 12:00:00,2026-06-24 23:59:59,32.0,19.9,1.5,58005.78,60.725,16.3572,43.2,12.9586,7.2917
berlin,52.52,13.405,2026-06-15 12:00:00,2026-06-25 23:59:59,22.45,16.9,0.3,31373.84,303.5772,18.1934,46.08,14.8155,7.5417
berlin,52.52,13.405,2026-06-15 12:00:00,2026-06-26 23:59:59,27.35,15.7,0.0,59437.41,313.4446,10.7353,36.0,6.1237,5.5833
berlin,52.52,13.405,2026-06-15 12:00:00,2026-06-27 23:59:59,31.85,20.25,0.0,59179.363,157.7742,12.236,35.64,8.5551,7.875
berlin,52.52,13.405,2026-06-15 12:00:00,2026-06-28 23:59:59,25.6,19.15,0.0,51940.973,309.1913,18.8803,48.24,15.4827,11.7917
stockholm,59.3293,18.0686,2026-06-16 12:00:00,2026-06-14 23:59:59,14.9675,12.3175,4.7,0.0,278.8156,19.8,37.8,11.625,61.2083
stockholm,59.3293,18.0686,2026-06-16 12:00:00,2026-06-15 23:59:59,17.1175,12.2175,11.2,1686.0184,11.1107,19.08,36.72,13.635,69.5
stockholm,59.3293,18.0686,2026-06-16 12:00:00,2026-06-16 23:59:59,15.1675,11.1175,8.0,6346.3325,335.1598,25.56,46.8,17.685,63.1667
stockholm,59.3293,18.0686,2026-06-16 12:00:00,2026-06-17 23:59:59,22.8675,13.3675,0.0,57106.17,295.0301,18.36,39.96,14.175,0.0
stockholm,59.3293,18.0686,2026-06-16 12:00:00,2026-06-18 23:59:59,20.7675,16.0175,0.0,24118.553,261.6536,16.56,33.12,13.68,19.625
stockholm,59.3293,18.0686,2026-06-16 12:00:00,2026-06-19 23:59:59,23.1,15.5169,0.0,55666.25,253.9622,14.04,27.72,9.1757,3.6667
stockholm,59.3293,18.0686,2026-06-16 12:00:00,2026-06-20 23:59:59,24.8,15.45,0.0,64807.99,199.2828,16.225,39.24,11.2459,7.25
stockholm,59.3293,18.0686,2026-06-16 12:00:00,2026-06-21 23:59:59,22.95,15.5,0.3,64819.49,279.3047,14.3482,30.96,9.4924,9.2917
stockholm,59.3293,18.0686,2026-06-16 12:00:00,2026-06-22 23:59:59,22.5,13.75,0.6,61781.184,249.4438,14.8977,37.44,7.98,10.2917
stockholm,59.3293,18.0686,2026-06-16 12:00:00,2026-06-23 23:59:59,16.15,12.5,25.8,1994.3662,123.0979,18.4559,38.52,12.3966,29.25
stockholm,59.3293,18.0686,2026-06-16 12:00:00,2026-06-24 23:59:59,16.45,11.95,9.6,64864.94,339.1579,16.1168,40.68,11.6438,40.875
stockholm,59.3293,18.0686,2026-06-16 12:00:00,2026-06-25 23:59:59,15.8,10.9,1.8,65576.555,318.0722,19.0469,46.8,13.5952,21.9167
stockholm,59.3293,18.0686,2026-06-16 12:00:00,2026-06-26 23:59:59,16.7,11.05,1.2,65580.98,331.1219,15.5614,38.52,11.3638,16.9167
stockholm,59.3293,18.0686,2026-06-16 12:00:00,2026-06-27 23:59:59,20.3,10.25,0.0,65582.86,283.9117,10.1903,33.12,6.6668,19.5833
stockholm,59.3293,18.0686,2026-06-16 12:00:00,2026-06-28 23:59:59,23.45,15.25,0.6,65548.38,265.7126,15.6113,38.16,13.7731,16.375
stockholm,59.3293,18.0686,2026-06-16 12:00:00,2026-06-29 23:59:59,18.45,14.6,0.0,64879.984,321.9037,14.8126,39.24,10.4256,19.0833
aachen,50.7753,6.0839,2026-06-12 12:00:00,2026-06-07 23:59:59,20.376,11.526,0.1,40110.637,244.778,20.16,40.68,13.515,5.1667
aachen,50.7753,6.0839,2026-06-12 12:00:00,2026-06-08 23:59:59,23.026,12.976,7.9,22840.568,204.4208,20.88,39.96,8.19,21.5833
aachen,50.7753,6.0839,2026-06-12 12:00:00,2026-06-12 23:59:59,15.626,12.376,9.9,0.0,239.8877,22.68,43.92,19.455,95.4167
aachen,50.7753,6.0839,2026-06-12 12:00:00,2026-06-13 23:59:59,18.476,13.776,0.2,22267.28,259.0795,22.32,46.44,16.95,31.4167
aachen,50.7753,6.0839,2026-06-12 12:00:00,2026-06-14 23:59:59,19.926,11.8,0.0,37745.2,274.881,16.2,32.4,12.6143,19.0417
aachen,50.7753,6.0839,2026-06-12 12:00:00,2026-06-15 23:59:59,18.2,8.5,0.2,48988.438,256.8384,13.4519,31.68,9.3287,5.1667
aachen,50.7753,6.0839,2026-06-12 12:00:00,2026-06-16 23:59:59,26.3,13.3,1.5,44527.145,217.502,23.2646,53.28,14.1952,6.75
aachen,50.7753,6.0839,2026-06-12 12:00:00,2026-06-17 23:59:59,25.3,15.3,0.0,58567.1,240.8497,17.1832,43.56,12.9193,5.5417
aachen,50.7753,6.0839,2026-06-12 12:00:00,2026-06-18 23:59:59,27.65,17.25,0.0,58585.684,234.6217,10.788,29.16,8.2731,1.5833
aachen,50.7753,6.0839,2026-06-12 12:00:00,2026-06-19 23:59:59,34.25,20.95,0.6,58598.723,155.4971,16.381,46.44,12.2544,15.5417
aachen,50.7753,6.0839,2026-06-12 12:00:00,2026-06-20 23:59:59,35.75,23.85,0.0,58606.21,183.7928,15.7436,37.8,11.4562,14.6667
aachen,50.7753,6.0839,2026-06-12 12:00:00,2026-06-21 23:59:59,34.1,24.15,2.4,58608.16,205.4954,15.2735,38.52,10.3527,10.75
aachen,50.7753,6.0839,2026-06-12 12:00:00,2026-06-22 23:59:59,30.75,22.35,0.0,58113.434,22.0423,13.4627,30.96,7.024,19.5
aachen,50.7753,6.0839,2026-06-12 12:00:00,2026-06-23 23:59:59,24.9,17.8,0.0,58595.414,31.8221,17.4479,41.04,14.3514,17.75
aachen,50.7753,6.0839,2026-06-12 12:00:00,2026-06-24 23:59:59,20.65,12.8,0.0,58580.742,36.5263,16.6634,39.6,15.0988,16.0417
aachen,50.7753,6.0839,2026-06-12 12:00:00,2026-06-25 23:59:59,21.65,12.45,0.0,58560.55,46.4195,15.2151,38.16,14.1364,21.5833
berlin,52.52,13.405,2026-06-12 12:00:00,2026-06-07 23:59:59,20.652,15.952,0.6,37465.84,265.4131,20.1921,45.36,11.6825,12.4167
berlin,52.52,13.405,2026-06-12 12:00:00,2026-06-08 23:59:59,25.702,13.052,0.0,49030.117,184.1001,11.2985,26.28,6.9535,0.125
berlin,52.52,13.405,2026-06-12 12:00:00,2026-06-09 23:59:59,21.202,15.502,0.5,24489.473,253.9749,28.7324,58.68,13.9422,12.5833
berlin,52.52,13.405,2026-06-12 12:00:00,2026-06-12 23:59:59,17.202,11.452,0.4,5880.461,219.2541,15.1414,33.12,9.3654,17.3333
berlin,52.52,13.405,2026-06-12 12:00:00,2026-06-13 23:59:59,21.402,13.952,0.2,30376.15,269.7421,28.8022,66.6,17.2394,14.375
berlin,52.52,13.405,2026-06-12 12:00:00,2026-06-14 23:59:59,17.589,11.752,4.5,40131.656,267.9598,18.9145,55.08,15.4632,49.0417
berlin,52.52,13.405,2026-06-12 12:00:00,2026-06-15 23:59:59,22.589,12.439,0.2,50191.71,281.0615,18.5321,50.4,15.1243,6.25
berlin,52.52,13.405,2026-06-12 12:00:00,2026-06-16 23:59:59,20.689,10.489,0.0,42683.902,286.4637,14.5789,38.52,10.7301,0.8333
berlin,52.52,13.405,2026-06-12 12:00:00,2026-06-17 23:59:59,22.326,12.489,0.0,7781.1807,231.6325,9.6598,29.16,6.1994,6.8646
berlin,52.52,13.405,2026-06-12 12:00:00,2026-06-18 23:59:59,28.326,16.926,0.0,48655.934,293.725,11.2121,31.32,7.2649,6.0
berlin,52.52,13.405,2026-06-12 12:00:00,2026-06-19 23:59:59,31.794,18.576,0.0,59335.12,101.3396,10.3151,27.72,6.381,6.6771
berlin,52.52,13.405,2026-06-12 12:00:00,2026-06-20 23:59:59,37.2,23.4,0.6,59345.195,115.0252,10.806,25.92,7.942,13.5417
berlin,52.52,13.405,2026-06-12 12:00:00,2026-06-21 23:59:59,36.95,26.75,0.6,59365.164,154.2602,11.4876,38.88,9.514,8.0
berlin,52.52,13.405,2026-06-12 12:00:00,2026-06-22 23:59:59,31.2,22.5,0.0,59173.797,322.882,16.7593,47.16,12.2456,14.125
berlin,52.52,13.405,2026-06-12 12:00:00,2026-06-23 23:59:59,23.4,17.05,0.0,59181.434,321.6627,16.9238,46.44,14.1509,14.5833
berlin,52.52,13.405,2026-06-12 12:00:00,2026-06-24 23:59:59,20.9,14.15,0.0,59413.984,310.9937,20.241,50.04,16.6828,12.0833
berlin,52.52,13.405,2026-06-12 12:00:00,2026-06-25 23:59:59,21.05,13.55,0.0,59426.664,314.0907,21.1299,49.32,14.2647,11.1667
london,51.5074,-0.1278,2026-04-22 12:00:00,2026-04-22 23:59:59,15.941,6.891,0.0,46800.0,74.2719,21.24,48.6,16.62,0.0
london,51.5074,-0.1278,2026-04-22 12:00:00,2026-04-23 23:59:59,17.441,8.591,0.0,44593.938,76.7461,17.64,39.96,15.09,0.0
london,51.5074,-0.1278,2026-04-22 12:00:00,2026-04-24 23:59:59,17.6545,6.791,0.0,50400.0,76.9159,14.76,32.4,11.565,0.0
london,51.5074,-0.1278,2026-04-22 12:00:00,2026-04-25 23:59:59,17.6045,7.1045,0.0,50400.0,89.7756,7.92,15.84,3.78,0.0
london,51.5074,-0.1278,2026-04-22 12:00:00,2026-04-26 23:59:59,19.6045,11.7045,0.0,49150.72,116.882,11.88,24.84,6.525,0.5
london,51.5074,-0.1278,2026-04-22 12:00:00,2026-04-27 23:59:59,19.9545,8.8545,0.0,50452.062,64.1069,11.52,23.4,5.88,0.5
london,51.5074,-0.1278,2026-04-22 12:00:00,2026-04-28 23:59:59,17.7045,10.5045,0.0,48073.465,29.1338,18.36,39.24,13.695,0.0
lisbon,38.7223,-9.1393,2026-06-16 12:00:00,2026-06-11 23:59:59,32.2915,18.5915,0.0,52818.406,341.6958,13.2468,31.68,6.6442,0.0
lisbon,38.7223,-9.1393,2026-06-16 12:00:00,2026-06-12 23:59:59,33.4915,20.1415,0.0,46785.39,324.972,13.9055,31.32,4.3387,0.0
lisbon,38.7223,-9.1393,2026-06-16 12:00:00,2026-06-13 23:59:59,31.6415,21.0415,0.0,52584.434,237.4042,18.172,42.12,7.4505,0.0
lisbon,38.7223,-9.1393,2026-06-16 12:00:00,2026-06-14 23:59:59,25.3415,18.8915,0.0,50741.688,258.8279,17.5774,41.4,8.4637,0.0
lisbon,38.7223,-9.1393,2026-06-16 12:00:00,2026-06-15 23:59:59,25.4915,17.8415,0.0,50965.664,340.2815,18.0575,41.4,11.7037,0.0
lisbon,38.7223,-9.1393,2026-06-16 12:00:00,2026-06-16 23:59:59,28.2415,17.2415,0.0,50989.992,343.9691,18.8373,44.64,12.5364,0.0
lisbon,38.7223,-9.1393,2026-06-16 12:00:00,2026-06-17 23:59:59,30.8415,18.1915,0.0,52351.652,341.3202,18.7753,42.84,8.0085,0.0
lisbon,38.7223,-9.1393,2026-06-16 12:00:00,2026-06-18 23:59:59,29.5915,17.9415,0.0,51706.047,334.4447,14.7776,35.64,7.3235,0.0
lisbon,38.7223,-9.1393,2026-06-16 12:00:00,2026-06-19 23:59:59,29.4415,17.5915,0.0,51728.598,335.596,14.9822,36.0,7.2958,0.0
lisbon,38.7223,-9.1393,2026-06-16 12:00:00,2026-06-20 23:59:59,29.6915,18.7915,0.0,51080.69,340.8259,14.9822,36.0,7.1972,0.0
lisbon,38.7223,-9.1393,2026-06-16 12:00:00,2026-06-21 23:59:59,31.0135,19.8915,0.0,52082.86,322.6955,12.2188,30.96,5.9043,0.0
lisbon,38.7223,-9.1393,2026-06-16 12:00:00,2026-06-22 23:59:59,32.7135,19.9635,0.0,52107.49,321.7198,8.4963,21.96,4.359,0.0
lisbon,38.7223,-9.1393,2026-06-16 12:00:00,2026-06-23 23:59:59,32.2135,21.3135,0.0,52125.79,250.9059,12.3139,30.6,4.5537,0.5625
lisbon,38.7223,-9.1393,2026-06-16 12:00:00,2026-06-24 23:59:59,35.8,18.05,0.0,52915.367,338.5238,8.5363,30.6,4.585,1.6354
lisbon,38.7223,-9.1393,2026-06-16 12:00:00,2026-06-25 23:59:59,37.85,23.15,0.0,52896.594,303.0984,9.2661,27.36,4.5139,0.0
lisbon,38.7223,-9.1393,2026-06-16 12:00:00,2026-06-26 23:59:59,28.85,20.9,0.0,52876.504,238.16,12.8357,36.36,8.5612,2.1667
lisbon,38.7223,-9.1393,2026-06-16 12:00:00,2026-06-27 23:59:59,31.2,18.7,0.0,47769.562,324.0462,14.4808,37.8,7.1029,2.5
lisbon,38.7223,-9.1393,2026-06-16 12:00:00,2026-06-28 23:59:59,37.3,18.4,0.0,52832.66,353.2831,16.2848,39.6,8.1315,2.9583
lisbon,38.7223,-9.1393,2026-06-16 12:00:00,2026-06-29 23:59:59,36.9,19.65,0.0,52809.05,343.9297,15.3286,38.88,8.7779,3.625
frankfurt,50.1109,8.6821,2026-06-15 12:00:00,2026-06-10 23:59:59,17.993,11.543,0.1,30870.492,250.5251,12.6616,41.4,6.2048,26.875
frankfurt,50.1109,8.6821,2026-06-15 12:00:00,2026-06-15 23:59:59,20.993,10.293,0.0,49666.97,280.8229,11.5425,29.88,6.58,0.0
frankfurt,50.1109,8.6821,2026-06-15 12:00:00,2026-06-16 23:59:59,26.743,13.743,0.8,27392.67,221.3341,12.0318,43.92,6.2921,10.0417
frankfurt,50.1109,8.6821,2026-06-15 12:00:00,2026-06-17 23:59:59,26.7475,16.8975,0.1,29058.156,276.8214,9.1782,26.64,4.8843,2.2917
frankfurt,50.1109,8.6821,2026-06-15 12:00:00,2026-06-18 23:59:59,32.9975,16.4475,0.0,55281.008,19.6539,4.0249,12.96,2.8606,0.0833
frankfurt,50.1109,8.6821,2026-06-15 12:00:00,2026-06-19 23:59:59,36.1975,21.6975,2.4,38611.883,153.4348,11.2006,30.96,4.7451,10.9583
frankfurt,50.1109,8.6821,2026-06-15 12:00:00,2026-06-20 23:59:59,35.552,19.902,0.3,57088.6,312.0086,8.1618,25.56,5.1084,4.7812
frankfurt,50.1109,8.6821,2026-06-15 12:00:00,2026-06-21 23:59:59,39.052,21.302,0.0,56265.098,270.2938,13.0049,35.28,5.061,4.0833
frankfurt,50.1109,8.6821,2026-06-15 12:00:00,2026-06-22 23:59:59,34.352,24.902,0.0,57903.84,13.1916,9.1994,27.72,5.7743,7.4167
frankfurt,50.1109,8.6821,2026-06-15 12:00:00,2026-06-23 23:59:59,37.5,22.55,0.0,58172.414,66.3084,7.7421,28.08,6.1851,11.875
frankfurt,50.1109,8.6821,2026-06-15 12:00:00,2026-06-24 23:59:59,30.15,21.0,12.0,35825.797,278.1191,8.2585,33.48,6.2195,5.0417
frankfurt,50.1109,8.6821,2026-06-15 12:00:00,2026-06-25 23:59:59,24.05,17.65,0.0,57424.395,4.8896,11.3457,25.56,7.4659,4.2917
frankfurt,50.1109,8.6821,2026-06-15 12:00:00,2026-06-26 23:59:59,28.2,16.15,0.0,58113.902,58.5426,10.6854,26.64,8.1547,2.9167
frankfurt,50.1109,8.6821,2026-06-15 12:00:00,2026-06-27 23:59:59,31.35,19.25,0.0,58083.785,4.2015,9.7566,22.68,6.2924,3.7917
frankfurt,50.1109,8.6821,2026-06-15 12:00:00,2026-06-28 23:59:59,25.0,19.85,0.6,58048.395,346.2211,15.0567,40.32,12.1526,17.2083
london,51.5074,-0.1278,2026-06-06 12:00:00,2026-06-01 23:59:59,23.141,14.241,0.8,35411.59,230.071,20.52,45.36,12.87,9.375
london,51.5074,-0.1278,2026-06-06 12:00:00,2026-06-02 23:59:59,19.841,14.541,22.2,9304.739,226.8571,19.08,39.96,12.375,93.125
london,51.5074,-0.1278,2026-06-06 12:00:00,2026-06-03 23:59:59,18.641,13.141,2.6,14630.547,221.5309,25.56,54.36,18.9,38.75
london,51.5074,-0.1278,2026-06-06 12:00:00,2026-06-04 23:59:59,18.691,13.891,2.8,42428.777,237.6763,25.2,51.48,19.845,53.875
london,51.5074,-0.1278,2026-06-06 12:00:00,2026-06-05 23:59:59,18.491,12.441,0.0,38059.15,241.1803,17.64,38.52,13.68,7.0
london,51.5074,-0.1278,2026-06-06 12:00:00,2026-06-06 23:59:59,14.841,12.791,10.8,10667.559,193.0552,25.56,55.44,17.595,65.125
london,51.5074,-0.1278,2026-06-06 12:00:00,2026-06-07 23:59:59,20.741,11.691,0.0,52400.87,236.684,20.88,45.36,17.685,2.25
london,51.5074,-0.1278,2026-06-06 12:00:00,2026-06-08 23:59:59,16.7045,14.4545,3.25,20883.473,230.1147,17.28,35.64,14.535,50.875
london,51.5074,-0.1278,2026-06-06 12:00:00,2026-06-09 23:59:59,16.4045,10.3045,2.5,55967.754,245.3285,19.44,41.4,14.625,34.375
london,51.5074,-0.1278,2026-06-06 12:00:00,2026-06-10 23:59:59,16.3545,10.3045,0.0,56709.57,246.4314,19.44,39.6,14.445,24.875
london,51.5074,-0.1278,2026-06-06 12:00:00,2026-06-11 23:59:59,15.8545,10.8545,3.1,21134.645,251.0048,16.2,34.2,14.805,21.0
london,51.5074,-0.1278,2026-06-06 12:00:00,2026-06-12 23:59:59,18.75,10.7045,1.5,52110.44,262.0763,19.9305,52.92,12.7264,26.75
london,51.5074,-0.1278,2026-06-06 12:00:00,2026-06-13 23:59:59,18.7,12.75,4.875,43122.67,240.4205,23.5325,63.0,18.9316,13.375
london,51.5074,-0.1278,2026-06-06 12:00:00,2026-06-14 23:59:59,18.05,11.5,0.0,58197.605,258.8388,16.6634,46.44,13.8384,16.125
london,51.5074,-0.1278,2026-06-06 12:00:00,2026-06-15 23:59:59,19.55,12.55,0.6,17229.332,225.5149,18.2121,49.32,14.1897,14.625
london,51.5074,-0.1278,2026-06-06 12:00:00,2026-06-16 23:59:59,22.75,13.2,0.0,38358.273,236.5038,20.3304,50.4,17.0653,19.625
london,51.5074,-0.1278,2026-06-06 12:00:00,2026-06-17 23:59:59,22.95,12.85,0.0,57464.63,290.4724,12.7279,47.52,7.2124,16.375
london,51.5074,-0.1278,2026-06-06 12:00:00,2026-06-18 23:59:59,21.9,14.8,0.0,58203.703,83.8342,11.0521,37.44,8.2557,16.125
london,51.5074,-0.1278,2026-06-06 12:00:00,2026-06-19 23:59:59,22.8,13.05,0.0,56872.727,61.5907,7.9933,31.32,5.8132,17.875
aachen,50.7753,6.0839,2026-05-03 12:00:00,2026-05-03 23:59:59,17.976,13.326,0.5,12497.075,197.8141,18.72,38.52,12.825,17.4167
aachen,50.7753,6.0839,2026-05-03 12:00:00,2026-05-04 23:59:59,15.826,12.126,6.7,7484.5273,200.977,12.96,25.56,8.265,39.5
aachen,50.7753,6.0839,2026-05-03 12:00:00,2026-05-05 23:59:59,12.726,8.6,8.875,0.0,25.3037,13.2432,29.34,8.3625,72.375
aachen,50.7753,6.0839,2026-05-03 12:00:00,2026-05-06 23:59:59,8.4,4.7,14.9,0.0,28.4378,18.4454,37.8,15.7182,64.2083
aachen,50.7753,6.0839,2026-05-03 12:00:00,2026-05-07 23:59:59,10.9,4.85,0.0,12901.145,14.5225,10.83,28.08,6.7547,7.9583
aachen,50.7753,6.0839,2026-05-03 12:00:00,2026-05-08 23:59:59,14.05,5.7,0.0,51625.277,88.6031,12.5032,32.04,3.9904,8.875
aachen,50.7753,6.0839,2026-05-03 12:00:00,2026-05-09 23:59:59,19.0,8.65,5.4,45647.098,162.6888,12.1083,43.56,11.1171,28.5417
munich,48.1351,11.582,2026-05-03 12:00:00,2026-05-03 23:59:59,26.265,9.615,0.0,42234.52,313.0251,13.0447,29.52,5.0176,4.6667
munich,48.1351,11.582,2026-05-03 12:00:00,2026-05-04 23:59:59,24.815,12.415,0.9,36364.51,34.4654,15.9379,48.96,6.8854,2.6667
munich,48.1351,11.582,2026-05-03 12:00:00,2026-05-05 23:59:59,22.6215,11.1715,1.7,27479.975,270.0039,9.8853,27.36,4.2837,22.5417
munich,48.1351,11.582,2026-05-03 12:00:00,2026-05-06 23:59:59,16.3715,11.3715,6.8,691.6592,301.7594,5.9916,23.76,4.3866,54.6667
munich,48.1351,11.582,2026-05-03 12:00:00,2026-05-07 23:59:59,14.8215,9.9215,5.4,18532.227,270.3451,15.034,45.0,9.2706,52.375
munich,48.1351,11.582,2026-05-03 12:00:00,2026-05-08 23:59:59,20.308,5.608,0.0,47052.383,71.4264,12.4135,28.8,7.6823,4.1875
munich,48.1351,11.582,2026-05-03 12:00:00,2026-05-09 23:59:59,19.758,8.808,2.4,31779.965,20.659,8.7666,21.6,5.2294,9.25
london,51.5074,-0.1278,2026-05-31 12:00:00,2026-05-31 23:59:59,23.041,16.291,0.0,50321.984,277.5089,15.84,35.64,13.59,1.25
london,51.5074,-0.1278,2026-05-31 12:00:00,2026-06-01 23:59:59,23.141,14.941,0.7,31769.195,230.478,19.44,43.56,13.77,7.625
london,51.5074,-0.1278,2026-05-31 12:00:00,2026-06-02 23:59:59,18.791,15.141,20.975,34686.03,231.2516,21.6,44.28,14.5462,85.625
london,51.5074,-0.1278,2026-05-31 12:00:00,2026-06-03 23:59:59,19.4545,13.5045,2.6,23397.758,231.2923,27.36,55.44,18.54,25.125
london,51.5074,-0.1278,2026-05-31 12:00:00,2026-06-04 23:59:59,17.2045,12.3045,6.9,54530.47,230.5514,26.64,55.08,22.68,46.5
london,51.5074,-0.1278,2026-05-31 12:00:00,2026-06-05 23:59:59,17.0545,11.5045,0.4,56441.797,247.1022,21.96,45.0,19.35,26.25
london,51.5074,-0.1278,2026-05-31 12:00:00,2026-06-06 23:59:59,19.8545,12.1045,0.3,20493.477,225.6619,28.8,57.6,20.34,13.375
berlin,52.52,13.405,2026-04-23 12:00:00,2026-04-23 23:59:59,16.202,5.502,0.0,48082.54,299.5746,16.5483,36.36,13.264,0.0
berlin,52.52,13.405,2026-04-23 12:00:00,2026-04-24 23:59:59,15.902,5.502,0.0,30909.863,281.7857,14.1182,30.96,12.264,0.0
berlin,52.52,13.405,2026-04-23 12:00:00,2026-04-25 23:59:59,15.689,5.839,0.0,39222.164,285.3165,20.6177,50.4,16.6238,0.0
berlin,52.52,13.405,2026-04-23 12:00:00,2026-04-26 23:59:59,13.489,3.739,0.0,50400.0,328.0715,16.2679,41.04,11.4606,0.6667
berlin,52.52,13.405,2026-04-23 12:00:00,2026-04-27 23:59:59,14.189,3.289,0.0,50486.1,41.2385,7.56,20.88,4.3533,0.125
berlin,52.52,13.405,2026-04-23 12:00:00,2026-04-28 23:59:59,12.926,4.926,0.0,33388.26,6.828,9.0072,23.76,5.5387,4.3438
berlin,52.52,13.405,2026-04-23 12:00:00,2026-04-29 23:59:59,13.476,4.576,0.0,50514.023,47.8946,12.5588,31.68,8.2017,3.3333
aachen,50.7753,6.0839,2026-06-15 12:00:00,2026-06-15 23:59:59,20.726,10.276,0.0,40656.305,269.6606,12.24,26.64,8.955,0.3333
aachen,50.7753,6.0839,2026-06-15 12:00:00,2026-06-16 23:59:59,26.426,15.526,0.9,41100.625,240.2629,19.8,50.4,13.845,18.0833
aachen,50.7753,6.0839,2026-06-15 12:00:00,2026-06-17 23:59:59,26.176,15.326,0.0,54575.562,245.4821,13.1597,31.05,10.0986,2.7917
aachen,50.7753,6.0839,2026-06-15 12:00:00,2026-06-18 23:59:59,28.25,16.95,0.0,56702.008,210.197,11.277,24.84,7.446,0.4583
aachen,50.7753,6.0839,2026-06-15 12:00:00,2026-06-19 23:59:59,31.45,20.6,3.6,57211.773,168.0894,18.6758,43.2,11.3614,24.625
aachen,50.7753,6.0839,2026-06-15 12:00:00,2026-06-20 23:59:59,31.1,19.25,0.0,58606.21,220.8009,12.5343,31.32,6.6396,22.4167
aachen,50.7753,6.0839,2026-06-15 12:00:00,2026-06-21 23:59:59,27.55,19.35,0.6,42810.566,44.5921,7.971,25.56,6.142,13.75
aachen,50.7753,6.0839,2026-06-15 12:00:00,2026-06-22 23:59:59,31.55,20.55,0.0,58567.723,81.8162,11.277,25.92,8.2311,8.5417
aachen,50.7753,6.0839,2026-06-15 12:00:00,2026-06-23 23:59:59,36.05,24.5,0.9,58595.414,170.0978,15.4265,50.4,12.4033,12.6667
aachen,50.7753,6.0839,2026-06-15 12:00:00,2026-06-24 23:59:59,21.9,15.8,5.7,35963.34,257.4886,17.7626,52.56,16.313,3.875
aachen,50.7753,6.0839,2026-06-15 12:00:00,2026-06-25 23:59:59,21.8,15.35,0.0,56134.06,333.2325,9.9278,38.52,7.3682,6.5417
aachen,50.7753,6.0839,2026-06-15 12:00:00,2026-06-26 23:59:59,28.6,16.2,0.0,58534.875,93.9275,6.7853,24.48,5.3155,2.4583
aachen,50.7753,6.0839,2026-06-15 12:00:00,2026-06-27 23:59:59,28.4,18.8,0.0,58503.707,262.3381,11.6166,37.08,8.3522,4.8333
aachen,50.7753,6.0839,2026-06-15 12:00:00,2026-06-28 23:59:59,23.2,16.35,1.2,47346.0,329.7185,17.4748,41.4,12.8296,24.0833
berlin,52.52,13.405,2026-05-04 12:00:00,2026-05-04 23:59:59,22.402,16.752,0.4,42358.332,279.8422,15.4087,36.0,9.8518,8.0833
berlin,52.52,13.405,2026-05-04 12:00:00,2026-05-05 23:59:59,17.652,12.302,4.8,29664.639,44.2495,16.18,36.0,10.3186,26.4167
berlin,52.52,13.405,2026-05-04 12:00:00,2026-05-06 23:59:59,11.502,8.3238,26.4,0.0,26.8232,17.5811,43.56,11.7446,60.9583
berlin,52.52,13.405,2026-05-04 12:00:00,2026-05-07 23:59:59,13.289,7.039,0.0,2697.2932,58.247,8.3112,21.96,5.6769,14.125
berlin,52.52,13.405,2026-05-04 12:00:00,2026-05-08 23:59:59,17.989,7.989,0.0,51698.887,121.6631,8.09,24.48,5.7039,13.125
berlin,52.52,13.405,2026-05-04 12:00:00,2026-05-09 23:59:59,21.126,9.889,0.0,54784.836,71.494,9.1074,24.12,6.7801,1.7604
berlin,52.52,13.405,2026-05-04 12:00:00,2026-05-10 23:59:59,23.026,10.276,0.0,50191.87,77.8209,18.1755,46.44,12.9059,10.8333
london,51.5074,-0.1278,2026-05-01 12:00:00,2026-05-01 23:59:59,23.941,12.091,0.0,44101.37,170.176,16.2,36.36,10.845,7.125
london,51.5074,-0.1278,2026-05-01 12:00:00,2026-05-02 23:59:59,21.991,11.191,9.2,28800.0,151.3623,14.76,32.76,8.535,17.1667
london,51.5074,-0.1278,2026-05-01 12:00:00,2026-05-03 23:59:59,17.0045,11.9545,4.75,35071.64,240.2555,15.84,33.84,13.0575,58.8333
london,51.5074,-0.1278,2026-05-01 12:00:00,2026-05-04 23:59:59,16.3045,10.2045,6.7,29441.977,55.4634,10.44,21.24,7.59,17.25
london,51.5074,-0.1278,2026-05-01 12:00:00,2026-05-05 23:59:59,13.7545,9.3545,0.8,21977.326,21.8334,16.56,36.0,11.79,8.3333
london,51.5074,-0.1278,2026-05-01 12:00:00,2026-05-06 23:59:59,13.9545,7.8045,0.0,45980.402,14.6881,11.16,23.76,7.035,7.75
london,51.5074,-0.1278,2026-05-01 12:00:00,2026-05-07 23:59:59,13.8,8.6045,0.9,40764.164,63.9127,12.6206,33.48,9.6666,7.25
aachen,50.7753,6.0839,2026-04-16 12:00:00,2026-04-16 23:59:59,17.626,11.076,2.1,29473.594,240.1885,20.52,43.56,7.605,11.3333
aachen,50.7753,6.0839,2026-04-16 12:00:00,2026-04-17 23:59:59,19.376,10.426,0.0,36000.0,197.7757,7.2,15.84,5.025,0.3333
aachen,50.7753,6.0839,2026-04-16 12:00:00,2026-04-18 23:59:59,19.976,11.3,4.525,19041.746,252.2495,12.1618,27.54,6.993,21.875
aachen,50.7753,6.0839,2026-04-16 12:00:00,2026-04-19 23:59:59,14.15,4.6,0.3,47557.336,344.4466,12.8104,31.68,7.8745,25.125
aachen,50.7753,6.0839,2026-04-16 12:00:00,2026-04-20 23:59:59,10.55,4.85,0.6,44699.46,19.9198,11.277,27.0,8.8848,22.8333
aachen,50.7753,6.0839,2026-04-16 12:00:00,2026-04-21 23:59:59,9.2,2.95,2.4,24202.85,29.9452,17.2293,41.76,11.475,13.25
aachen,50.7753,6.0839,2026-04-16 12:00:00,2026-04-22 23:59:59,12.8,5.2,0.0,39335.0,33.2454,15.841,42.84,11.8599,6.7083
london,51.5074,-0.1278,2026-05-19 12:00:00,2026-05-19 23:59:59,16.941,11.191,7.2,29402.418,198.2149,23.04,49.32,17.97,71.25
london,51.5074,-0.1278,2026-05-19 12:00:00,2026-05-20 23:59:59,20.391,13.141,0.1,25985.771,246.5365,19.08,41.76,16.545,7.375
london,51.5074,-0.1278,2026-05-19 12:00:00,2026-05-21 23:59:59,22.0545,12.8194,0.0,42772.676,216.8224,14.4,30.6,12.1387,0.0
london,51.5074,-0.1278,2026-05-19 12:00:00,2026-05-22 23:59:59,27.3045,16.0545,0.0,56614.6,183.5177,14.4,32.04,9.33,0.0417
london,51.5074,-0.1278,2026-05-19 12:00:00,2026-05-23 23:59:59,28.2045,19.6545,0.0,56762.312,95.7252,17.28,37.08,8.64,7.9167
london,51.5074,-0.1278,2026-05-19 12:00:00,2026-05-24 23:59:59,29.2545,16.6045,0.0,56906.824,50.0528,11.16,26.64,8.325,2.5417
london,51.5074,-0.1278,2026-05-19 12:00:00,2026-05-25 23:59:59,27.0,18.1045,0.0,57047.973,76.956,15.5176,43.56,10.2758,0.2917
london,51.5074,-0.1278,2026-06-03 12:00:00,2026-06-03 23:59:59,18.441,13.141,4.2,19619.559,226.2672,26.28,55.8,18.36,37.5
london,51.5074,-0.1278,2026-06-03 12:00:00,2026-06-04 23:59:59,18.591,13.341,4.1,43426.57,237.1508,25.56,52.56,22.77,55.375
london,51.5074,-0.1278,2026-06-03 12:00:00,2026-06-05 23:59:59,16.5545,12.391,0.0,54277.367,247.2934,17.64,36.36,13.8487,4.75
london,51.5074,-0.1278,2026-06-03 12:00:00,2026-06-06 23:59:59,17.6045,12.0045,2.0,29758.635,195.9865,21.24,44.64,15.93,53.0
london,51.5074,-0.1278,2026-06-03 12:00:00,2026-06-07 23:59:59,20.1545,11.6545,0.1,54000.0,225.7204,23.4,48.24,16.2,5.75
london,51.5074,-0.1278,2026-06-03 12:00:00,2026-06-08 23:59:59,21.5045,13.5045,4.5,40917.105,241.2197,17.28,34.56,12.24,28.25
london,51.5074,-0.1278,2026-06-03 12:00:00,2026-06-09 23:59:59,20.7045,13.3545,0.0,57906.438,249.7863,13.68,30.6,9.54,15.0
valencia,39.4699,-0.3763,2026-06-02 12:00:00,2026-06-02 23:59:59,27.1325,19.6325,0.0,45781.27,79.0278,15.5843,37.08,6.4016,0.0
valencia,39.4699,-0.3763,2026-06-02 12:00:00,2026-06-03 23:59:59,26.8825,20.3825,0.0,49812.37,112.4838,19.0936,45.0,10.2805,0.0
valencia,39.4699,-0.3763,2026-06-02 12:00:00,2026-06-04 23:59:59,32.6325,19.4825,0.0,50400.0,90.0,24.1924,77.04,11.1147,0.0
valencia,39.4699,-0.3763,2026-06-02 12:00:00,2026-06-05 23:59:59,24.0825,20.6325,0.0,48836.76,72.422,17.8482,40.32,14.0016,1.8333
valencia,39.4699,-0.3763,2026-06-02 12:00:00,2026-06-06 23:59:59,36.2325,20.5325,0.3,43050.19,261.8175,17.4294,40.68,8.3913,10.7917
valencia,39.4699,-0.3763,2026-06-02 12:00:00,2026-06-07 23:59:59,26.1145,21.6145,0.9,44583.727,58.8464,19.2289,41.76,12.7456,4.2292
valencia,39.4699,-0.3763,2026-06-02 12:00:00,2026-06-08 23:59:59,28.9145,21.0645,0.0,49033.93,109.9673,16.677,38.52,8.0029,4.1667
berlin,52.52,13.405,2026-05-13 12:00:00,2026-05-13 23:59:59,13.852,6.302,1.9,30472.488,236.5681,17.8772,42.12,11.0305,38.25
berlin,52.52,13.405,2026-05-13 12:00:00,2026-05-14 23:59:59,13.752,7.652,5.1,37007.86,217.109,17.5664,44.64,9.9849,46.75
berlin,52.52,13.405,2026-05-13 12:00:00,2026-05-15 23:59:59,16.089,7.0612,0.2,36222.836,251.097,7.2359,21.24,3.5412,10.7917
berlin,52.52,13.405,2026-05-13 12:00:00,2026-05-16 23:59:59,15.739,7.539,0.0,53134.387,272.0151,13.3976,34.56,8.4977,5.7083
berlin,52.52,13.405,2026-05-13 12:00:00,2026-05-17 23:59:59,17.289,7.689,0.0,55919.02,229.0741,7.2,19.08,4.1372,0.2083
berlin,52.52,13.405,2026-05-13 12:00:00,2026-05-18 23:59:59,18.576,10.776,0.0,54958.555,188.6539,7.6283,21.24,4.1028,5.2812
berlin,52.52,13.405,2026-05-13 12:00:00,2026-05-19 23:59:59,17.476,10.676,0.0,51912.062,285.4158,14.3459,36.0,9.2989,13.6667
rome,41.9028,12.4964,2026-06-15 12:00:00,2026-06-10 23:59:59,28.9915,17.8415,0.0,49166.414,205.1188,14.6896,34.92,7.3744,0.0
rome,41.9028,12.4964,2026-06-15 12:00:00,2026-06-11 23:59:59,25.0415,20.2915,0.0,40323.797,197.4936,14.6896,35.64,8.7374,0.0
rome,41.9028,12.4964,2026-06-15 12:00:00,2026-06-12 23:59:59,30.6415,17.6915,0.0,50397.5,358.8489,16.0715,36.72,10.0896,0.0
rome,41.9028,12.4964,2026-06-15 12:00:00,2026-06-13 23:59:59,30.0415,17.1915,0.0,50400.0,276.1503,14.0815,34.56,5.7975,0.0
rome,41.9028,12.4964,2026-06-15 12:00:00,2026-06-14 23:59:59,29.9915,16.6915,0.0,49564.18,217.2978,13.5515,33.48,6.356,0.0
rome,41.9028,12.4964,2026-06-15 12:00:00,2026-06-15 23:59:59,28.8415,16.7415,0.0,45122.082,193.1726,16.18,39.6,6.9167,0.0
rome,41.9028,12.4964,2026-06-15 12:00:00,2026-06-16 23:59:59,29.6915,19.5415,0.1,45991.04,265.8691,11.6208,31.68,5.1413,5.2083
rome,41.9028,12.4964,2026-06-15 12:00:00,2026-06-17 23:59:59,33.3915,20.2915,0.0,49791.133,271.8416,16.9812,41.4,6.5035,1.0833
rome,41.9028,12.4964,2026-06-15 12:00:00,2026-06-18 23:59:59,34.5415,19.6915,0.0,52563.527,253.1415,13.7791,36.36,5.9079,0.0
rome,41.9028,12.4964,2026-06-15 12:00:00,2026-06-19 23:59:59,34.7915,21.1415,0.0,53445.082,241.3295,13.5276,36.36,5.8859,0.0
rome,41.9028,12.4964,2026-06-15 12:00:00,2026-06-20 23:59:59,36.335,20.285,0.0,53466.54,232.5242,16.4343,38.16,6.2701,0.0
rome,41.9028,12.4964,2026-06-15 12:00:00,2026-06-21 23:59:59,37.885,20.085,0.6,53146.125,246.8791,9.2556,22.68,4.592,0.0
rome,41.9028,12.4964,2026-06-15 12:00:00,2026-06-22 23:59:59,35.9588,21.835,0.6,53494.16,246.7696,10.9111,34.2,5.4049,2.0833
rome,41.9028,12.4964,2026-06-15 12:00:00,2026-06-23 23:59:59,36.4,26.85,0.0,53868.145,242.4473,12.3467,37.08,6.313,2.25
rome,41.9028,12.4964,2026-06-15 12:00:00,2026-06-24 23:59:59,35.5,26.4,0.0,53884.848,235.7326,14.927,42.84,6.7121,3.9583
rome,41.9028,12.4964,2026-06-15 12:00:00,2026-06-25 23:59:59,34.8,24.85,0.0,53900.125,234.7563,13.4326,40.68,5.9545,5.625
rome,41.9028,12.4964,2026-06-15 12:00:00,2026-06-26 23:59:59,33.6,24.6,1.2,53165.74,294.3045,9.8327,46.44,4.7911,6.4583
rome,41.9028,12.4964,2026-06-15 12:00:00,2026-06-27 23:59:59,34.6,24.3,1.2,52837.94,277.5336,10.6307,37.8,6.5039,6.0417
rome,41.9028,12.4964,2026-06-15 12:00:00,2026-06-28 23:59:59,34.65,24.2,0.0,53577.188,247.9709,12.2678,38.16,6.1705,3.1667
valencia,39.4699,-0.3763,2026-06-11 12:00:00,2026-06-06 23:59:59,26.3325,18.8325,0.0,39994.227,122.2959,14.9736,34.92,7.1429,0.0
valencia,39.4699,-0.3763,2026-06-11 12:00:00,2026-06-07 23:59:59,25.6825,19.2825,0.0,45577.45,82.0079,15.1927,37.44,6.8293,0.125
valencia,39.4699,-0.3763,2026-06-11 12:00:00,2026-06-08 23:59:59,26.8825,19.0825,0.0,50400.0,113.1265,14.5789,36.0,7.1543,0.0
valencia,39.4699,-0.3763,2026-06-11 12:00:00,2026-06-11 23:59:59,25.4825,18.8825,0.0,50400.0,99.8992,17.3772,40.68,8.3878,0.0
valencia,39.4699,-0.3763,2026-06-11 12:00:00,2026-06-12 23:59:59,27.7825,18.2825,0.0,50400.0,123.9923,16.8701,39.96,7.0937,0.0
valencia,39.4699,-0.3763,2026-06-11 12:00:00,2026-06-13 23:59:59,29.9825,18.0325,0.0,50400.0,108.4351,10.83,28.44,5.9527,0.0
valencia,39.4699,-0.3763,2026-06-11 12:00:00,2026-06-14 23:59:59,30.1825,19.1825,0.0,51745.785,107.984,12.98,34.92,6.2091,1.0
valencia,39.4699,-0.3763,2026-06-11 12:00:00,2026-06-15 23:59:59,28.2325,21.0325,0.0,45263.93,90.9516,14.5121,37.08,5.7072,4.75
valencia,39.4699,-0.3763,2026-06-11 12:00:00,2026-06-16 23:59:59,32.1145,17.6645,0.0,52070.047,99.4407,14.0446,34.2,6.8037,1.1354
valencia,39.4699,-0.3763,2026-06-11 12:00:00,2026-06-17 23:59:59,28.9,19.1145,0.45,44525.766,99.4937,11.2655,35.64,5.9633,0.4583
valencia,39.4699,-0.3763,2026-06-11 12:00:00,2026-06-18 23:59:59,29.35,22.6,0.0,52372.676,77.8969,12.3047,37.08,6.8295,1.6979
valencia,39.4699,-0.3763,2026-06-11 12:00:00,2026-06-19 23:59:59,28.2,23.15,0.0,52052.188,68.9674,14.3831,43.2,7.2043,0.5
valencia,39.4699,-0.3763,2026-06-11 12:00:00,2026-06-20 23:59:59,28.2,23.15,0.0,52073.43,75.8932,17.4748,48.24,8.2216,0.0
valencia,39.4699,-0.3763,2026-06-11 12:00:00,2026-06-21 23:59:59,28.85,23.75,0.0,48156.605,97.0164,15.3264,45.72,6.751,1.125
valencia,39.4699,-0.3763,2026-06-11 12:00:00,2026-06-22 23:59:59,30.8,24.0,0.0,52113.05,113.6738,11.8977,37.44,5.1653,2.4167
valencia,39.4699,-0.3763,2026-06-11 12:00:00,2026-06-23 23:59:59,29.4,24.35,0.0,52058.004,59.4141,17.3492,48.6,10.2253,7.0417
valencia,39.4699,-0.3763,2026-06-11 12:00:00,2026-06-24 23:59:59,28.45,23.9,0.0,52148.4,74.827,13.1696,41.04,7.4483,5.4583
munich,48.1351,11.582,2026-04-28 12:00:00,2026-04-28 23:59:59,19.565,7.565,0.0,38387.29,78.196,16.2679,37.08,8.3753,0.0
munich,48.1351,11.582,2026-04-28 12:00:00,2026-04-29 23:59:59,16.815,7.665,0.0,41660.367,72.992,17.6547,41.04,13.4104,0.0
munich,48.1351,11.582,2026-04-28 12:00:00,2026-04-30 23:59:59,14.1215,2.115,0.0,50170.95,82.6126,18.9175,48.6,14.6897,0.0
munich,48.1351,11.582,2026-04-28 12:00:00,2026-05-01 23:59:59,19.3715,1.7215,0.0,49771.156,84.7627,13.6278,37.8,9.0874,0.0
munich,48.1351,11.582,2026-04-28 12:00:00,2026-05-02 23:59:59,24.2215,5.1215,0.0,51565.496,87.7024,9.1782,26.64,5.024,0.0
munich,48.1351,11.582,2026-04-28 12:00:00,2026-05-03 23:59:59,23.608,7.0215,0.0,45875.066,305.4424,7.4216,18.72,3.4243,12.4271
munich,48.1351,11.582,2026-04-28 12:00:00,2026-05-04 23:59:59,18.808,11.508,6.3,32318.344,352.6477,8.5873,19.08,5.5087,31.2917
aachen,50.7753,6.0839,2026-04-30 12:00:00,2026-04-30 23:59:59,19.726,7.876,0.0,48148.46,98.0002,22.32,47.52,16.8,0.0
aachen,50.7753,6.0839,2026-04-30 12:00:00,2026-05-01 23:59:59,24.976,10.426,0.0,48863.312,121.7163,16.56,36.36,12.375,0.0
aachen,50.7753,6.0839,2026-04-30 12:00:00,2026-05-02 23:59:59,24.676,14.876,0.15,37156.81,188.4738,15.84,33.84,9.452,16.375
aachen,50.7753,6.0839,2026-04-30 12:00:00,2026-05-03 23:59:59,18.8,13.75,0.7,12730.595,205.7136,22.5453,53.64,16.5166,21.7083
aachen,50.7753,6.0839,2026-04-30 12:00:00,2026-05-04 23:59:59,18.7,11.65,1.5,32428.0,6.0254,13.2027,27.0,7.8149,36.75
aachen,50.7753,6.0839,2026-04-30 12:00:00,2026-05-05 23:59:59,14.15,6.9,4.5,42291.312,37.6344,17.3399,40.32,14.0602,26.4167
aachen,50.7753,6.0839,2026-04-30 12:00:00,2026-05-06 23:59:59,13.65,5.5,0.0,37728.844,27.4684,11.7263,29.16,10.6243,35.125
london,51.5074,-0.1278,2026-05-18 12:00:00,2026-05-18 23:59:59,14.091,8.491,0.5,10867.015,224.2641,19.44,41.4,13.425,38.7917
london,51.5074,-0.1278,2026-05-18 12:00:00,2026-05-19 23:59:59,16.891,11.491,6.5,11992.406,195.8968,23.4,50.04,16.965,68.8333
london,51.5074,-0.1278,2026-05-18 12:00:00,2026-05-20 23:59:59,20.4045,12.6886,2.0,52838.406,238.6612,21.24,43.56,18.1312,20.9583
london,51.5074,-0.1278,2026-05-18 12:00:00,2026-05-21 23:59:59,23.3545,13.9045,0.0,42791.49,213.0332,14.76,32.04,13.095,0.0
london,51.5074,-0.1278,2026-05-18 12:00:00,2026-05-22 23:59:59,26.7045,16.5545,0.7,56614.6,167.2114,16.92,36.72,10.935,2.3333
london,51.5074,-0.1278,2026-05-18 12:00:00,2026-05-23 23:59:59,21.8045,16.1045,3.8,38319.637,265.3649,16.92,36.36,14.04,14.375
london,51.5074,-0.1278,2026-05-18 12:00:00,2026-05-24 23:59:59,26.95,14.0045,1.8,56906.824,54.9539,12.8306,37.08,8.9309,4.5833
valencia,39.4699,-0.3763,2026-05-17 12:00:00,2026-05-17 23:59:59,22.0325,11.9325,0.0,42578.945,100.6922,13.32,30.96,6.2642,5.5833
valencia,39.4699,-0.3763,2026-05-17 12:00:00,2026-05-18 23:59:59,23.4825,13.6325,0.0,48705.3,94.4364,16.0755,36.36,7.2164,2.3333
valencia,39.4699,-0.3763,2026-05-17 12:00:00,2026-05-19 23:59:59,25.8825,15.0325,0.0,49955.453,76.7391,16.7506,37.8,7.6016,0.0
valencia,39.4699,-0.3763,2026-05-17 12:00:00,2026-05-20 23:59:59,23.4325,15.5825,0.0,50480.188,67.2722,14.7776,35.28,7.5004,0.0
valencia,39.4699,-0.3763,2026-05-17 12:00:00,2026-05-21 23:59:59,25.1825,15.1825,0.0,50455.668,89.1787,14.1182,32.76,6.5848,0.0
valencia,39.4699,-0.3763,2026-05-17 12:00:00,2026-05-22 23:59:59,31.5645,13.4645,0.0,50431.55,114.4869,16.642,37.8,7.718,0.0
valencia,39.4699,-0.3763,2026-05-17 12:00:00,2026-05-23 23:59:59,31.7145,14.5645,0.0,50407.484,119.4983,19.1749,40.32,8.4939,0.0
freiburg,47.999,7.8421,2026-06-16 12:00:00,2026-06-11 23:59:59,18.548,11.198,2.5,45811.094,239.7887,13.0049,33.12,7.7239,7.0
freiburg,47.999,7.8421,2026-06-16 12:00:00,2026-06-12 23:59:59,19.748,15.298,1.2,63.3995,203.4735,17.2537,41.04,12.4732,27.625
freiburg,47.999,7.8421,2026-06-16 12:00:00,2026-06-13 23:59:59,28.098,18.648,0.0,52085.79,225.8068,19.9597,45.36,14.3108,0.375
freiburg,47.999,7.8421,2026-06-16 12:00:00,2026-06-14 23:59:59,25.648,16.848,0.0,54000.0,330.8284,13.281,37.08,7.3603,0.0
freiburg,47.999,7.8421,2026-06-16 12:00:00,2026-06-15 23:59:59,24.798,11.498,0.0,54000.0,32.0054,9.0,20.52,4.2443,0.0
freiburg,47.999,7.8421,2026-06-16 12:00:00,2026-06-16 23:59:59,28.498,16.298,0.0,34342.957,166.0068,12.925,36.0,7.0121,4.375
freiburg,47.999,7.8421,2026-06-16 12:00:00,2026-06-17 23:59:59,30.648,18.148,0.0,54000.0,109.359,8.9059,19.8,5.0303,0.2083
freiburg,47.999,7.8421,2026-06-16 12:00:00,2026-06-18 23:59:59,34.948,20.098,0.0,54000.0,147.4208,7.7295,19.08,4.9674,0.0
freiburg,47.999,7.8421,2026-06-16 12:00:00,2026-06-19 23:59:59,35.881,19.831,0.0,45595.453,201.7503,10.9726,28.44,5.8199,5.6667
freiburg,47.999,7.8421,2026-06-16 12:00:00,2026-06-20 23:59:59,35.381,22.481,0.3,55417.375,213.0031,14.5655,38.52,7.7143,1.5833
freiburg,47.999,7.8421,2026-06-16 12:00:00,2026-06-21 23:59:59,37.1155,21.681,0.0,55842.254,109.5978,8.0498,16.2,3.8812,3.4896
freiburg,47.999,7.8421,2026-06-16 12:00:00,2026-06-22 23:59:59,35.2155,20.6155,0.0,55418.363,45.8449,14.2052,33.12,6.454,8.9167
freiburg,47.999,7.8421,2026-06-16 12:00:00,2026-06-23 23:59:59,29.9655,19.7155,0.0,53970.01,16.8006,15.5427,36.72,7.837,5.9583
freiburg,47.999,7.8421,2026-06-16 12:00:00,2026-06-24 23:59:59,29.35,19.75,0.0,56956.22,12.9072,8.4906,30.96,6.8375,14.1979
freiburg,47.999,7.8421,2026-06-16 12:00:00,2026-06-25 23:59:59,30.35,18.1,0.0,56964.246,3.8598,12.5252,31.68,7.0269,3.625
freiburg,47.999,7.8421,2026-06-16 12:00:00,2026-06-26 23:59:59,30.6,18.6,0.0,56564.117,4.9259,13.524,35.64,7.2879,9.5417
freiburg,47.999,7.8421,2026-06-16 12:00:00,2026-06-27 23:59:59,33.0,19.45,0.0,56914.42,12.8679,11.9195,32.76,6.6764,7.5417
freiburg,47.999,7.8421,2026-06-16 12:00:00,2026-06-28 23:59:59,35.75,21.1,0.0,56882.332,348.7941,6.7205,28.08,4.6127,5.9583
freiburg,47.999,7.8421,2026-06-16 12:00:00,2026-06-29 23:59:59,31.15,24.05,0.0,56588.008,16.4905,13.8038,36.0,10.3735,10.625
rome,41.9028,12.4964,2026-06-16 12:00:00,2026-06-15 23:59:59,29.1915,16.7415,0.0,43091.395,189.302,16.8625,41.4,7.1379,0.0
rome,41.9028,12.4964,2026-06-16 12:00:00,2026-06-16 23:59:59,30.6915,19.0915,0.3,49157.855,260.9307,14.1824,34.92,5.5846,2.3333
rome,41.9028,12.4964,2026-06-16 12:00:00,2026-06-17 23:59:59,33.1915,20.0915,0.1,49582.824,263.8782,17.6547,41.04,6.3711,1.5833
rome,41.9028,12.4964,2026-06-16 12:00:00,2026-06-18 23:59:59,34.7415,21.1415,0.0,50012.555,244.5638,15.6838,38.88,5.7479,0.375
rome,41.9028,12.4964,2026-06-16 12:00:00,2026-06-19 23:59:59,35.3915,21.9915,0.0,51799.63,245.2772,14.8126,36.0,6.3392,0.0
rome,41.9028,12.4964,2026-06-16 12:00:00,2026-06-20 23:59:59,35.2415,22.5915,0.0,53466.54,239.6054,14.5789,36.36,6.3396,0.0
rome,41.9028,12.4964,2026-06-16 12:00:00,2026-06-21 23:59:59,37.935,22.5915,0.0,53486.89,252.7117,16.9238,41.76,6.5405,0.2812
rome,41.9028,12.4964,2026-06-16 12:00:00,2026-06-22 23:59:59,37.535,20.685,0.0,51724.402,228.1715,14.4,36.72,5.4609,0.0
rome,41.9028,12.4964,2026-06-16 12:00:00,2026-06-23 23:59:59,36.085,21.585,0.0,53524.223,222.0732,15.5302,38.16,6.0892,0.4583
rome,41.9028,12.4964,2026-06-16 12:00:00,2026-06-24 23:59:59,35.55,25.5338,0.0,53525.05,246.6981,13.2883,40.68,5.7536,1.2188
rome,41.9028,12.4964,2026-06-16 12:00:00,2026-06-25 23:59:59,37.5,25.85,0.0,53540.4,261.3809,9.3548,42.48,5.7078,3.625
rome,41.9028,12.4964,2026-06-16 12:00:00,2026-06-26 23:59:59,35.3,25.95,0.6,53554.38,306.0715,13.4507,39.6,6.4127,7.6667
rome,41.9028,12.4964,2026-06-16 12:00:00,2026-06-27 23:59:59,37.85,24.75,1.8,53566.547,341.5041,9.7815,42.48,7.3191,8.4583
rome,41.9028,12.4964,2026-06-16 12:00:00,2026-06-28 23:59:59,35.2,26.75,0.0,53577.188,236.4992,14.7303,44.28,6.6078,7.4583
rome,41.9028,12.4964,2026-06-16 12:00:00,2026-06-29 23:59:59,35.25,26.5,0.0,53586.047,224.2304,14.9042,44.28,6.7714,2.5417
berlin,52.52,13.405,2026-04-27 12:00:00,2026-04-27 23:59:59,16.152,4.952,0.0,41455.64,353.2339,14.0584,30.96,7.4092,0.0
berlin,52.52,13.405,2026-04-27 12:00:00,2026-04-28 23:59:59,14.002,3.702,0.0,50400.0,58.1661,14.5121,32.76,11.8111,0.0
berlin,52.52,13.405,2026-04-27 12:00:00,2026-04-29 23:59:59,13.939,3.7238,0.0,50400.0,63.7433,11.4806,30.24,8.0865,0.0
berlin,52.52,13.405,2026-04-27 12:00:00,2026-04-30 23:59:59,17.139,3.439,0.0,50876.92,43.8822,7.2,18.36,4.7087,0.0
berlin,52.52,13.405,2026-04-27 12:00:00,2026-05-01 23:59:59,22.039,7.189,0.0,52277.04,46.9034,7.7546,20.88,4.0142,0.0
berlin,52.52,13.405,2026-04-27 12:00:00,2026-05-02 23:59:59,24.126,9.776,0.0,52652.72,145.5077,11.441,29.16,8.0833,0.0
berlin,52.52,13.405,2026-04-27 12:00:00,2026-05-03 23:59:59,24.826,9.776,0.6,51240.566,149.5813,12.2453,32.4,9.7939,4.0
valencia,39.4699,-0.3763,2026-04-15 12:00:00,2026-04-15 23:59:59,23.9325,10.9325,0.0,44255.984,161.5651,14.3369,34.92,6.3625,0.0
valencia,39.4699,-0.3763,2026-04-15 12:00:00,2026-04-16 23:59:59,21.6325,12.0825,0.0,44490.816,76.866,13.5849,33.12,6.2199,0.0
valencia,39.4699,-0.3763,2026-04-15 12:00:00,2026-04-17 23:59:59,21.5325,12.8325,0.0,43701.008,70.1104,11.7924,29.52,5.9953,0.0
valencia,39.4699,-0.3763,2026-04-15 12:00:00,2026-04-18 23:59:59,22.3825,12.5325,0.0,45464.277,68.7136,12.3139,31.32,5.9093,0.0
valencia,39.4699,-0.3763,2026-04-15 12:00:00,2026-04-19 23:59:59,22.8825,12.4825,0.0,46248.062,86.6662,12.7228,31.32,6.1669,0.0
valencia,39.4699,-0.3763,2026-04-15 12:00:00,2026-04-20 23:59:59,26.4145,12.7825,0.0,45583.07,98.2999,12.1016,30.24,5.6878,0.0
valencia,39.4699,-0.3763,2026-04-15 12:00:00,2026-04-21 23:59:59,24.7145,13.9645,0.0,47205.36,107.2925,10.788,28.44,4.5526,2.3333
aachen,50.7753,6.0839,2026-05-05 12:00:00,2026-05-05 23:59:59,14.576,11.376,10.0,1093.6754,354.9712,9.72,21.6,5.085,78.0833
aachen,50.7753,6.0839,2026-05-05 12:00:00,2026-05-06 23:59:59,11.326,7.526,12.2,0.0,347.3388,10.44,20.88,7.935,84.5
aachen,50.7753,6.0839,2026-05-05 12:00:00,2026-05-07 23:59:59,16.876,7.476,0.7,41649.145,29.0739,10.44,21.96,7.2954,18.1667
aachen,50.7753,6.0839,2026-05-05 12:00:00,2026-05-08 23:59:59,17.0,6.6,1.0,51962.145,87.3115,11.3685,25.2,7.3714,8.4583
aachen,50.7753,6.0839,2026-05-05 12:00:00,2026-05-09 23:59:59,21.4,11.45,1.5,53875.086,131.8261,11.7924,23.04,7.737,20.125
aachen,50.7753,6.0839,2026-05-05 12:00:00,2026-05-10 23:59:59,20.35,13.75,5.1,46479.133,189.9369,18.252,43.56,15.4419,33.875
aachen,50.7753,6.0839,2026-05-05 12:00:00,2026-05-11 23:59:59,20.1,13.2,0.0,52606.305,190.8755,19.1588,38.52,13.3885,38.875
munich,48.1351,11.582,2026-05-05 12:00:00,2026-05-05 23:59:59,22.915,12.015,1.4,40611.598,277.8245,20.5705,43.2,8.0368,11.875
munich,48.1351,11.582,2026-05-05 12:00:00,2026-05-06 23:59:59,20.615,11.565,7.2,30529.205,191.0702,18.5984,67.32,7.7793,25.9167
munich,48.1351,11.582,2026-05-05 12:00:00,2026-05-07 23:59:59,16.4715,9.2666,2.4,40300.59,245.7964,15.6175,35.28,8.137,25.4167
munich,48.1351,11.582,2026-05-05 12:00:00,2026-05-08 23:59:59,19.9715,7.6215,0.0,48504.73,57.2977,7.7043,22.68,4.0352,4.0417
munich,48.1351,11.582,2026-05-05 12:00:00,2026-05-09 23:59:59,22.1215,10.9715,0.0,43104.805,74.2913,10.3088,31.68,4.3349,8.8333
munich,48.1351,11.582,2026-05-05 12:00:00,2026-05-10 23:59:59,23.658,11.5215,0.0,40053.29,44.6712,8.7592,19.08,4.755,12.2604
munich,48.1351,11.582,2026-05-05 12:00:00,2026-05-11 23:59:59,18.658,10.908,7.8,43391.027,264.2895,12.7279,41.04,7.543,33.7083
aachen,50.7753,6.0839,2026-04-28 12:00:00,2026-04-28 23:59:59,20.926,8.576,0.0,45844.67,64.8576,19.44,41.04,12.165,0.0
aachen,50.7753,6.0839,2026-04-28 12:00:00,2026-04-29 23:59:59,19.776,8.176,0.0,47864.52,79.5406,20.88,44.64,16.875,0.0
aachen,50.7753,6.0839,2026-04-28 12:00:00,2026-04-30 23:59:59,20.326,8.726,0.0,48169.33,96.9349,22.68,47.52,17.5988,0.0
aachen,50.7753,6.0839,2026-04-28 12:00:00,2026-05-01 23:59:59,23.7,10.15,0.0,52419.438,131.631,19.3573,38.88,14.3531,0.3333
aachen,50.7753,6.0839,2026-04-28 12:00:00,2026-05-02 23:59:59,21.95,13.9,5.1,37612.75,206.1116,18.9308,37.08,10.9987,25.75
aachen,50.7753,6.0839,2026-04-28 12:00:00,2026-05-03 23:59:59,17.55,11.35,15.3,36384.926,157.3801,9.9587,28.8,4.8227,24.3333
aachen,50.7753,6.0839,2026-04-28 12:00:00,2026-05-04 23:59:59,16.35,11.9,8.7,0.0,200.8025,10.594,24.12,5.1649,31.9583
zurich,47.3769,8.5472,2026-06-14 12:00:00,2026-06-09 23:59:59,18.572,14.022,4.6,0.0,209.124,10.594,33.84,6.5283,33.4583
zurich,47.3769,8.5472,2026-06-14 12:00:00,2026-06-10 23:59:59,13.872,11.222,6.6,2326.1313,221.4457,13.4411,32.4,5.6313,38.4583
zurich,47.3769,8.5472,2026-06-14 12:00:00,2026-06-14 23:59:59,26.672,17.872,0.0,54000.0,269.5633,21.4071,46.08,11.7439,0.0
zurich,47.3769,8.5472,2026-06-14 12:00:00,2026-06-15 23:59:59,24.972,14.122,0.0,54000.0,298.1167,15.9785,35.64,7.0461,0.125
zurich,47.3769,8.5472,2026-06-14 12:00:00,2026-06-16 23:59:59,25.506,16.272,0.05,32587.297,114.4478,9.2275,24.84,3.6772,2.2917
zurich,47.3769,8.5472,2026-06-14 12:00:00,2026-06-17 23:59:59,31.156,16.256,0.0,54259.188,246.222,12.0156,30.24,5.9566,0.0
zurich,47.3769,8.5472,2026-06-14 12:00:00,2026-06-18 23:59:59,34.006,18.806,0.0,54718.582,142.2669,5.8048,14.76,3.3739,0.75
zurich,47.3769,8.5472,2026-06-14 12:00:00,2026-06-19 23:59:59,32.8595,20.106,0.3,54475.76,133.4173,5.816,18.36,4.013,0.0417
zurich,47.3769,8.5472,2026-06-14 12:00:00,2026-06-20 23:59:59,31.2595,20.2595,0.3,53273.7,223.3376,10.4957,26.28,5.0044,0.7083
zurich,47.3769,8.5472,2026-06-14 12:00:00,2026-06-21 23:59:59,33.55,20.3595,0.0,55541.742,79.2599,10.9933,40.32,4.8243,8.4062
zurich,47.3769,8.5472,2026-06-14 12:00:00,2026-06-22 23:59:59,33.2,22.6,0.9,56361.137,120.7774,5.1544,33.84,2.1889,8.6667
zurich,47.3769,8.5472,2026-06-14 12:00:00,2026-06-23 23:59:59,32.7,21.45,0.3,56543.562,282.3807,8.0357,28.44,4.3082,20.875
zurich,47.3769,8.5472,2026-06-14 12:00:00,2026-06-24 23:59:59,32.9,22.25,0.0,56559.285,42.6141,2.9795,27.36,1.5001,12.5833
zurich,47.3769,8.5472,2026-06-14 12:00:00,2026-06-25 23:59:59,31.6,21.7,0.0,56573.168,49.8991,11.967,35.64,9.9318,12.5833
zurich,47.3769,8.5472,2026-06-14 12:00:00,2026-06-26 23:59:59,34.5,21.1,0.0,56386.074,294.7751,7.3094,29.16,4.6928,11.875
zurich,47.3769,8.5472,2026-06-14 12:00:00,2026-06-27 23:59:59,34.95,20.9,9.9,55577.098,119.2592,6.7853,48.96,2.4736,15.4167
munich,48.1351,11.582,2026-06-04 12:00:00,2026-06-04 23:59:59,23.115,11.265,4.4,38102.055,238.8894,16.6575,41.76,8.6977,17.7917
munich,48.1351,11.582,2026-06-04 12:00:00,2026-06-05 23:59:59,17.915,11.615,14.3,17057.83,227.1128,13.0447,28.08,7.2155,46.1667
munich,48.1351,11.582,2026-06-04 12:00:00,2026-06-06 23:59:59,21.0715,9.8215,0.6,36096.35,192.0683,8.64,25.92,5.3871,9.125
munich,48.1351,11.582,2026-06-04 12:00:00,2026-06-07 23:59:59,22.7715,12.9715,0.0,51694.555,266.2302,15.4842,42.84,8.6573,11.5833
munich,48.1351,11.582,2026-06-04 12:00:00,2026-06-08 23:59:59,25.9715,11.6715,0.0,56359.18,97.8266,7.9527,25.56,5.0607,1.0417
munich,48.1351,11.582,2026-06-04 12:00:00,2026-06-09 23:59:59,18.708,14.808,13.2,0.0,250.723,13.5706,36.0,7.4466,60.4375
munich,48.1351,11.582,2026-06-04 12:00:00,2026-06-10 23:59:59,18.758,12.358,1.8,35854.207,263.764,8.4043,21.24,4.892,38.375
hamburg,53.5511,9.9937,2026-06-15 12:00:00,2026-06-10 23:59:59,18.9735,10.1735,2.6,44357.566,240.6532,20.8707,46.44,10.0957,21.1667
hamburg,53.5511,9.9937,2026-06-15 12:00:00,2026-06-11 23:59:59,17.2235,10.2235,1.3,43889.324,257.7964,12.96,32.04,7.4762,15.7083
hamburg,53.5511,9.9937,2026-06-15 12:00:00,2026-06-12 23:59:59,18.6735,11.4735,0.8,3297.3894,232.5627,20.2114,46.44,10.4655,21.875
hamburg,53.5511,9.9937,2026-06-15 12:00:00,2026-06-13 23:59:59,17.2735,12.6735,2.5,25678.828,262.9365,27.0024,56.52,16.3151,7.75
hamburg,53.5511,9.9937,2026-06-15 12:00:00,2026-06-14 23:59:59,16.3235,10.9735,4.9,13961.957,279.7194,25.7595,53.64,19.0398,18.3333
hamburg,53.5511,9.9937,2026-06-15 12:00:00,2026-06-15 23:59:59,17.1235,12.5235,0.0,41733.605,284.7779,27.3695,55.8,19.5748,0.0
hamburg,53.5511,9.9937,2026-06-15 12:00:00,2026-06-16 23:59:59,18.8735,10.3235,0.0,46410.688,279.8276,10.4957,25.56,7.6216,0.4583
hamburg,53.5511,9.9937,2026-06-15 12:00:00,2026-06-17 23:59:59,21.115,10.765,0.0,18358.814,245.6736,12.1443,31.32,6.3467,5.6667
hamburg,53.5511,9.9937,2026-06-15 12:00:00,2026-06-18 23:59:59,26.265,16.665,0.0,41914.17,244.9123,12.9049,32.76,8.6274,3.9167
hamburg,53.5511,9.9937,2026-06-15 12:00:00,2026-06-19 23:59:59,32.215,18.565,0.0,57039.184,176.5388,9.1782,34.56,5.2714,8.875
hamburg,53.5511,9.9937,2026-06-15 12:00:00,2026-06-20 23:59:59,27.326,21.526,5.1,58853.387,262.5185,11.3842,34.56,6.6413,21.1042
hamburg,53.5511,9.9937,2026-06-15 12:00:00,2026-06-21 23:59:59,27.376,19.026,4.2,32785.574,293.6292,8.0498,32.04,3.7797,12.5833
hamburg,53.5511,9.9937,2026-06-15 12:00:00,2026-06-22 23:59:59,24.2,19.276,0.0,55177.633,65.0275,13.8542,30.24,7.0772,8.0208
hamburg,53.5511,9.9937,2026-06-15 12:00:00,2026-06-23 23:59:59,28.5,16.3,0.3,60349.824,113.4439,17.4906,43.92,13.8665,19.4167
hamburg,53.5511,9.9937,2026-06-15 12:00:00,2026-06-24 23:59:59,23.6,18.25,5.7,31018.328,263.4619,20.2322,46.8,14.3285,9.0417
hamburg,53.5511,9.9937,2026-06-15 12:00:00,2026-06-25 23:59:59,21.1,16.35,0.0,60354.28,293.8495,22.2284,54.0,16.415,10.4583
hamburg,53.5511,9.9937,2026-06-15 12:00:00,2026-06-26 23:59:59,26.15,14.85,0.0,60351.312,248.1986,9.1446,39.96,5.3448,8.5417
hamburg,53.5511,9.9937,2026-06-15 12:00:00,2026-06-27 23:59:59,28.45,19.9,0.6,60317.777,259.3989,16.238,39.96,10.3496,7.5833
hamburg,53.5511,9.9937,2026-06-15 12:00:00,2026-06-28 23:59:59,21.05,15.95,0.0,60275.598,302.7352,21.7681,55.8,17.3378,18.5
berlin,52.52,13.405,2026-05-15 12:00:00,2026-05-15 23:59:59,15.152,5.202,0.4,36203.83,272.2835,13.7791,35.28,5.9088,0.7083
berlin,52.52,13.405,2026-05-15 12:00:00,2026-05-16 23:59:59,14.402,6.702,0.0,51611.242,269.9083,16.2639,39.24,9.6547,0.5833
berlin,52.52,13.405,2026-05-15 12:00:00,2026-05-17 23:59:59,17.489,6.7738,0.1,40529.164,196.5216,9.2905,26.64,5.4341,0.7083
berlin,52.52,13.405,2026-05-15 12:00:00,2026-05-18 23:59:59,20.539,8.889,0.0,54848.008,124.8951,7.4216,22.68,4.4589,6.0
berlin,52.52,13.405,2026-05-15 12:00:00,2026-05-19 23:59:59,20.839,9.839,0.0,56023.05,216.2767,7.5686,21.6,5.6011,5.875
berlin,52.52,13.405,2026-05-15 12:00:00,2026-05-20 23:59:59,21.226,13.776,3.6,36435.918,199.3636,10.6915,34.92,7.1626,12.6667
berlin,52.52,13.405,2026-05-15 12:00:00,2026-05-21 23:59:59,23.076,12.376,0.0,56990.3,275.6578,7.0729,22.68,5.1265,16.1667
munich,48.1351,11.582,2026-04-18 12:00:00,2026-04-18 23:59:59,21.215,7.615,0.0,45985.363,64.4402,8.3734,19.8,3.9329,0.0
munich,48.1351,11.582,2026-04-18 12:00:00,2026-04-19 23:59:59,17.515,8.715,0.1,19599.693,278.8269,20.5232,48.6,11.6277,34.5417
munich,48.1351,11.582,2026-04-18 12:00:00,2026-04-20 23:59:59,13.815,4.665,0.0,41062.453,314.4088,13.1042,31.32,6.5762,2.75
munich,48.1351,11.582,2026-04-18 12:00:00,2026-04-21 23:59:59,13.1215,2.9715,0.0,44170.76,46.41,12.1016,32.76,6.9672,7.125
munich,48.1351,11.582,2026-04-18 12:00:00,2026-04-22 23:59:59,13.3215,2.0215,0.0,49409.77,68.4046,13.3589,36.36,7.3739,0.25
munich,48.1351,11.582,2026-04-18 12:00:00,2026-04-23 23:59:59,14.958,2.9715,0.0,49519.332,9.9785,8.7592,20.52,3.8479,1.9167
munich,48.1351,11.582,2026-04-18 12:00:00,2026-04-24 23:59:59,18.358,1.208,0.0,49642.83,262.8751,8.655,20.16,5.2558,2.5
lisbon,38.7223,-9.1393,2026-06-15 12:00:00,2026-06-10 23:59:59,27.2415,15.7915,0.0,52170.883,350.3423,21.4132,52.56,16.7195,0.0
lisbon,38.7223,-9.1393,2026-06-15 12:00:00,2026-06-15 23:59:59,26.2915,17.8415,0.0,50965.664,341.5182,18.6819,42.48,11.7355,0.0
lisbon,38.7223,-9.1393,2026-06-15 12:00:00,2026-06-16 23:59:59,27.9915,17.4415,0.0,51324.316,344.0178,20.9296,46.8,12.9691,0.0
lisbon,38.7223,-9.1393,2026-06-15 12:00:00,2026-06-17 23:59:59,30.0915,17.9415,0.0,52351.652,338.7494,19.3866,43.92,9.1298,0.0
lisbon,38.7223,-9.1393,2026-06-15 12:00:00,2026-06-18 23:59:59,29.1915,18.1915,0.0,51371.457,336.5497,16.2997,38.88,8.6137,0.0
lisbon,38.7223,-9.1393,2026-06-15 12:00:00,2026-06-19 23:59:59,28.4415,17.8915,0.0,49635.99,338.3288,17.9748,40.32,9.7441,0.0
lisbon,38.7223,-9.1393,2026-06-15 12:00:00,2026-06-20 23:59:59,30.3135,18.0135,0.0,52067.312,324.2548,13.5515,30.6,6.198,0.0
lisbon,38.7223,-9.1393,2026-06-15 12:00:00,2026-06-21 23:59:59,32.3635,19.6635,0.0,52087.95,343.3007,18.2147,44.64,7.9115,0.0
lisbon,38.7223,-9.1393,2026-06-15 12:00:00,2026-06-22 23:59:59,33.8,19.8635,0.0,52130.97,358.5138,19.9597,46.08,11.3024,0.9688
lisbon,38.7223,-9.1393,2026-06-15 12:00:00,2026-06-23 23:59:59,30.8,18.8,0.0,51141.035,357.0298,20.1865,47.52,17.5581,2.0
lisbon,38.7223,-9.1393,2026-06-15 12:00:00,2026-06-24 23:59:59,31.25,17.0,0.0,52915.367,339.2096,16.209,46.44,11.1752,2.0
lisbon,38.7223,-9.1393,2026-06-15 12:00:00,2026-06-25 23:59:59,30.85,16.9,0.0,51158.598,323.4192,19.9085,48.96,11.747,2.4583
lisbon,38.7223,-9.1393,2026-06-15 12:00:00,2026-06-26 23:59:59,29.7,17.05,0.0,51168.16,336.519,18.5015,46.8,13.698,4.6667
lisbon,38.7223,-9.1393,2026-06-15 12:00:00,2026-06-27 23:59:59,30.0,16.65,0.0,51178.184,7.8582,13.1412,43.56,9.3769,3.5
lisbon,38.7223,-9.1393,2026-06-15 12:00:00,2026-06-28 23:59:59,35.3,18.25,0.0,52832.66,326.4092,15.8829,39.6,6.4869,3.75
valencia,39.4699,-0.3763,2026-05-14 12:00:00,2026-05-14 23:59:59,27.8325,14.2325,0.0,50400.0,3.1363,20.8085,50.04,7.6786,0.0
valencia,39.4699,-0.3763,2026-05-14 12:00:00,2026-05-15 23:59:59,21.4325,14.5325,1.3,21465.61,326.0564,17.8772,41.04,6.0959,14.5
valencia,39.4699,-0.3763,2026-05-14 12:00:00,2026-05-16 23:59:59,23.6325,10.1825,0.0,50400.0,190.3326,20.0892,44.64,8.5146,0.0
valencia,39.4699,-0.3763,2026-05-14 12:00:00,2026-05-17 23:59:59,22.6825,12.9825,2.4,50400.0,67.6894,15.5468,36.72,8.3714,1.0
valencia,39.4699,-0.3763,2026-05-14 12:00:00,2026-05-18 23:59:59,20.5825,14.6825,6.9,47066.016,64.3327,12.24,29.16,7.4432,3.875
valencia,39.4699,-0.3763,2026-05-14 12:00:00,2026-05-19 23:59:59,23.9645,12.7145,0.0,50400.0,119.461,14.7644,34.56,6.9771,0.0
valencia,39.4699,-0.3763,2026-05-14 12:00:00,2026-05-20 23:59:59,25.2645,14.5145,0.0,49256.668,90.4197,15.8931,36.72,6.7751,0.0
london,51.5074,-0.1278,2026-04-24 12:00:00,2026-04-24 23:59:59,17.841,6.091,0.0,46800.0,78.2601,15.12,34.2,12.015,0.0
london,51.5074,-0.1278,2026-04-24 12:00:00,2026-04-25 23:59:59,19.691,6.941,0.0,46800.0,73.366,10.08,21.24,5.715,0.0
london,51.5074,-0.1278,2026-04-24 12:00:00,2026-04-26 23:59:59,16.3045,9.4761,0.0,50400.0,91.045,12.96,28.08,10.5225,0.3333
london,51.5074,-0.1278,2026-04-24 12:00:00,2026-04-27 23:59:59,17.2045,8.1045,2.1,31566.25,80.9065,15.84,33.84,8.25,5.9583
london,51.5074,-0.1278,2026-04-24 12:00:00,2026-04-28 23:59:59,15.9545,7.3545,0.0,40713.758,49.1303,23.76,49.68,19.455,6.875
london,51.5074,-0.1278,2026-04-24 12:00:00,2026-04-29 23:59:59,14.5545,7.2545,0.0,51023.03,64.012,29.16,61.56,21.78,0.25
london,51.5074,-0.1278,2026-04-24 12:00:00,2026-04-30 23:59:59,18.7,8.4545,0.0,51992.652,80.3546,24.12,50.94,19.5052,2.625
zurich,47.3769,8.5472,2026-06-15 12:00:00,2026-06-15 23:59:59,24.972,14.122,0.0,54000.0,295.2091,16.4343,35.28,6.7026,0.0
zurich,47.3769,8.5472,2026-06-15 12:00:00,2026-06-16 23:59:59,27.222,16.072,0.0,42721.11,174.0686,11.2985,24.48,4.2076,0.8333
zurich,47.3769,8.5472,2026-06-15 12:00:00,2026-06-17 23:59:59,30.256,17.006,0.0,51481.723,256.6863,11.2698,30.24,6.0361,0.0
zurich,47.3769,8.5472,2026-06-15 12:00:00,2026-06-18 23:59:59,33.406,18.006,0.0,54248.965,75.9637,5.3518,16.92,3.6316,0.0
zurich,47.3769,8.5472,2026-06-15 12:00:00,2026-06-19 23:59:59,32.806,20.606,0.3,41988.445,158.085,5.8048,12.6,3.2394,6.4583
zurich,47.3769,8.5472,2026-06-15 12:00:00,2026-06-20 23:59:59,32.8095,19.6095,1.5,48231.816,178.3199,13.3976,50.76,4.7415,6.3021
zurich,47.3769,8.5472,2026-06-15 12:00:00,2026-06-21 23:59:59,34.9595,20.2595,0.0,55120.875,103.6168,5.6234,15.84,3.7984,1.0417
zurich,47.3769,8.5472,2026-06-15 12:00:00,2026-06-22 23:59:59,34.9524,21.0095,0.0,55707.984,142.0685,12.4565,37.08,5.7742,9.3438
zurich,47.3769,8.5472,2026-06-15 12:00:00,2026-06-23 23:59:59,35.35,22.35,0.0,56665.29,230.9554,8.6137,41.04,4.5522,13.0417
zurich,47.3769,8.5472,2026-06-15 12:00:00,2026-06-24 23:59:59,26.05,18.15,38.7,42278.453,210.2204,7.0843,31.68,5.4535,10.5417
zurich,47.3769,8.5472,2026-06-15 12:00:00,2026-06-25 23:59:59,23.0,16.6,3.3,38433.645,38.7307,11.2121,29.16,6.7067,7.9583
zurich,47.3769,8.5472,2026-06-15 12:00:00,2026-06-26 23:59:59,26.8,16.95,0.0,56585.15,31.8001,11.6389,28.8,6.3102,6.2917
zurich,47.3769,8.5472,2026-06-15 12:00:00,2026-06-27 23:59:59,28.65,20.15,0.0,55577.504,234.626,10.1632,28.44,4.8144,9.0833
zurich,47.3769,8.5472,2026-06-15 12:00:00,2026-06-28 23:59:59,26.95,19.1,4.2,55783.92,257.6584,9.6228,29.16,6.4564,15.9583
hamburg,53.5511,9.9937,2026-06-14 12:00:00,2026-06-09 23:59:59,18.5735,13.7735,4.8,26235.104,249.794,17.6106,48.24,13.1689,45.0
hamburg,53.5511,9.9937,2026-06-14 12:00:00,2026-06-14 23:59:59,16.3235,10.9735,5.0,12053.346,278.8406,25.7595,53.64,18.8418,18.3333
hamburg,53.5511,9.9937,2026-06-14 12:00:00,2026-06-15 23:59:59,16.8735,12.1235,0.0,34394.668,283.757,27.7083,55.44,18.5701,0.125
hamburg,53.5511,9.9937,2026-06-14 12:00:00,2026-06-16 23:59:59,20.265,10.4735,0.0,50272.297,267.8185,10.4957,23.76,6.1164,0.0
hamburg,53.5511,9.9937,2026-06-14 12:00:00,2026-06-17 23:59:59,19.365,13.515,2.6,0.0,207.824,10.8837,27.36,5.4248,10.3333
hamburg,53.5511,9.9937,2026-06-14 12:00:00,2026-06-18 23:59:59,26.715,16.765,0.0,59737.105,251.4777,13.1042,33.48,7.1545,1.2917
hamburg,53.5511,9.9937,2026-06-14 12:00:00,2026-06-19 23:59:59,30.676,17.665,3.3,50706.387,156.1278,10.4462,30.6,5.7143,10.5625
hamburg,53.5511,9.9937,2026-06-14 12:00:00,2026-06-20 23:59:59,27.626,19.626,5.1,45639.195,252.6588,14.2644,47.16,8.1144,27.0833
hamburg,53.5511,9.9937,2026-06-14 12:00:00,2026-06-21 23:59:59,22.1815,16.7,0.0,38731.9,315.6963,13.2174,36.36,8.3341,29.1979
hamburg,53.5511,9.9937,2026-06-14 12:00:00,2026-06-22 23:59:59,20.95,13.6,0.0,60200.29,336.0446,9.6933,32.76,6.1366,11.9167
hamburg,53.5511,9.9937,2026-06-14 12:00:00,2026-06-23 23:59:59,22.6,13.2,0.0,60349.824,314.5465,7.2,24.48,4.8736,8.9583
hamburg,53.5511,9.9937,2026-06-14 12:00:00,2026-06-24 23:59:59,22.35,15.55,0.0,60353.766,302.1706,20.952,51.48,12.5363,11.6667
hamburg,53.5511,9.9937,2026-06-14 12:00:00,2026-06-25 23:59:59,22.9,12.95,0.0,60354.28,312.4146,15.0534,46.08,8.8361,10.625
hamburg,53.5511,9.9937,2026-06-14 12:00:00,2026-06-26 23:59:59,25.45,15.8,0.0,60351.312,81.9675,17.2443,40.68,9.4676,13.1667
hamburg,53.5511,9.9937,2026-06-14 12:00:00,2026-06-27 23:59:59,25.6,16.1,0.0,60317.777,115.6714,20.531,50.4,18.3256,16.9167
berlin,52.52,13.405,2026-06-07 12:00:00,2026-06-02 23:59:59,26.252,15.052,0.0,33678.484,137.2906,12.5588,28.08,8.2876,0.0
berlin,52.52,13.405,2026-06-07 12:00:00,2026-06-03 23:59:59,20.702,16.102,4.8,11150.613,231.7631,15.3918,36.36,10.0878,18.2083
berlin,52.52,13.405,2026-06-07 12:00:00,2026-06-04 23:59:59,23.702,13.802,1.9,14689.204,207.6358,21.639,42.84,11.2783,23.5833
berlin,52.52,13.405,2026-06-07 12:00:00,2026-06-05 23:59:59,21.202,15.102,0.4,37066.125,246.826,15.282,36.36,10.4433,11.7083
berlin,52.52,13.405,2026-06-07 12:00:00,2026-06-06 23:59:59,24.702,12.102,0.0,45500.125,180.0,11.1774,28.8,5.5512,0.125
berlin,52.52,13.405,2026-06-07 12:00:00,2026-06-07 23:59:59,20.652,15.952,0.6,37465.84,265.4101,20.1921,45.36,11.8306,12.4167
berlin,52.52,13.405,2026-06-07 12:00:00,2026-06-08 23:59:59,26.302,13.452,0.0,47110.324,205.1828,12.1443,26.64,6.5046,0.2083
berlin,52.52,13.405,2026-06-07 12:00:00,2026-06-09 23:59:59,21.402,13.289,2.9,20500.564,259.904,16.8548,45.45,10.5049,22.9583
berlin,52.52,13.405,2026-06-07 12:00:00,2026-06-10 23:59:59,17.589,10.489,2.3,8994.185,214.4992,8.7072,33.84,5.0511,19.125
berlin,52.52,13.405,2026-06-07 12:00:00,2026-06-11 23:59:59,20.689,9.339,0.0,52390.832,246.3998,9.7931,33.48,7.3566,13.4167
berlin,52.52,13.405,2026-06-07 12:00:00,2026-06-12 23:59:59,17.626,12.539,4.8,23666.61,229.4751,14.7072,52.56,12.8374,45.0
berlin,52.52,13.405,2026-06-07 12:00:00,2026-06-13 23:59:59,20.076,12.376,3.0,34051.27,282.166,19.9954,53.64,15.6619,49.7917
berlin,52.52,13.405,2026-06-07 12:00:00,2026-06-14 23:59:59,16.276,11.126,8.4,20320.594,287.53,15.8441,46.8,11.9686,29.2917
berlin,52.52,13.405,2026-06-07 12:00:00,2026-06-15 23:59:59,25.5,13.532,0.0,59224.438,304.9751,9.4461,30.96,7.6515,25.5417
berlin,52.52,13.405,2026-06-07 12:00:00,2026-06-16 23:59:59,31.9,20.05,0.0,59251.035,298.5681,13.7803,42.84,10.1386,13.625
berlin,52.52,13.405,2026-06-07 12:00:00,2026-06-17 23:59:59,30.55,20.85,0.0,59276.492,312.6098,16.7332,46.08,9.6758,12.875
berlin,52.52,13.405,2026-06-07 12:00:00,2026-06-18 23:59:59,26.55,17.25,0.0,59300.91,329.6637,12.8104,36.72,10.9216,16.3333
berlin,52.52,13.405,2026-06-07 12:00:00,2026-06-19 23:59:59,29.5,17.3,0.0,59323.85,73.1912,11.3528,32.4,7.2229,17.0
berlin,52.52,13.405,2026-06-07 12:00:00,2026-06-20 23:59:59,35.3,21.5,0.0,59345.195,142.7145,10.6261,29.16,7.2168,16.0417
aachen,50.7753,6.0839,2026-05-18 12:00:00,2026-05-18 23:59:59,16.076,9.526,4.1,24379.871,241.0206,11.52,25.92,7.815,65.7917
aachen,50.7753,6.0839,2026-05-18 12:00:00,2026-05-19 23:59:59,15.676,8.526,1.2,10038.402,195.9135,16.92,35.28,11.175,13.7083
aachen,50.7753,6.0839,2026-05-18 12:00:00,2026-05-20 23:59:59,15.994,11.976,6.125,20973.139,226.1738,18.36,44.28,15.3643,71.125
aachen,50.7753,6.0839,2026-05-18 12:00:00,2026-05-21 23:59:59,20.2,10.5,0.7,54676.867,228.7653,15.3264,32.04,11.0408,0.9167
aachen,50.7753,6.0839,2026-05-18 12:00:00,2026-05-22 23:59:59,23.2,12.55,0.0,55071.37,110.1235,15.4967,32.4,11.2798,0.0
aachen,50.7753,6.0839,2026-05-18 12:00:00,2026-05-23 23:59:59,27.05,15.0,0.0,56141.76,125.4573,12.6,27.72,9.7026,10.875
aachen,50.7753,6.0839,2026-05-18 12:00:00,2026-05-24 23:59:59,24.35,17.8,1.8,55753.504,54.609,11.074,27.0,8.0382,6.5833
aachen,50.7753,6.0839,2026-04-23 12:00:00,2026-04-23 23:59:59,18.976,6.026,0.0,46800.0,357.5963,11.88,25.2,6.615,0.0
aachen,50.7753,6.0839,2026-04-23 12:00:00,2026-04-24 23:59:59,18.476,4.926,0.0,39600.0,3.7079,9.36,23.76,6.6,0.0
aachen,50.7753,6.0839,2026-04-23 12:00:00,2026-04-25 23:59:59,17.4945,6.176,0.0,49010.48,339.9477,10.4462,24.84,6.1501,0.0
aachen,50.7753,6.0839,2026-04-23 12:00:00,2026-04-26 23:59:59,13.55,4.4,0.0,49379.72,47.3,12.9212,28.8,8.4547,0.0
aachen,50.7753,6.0839,2026-04-23 12:00:00,2026-04-27 23:59:59,16.05,3.7,0.0,50384.406,63.5984,8.724,23.76,6.1941,0.9583
aachen,50.7753,6.0839,2026-04-23 12:00:00,2026-04-28 23:59:59,16.2,7.95,0.0,43160.625,45.8003,18.3565,41.76,11.8255,7.4167
aachen,50.7753,6.0839,2026-04-23 12:00:00,2026-04-29 23:59:59,16.25,6.7,0.0,52109.184,63.066,20.9335,50.04,17.2797,12.0417
freiburg,47.999,7.8421,2026-06-14 12:00:00,2026-06-09 23:59:59,20.348,14.698,1.2,14869.387,226.5791,13.0497,33.84,7.9601,20.875
freiburg,47.999,7.8421,2026-06-14 12:00:00,2026-06-10 23:59:59,16.998,12.398,0.9,17413.17,201.6056,12.7686,41.4,5.4702,22.7917
freiburg,47.999,7.8421,2026-06-14 12:00:00,2026-06-14 23:59:59,25.648,16.848,0.0,54000.0,330.124,15.3792,37.08,7.956,0.0
freiburg,47.999,7.8421,2026-06-14 12:00:00,2026-06-15 23:59:59,24.498,11.948,0.0,54000.0,49.6502,7.788,19.44,4.5879,0.0
freiburg,47.999,7.8421,2026-06-14 12:00:00,2026-06-16 23:59:59,28.031,16.998,0.1,37112.82,147.3368,10.4648,27.0,6.3313,3.2083
freiburg,47.999,7.8421,2026-06-14 12:00:00,2026-06-17 23:59:59,33.631,16.081,0.0,53067.31,215.6316,13.237,36.72,6.4245,0.0
freiburg,47.999,7.8421,2026-06-14 12:00:00,2026-06-18 23:59:59,35.681,19.581,0.0,55425.21,220.9142,7.209,30.24,4.5029,0.0
freiburg,47.999,7.8421,2026-06-14 12:00:00,2026-06-19 23:59:59,35.6155,20.231,0.3,55843.676,181.9172,7.7546,19.44,5.3435,0.2812
freiburg,47.999,7.8421,2026-06-14 12:00:00,2026-06-20 23:59:59,33.5155,22.1655,0.0,53241.332,208.1746,16.4185,36.72,10.0015,0.5417
freiburg,47.999,7.8421,2026-06-14 12:00:00,2026-06-21 23:59:59,34.8414,19.6155,1.8,56890.13,97.0994,7.7295,28.8,5.097,9.5729
freiburg,47.999,7.8421,2026-06-14 12:00:00,2026-06-22 23:59:59,34.6,21.9,0.0,56923.375,118.5363,5.9618,26.28,3.1776,9.0
freiburg,47.999,7.8421,2026-06-14 12:00:00,2026-06-23 23:59:59,32.65,22.5,0.0,55686.91,8.7174,8.5382,29.88,5.031,13.5417
freiburg,47.999,7.8421,2026-06-14 12:00:00,2026-06-24 23:59:59,32.65,21.35,0.0,56956.22,7.2213,12.6206,34.56,7.168,12.4167
freiburg,47.999,7.8421,2026-06-14 12:00:00,2026-06-25 23:59:59,31.75,20.25,0.0,56964.246,355.9859,15.5364,40.32,8.2923,8.9583
freiburg,47.999,7.8421,2026-06-14 12:00:00,2026-06-26 23:59:59,34.85,19.75,0.0,56941.74,347.4447,5.7628,32.4,3.5405,6.75
freiburg,47.999,7.8421,2026-06-14 12:00:00,2026-06-27 23:59:59,35.7,22.85,2.7,56633.41,91.3639,13.4338,33.12,5.7399,19.8333
lisbon,38.7223,-9.1393,2026-06-14 12:00:00,2026-06-09 23:59:59,23.1915,15.9915,0.0,50479.81,351.2473,24.2807,59.4,19.7683,0.0
lisbon,38.7223,-9.1393,2026-06-14 12:00:00,2026-06-14 23:59:59,26.5915,19.1415,0.0,50741.688,258.9332,16.3632,39.6,8.037,0.0
lisbon,38.7223,-9.1393,2026-06-14 12:00:00,2026-06-15 23:59:59,26.2415,17.6915,0.0,50297.344,338.6631,19.8262,45.36,12.4396,0.0
lisbon,38.7223,-9.1393,2026-06-14 12:00:00,2026-06-16 23:59:59,28.2415,17.3415,0.0,51324.316,341.4297,19.5132,44.64,12.1772,0.0
lisbon,38.7223,-9.1393,2026-06-14 12:00:00,2026-06-17 23:59:59,28.2415,17.3415,0.0,52017.184,339.3062,19.0222,44.28,10.3572,0.0
lisbon,38.7223,-9.1393,2026-06-14 12:00:00,2026-06-18 23:59:59,27.6915,18.2415,0.0,47474.3,338.6887,17.8736,40.32,11.8814,0.0
lisbon,38.7223,-9.1393,2026-06-14 12:00:00,2026-06-19 23:59:59,27.6135,17.183,0.0,51793.33,313.0857,12.7228,31.68,7.4184,0.0
lisbon,38.7223,-9.1393,2026-06-14 12:00:00,2026-06-20 23:59:59,24.6135,17.2135,0.0,52067.312,272.0363,14.4718,34.56,7.061,0.0
lisbon,38.7223,-9.1393,2026-06-14 12:00:00,2026-06-21 23:59:59,33.55,17.2135,0.0,52118.57,323.4139,15.8042,46.08,7.6088,1.4792
lisbon,38.7223,-9.1393,2026-06-14 12:00:00,2026-06-22 23:59:59,33.4,19.65,0.0,51133.082,341.5649,12.682,39.24,7.1991,2.1667
lisbon,38.7223,-9.1393,2026-06-14 12:00:00,2026-06-23 23:59:59,33.9,23.15,0.0,50368.367,291.2307,9.1871,32.04,4.9817,4.0833
lisbon,38.7223,-9.1393,2026-06-14 12:00:00,2026-06-24 23:59:59,27.2,20.7,0.0,52915.367,235.0116,18.3565,45.0,10.4741,0.5
lisbon,38.7223,-9.1393,2026-06-14 12:00:00,2026-06-25 23:59:59,24.45,19.25,2.2,51158.598,236.7164,17.9757,46.08,12.9517,6.125
lisbon,38.7223,-9.1393,2026-06-14 12:00:00,2026-06-26 23:59:59,25.45,19.2,0.8,43596.38,279.2298,14.8922,39.24,10.4265,7.4583
lisbon,38.7223,-9.1393,2026-06-14 12:00:00,2026-06-27 23:59:59,26.25,17.35,0.0,51178.184,342.441,19.5936,47.88,11.069,1.5417
munich,48.1351,11.582,2026-06-12 12:00:00,2026-06-12 23:59:59,14.865,11.115,6.9,0.0,247.0704,18.7926,42.12,12.1264,65.0
munich,48.1351,11.582,2026-06-12 12:00:00,2026-06-13 23:59:59,23.965,14.715,2.6,43255.23,269.5928,21.0315,51.48,15.3153,5.4167
munich,48.1351,11.582,2026-06-12 12:00:00,2026-06-14 23:59:59,20.9215,13.065,0.0,51744.4,294.2924,14.1686,41.76,9.4465,1.0833
munich,48.1351,11.582,2026-06-12 12:00:00,2026-06-15 23:59:59,19.3215,11.1215,0.0,50366.117,302.879,11.0901,31.32,6.8107,0.0
munich,48.1351,11.582,2026-06-12 12:00:00,2026-06-16 23:59:59,21.2715,10.1215,0.0,55677.566,270.8223,9.7267,27.0,4.2229,2.5833
munich,48.1351,11.582,2026-06-12 12:00:00,2026-06-17 23:59:59,23.408,10.2215,0.0,54946.293,242.9425,5.3518,15.12,3.4349,1.1458
munich,48.1351,11.582,2026-06-12 12:00:00,2026-06-18 23:59:59,27.808,12.358,0.0,56570.78,121.6607,5.3518,14.4,3.8664,0.0
munich,48.1351,11.582,2026-06-12 12:00:00,2026-06-19 23:59:59,33.7,15.308,0.0,56545.84,139.1477,10.3041,35.28,4.6572,3.8854
munich,48.1351,11.582,2026-06-12 12:00:00,2026-06-20 23:59:59,32.85,21.95,1.8,56508.535,179.0124,7.9384,42.12,4.9701,9.4583
munich,48.1351,11.582,2026-06-12 12:00:00,2026-06-21 23:59:59,32.3,20.15,1.8,56489.35,253.5993,10.4957,51.84,6.0416,7.75
munich,48.1351,11.582,2026-06-12 12:00:00,2026-06-22 23:59:59,33.45,21.65,0.3,56469.06,206.3038,6.6014,37.8,4.5727,12.0
munich,48.1351,11.582,2026-06-12 12:00:00,2026-06-23 23:59:59,30.8,22.4,3.3,56447.676,287.4894,8.4619,40.32,5.9324,31.2083
munich,48.1351,11.582,2026-06-12 12:00:00,2026-06-24 23:59:59,24.7,17.55,0.6,56848.246,11.7852,8.7758,32.76,7.5288,22.7917
munich,48.1351,11.582,2026-06-12 12:00:00,2026-06-25 23:59:59,23.9,14.8,0.0,56824.8,43.5239,8.3966,30.24,6.7207,21.4167
munich,48.1351,11.582,2026-05-19 12:00:00,2026-05-19 23:59:59,17.765,8.665,5.4,38860.477,233.382,10.7036,26.28,5.9667,15.625
munich,48.1351,11.582,2026-05-19 12:00:00,2026-05-20 23:59:59,18.015,11.565,4.5,22780.422,256.1779,18.1934,44.28,8.6522,49.7083
munich,48.1351,11.582,2026-05-19 12:00:00,2026-05-21 23:59:59,19.8715,10.9715,1.325,44232.137,285.009,11.7208,33.84,7.4293,12.1667
munich,48.1351,11.582,2026-05-19 12:00:00,2026-05-22 23:59:59,23.1215,10.0715,0.0,53340.895,88.2972,11.2755,30.6,6.2144,0.0
munich,48.1351,11.582,2026-05-19 12:00:00,2026-05-23 23:59:59,24.5715,12.1715,0.0,54933.555,89.9006,13.6847,38.88,8.6668,0.0
munich,48.1351,11.582,2026-05-19 12:00:00,2026-05-24 23:59:59,25.008,10.608,0.0,55244.59,73.1062,12.4343,29.88,6.871,2.9583
munich,48.1351,11.582,2026-05-19 12:00:00,2026-05-25 23:59:59,26.858,13.008,0.0,55366.24,79.0662,12.7686,31.68,5.9117,6.625
london,51.5074,-0.1278,2026-05-12 12:00:00,2026-05-12 23:59:59,15.741,5.291,0.0,41811.824,286.1391,26.64,56.52,10.995,1.0833
london,51.5074,-0.1278,2026-05-12 12:00:00,2026-05-13 23:59:59,13.341,9.091,3.6,30691.922,282.1919,21.96,46.44,16.215,36.125
london,51.5074,-0.1278,2026-05-12 12:00:00,2026-05-14 23:59:59,13.6045,6.9136,1.475,36812.07,337.2532,15.48,32.76,11.0287,26.125
london,51.5074,-0.1278,2026-05-12 12:00:00,2026-05-15 23:59:59,11.1045,6.8045,1.2,51314.62,345.704,14.76,32.04,11.94,12.6667
london,51.5074,-0.1278,2026-05-12 12:00:00,2026-05-16 23:59:59,13.6545,7.7045,0.3,38854.887,285.0513,13.68,30.96,7.47,7.5833
london,51.5074,-0.1278,2026-05-12 12:00:00,2026-05-17 23:59:59,15.3045,8.4545,2.4,21937.94,235.652,13.68,28.08,8.175,26.5
london,51.5074,-0.1278,2026-05-12 12:00:00,2026-05-18 23:59:59,16.7,8.8545,0.6,55984.64,256.9692,11.16,26.28,7.9465,27.75
valencia,39.4699,-0.3763,2026-04-28 12:00:00,2026-04-28 23:59:59,21.2825,11.5325,0.0,45877.984,66.6595,11.9018,30.96,5.825,1.0
valencia,39.4699,-0.3763,2026-04-28 12:00:00,2026-04-29 23:59:59,20.2325,13.9325,1.8,38974.98,44.4243,11.9886,28.8,6.3389,6.2917
valencia,39.4699,-0.3763,2026-04-28 12:00:00,2026-04-30 23:59:59,23.8325,14.5825,0.0,45454.305,85.4691,15.0384,37.44,7.8129,1.1667
valencia,39.4699,-0.3763,2026-04-28 12:00:00,2026-05-01 23:59:59,21.9825,16.7825,0.0,31056.816,65.8716,14.04,33.12,7.7734,7.2917
valencia,39.4699,-0.3763,2026-04-28 12:00:00,2026-05-02 23:59:59,20.9825,16.9825,2.1,37985.21,88.6734,15.3286,38.52,8.0299,12.4167
valencia,39.4699,-0.3763,2026-04-28 12:00:00,2026-05-03 23:59:59,23.7645,17.0565,0.0,39917.51,104.0514,14.3369,33.84,6.4559,14.3229
valencia,39.4699,-0.3763,2026-04-28 12:00:00,2026-05-04 23:59:59,28.0145,14.6645,1.2,49781.133,272.4809,18.7338,42.48,9.6336,13.875
aachen,50.7753,6.0839,2026-04-17 12:00:00,2026-04-17 23:59:59,19.426,10.126,0.0,44259.86,250.043,7.92,19.08,5.805,0.0
aachen,50.7753,6.0839,2026-04-17 12:00:00,2026-04-18 23:59:59,18.676,10.926,5.1,15773.0625,276.1889,15.48,32.76,7.785,25.0417
aachen,50.7753,6.0839,2026-04-17 12:00:00,2026-04-19 23:59:59,11.9815,6.626,3.375,34225.86,324.9464,14.1969,34.2,10.2058,50.625
aachen,50.7753,6.0839,2026-04-17 12:00:00,2026-04-20 23:59:59,10.95,3.5,0.0,42362.15,29.035,11.7387,28.8,8.6615,22.5833
aachen,50.7753,6.0839,2026-04-17 12:00:00,2026-04-21 23:59:59,12.65,3.7,0.0,47978.883,62.3217,15.7024,36.72,11.9814,13.9583
aachen,50.7753,6.0839,2026-04-17 12:00:00,2026-04-22 23:59:59,13.5,3.0,0.0,50465.594,62.2166,14.1789,36.72,10.8247,0.4167
aachen,50.7753,6.0839,2026-04-17 12:00:00,2026-04-23 23:59:59,13.4,4.6,0.0,50846.76,5.6928,7.7295,24.84,4.9393,6.125
london,51.5074,-0.1278,2026-06-13 12:00:00,2026-06-08 23:59:59,16.441,13.341,7.4,21600.0,223.6294,16.56,35.64,12.24,59.25
london,51.5074,-0.1278,2026-06-13 12:00:00,2026-06-13 23:59:59,21.541,13.141,0.0,54000.0,279.8227,18.36,39.96,15.84,0.0
london,51.5074,-0.1278,2026-06-13 12:00:00,2026-06-14 23:59:59,20.241,13.491,0.0,46291.65,326.85,11.52,27.72,9.495,0.25
london,51.5074,-0.1278,2026-06-13 12:00:00,2026-06-15 23:59:59,21.0545,12.991,0.6,54000.0,85.2624,15.84,33.84,11.5762,10.375
london,51.5074,-0.1278,2026-06-13 12:00:00,2026-06-16 23:59:59,24.3545,14.0045,0.3,43200.0,246.0184,19.08,39.24,10.53,7.75
london,51.5074,-0.1278,2026-06-13 12:00:00,2026-06-17 23:59:59,25.5045,17.1045,0.3,39959.09,240.5519,18.36,39.6,16.245,12.125
london,51.5074,-0.1278,2026-06-13 12:00:00,2026-06-18 23:59:59,27.7045,16.8545,0.0,57620.137,209.486,11.52,26.64,10.125,1.25
london,51.5074,-0.1278,2026-06-13 12:00:00,2026-06-19 23:59:59,27.5545,19.0545,0.0,54000.0,235.6313,11.52,24.12,8.6526,13.0
london,51.5074,-0.1278,2026-06-13 12:00:00,2026-06-20 23:59:59,31.35,22.2,0.0,56125.523,206.7481,16.4313,44.64,9.118,16.75
london,51.5074,-0.1278,2026-06-13 12:00:00,2026-06-21 23:59:59,28.2,19.1,0.0,54323.605,237.8477,9.2363,41.04,8.443,8.875
london,51.5074,-0.1278,2026-06-13 12:00:00,2026-06-22 23:59:59,24.7,20.5,3.8,54934.31,294.298,10.5481,28.08,6.2523,11.25
london,51.5074,-0.1278,2026-06-13 12:00:00,2026-06-23 23:59:59,23.65,18.55,4.6,56752.094,309.8895,9.2923,27.72,6.0963,14.0
london,51.5074,-0.1278,2026-06-13 12:00:00,2026-06-24 23:59:59,23.4,16.55,1.8,35925.31,340.4631,10.7428,28.08,5.8021,7.625
london,51.5074,-0.1278,2026-06-13 12:00:00,2026-06-25 23:59:59,21.55,14.05,2.4,56771.61,259.24,16.024,43.92,12.5384,6.875
london,51.5074,-0.1278,2026-06-13 12:00:00,2026-06-26 23:59:59,21.15,13.95,0.0,48177.465,260.2986,10.7428,38.16,9.7748,11.75
munich,48.1351,11.582,2026-05-15 12:00:00,2026-05-15 23:59:59,13.415,6.315,2.8,30546.684,285.5154,16.1198,35.64,7.317,26.5833
munich,48.1351,11.582,2026-05-15 12:00:00,2026-05-16 23:59:59,12.165,5.915,8.2,27699.225,289.2584,18.0036,53.28,10.6194,50.0833
munich,48.1351,11.582,2026-05-15 12:00:00,2026-05-17 23:59:59,16.0715,4.6666,0.0,45598.664,247.2281,9.4221,20.52,4.8431,0.0
munich,48.1351,11.582,2026-05-15 12:00:00,2026-05-18 23:59:59,17.5215,6.3715,1.2,32665.49,260.1342,10.83,36.0,5.4856,17.7917
munich,48.1351,11.582,2026-05-15 12:00:00,2026-05-19 23:59:59,17.9715,7.3715,0.0,48143.29,257.0166,9.3669,26.28,5.92,14.125
munich,48.1351,11.582,2026-05-15 12:00:00,2026-05-20 23:59:59,17.658,10.408,6.45,6319.0923,242.6168,8.3112,26.64,5.8727,30.1458
munich,48.1351,11.582,2026-05-15 12:00:00,2026-05-21 23:59:59,20.058,10.608,0.0,53094.23,313.025,8.3112,20.52,6.0246,23.0833
aachen,50.7753,6.0839,2026-06-02 12:00:00,2026-06-02 23:59:59,22.276,14.876,14.2,6546.4355,206.3182,20.88,61.56,11.88,53.0417
aachen,50.7753,6.0839,2026-06-02 12:00:00,2026-06-03 23:59:59,16.176,13.026,2.5,12778.949,224.5872,20.16,43.56,16.335,50.125
aachen,50.7753,6.0839,2026-06-02 12:00:00,2026-06-04 23:59:59,18.3195,12.8,13.525,27243.152,223.5732,28.7981,63.36,20.1114,65.5833
aachen,50.7753,6.0839,2026-06-02 12:00:00,2026-06-05 23:59:59,17.05,11.1,1.8,41142.934,236.2128,21.8979,45.0,17.5258,41.375
aachen,50.7753,6.0839,2026-06-02 12:00:00,2026-06-06 23:59:59,16.85,9.65,3.6,33189.5,203.1147,16.5639,37.08,11.1022,19.0
aachen,50.7753,6.0839,2026-06-02 12:00:00,2026-06-07 23:59:59,16.75,10.6,0.3,44365.742,240.5158,22.9985,51.84,17.892,28.125
aachen,50.7753,6.0839,2026-06-02 12:00:00,2026-06-08 23:59:59,19.25,12.0,0.0,57726.035,240.9165,13.337,37.8,11.6482,14.2917
freiburg,47.999,7.8421,2026-06-15 12:00:00,2026-06-15 23:59:59,24.248,11.498,0.0,54000.0,40.0062,7.5942,16.56,4.2967,0.0
freiburg,47.999,7.8421,2026-06-15 12:00:00,2026-06-16 23:59:59,29.148,16.498,0.0,37410.688,177.6953,14.7776,33.12,7.5936,2.2917
freiburg,47.999,7.8421,2026-06-15 12:00:00,2026-06-17 23:59:59,31.481,15.731,0.0,52531.18,277.4349,9.8261,26.28,5.1572,0.0
freiburg,47.999,7.8421,2026-06-15 12:00:00,2026-06-18 23:59:59,34.931,17.131,0.0,54506.8,203.0255,6.3792,21.96,4.3146,0.0
freiburg,47.999,7.8421,2026-06-15 12:00:00,2026-06-19 23:59:59,34.781,21.031,0.0,51237.875,200.5145,11.9236,33.12,7.2487,4.4583
freiburg,47.999,7.8421,2026-06-15 12:00:00,2026-06-20 23:59:59,35.4155,20.9155,0.3,55417.26,177.5003,15.6838,36.36,7.8439,1.2708
freiburg,47.999,7.8421,2026-06-15 12:00:00,2026-06-21 23:59:59,38.2655,18.8155,0.0,56252.41,123.2118,8.09,16.56,5.233,5.2083
freiburg,47.999,7.8421,2026-06-15 12:00:00,2026-06-22 23:59:59,36.6914,22.9655,0.0,56490.973,63.3313,12.2453,28.44,8.5508,5.9479
freiburg,47.999,7.8421,2026-06-15 12:00:00,2026-06-23 23:59:59,38.1,23.15,0.0,56940.63,222.3219,12.1936,33.12,7.8829,9.4583
freiburg,47.999,7.8421,2026-06-15 12:00:00,2026-06-24 23:59:59,29.7,19.9,13.2,39982.066,61.5875,10.3871,30.96,5.912,6.0417
freiburg,47.999,7.8421,2026-06-15 12:00:00,2026-06-25 23:59:59,24.35,17.05,0.0,56267.992,20.4154,12.1403,31.32,8.788,6.125
freiburg,47.999,7.8421,2026-06-15 12:00:00,2026-06-26 23:59:59,29.65,16.1,0.0,56941.74,316.0492,8.9132,32.04,4.433,4.0
freiburg,47.999,7.8421,2026-06-15 12:00:00,2026-06-27 23:59:59,31.05,20.8,0.0,56574.203,212.087,7.256,27.0,4.0979,5.75
freiburg,47.999,7.8421,2026-06-15 12:00:00,2026-06-28 23:59:59,29.25,21.95,0.0,56582.117,317.7314,13.041,34.2,8.1187,14.25
berlin,52.52,13.405,2026-06-02 12:00:00,2026-06-02 23:59:59,25.552,15.052,0.0,40368.938,132.7652,13.2468,31.32,9.0248,0.25
berlin,52.52,13.405,2026-06-02 12:00:00,2026-06-03 23:59:59,20.552,16.452,1.5,0.0,223.3865,13.3637,32.4,9.0548,35.4583
berlin,52.52,13.405,2026-06-02 12:00:00,2026-06-04 23:59:59,23.789,12.6672,1.5,31033.531,210.7012,14.8824,45.36,9.9833,19.5417
berlin,52.52,13.405,2026-06-02 12:00:00,2026-06-05 23:59:59,20.039,14.039,1.4,32262.438,236.8013,11.632,38.52,8.868,32.0833
berlin,52.52,13.405,2026-06-02 12:00:00,2026-06-06 23:59:59,22.889,11.989,1.2,57600.0,222.3245,5.4952,26.28,3.9237,5.9583
berlin,52.52,13.405,2026-06-02 12:00:00,2026-06-07 23:59:59,21.576,14.726,1.95,33805.414,204.6104,9.2905,27.36,5.5166,13.5938
berlin,52.52,13.405,2026-06-02 12:00:00,2026-06-08 23:59:59,22.576,14.576,0.6,40436.438,278.026,13.0099,38.88,9.5324,19.4583
berlin,52.52,13.405,2026-06-16 12:00:00,2026-06-15 23:59:59,19.452,12.502,0.0,33776.867,279.8126,24.4826,56.52,17.8176,0.3333
berlin,52.52,13.405,2026-06-16 12:00:00,2026-06-16 23:59:59,22.402,10.102,0.0,49234.67,271.7714,12.7279,29.16,9.7795,1.2917
berlin,52.52,13.405,2026-06-16 12:00:00,2026-06-17 23:59:59,23.502,12.652,0.0,47104.344,295.3568,12.4291,28.08,7.1811,1.2083
berlin,52.52,13.405,2026-06-16 12:00:00,2026-06-18 23:59:59,28.6705,17.852,0.0,34373.047,274.8938,13.8495,30.96,7.8572,0.625
berlin,52.52,13.405,2026-06-16 12:00:00,2026-06-19 23:59:59,32.089,20.239,1.2,27102.953,160.7098,8.9059,32.4,4.5184,6.4167
berlin,52.52,13.405,2026-06-16 12:00:00,2026-06-20 23:59:59,33.389,22.639,1.2,55718.676,191.9268,8.4351,38.52,5.5001,18.4583
berlin,52.52,13.405,2026-06-16 12:00:00,2026-06-21 23:59:59,29.876,22.689,0.75,57115.668,335.9851,8.6998,32.94,6.4389,11.0938
berlin,52.52,13.405,2026-06-16 12:00:00,2026-06-22 23:59:59,23.626,18.026,1.8,30533.518,22.2375,11.6097,30.24,6.8622,13.0
berlin,52.52,13.405,2026-06-16 12:00:00,2026-06-23 23:59:59,21.776,14.676,0.0,57783.047,315.2696,15.3074,40.32,9.433,11.375
berlin,52.52,13.405,2026-06-16 12:00:00,2026-06-24 23:59:59,18.6,14.8,0.6,52859.902,289.9266,19.0783,48.6,15.9354,11.9479
berlin,52.52,13.405,2026-06-16 12:00:00,2026-06-25 23:59:59,20.9,13.35,0.0,58500.844,280.8129,15.1884,39.96,11.0177,6.4167
berlin,52.52,13.405,2026-06-16 12:00:00,2026-06-26 23:59:59,22.25,15.25,0.0,57520.33,314.1678,12.3139,37.44,9.6435,11.0833
berlin,52.52,13.405,2026-06-16 12:00:00,2026-06-27 23:59:59,24.4,15.8,0.0,44544.07,326.5165,6.0508,27.0,4.5051,9.25
berlin,52.52,13.405,2026-06-16 12:00:00,2026-06-28 23:59:59,31.5,18.1,0.0,59170.418,199.064,8.5514,34.92,6.4842,6.8333
berlin,52.52,13.405,2026-06-16 12:00:00,2026-06-29 23:59:59,24.55,18.0,0.6,59158.008,324.1566,16.4432,43.56,13.9988,8.0
berlin,52.52,13.405,2026-05-17 12:00:00,2026-05-17 23:59:59,17.902,6.152,0.2,43994.664,183.7763,14.4942,35.64,6.0245,0.0
berlin,52.52,13.405,2026-05-17 12:00:00,2026-05-18 23:59:59,19.902,9.602,0.0,45966.965,117.5236,12.6462,29.16,7.3435,0.125
berlin,52.52,13.405,2026-05-17 12:00:00,2026-05-19 23:59:59,18.539,9.9112,1.5,41467.734,186.031,8.8548,23.04,5.0318,12.6667
berlin,52.52,13.405,2026-05-17 12:00:00,2026-05-20 23:59:59,18.739,10.739,2.4,27832.031,191.0171,8.4963,25.92,5.6439,12.8333
berlin,52.52,13.405,2026-05-17 12:00:00,2026-05-21 23:59:59,18.689,12.389,3.9,44237.11,250.187,14.2416,38.16,7.9014,26.8333
berlin,52.52,13.405,2026-05-17 12:00:00,2026-05-22 23:59:59,15.176,9.176,0.0,16318.385,302.1812,10.6854,29.88,7.7657,7.1979
berlin,52.52,13.405,2026-05-17 12:00:00,2026-05-23 23:59:59,18.376,10.776,1.8,52473.844,341.9728,12.2453,39.24,8.6954,4.5833
london,51.5074,-0.1278,2026-05-21 12:00:00,2026-05-21 23:59:59,22.991,12.741,0.0,34862.07,214.6096,14.4,30.96,11.73,0.5
london,51.5074,-0.1278,2026-05-21 12:00:00,2026-05-22 23:59:59,27.041,16.441,0.0,50057.477,180.9544,16.56,37.8,11.13,0.0
london,51.5074,-0.1278,2026-05-21 12:00:00,2026-05-23 23:59:59,25.8045,19.6545,0.0,54147.14,218.0976,11.16,24.48,5.4112,6.5417
london,51.5074,-0.1278,2026-05-21 12:00:00,2026-05-24 23:59:59,31.5045,17.9045,0.0,56906.824,150.3959,14.4,30.96,6.78,0.7917
london,51.5074,-0.1278,2026-05-21 12:00:00,2026-05-25 23:59:59,32.2045,23.1045,0.0,57047.973,273.644,17.28,35.64,7.8,0.9583
london,51.5074,-0.1278,2026-05-21 12:00:00,2026-05-26 23:59:59,23.0545,16.1045,0.0,57185.6,6.0758,17.28,36.0,13.05,1.5
london,51.5074,-0.1278,2026-05-21 12:00:00,2026-05-27 23:59:59,20.35,13.35,0.0,57319.543,87.7803,14.2337,38.88,9.6498,0.5417
valencia,39.4699,-0.3763,2026-06-13 12:00:00,2026-06-13 23:59:59,31.0825,18.3325,0.0,44675.36,137.4896,12.1816,30.6,5.9303,0.0
valencia,39.4699,-0.3763,2026-06-13 12:00:00,2026-06-14 23:59:59,30.5325,20.0825,0.0,50400.0,131.8293,15.576,38.52,7.0148,0.0
valencia,39.4699,-0.3763,2026-06-13 12:00:00,2026-06-15 23:59:59,28.6325,20.5825,0.0,45426.52,90.5749,11.7924,30.6,6.2264,0.7083
valencia,39.4699,-0.3763,2026-06-13 12:00:00,2026-06-16 23:59:59,30.0325,19.9825,0.0,51680.21,112.2401,13.2076,32.76,6.091,0.0
valencia,39.4699,-0.3763,2026-06-13 12:00:00,2026-06-17 23:59:59,31.0325,19.6325,0.0,52353.46,93.4762,12.0156,30.6,5.6031,0.0
valencia,39.4699,-0.3763,2026-06-13 12:00:00,2026-06-18 23:59:59,30.4645,19.8325,0.0,50797.207,72.4556,16.9353,39.96,6.9251,1.8021
valencia,39.4699,-0.3763,2026-06-13 12:00:00,2026-06-19 23:59:59,28.3145,20.5645,0.0,50198.26,76.9193,15.1371,40.32,6.831,0.0417
valencia,39.4699,-0.3763,2026-06-13 12:00:00,2026-06-20 23:59:59,29.8145,20.4645,0.0,50601.67,81.6816,17.1634,39.96,7.9644,0.0
valencia,39.4699,-0.3763,2026-06-13 12:00:00,2026-06-21 23:59:59,29.55,23.6072,0.0,52436.42,65.2124,17.31,47.88,9.2339,0.0
valencia,39.4699,-0.3763,2026-06-13 12:00:00,2026-06-22 23:59:59,30.05,23.5,0.0,52455.805,72.8617,10.83,38.16,5.4901,1.0417
valencia,39.4699,-0.3763,2026-06-13 12:00:00,2026-06-23 23:59:59,34.0,23.8,0.0,52474.035,129.0504,12.24,38.52,5.8356,3.0417
valencia,39.4699,-0.3763,2026-06-13 12:00:00,2026-06-24 23:59:59,33.75,25.25,0.0,52148.4,83.6185,9.0449,35.28,5.4907,3.375
valencia,39.4699,-0.3763,2026-06-13 12:00:00,2026-06-25 23:59:59,34.2,25.2,0.0,52164.2,66.1902,19.524,47.52,10.9962,1.5833
valencia,39.4699,-0.3763,2026-06-13 12:00:00,2026-06-26 23:59:59,30.6,25.7,0.0,52178.582,57.2763,15.3792,47.16,7.6671,1.0833
aachen,50.7753,6.0839,2026-05-31 12:00:00,2026-05-31 23:59:59,22.776,18.426,0.7,14188.092,244.0679,21.6,46.8,14.805,21.2917
aachen,50.7753,6.0839,2026-05-31 12:00:00,2026-06-01 23:59:59,25.176,15.776,0.1,48733.77,251.4353,14.4,28.8,9.465,5.5
aachen,50.7753,6.0839,2026-05-31 12:00:00,2026-06-02 23:59:59,23.776,14.226,21.1,11876.502,205.3977,27.72,73.8,13.17,52.25
aachen,50.7753,6.0839,2026-05-31 12:00:00,2026-06-03 23:59:59,19.4,12.8315,9.2,45217.832,239.6075,22.5719,52.92,18.6241,48.9167
aachen,50.7753,6.0839,2026-05-31 12:00:00,2026-06-04 23:59:59,19.1,12.85,1.9,47293.14,220.8496,25.9961,57.96,20.8567,61.8333
aachen,50.7753,6.0839,2026-05-31 12:00:00,2026-06-05 23:59:59,16.4,11.45,2.1,39600.227,241.2061,21.1835,45.0,17.2452,47.4583
aachen,50.7753,6.0839,2026-05-31 12:00:00,2026-06-06 23:59:59,17.5,9.5,0.0,23070.742,200.636,13.6907,36.72,10.3337,16.2083
munich,48.1351,11.582,2026-04-15 12:00:00,2026-04-15 23:59:59,12.515,8.165,0.0,1364.2186,41.9256,9.3392,22.68,5.201,0.75
munich,48.1351,11.582,2026-04-15 12:00:00,2026-04-16 23:59:59,16.915,9.465,0.0,11168.881,266.8305,9.4496,27.72,6.4018,0.625
munich,48.1351,11.582,2026-04-15 12:00:00,2026-04-17 23:59:59,18.5824,6.565,0.0,46800.0,74.396,8.4562,24.12,4.2176,0.0
munich,48.1351,11.582,2026-04-15 12:00:00,2026-04-18 23:59:59,19.1715,7.9715,0.0,43957.11,68.3049,6.49,18.0,3.6121,0.8333
munich,48.1351,11.582,2026-04-15 12:00:00,2026-04-19 23:59:59,18.0715,10.9715,7.5,29045.441,281.5202,14.278,36.0,3.7257,23.5417
munich,48.1351,11.582,2026-04-15 12:00:00,2026-04-20 23:59:59,12.108,6.758,0.0,41200.43,322.139,14.1137,36.0,8.5406,46.8021
munich,48.1351,11.582,2026-04-15 12:00:00,2026-04-21 23:59:59,12.308,4.258,0.0,49109.11,39.703,11.458,26.64,6.728,23.4583
munich,48.1351,11.582,2026-04-17 12:00:00,2026-04-17 23:59:59,18.715,5.815,0.0,46800.0,83.6798,12.2453,23.4,5.7219,0.0
munich,48.1351,11.582,2026-04-17 12:00:00,2026-04-18 23:59:59,19.315,7.015,0.0,44238.164,110.8313,8.0498,16.2,4.2842,0.0
munich,48.1351,11.582,2026-04-17 12:00:00,2026-04-19 23:59:59,15.0715,8.7715,7.5,2641.1086,258.8107,12.2876,42.84,6.8449,47.4583
munich,48.1351,11.582,2026-04-17 12:00:00,2026-04-20 23:59:59,10.4215,6.2215,2.5,42083.0,314.3014,9.7931,32.76,5.4381,25.5833
munich,48.1351,11.582,2026-04-17 12:00:00,2026-04-21 23:59:59,10.8215,3.8715,3.0,48270.29,31.7441,10.788,28.44,5.1927,24.4167
munich,48.1351,11.582,2026-04-17 12:00:00,2026-04-22 23:59:59,11.558,3.908,0.6,48361.508,31.9661,14.0077,33.12,7.7558,8.7292
munich,48.1351,11.582,2026-04-17 12:00:00,2026-04-23 23:59:59,10.458,3.558,1.5,49534.332,49.5685,12.5588,28.44,5.9543,16.1667
munich,48.1351,11.582,2026-04-23 12:00:00,2026-04-23 23:59:59,17.165,0.965,0.0,45712.324,290.6821,10.7398,25.56,5.3249,0.0
munich,48.1351,11.582,2026-04-23 12:00:00,2026-04-24 23:59:59,18.965,3.865,0.0,48166.15,283.6414,9.931,25.56,6.3233,0.0
munich,48.1351,11.582,2026-04-23 12:00:00,2026-04-25 23:59:59,20.5715,3.2215,0.0,48570.836,276.1007,11.2698,31.68,6.1368,0.0
munich,48.1351,11.582,2026-04-23 12:00:00,2026-04-26 23:59:59,18.5715,4.9715,0.0,49246.645,356.4638,9.1782,26.28,5.3977,0.0
munich,48.1351,11.582,2026-04-23 12:00:00,2026-04-27 23:59:59,17.1215,3.6215,0.0,49240.63,67.4641,11.1135,32.4,6.4283,0.8333
munich,48.1351,11.582,2026-04-23 12:00:00,2026-04-28 23:59:59,16.158,5.008,0.0,47647.49,5.0355,10.1377,23.76,5.8704,8.6979
munich,48.1351,11.582,2026-04-23 12:00:00,2026-04-29 23:59:59,11.658,3.908,1.5,40840.02,74.4713,17.7827,40.32,10.288,13.0
berlin,52.52,13.405,2026-04-22 12:00:00,2026-04-22 23:59:59,17.052,2.552,0.0,50030.016,324.9277,16.9926,39.6,10.3603,0.0
berlin,52.52,13.405,2026-04-22 12:00:00,2026-04-23 23:59:59,15.102,3.852,0.0,36260.836,297.1255,15.946,35.64,13.1018,0.0
berlin,52.52,13.405,2026-04-22 12:00:00,2026-04-24 23:59:59,13.339,5.4955,0.0,29580.39,281.8901,13.7084,29.88,10.0541,0.0
berlin,52.52,13.405,2026-04-22 12:00:00,2026-04-25 23:59:59,14.789,5.839,0.0,37274.46,285.3909,20.1889,52.2,15.7528,0.9167
berlin,52.52,13.405,2026-04-22 12:00:00,2026-04-26 23:59:59,14.139,4.139,0.0,50545.973,320.321,13.5324,34.56,9.1616,1.25
berlin,52.52,13.405,2026-04-22 12:00:00,2026-04-27 23:59:59,14.576,6.426,0.0,41948.49,359.9693,9.606,25.92,5.329,0.0
berlin,52.52,13.405,2026-04-22 12:00:00,2026-04-28 23:59:59,13.526,5.176,0.0,50348.266,21.3765,12.2876,29.88,6.3753,3.2083
vienna,48.2082,16.3738,2026-06-16 12:00:00,2026-06-14 23:59:59,21.9215,17.7715,0.0,47553.11,294.395,19.8131,47.16,8.8172,4.4583
vienna,48.2082,16.3738,2026-06-16 12:00:00,2026-06-15 23:59:59,23.4215,15.0715,0.0,51365.355,284.7481,18.0,41.4,9.8795,0.0
vienna,48.2082,16.3738,2026-06-16 12:00:00,2026-06-16 23:59:59,25.9215,13.6715,0.1,48464.586,273.0696,21.0777,39.24,9.7438,1.4583
vienna,48.2082,16.3738,2026-06-16 12:00:00,2026-06-17 23:59:59,27.8715,17.5715,2.1,38765.902,278.9206,16.2639,35.64,10.4159,6.25
vienna,48.2082,16.3738,2026-06-16 12:00:00,2026-06-18 23:59:59,30.8715,21.1715,0.0,48525.566,316.9716,11.2698,24.48,6.6634,1.2917
vienna,48.2082,16.3738,2026-06-16 12:00:00,2026-06-19 23:59:59,32.78,19.33,0.0,54987.543,117.1174,10.3088,27.0,5.3769,0.0
vienna,48.2082,16.3738,2026-06-16 12:00:00,2026-06-20 23:59:59,34.03,21.78,0.3,49397.83,164.5536,13.8495,36.72,6.1864,2.9167
vienna,48.2082,16.3738,2026-06-16 12:00:00,2026-06-21 23:59:59,32.23,23.53,3.0,47843.96,286.7316,9.616,33.48,5.8551,30.75
vienna,48.2082,16.3738,2026-06-16 12:00:00,2026-06-22 23:59:59,30.563,22.263,3.9,41372.367,312.2087,19.4066,44.64,9.9444,32.0
vienna,48.2082,16.3738,2026-06-16 12:00:00,2026-06-23 23:59:59,23.363,19.363,5.1,22450.297,331.9276,12.2876,32.04,9.9292,21.8333
vienna,48.2082,16.3738,2026-06-16 12:00:00,2026-06-24 23:59:59,31.9,22.0222,0.0,57093.734,324.1809,14.9833,42.48,12.6121,15.2292
vienna,48.2082,16.3738,2026-06-16 12:00:00,2026-06-25 23:59:59,30.9,21.25,0.0,57075.98,337.0826,10.8733,39.96,7.7381,7.0
vienna,48.2082,16.3738,2026-06-16 12:00:00,2026-06-26 23:59:59,29.75,21.1,0.0,57053.387,341.2055,15.0964,46.8,11.4642,7.375
vienna,48.2082,16.3738,2026-06-16 12:00:00,2026-06-27 23:59:59,27.3,20.8,0.0,57025.92,350.1391,19.1376,50.4,11.7281,13.7083
vienna,48.2082,16.3738,2026-06-16 12:00:00,2026-06-28 23:59:59,30.55,20.15,0.0,56993.637,117.2286,6.8542,42.12,5.0865,9.8333
vienna,48.2082,16.3738,2026-06-16 12:00:00,2026-06-29 23:59:59,35.05,23.0,3.0,56956.55,335.2596,14.7776,47.16,7.9296,6.875
berlin,52.52,13.405,2026-06-06 12:00:00,2026-06-01 23:59:59,22.302,13.352,0.0,47707.45,333.0435,12.7686,31.32,8.003,0.0
berlin,52.52,13.405,2026-06-06 12:00:00,2026-06-06 23:59:59,24.352,12.102,0.0,48469.97,186.3134,11.8418,25.56,5.4408,0.25
berlin,52.52,13.405,2026-06-06 12:00:00,2026-06-07 23:59:59,22.852,16.302,0.3,48072.637,258.3238,22.1977,50.4,12.5873,10.0833
berlin,52.52,13.405,2026-06-06 12:00:00,2026-06-08 23:59:59,25.589,14.0862,0.0,50850.664,192.5805,9.3392,24.84,6.3981,0.4167
berlin,52.52,13.405,2026-06-06 12:00:00,2026-06-09 23:59:59,20.389,13.389,3.2,12804.104,261.0772,12.0156,32.76,8.7276,20.375
berlin,52.52,13.405,2026-06-06 12:00:00,2026-06-10 23:59:59,20.839,10.439,0.0,58173.195,262.5795,11.0433,32.04,7.3482,5.4792
berlin,52.52,13.405,2026-06-06 12:00:00,2026-06-11 23:59:59,20.876,10.026,0.0,52847.637,266.3808,9.7798,28.08,7.0252,9.2083
berlin,52.52,13.405,2026-06-06 12:00:00,2026-06-12 23:59:59,20.326,13.976,5.1,0.0,193.9798,9.9571,29.16,7.6585,9.625
berlin,52.52,13.405,2026-06-06 12:00:00,2026-06-13 23:59:59,23.7,14.876,2.4,42580.406,234.2719,17.0659,52.2,9.6023,24.5
berlin,52.52,13.405,2026-06-06 12:00:00,2026-06-14 23:59:59,19.55,12.9,4.5,56638.785,271.3285,20.1993,50.76,16.5363,23.0417
berlin,52.52,13.405,2026-06-06 12:00:00,2026-06-15 23:59:59,20.2,12.9,0.9,58527.32,266.1736,19.6497,48.96,16.2818,19.7083
berlin,52.52,13.405,2026-06-06 12:00:00,2026-06-16 23:59:59,26.0,16.1,0.0,52642.32,255.8589,16.7941,46.44,15.3427,18.6667
berlin,52.52,13.405,2026-06-06 12:00:00,2026-06-17 23:59:59,24.4,17.1,0.0,56023.15,274.4023,24.1629,59.04,18.2384,17.3333
berlin,52.52,13.405,2026-06-06 12:00:00,2026-06-18 23:59:59,18.35,12.95,0.6,12400.128,288.7602,23.7033,57.24,20.1654,22.9167
berlin,52.52,13.405,2026-06-06 12:00:00,2026-06-19 23:59:59,19.15,12.9,0.0,21906.004,290.5589,19.7385,50.4,18.5125,16.25
munich,48.1351,11.582,2026-04-22 12:00:00,2026-04-22 23:59:59,12.815,1.715,0.0,47726.617,76.6033,16.7042,38.52,9.6362,0.0
munich,48.1351,11.582,2026-04-22 12:00:00,2026-04-23 23:59:59,16.965,3.465,0.0,47855.86,314.628,10.2963,25.2,4.643,0.0
munich,48.1351,11.582,2026-04-22 12:00:00,2026-04-24 23:59:59,19.3215,4.0182,0.0,48234.582,279.279,9.6933,27.72,5.8344,0.0
munich,48.1351,11.582,2026-04-22 12:00:00,2026-04-25 23:59:59,19.0715,5.6215,0.0,48570.836,285.3936,11.441,32.76,6.401,0.0
munich,48.1351,11.582,2026-04-22 12:00:00,2026-04-26 23:59:59,16.7215,5.9715,0.0,49841.156,23.1265,8.7072,26.28,5.3473,0.0
munich,48.1351,11.582,2026-04-22 12:00:00,2026-04-27 23:59:59,16.608,4.458,0.0,47998.305,53.9205,9.931,25.2,5.8537,0.4583
munich,48.1351,11.582,2026-04-22 12:00:00,2026-04-28 23:59:59,16.708,4.958,0.0,50063.824,47.1409,12.2612,29.16,6.8837,3.2083
aachen,50.7753,6.0839,2026-05-17 12:00:00,2026-05-17 23:59:59,14.176,7.876,0.2,11697.6,204.1665,16.56,36.36,12.615,28.0417
aachen,50.7753,6.0839,2026-05-17 12:00:00,2026-05-18 23:59:59,15.426,9.876,6.8,21404.66,233.3716,18.72,45.36,9.345,48.1667
aachen,50.7753,6.0839,2026-05-17 12:00:00,2026-05-19 23:59:59,14.776,7.526,0.35,17190.861,200.142,21.7383,43.2,12.913,24.9167
aachen,50.7753,6.0839,2026-05-17 12:00:00,2026-05-20 23:59:59,17.0,11.0,7.0,48484.664,230.1628,23.4919,57.6,19.3511,66.2083
aachen,50.7753,6.0839,2026-05-17 12:00:00,2026-05-21 23:59:59,17.5,11.35,0.6,43889.4,250.4889,19.2701,38.88,14.4452,21.125
aachen,50.7753,6.0839,2026-05-17 12:00:00,2026-05-22 23:59:59,20.45,8.9,0.0,55449.05,66.5487,8.6587,24.12,4.6404,1.7083
aachen,50.7753,6.0839,2026-05-17 12:00:00,2026-05-23 23:59:59,24.9,14.6,0.0,56141.76,89.384,9.9,21.24,6.2383,9.25
frankfurt,50.1109,8.6821,2026-06-14 12:00:00,2026-06-09 23:59:59,21.043,14.393,1.7,38410.965,247.3526,18.8373,43.56,10.0757,18.9583
frankfurt,50.1109,8.6821,2026-06-14 12:00:00,2026-06-14 23:59:59,19.743,12.693,0.0,36071.344,291.6869,15.0427,38.88,9.4348,4.625
frankfurt,50.1109,8.6821,2026-06-14 12:00:00,2026-06-15 23:59:59,21.193,10.543,0.0,52419.848,283.1495,11.1774,28.8,6.7435,0.0
frankfurt,50.1109,8.6821,2026-06-14 12:00:00,2026-06-16 23:59:59,24.6975,13.643,0.35,29463.01,195.1065,11.8089,33.12,5.8487,12.6667
frankfurt,50.1109,8.6821,2026-06-14 12:00:00,2026-06-17 23:59:59,30.4475,17.1975,0.1,45923.95,257.7352,7.7295,25.56,3.9522,4.5
frankfurt,50.1109,8.6821,2026-06-14 12:00:00,2026-06-18 23:59:59,32.9975,19.2975,0.0,49008.23,289.4808,11.6598,36.72,4.6534,0.25
frankfurt,50.1109,8.6821,2026-06-14 12:00:00,2026-06-19 23:59:59,35.702,21.2975,0.3,55968.14,150.9283,8.122,28.8,3.9938,3.0
frankfurt,50.1109,8.6821,2026-06-14 12:00:00,2026-06-20 23:59:59,29.352,22.602,1.5,44355.93,233.471,13.6847,47.88,6.9297,4.4583
frankfurt,50.1109,8.6821,2026-06-14 12:00:00,2026-06-21 23:59:59,30.55,19.952,0.0,57390.035,29.4234,12.5601,32.76,7.6211,19.0
frankfurt,50.1109,8.6821,2026-06-14 12:00:00,2026-06-22 23:59:59,31.7,20.3,1.2,58181.246,17.1151,13.6907,32.76,10.7454,10.2917
frankfurt,50.1109,8.6821,2026-06-14 12:00:00,2026-06-23 23:59:59,30.0,19.7,0.6,58172.414,16.262,15.1082,31.32,10.093,11.9167
frankfurt,50.1109,8.6821,2026-06-14 12:00:00,2026-06-24 23:59:59,30.5,20.0,0.0,58158.24,3.7189,13.7237,35.64,9.5223,6.125
frankfurt,50.1109,8.6821,2026-06-14 12:00:00,2026-06-25 23:59:59,27.05,17.55,0.0,58138.723,27.6266,14.8224,34.2,13.2361,8.0833
frankfurt,50.1109,8.6821,2026-06-14 12:00:00,2026-06-26 23:59:59,31.9,18.55,0.0,58113.902,48.2886,13.4627,33.48,10.5904,8.8333
frankfurt,50.1109,8.6821,2026-06-14 12:00:00,2026-06-27 23:59:59,34.85,20.85,0.0,58083.785,73.9264,13.036,32.4,10.2717,18.2917
paris,48.8566,2.3522,2026-06-16 12:00:00,2026-06-14 23:59:59,26.465,14.415,0.0,53968.285,330.7791,12.5381,28.44,8.3263,0.0
paris,48.8566,2.3522,2026-06-16 12:00:00,2026-06-15 23:59:59,28.815,14.615,1.3,43200.0,114.6235,10.009,35.64,7.5718,1.4583
paris,48.8566,2.3522,2026-06-16 12:00:00,2026-06-16 23:59:59,27.765,21.215,0.4,40630.617,291.4205,13.3976,30.96,9.0087,3.9167
paris,48.8566,2.3522,2026-06-16 12:00:00,2026-06-17 23:59:59,32.715,19.365,0.0,54154.676,209.3317,9.7267,23.04,4.8256,0.0
paris,48.8566,2.3522,2026-06-16 12:00:00,2026-06-18 23:59:59,36.765,20.215,0.0,46957.914,348.5817,12.3716,33.48,6.1836,3.5833
paris,48.8566,2.3522,2026-06-16 12:00:00,2026-06-19 23:59:59,35.7995,23.9995,0.1,54631.902,168.6902,11.682,38.52,5.8087,6.1667
paris,48.8566,2.3522,2026-06-16 12:00:00,2026-06-20 23:59:59,32.5495,23.5495,0.6,57069.965,297.108,4.6938,26.28,2.53,12.25
paris,48.8566,2.3522,2026-06-16 12:00:00,2026-06-21 23:59:59,35.7995,21.2495,0.0,51600.68,21.7762,10.3653,27.72,6.2523,6.9167
paris,48.8566,2.3522,2026-06-16 12:00:00,2026-06-22 23:59:59,32.9495,23.5495,0.0,56833.58,33.3178,15.0211,37.08,11.6126,7.375
paris,48.8566,2.3522,2026-06-16 12:00:00,2026-06-23 23:59:59,29.4995,20.0995,0.0,57103.723,27.55,15.1414,37.8,12.2482,1.25
paris,48.8566,2.3522,2026-06-16 12:00:00,2026-06-24 23:59:59,27.25,17.5,0.0,57134.477,30.9638,11.8445,34.92,7.949,3.6979
paris,48.8566,2.3522,2026-06-16 12:00:00,2026-06-25 23:59:59,29.4,18.95,0.0,57137.62,42.924,13.6444,35.28,8.5894,2.0417
paris,48.8566,2.3522,2026-06-16 12:00:00,2026-06-26 23:59:59,31.8,19.8,0.0,57137.94,50.9945,11.1135,35.64,8.9925,5.9583
paris,48.8566,2.3522,2026-06-16 12:00:00,2026-06-27 23:59:59,37.65,21.7,0.0,57135.375,106.04,7.8893,30.24,5.2959,2.7083
paris,48.8566,2.3522,2026-06-16 12:00:00,2026-06-28 23:59:59,34.25,23.95,0.0,57129.875,334.5667,14.2757,39.96,10.0782,6.625
paris,48.8566,2.3522,2026-06-16 12:00:00,2026-06-29 23:59:59,27.7,17.35,0.0,57121.383,23.4429,15.3423,41.76,13.0287,9.0833
berlin,52.52,13.405,2026-05-31 12:00:00,2026-05-31 23:59:59,22.802,13.752,2.3,31670.883,304.9684,12.3139,31.32,6.963,1.4583
berlin,52.52,13.405,2026-05-31 12:00:00,2026-06-01 23:59:59,22.702,13.702,0.0,45133.758,333.1752,12.2188,29.52,7.6277,0.125
berlin,52.52,13.405,2026-05-31 12:00:00,2026-06-02 23:59:59,25.702,15.152,0.0,36757.758,137.2348,12.3428,40.05,7.8703,0.375
berlin,52.52,13.405,2026-05-31 12:00:00,2026-06-03 23:59:59,20.989,16.439,1.6,8616.131,243.4996,10.8539,30.24,7.6411,25.8333
berlin,52.52,13.405,2026-05-31 12:00:00,2026-06-04 23:59:59,23.989,13.339,3.3,45319.21,197.6983,15.4842,42.84,8.2209,33.125
berlin,52.52,13.405,2026-05-31 12:00:00,2026-06-05 23:59:59,21.526,14.089,1.2,28373.715,252.3137,9.2556,28.71,6.2042,28.0521
berlin,52.52,13.405,2026-05-31 12:00:00,2026-06-06 23:59:59,22.626,11.826,0.0,57102.254,339.5026,7.3426,21.6,5.5597,16.9167
aachen,50.7753,6.0839,2026-04-20 12:00:00,2026-04-20 23:59:59,13.326,5.926,0.0,44909.77,2.8425,10.8,26.28,8.25,8.7083
aachen,50.7753,6.0839,2026-04-20 12:00:00,2026-04-21 23:59:59,14.176,5.526,0.0,40539.457,58.2909,16.56,38.16,11.175,7.375
aachen,50.7753,6.0839,2026-04-20 12:00:00,2026-04-22 23:59:59,17.326,4.476,0.0,46800.0,72.8024,16.2,36.72,9.84,0.0
aachen,50.7753,6.0839,2026-04-20 12:00:00,2026-04-23 23:59:59,15.6,4.15,0.0,48211.902,28.2996,11.0168,23.76,7.2303,0.0
aachen,50.7753,6.0839,2026-04-20 12:00:00,2026-04-24 23:59:59,14.9,3.2,0.0,35836.61,350.7975,8.6569,22.32,5.7007,0.0
aachen,50.7753,6.0839,2026-04-20 12:00:00,2026-04-25 23:59:59,14.2,4.8,0.0,32979.168,344.1675,8.2878,21.6,6.4958,0.0
aachen,50.7753,6.0839,2026-04-20 12:00:00,2026-04-26 23:59:59,11.85,3.8,0.0,50251.01,24.7582,7.6283,22.68,5.8075,2.0833
london,51.5074,-0.1278,2026-06-15 12:00:00,2026-06-14 23:59:59,21.091,12.891,0.0,54000.0,324.1556,14.4,32.04,8.865,0.0
london,51.5074,-0.1278,2026-06-15 12:00:00,2026-06-15 23:59:59,23.741,13.591,1.3,30194.713,102.817,16.56,37.44,12.42,22.125
london,51.5074,-0.1278,2026-06-15 12:00:00,2026-06-16 23:59:59,26.441,16.441,0.1,42708.164,276.9111,20.52,45.36,11.61,2.0
london,51.5074,-0.1278,2026-06-15 12:00:00,2026-06-17 23:59:59,23.5045,17.4069,0.3,46426.39,230.1813,19.44,40.68,16.5712,7.0
london,51.5074,-0.1278,2026-06-15 12:00:00,2026-06-18 23:59:59,26.0045,16.1545,0.0,43200.0,219.2892,13.32,29.88,9.945,1.0
london,51.5074,-0.1278,2026-06-15 12:00:00,2026-06-19 23:59:59,27.7045,19.5545,0.0,57475.33,230.5288,15.12,31.68,8.19,4.25
london,51.5074,-0.1278,2026-06-15 12:00:00,2026-06-20 23:59:59,29.2045,20.6545,0.0,39647.992,225.2697,17.64,36.36,8.28,6.0
london,51.5074,-0.1278,2026-06-15 12:00:00,2026-06-21 23:59:59,30.6,18.7045,0.0,54775.83,242.2129,15.48,34.56,7.9457,5.625
london,51.5074,-0.1278,2026-06-15 12:00:00,2026-06-22 23:59:59,35.35,20.1,0.0,55989.617,117.0308,13.6907,44.28,12.0127,9.25
london,51.5074,-0.1278,2026-06-15 12:00:00,2026-06-23 23:59:59,29.3,17.8,8.4,54000.0,248.7681,16.9563,44.64,9.6256,7.375
london,51.5074,-0.1278,2026-06-15 12:00:00,2026-06-24 23:59:59,22.35,15.2,1.2,44981.465,278.6083,14.4404,43.92,12.0788,1.25
london,51.5074,-0.1278,2026-06-15 12:00:00,2026-06-25 23:59:59,25.5,13.85,0.0,57977.156,300.5296,9.9,34.92,4.5407,0.625
london,51.5074,-0.1278,2026-06-15 12:00:00,2026-06-26 23:59:59,28.75,16.85,0.0,57686.188,236.5138,9.3218,26.28,5.6238,4.5
london,51.5074,-0.1278,2026-06-15 12:00:00,2026-06-27 23:59:59,25.35,18.2,0.0,54535.434,316.3466,12.2955,38.88,9.3466,7.875
london,51.5074,-0.1278,2026-06-15 12:00:00,2026-06-28 23:59:59,24.65,14.85,0.0,56956.18,323.962,12.8823,41.4,9.6469,17.375
munich,48.1351,11.582,2026-04-20 12:00:00,2026-04-20 23:59:59,13.465,3.665,0.0,47383.094,314.4706,14.1137,37.08,7.4813,0.875
munich,48.1351,11.582,2026-04-20 12:00:00,2026-04-21 23:59:59,9.815,3.215,0.0,35828.637,30.7484,12.8898,28.44,7.33,2.6667
munich,48.1351,11.582,2026-04-20 12:00:00,2026-04-22 23:59:59,13.4215,2.115,0.0,47816.0,71.7819,13.8199,36.0,8.3573,0.0
munich,48.1351,11.582,2026-04-20 12:00:00,2026-04-23 23:59:59,16.9715,0.4215,0.0,48305.93,287.6002,11.8855,32.4,6.3301,0.0
munich,48.1351,11.582,2026-04-20 12:00:00,2026-04-24 23:59:59,18.0215,3.1215,0.0,49627.83,283.7731,11.5929,32.4,6.5679,0.0
munich,48.1351,11.582,2026-04-20 12:00:00,2026-04-25 23:59:59,11.108,5.5215,0.0,41461.965,311.2143,11.9886,28.44,6.9339,1.2917
munich,48.1351,11.582,2026-04-20 12:00:00,2026-04-26 23:59:59,14.108,3.708,0.0,46132.46,40.1559,12.0748,29.16,7.3271,4.625
valencia,39.4699,-0.3763,2026-04-17 12:00:00,2026-04-17 23:59:59,21.6825,12.4325,0.0,44726.72,72.7369,11.8745,29.16,5.951,0.0
valencia,39.4699,-0.3763,2026-04-17 12:00:00,2026-04-18 23:59:59,22.2325,11.9825,0.0,43746.15,64.7345,12.7381,30.96,6.3229,0.0
valencia,39.4699,-0.3763,2026-04-17 12:00:00,2026-04-19 23:59:59,22.2825,12.8325,0.0,45507.547,71.1698,12.6462,30.96,6.0691,0.0
valencia,39.4699,-0.3763,2026-04-17 12:00:00,2026-04-20 23:59:59,23.9825,13.0825,0.0,45748.59,79.6717,12.1443,30.96,6.1209,0.0
valencia,39.4699,-0.3763,2026-04-17 12:00:00,2026-04-21 23:59:59,21.7825,14.1825,0.0,47205.36,59.1866,14.9042,36.36,7.9867,1.375
valencia,39.4699,-0.3763,2026-04-17 12:00:00,2026-04-22 23:59:59,22.2145,12.4645,0.0,46308.438,85.4076,15.84,37.08,7.2068,3.125
valencia,39.4699,-0.3763,2026-04-17 12:00:00,2026-04-23 23:59:59,19.5645,12.7645,0.0,26014.99,57.6143,18.5845,42.84,8.1662,3.4167
munich,48.1351,11.582,2026-04-24 12:00:00,2026-04-24 23:59:59,19.565,4.715,0.0,47717.258,283.8729,12.3034,29.52,7.5391,0.0
munich,48.1351,11.582,2026-04-24 12:00:00,2026-04-25 23:59:59,20.815,5.165,0.0,48478.742,283.051,14.04,32.04,6.8592,0.0
munich,48.1351,11.582,2026-04-24 12:00:00,2026-04-26 23:59:59,17.6215,5.3715,0.0,47352.3,3.8324,8.9132,25.2,6.1254,0.0
munich,48.1351,11.582,2026-04-24 12:00:00,2026-04-27 23:59:59,18.2215,5.0715,0.0,46800.0,16.9158,7.0729,21.24,3.4309,0.0
munich,48.1351,11.582,2026-04-24 12:00:00,2026-04-28 23:59:59,11.9715,5.5215,3.6,96.848,330.852,6.8495,24.12,4.6702,6.75
munich,48.1351,11.582,2026-04-24 12:00:00,2026-04-29 23:59:59,11.858,4.308,0.6,35491.66,33.1974,17.5516,39.6,9.1175,15.4167
munich,48.1351,11.582,2026-04-24 12:00:00,2026-04-30 23:59:59,8.358,0.658,0.6,38292.07,51.867,16.9812,38.52,10.5799,7.75
bergen,60.3913,5.3249,2026-06-15 12:00:00,2026-06-10 23:59:59,14.261,9.861,0.4,59.8158,199.5964,11.88,25.56,9.225,93.2083
bergen,60.3913,5.3249,2026-06-15 12:00:00,2026-06-11 23:59:59,14.361,8.761,12.2,20931.27,165.2969,19.8,37.44,14.58,80.4583
bergen,60.3913,5.3249,2026-06-15 12:00:00,2026-06-12 23:59:59,13.861,10.411,8.3,0.0,144.2508,23.4,44.28,16.74,84.0
bergen,60.3913,5.3249,2026-06-15 12:00:00,2026-06-13 23:59:59,16.961,10.761,1.5,14851.395,328.512,19.8,37.08,10.5,64.5417
bergen,60.3913,5.3249,2026-06-15 12:00:00,2026-06-14 23:59:59,22.111,10.111,0.0,59657.46,334.7358,28.8,52.2,13.86,3.7083
bergen,60.3913,5.3249,2026-06-15 12:00:00,2026-06-15 23:59:59,19.661,9.711,0.0,62456.38,333.8001,18.72,36.72,14.91,0.0
bergen,60.3913,5.3249,2026-06-15 12:00:00,2026-06-16 23:59:59,18.811,9.461,0.0,62792.6,300.4448,15.12,31.68,8.805,0.0
bergen,60.3913,5.3249,2026-06-15 12:00:00,2026-06-17 23:59:59,17.361,9.961,1.4,19153.902,184.0821,9.72,24.84,6.3962,18.4583
bergen,60.3913,5.3249,2026-06-15 12:00:00,2026-06-18 23:59:59,16.25,10.55,1.8,38557.19,181.2705,15.6765,37.44,12.0173,34.2083
bergen,60.3913,5.3249,2026-06-15 12:00:00,2026-06-19 23:59:59,18.3,11.9,10.5,0.0,165.1049,22.3229,59.04,17.1352,58.1667
bergen,60.3913,5.3249,2026-06-15 12:00:00,2026-06-20 23:59:59,16.35,11.95,19.5,8747.996,198.7397,22.3207,51.48,13.5774,64.9583
bergen,60.3913,5.3249,2026-06-15 12:00:00,2026-06-21 23:59:59,15.45,9.05,8.1,55061.3,211.6121,17.769,51.48,13.6779,52.125
bergen,60.3913,5.3249,2026-06-15 12:00:00,2026-06-22 23:59:59,15.25,8.65,3.6,67092.41,290.8132,9.54,42.48,6.4752,55.75
bergen,60.3913,5.3249,2026-06-15 12:00:00,2026-06-23 23:59:59,16.8,10.35,15.3,31551.412,350.9606,4.8433,31.32,2.6266,41.0833
bergen,60.3913,5.3249,2026-06-15 12:00:00,2026-06-24 23:59:59,14.5,12.05,35.4,0.0,169.9763,17.3735,39.24,11.0688,45.25
bergen,60.3913,5.3249,2026-06-15 12:00:00,2026-06-25 23:59:59,11.7,10.95,13.5,0.0,219.0154,17.0155,40.68,13.6072,40.6667
bergen,60.3913,5.3249,2026-06-15 12:00:00,2026-06-26 23:59:59,14.1,10.4,9.6,0.0,206.8392,18.7511,41.76,12.0993,35.9167
bergen,60.3913,5.3249,2026-06-15 12:00:00,2026-06-27 23:59:59,13.35,9.45,3.0,61982.21,225.8605,11.9534,30.6,7.2694,38.4583
bergen,60.3913,5.3249,2026-06-15 12:00:00,2026-06-28 23:59:59,13.2,9.1,12.3,63321.55,249.5504,12.7838,30.6,7.1548,26.8333
prag,50.0755,14.4378,2026-06-16 12:00:00,2026-06-15 23:59:59,19.3485,12.5485,0.0,35882.703,274.8899,17.6987,37.44,11.4473,0.125
prag,50.0755,14.4378,2026-06-16 12:00:00,2026-06-16 23:59:59,23.7985,10.7485,0.8,37467.035,239.1961,19.4167,43.56,11.3684,9.5
prag,50.0755,14.4378,2026-06-16 12:00:00,2026-06-17 23:59:59,25.0985,15.5985,1.9,42623.91,300.1968,15.0038,33.12,7.5736,8.0
prag,50.0755,14.4378,2026-06-16 12:00:00,2026-06-18 23:59:59,29.3985,17.5985,0.0,49413.598,252.218,9.5315,23.4,4.5644,0.6667
prag,50.0755,14.4378,2026-06-16 12:00:00,2026-06-19 23:59:59,33.146,16.946,0.0,53119.812,160.0674,6.6381,18.72,3.4103,0.6667
prag,50.0755,14.4378,2026-06-16 12:00:00,2026-06-20 23:59:59,33.796,20.346,0.0,55894.44,207.0834,3.7585,15.12,2.2281,8.5833
prag,50.0755,14.4378,2026-06-16 12:00:00,2026-06-21 23:59:59,32.221,20.996,1.05,52592.64,284.1261,8.8267,32.4,4.4549,25.2188
prag,50.0755,14.4378,2026-06-16 12:00:00,2026-06-22 23:59:59,25.346,19.196,14.4,6308.153,314.7016,9.4221,32.4,5.463,30.4167
prag,50.0755,14.4378,2026-06-16 12:00:00,2026-06-23 23:59:59,25.046,16.446,0.0,44865.066,338.4911,14.1182,34.92,6.8172,11.9583
prag,50.0755,14.4378,2026-06-16 12:00:00,2026-06-24 23:59:59,27.05,17.747,0.0,57775.484,321.1516,16.455,46.44,11.2445,12.2917
prag,50.0755,14.4378,2026-06-16 12:00:00,2026-06-25 23:59:59,26.45,16.2,0.0,57758.66,345.1137,15.4517,43.92,8.8702,4.5
prag,50.0755,14.4378,2026-06-16 12:00:00,2026-06-26 23:59:59,25.2,18.0,0.0,54522.633,332.6404,15.5468,45.0,9.923,8.1667
prag,50.0755,14.4378,2026-06-16 12:00:00,2026-06-27 23:59:59,26.95,17.1,0.0,57708.45,6.5212,14.3696,48.24,8.5637,11.2083
prag,50.0755,14.4378,2026-06-16 12:00:00,2026-06-28 23:59:59,32.05,18.65,0.0,57682.5,148.8108,7.7588,39.6,2.8851,7.3333
prag,50.0755,14.4378,2026-06-16 12:00:00,2026-06-29 23:59:59,26.85,20.45,1.2,57655.695,341.8159,18.079,46.44,13.1636,7.3333
munich,48.1351,11.582,2026-05-31 12:00:00,2026-05-31 23:59:59,29.315,17.115,2.2,33329.56,253.3811,19.7705,63.72,8.5149,34.125
munich,48.1351,11.582,2026-05-31 12:00:00,2026-06-01 23:59:59,21.965,14.815,0.2,34980.85,276.5818,15.9785,41.04,10.4171,28.75
munich,48.1351,11.582,2026-05-31 12:00:00,2026-06-02 23:59:59,22.465,12.915,4.1,20760.514,181.1739,13.8962,37.08,7.463,12.2083
munich,48.1351,11.582,2026-05-31 12:00:00,2026-06-03 23:59:59,18.8715,13.1215,4.0,38994.92,260.3153,14.2416,49.32,10.4769,48.1667
munich,48.1351,11.582,2026-05-31 12:00:00,2026-06-04 23:59:59,21.7715,10.1715,1.2,29194.883,225.6974,12.682,36.0,6.9622,12.75
munich,48.1351,11.582,2026-05-31 12:00:00,2026-06-05 23:59:59,17.908,12.8215,10.95,22413.47,260.862,14.8131,38.79,8.9892,50.5729
munich,48.1351,11.582,2026-05-31 12:00:00,2026-06-06 23:59:59,21.008,10.758,0.6,32906.34,95.4897,14.4045,34.92,7.1769,37.6667
bergen,60.3913,5.3249,2026-06-16 12:00:00,2026-06-15 23:59:59,18.361,9.711,0.0,62066.055,331.0596,18.72,37.08,14.46,0.0
bergen,60.3913,5.3249,2026-06-16 12:00:00,2026-06-16 23:59:59,18.061,9.461,0.0,61517.504,284.3388,15.48,32.04,9.0,0.0
bergen,60.3913,5.3249,2026-06-16 12:00:00,2026-06-17 23:59:59,14.261,9.861,4.9,7277.758,169.9232,16.92,30.6,8.43,34.75
bergen,60.3913,5.3249,2026-06-16 12:00:00,2026-06-18 23:59:59,17.911,12.111,1.2,8545.721,172.452,16.2,28.44,13.14,35.8333
bergen,60.3913,5.3249,2026-06-16 12:00:00,2026-06-19 23:59:59,19.15,12.7,4.4,15666.832,169.9563,24.1348,54.36,16.8928,61.625
bergen,60.3913,5.3249,2026-06-16 12:00:00,2026-06-20 23:59:59,16.95,11.0,13.9,37199.02,206.0559,21.9939,50.4,13.9577,53.0833
bergen,60.3913,5.3249,2026-06-16 12:00:00,2026-06-21 23:59:59,18.45,9.25,0.0,47722.293,183.3569,11.1032,32.04,8.3717,25.0417
bergen,60.3913,5.3249,2026-06-16 12:00:00,2026-06-22 23:59:59,14.8,10.95,12.6,45962.63,275.4336,11.5929,29.16,7.8207,47.4167
bergen,60.3913,5.3249,2026-06-16 12:00:00,2026-06-23 23:59:59,13.95,9.15,0.0,65505.977,331.1379,18.5819,43.56,14.4908,56.9167
bergen,60.3913,5.3249,2026-06-16 12:00:00,2026-06-24 23:59:59,13.7,8.35,1.2,67047.73,325.2703,15.8829,39.96,11.8955,46.8333
bergen,60.3913,5.3249,2026-06-16 12:00:00,2026-06-25 23:59:59,14.3,7.45,0.0,66621.51,328.0736,12.9925,37.08,10.0798,43.2917
bergen,60.3913,5.3249,2026-06-16 12:00:00,2026-06-26 23:59:59,13.65,7.85,0.0,15754.047,182.8351,8.282,31.32,5.1882,46.5
bergen,60.3913,5.3249,2026-06-16 12:00:00,2026-06-27 23:59:59,14.85,11.9,16.2,0.0,175.6714,18.5958,45.0,14.4035,43.375
bergen,60.3913,5.3249,2026-06-16 12:00:00,2026-06-28 23:59:59,13.55,10.9,8.7,65880.73,248.0477,14.4202,37.08,10.3369,40.6667
bergen,60.3913,5.3249,2026-06-16 12:00:00,2026-06-29 23:59:59,12.1,9.75,6.0,25837.824,286.3411,17.1237,43.56,11.4265,37.4583
london,51.5074,-0.1278,2026-04-18 12:00:00,2026-04-18 23:59:59,17.141,10.091,0.3,44844.312,294.3476,15.84,34.2,10.47,10.5417
london,51.5074,-0.1278,2026-04-18 12:00:00,2026-04-19 23:59:59,15.691,7.891,0.0,40863.992,3.9522,13.32,30.24,10.65,0.0833
london,51.5074,-0.1278,2026-04-18 12:00:00,2026-04-20 23:59:59,12.741,7.991,0.05,38407.94,64.6509,14.4,31.86,10.2525,0.3333
london,51.5074,-0.1278,2026-04-18 12:00:00,2026-04-21 23:59:59,11.8045,5.5045,0.0,44822.29,62.1654,22.32,47.16,16.215,1.625
london,51.5074,-0.1278,2026-04-18 12:00:00,2026-04-22 23:59:59,15.0545,8.3045,0.0,50400.0,73.597,26.28,54.36,18.81,0.2917
london,51.5074,-0.1278,2026-04-18 12:00:00,2026-04-23 23:59:59,16.7545,8.5545,0.0,50400.0,75.6783,20.16,43.2,16.35,0.0417
london,51.5074,-0.1278,2026-04-18 12:00:00,2026-04-24 23:59:59,13.3545,6.7045,0.0,49761.414,76.1301,15.48,32.4,14.175,0.0
valencia,39.4699,-0.3763,2026-05-31 12:00:00,2026-05-31 23:59:59,27.6325,19.7325,0.0,46800.0,96.6868,13.2027,32.04,5.8492,0.0
valencia,39.4699,-0.3763,2026-05-31 12:00:00,2026-06-01 23:59:59,26.2825,20.5825,0.0,49034.926,66.7236,14.5121,35.64,8.347,0.0
valencia,39.4699,-0.3763,2026-05-31 12:00:00,2026-06-02 23:59:59,27.4325,19.6825,0.0,50400.0,85.3072,14.1137,35.28,6.4953,0.0
valencia,39.4699,-0.3763,2026-05-31 12:00:00,2026-06-03 23:59:59,26.4325,21.2825,0.0,47325.016,96.7491,18.8991,43.92,9.726,0.0
valencia,39.4699,-0.3763,2026-05-31 12:00:00,2026-06-04 23:59:59,28.9325,19.6325,0.0,50567.58,66.1941,19.0085,42.84,9.2596,0.0833
valencia,39.4699,-0.3763,2026-05-31 12:00:00,2026-06-05 23:59:59,24.2645,22.6325,0.0,21491.682,54.5437,19.508,43.02,14.2047,5.125
valencia,39.4699,-0.3763,2026-05-31 12:00:00,2026-06-06 23:59:59,28.2145,21.2645,0.3,34893.438,101.2464,13.9055,34.2,6.6138,4.1667
london,51.5074,-0.1278,2026-04-16 12:00:00,2026-04-16 23:59:59,15.341,10.441,0.3,7670.2305,220.2654,16.56,36.36,13.77,2.5
london,51.5074,-0.1278,2026-04-16 12:00:00,2026-04-17 23:59:59,16.941,10.491,0.1,24896.947,213.2666,19.08,41.76,12.885,3.125
london,51.5074,-0.1278,2026-04-16 12:00:00,2026-04-18 23:59:59,15.8045,10.0886,0.0,49250.938,281.1404,12.24,26.64,9.6712,10.125
london,51.5074,-0.1278,2026-04-16 12:00:00,2026-04-19 23:59:59,15.1045,7.4045,0.0,38307.9,43.3279,14.4,30.24,9.9,2.125
london,51.5074,-0.1278,2026-04-16 12:00:00,2026-04-20 23:59:59,12.0045,6.6545,0.0,50382.727,56.6403,16.56,35.28,13.875,5.625
london,51.5074,-0.1278,2026-04-16 12:00:00,2026-04-21 23:59:59,11.9545,5.0545,1.2,48116.113,38.1952,15.84,33.84,13.47,8.4167
london,51.5074,-0.1278,2026-04-16 12:00:00,2026-04-22 23:59:59,13.9761,7.1045,0.0,48652.09,43.7004,17.594,50.76,15.158,3.0
london,51.5074,-0.1278,2026-05-03 12:00:00,2026-05-03 23:59:59,19.041,13.191,0.3,18678.256,247.2248,15.12,31.32,9.675,21.7083
london,51.5074,-0.1278,2026-05-03 12:00:00,2026-05-04 23:59:59,18.091,12.341,1.8,5370.743,65.7556,14.04,30.24,9.45,18.6667
london,51.5074,-0.1278,2026-05-03 12:00:00,2026-05-05 23:59:59,15.1045,8.6511,0.9,33345.457,10.9102,13.68,28.08,9.2175,6.25
london,51.5074,-0.1278,2026-05-03 12:00:00,2026-05-06 23:59:59,12.3545,8.6545,0.0,48981.75,59.7638,16.2,33.84,13.455,6.9583
london,51.5074,-0.1278,2026-05-03 12:00:00,2026-05-07 23:59:59,13.3045,6.7045,0.0,28894.021,84.7505,11.88,24.48,7.815,8.4167
london,51.5074,-0.1278,2026-05-03 12:00:00,2026-05-08 23:59:59,17.1045,8.5045,0.0,46736.61,185.2416,10.44,23.4,6.105,13.0417
london,51.5074,-0.1278,2026-05-03 12:00:00,2026-05-09 23:59:59,15.2023,9.5545,0.6,28127.766,177.3754,16.74,47.16,9.7921,25.9583
london,51.5074,-0.1278,2026-06-12 12:00:00,2026-06-07 23:59:59,19.191,11.441,0.0,39730.723,235.1916,20.52,44.64,16.56,12.125
london,51.5074,-0.1278,2026-06-12 12:00:00,2026-06-12 23:59:59,21.241,15.941,0.0,28425.758,261.2625,24.84,54.0,20.25,10.0
london,51.5074,-0.1278,2026-06-12 12:00:00,2026-06-13 23:59:59,22.591,13.441,0.0,54000.0,282.6265,17.64,39.96,16.245,0.0
london,51.5074,-0.1278,2026-06-12 12:00:00,2026-06-14 23:59:59,22.3045,13.391,0.0,56235.348,313.2678,11.16,27.36,9.54,0.25
london,51.5074,-0.1278,2026-06-12 12:00:00,2026-06-15 23:59:59,22.7045,15.3045,0.0,34699.13,108.329,14.76,31.32,11.115,15.625
london,51.5074,-0.1278,2026-06-12 12:00:00,2026-06-16 23:59:59,25.3045,16.4545,0.0,32400.0,251.2418,15.48,33.84,12.15,6.0
london,51.5074,-0.1278,2026-06-12 12:00:00,2026-06-17 23:59:59,24.9545,17.2545,0.0,33244.652,226.6398,18.36,39.24,15.705,8.0
london,51.5074,-0.1278,2026-06-12 12:00:00,2026-06-18 23:59:59,25.8045,17.3045,0.0,38521.164,216.4829,16.92,35.64,12.4028,4.125
london,51.5074,-0.1278,2026-06-12 12:00:00,2026-06-19 23:59:59,29.0,20.6,2.4,54000.0,186.258,16.9745,44.64,11.228,11.625
london,51.5074,-0.1278,2026-06-12 12:00:00,2026-06-20 23:59:59,30.35,17.9,0.0,57783.29,89.0208,8.282,37.08,5.5937,15.0
london,51.5074,-0.1278,2026-06-12 12:00:00,2026-06-21 23:59:59,31.0,19.65,1.8,56584.72,31.9307,12.2042,34.2,5.6513,12.125
london,51.5074,-0.1278,2026-06-12 12:00:00,2026-06-22 23:59:59,29.35,19.4,0.0,56743.406,71.4188,14.2973,39.6,11.2375,11.5
london,51.5074,-0.1278,2026-06-12 12:00:00,2026-06-23 23:59:59,25.4,17.5,0.0,57505.87,62.2864,14.7138,39.24,12.6412,11.5
london,51.5074,-0.1278,2026-06-12 12:00:00,2026-06-24 23:59:59,21.5,14.7,0.0,58118.09,66.5774,16.4195,42.12,13.035,17.25
london,51.5074,-0.1278,2026-06-12 12:00:00,2026-06-25 23:59:59,21.45,14.65,0.0,55113.984,70.2672,14.8279,42.12,13.3979,11.25
aachen,50.7753,6.0839,2026-06-04 12:00:00,2026-06-04 23:59:59,16.776,12.926,12.0,7347.729,219.3928,21.6,49.32,17.13,75.9167
aachen,50.7753,6.0839,2026-06-04 12:00:00,2026-06-05 23:59:59,18.576,12.076,0.7,36289.562,235.8299,18.0,36.72,13.935,40.1667
aachen,50.7753,6.0839,2026-06-04 12:00:00,2026-06-06 23:59:59,21.926,11.976,1.5,33967.465,201.4478,16.6663,36.0,10.8305,20.0833
aachen,50.7753,6.0839,2026-06-04 12:00:00,2026-06-07 23:59:59,17.25,10.6,0.0,20214.332,239.4404,22.3265,49.68,16.0103,12.0417
aachen,50.7753,6.0839,2026-06-04 12:00:00,2026-06-08 23:59:59,23.75,10.45,0.0,56388.387,186.3257,11.7828,27.0,8.9356,21.4583
aachen,50.7753,6.0839,2026-06-04 12:00:00,2026-06-09 23:59:59,16.65,11.6,2.4,43567.9,252.0347,22.055,48.6,17.1598,49.0417
aachen,50.7753,6.0839,2026-06-04 12:00:00,2026-06-10 23:59:59,16.45,10.0,1.8,58283.227,224.4596,13.805,36.36,11.8455,5.75
london,51.5074,-0.1278,2026-06-11 12:00:00,2026-06-06 23:59:59,15.391,12.991,7.1,0.0,194.8516,23.4,50.04,16.38,66.875
london,51.5074,-0.1278,2026-06-11 12:00:00,2026-06-11 23:59:59,15.791,10.491,11.2,0.0,235.1776,19.8,42.48,13.095,46.375
london,51.5074,-0.1278,2026-06-11 12:00:00,2026-06-12 23:59:59,21.741,15.041,0.0,24859.676,260.1194,25.56,55.44,19.98,1.5
london,51.5074,-0.1278,2026-06-11 12:00:00,2026-06-13 23:59:59,22.5045,13.841,0.0,55349.824,279.7544,21.24,44.28,17.4938,0.0
london,51.5074,-0.1278,2026-06-11 12:00:00,2026-06-14 23:59:59,21.4045,13.0045,0.0,55803.953,358.2142,15.12,31.32,11.925,0.0
london,51.5074,-0.1278,2026-06-11 12:00:00,2026-06-15 23:59:59,23.3545,13.9045,0.0,56255.348,174.6618,14.76,30.24,7.425,1.5
london,51.5074,-0.1278,2026-06-11 12:00:00,2026-06-16 23:59:59,23.8545,16.8045,0.0,54000.0,191.6262,16.56,34.56,10.5903,8.25
london,51.5074,-0.1278,2026-06-11 12:00:00,2026-06-17 23:59:59,27.0,15.55,0.0,47996.965,229.8347,12.6385,34.2,9.4021,9.375
london,51.5074,-0.1278,2026-06-11 12:00:00,2026-06-18 23:59:59,29.9,15.4,1.2,54909.723,215.2109,14.6421,40.32,9.3861,8.25
london,51.5074,-0.1278,2026-06-11 12:00:00,2026-06-19 23:59:59,23.7,17.3,0.0,54000.0,254.3378,11.482,37.8,10.1495,10.25
london,51.5074,-0.1278,2026-06-11 12:00:00,2026-06-20 23:59:59,24.2,15.1,0.0,58188.47,231.1886,11.2381,37.44,7.6743,13.25
london,51.5074,-0.1278,2026-06-11 12:00:00,2026-06-21 23:59:59,22.8,16.5,0.0,28355.912,220.0516,16.225,46.08,7.6264,11.875
london,51.5074,-0.1278,2026-06-11 12:00:00,2026-06-22 23:59:59,19.4,14.7,0.0,48293.484,229.5349,25.2834,65.88,19.6021,16.875
london,51.5074,-0.1278,2026-06-11 12:00:00,2026-06-23 23:59:59,19.65,13.9,19.4,12281.198,245.0251,19.6208,54.72,16.7279,16.625
london,51.5074,-0.1278,2026-06-11 12:00:00,2026-06-24 23:59:59,21.3,13.75,1.2,0.0,226.3466,12.1243,43.2,9.9053,22.0
munich,48.1351,11.582,2026-05-18 12:00:00,2026-05-18 23:59:59,17.315,4.215,1.8,41057.453,280.8402,12.8898,28.44,6.4914,17.75
munich,48.1351,11.582,2026-05-18 12:00:00,2026-05-19 23:59:59,17.815,8.865,2.7,46365.684,216.3546,10.44,25.2,5.0985,28.0833
munich,48.1351,11.582,2026-05-18 12:00:00,2026-05-20 23:59:59,17.1215,10.3715,1.9,13877.358,259.5687,13.661,38.52,6.5312,51.6667
munich,48.1351,11.582,2026-05-18 12:00:00,2026-05-21 23:59:59,21.1215,10.1215,0.0,50918.965,285.581,8.7887,24.48,5.0393,13.4167
munich,48.1351,11.582,2026-05-18 12:00:00,2026-05-22 23:59:59,23.8715,11.0715,0.0,54889.34,77.2929,7.7295,24.48,4.5808,2.3333
munich,48.1351,11.582,2026-05-18 12:00:00,2026-05-23 23:59:59,25.358,11.958,0.0,55119.953,88.4728,9.3669,24.12,5.938,2.2708
munich,48.1351,11.582,2026-05-18 12:00:00,2026-05-24 23:59:59,25.608,11.708,0.0,55244.59,67.9408,11.9832,27.72,5.4737,12.5
berlin,52.52,13.405,2026-06-05 12:00:00,2026-06-05 23:59:59,21.852,15.102,2.3,29407.871,249.5185,15.8564,34.92,10.566,10.0417
berlin,52.52,13.405,2026-06-05 12:00:00,2026-06-06 23:59:59,24.452,13.752,0.1,47092.734,186.8127,11.5425,27.36,4.7811,1.2083
berlin,52.52,13.405,2026-06-05 12:00:00,2026-06-07 23:59:59,22.389,15.789,0.25,42612.86,254.1211,16.0715,45.0,9.6972,21.125
berlin,52.52,13.405,2026-06-05 12:00:00,2026-06-08 23:59:59,25.389,13.489,0.0,56618.53,183.9316,9.086,25.2,6.1089,1.0
berlin,52.52,13.405,2026-06-05 12:00:00,2026-06-09 23:59:59,21.389,16.289,0.9,35952.977,242.5256,14.0815,45.0,8.3871,29.75
berlin,52.52,13.405,2026-06-05 12:00:00,2026-06-10 23:59:59,21.426,11.726,0.0,34671.15,234.7988,6.1937,22.68,3.3793,5.875
berlin,52.52,13.405,2026-06-05 12:00:00,2026-06-11 23:59:59,23.226,14.176,0.0,53220.453,255.918,9.3461,28.08,4.9854,13.2083
valencia,39.4699,-0.3763,2026-04-23 12:00:00,2026-04-23 23:59:59,20.5325,16.0825,0.0,43200.0,50.5485,20.1889,47.16,15.3617,0.0
valencia,39.4699,-0.3763,2026-04-23 12:00:00,2026-04-24 23:59:59,19.9825,15.6325,0.2,19011.791,46.4202,14.1182,32.04,8.9176,14.5833
valencia,39.4699,-0.3763,2026-04-23 12:00:00,2026-04-25 23:59:59,20.1825,15.9825,0.9,20629.873,53.6217,12.0748,28.44,7.8401,10.8333
valencia,39.4699,-0.3763,2026-04-23 12:00:00,2026-04-26 23:59:59,21.7825,12.9825,0.0,46298.137,74.2723,10.83,28.08,5.6398,0.0
valencia,39.4699,-0.3763,2026-04-23 12:00:00,2026-04-27 23:59:59,21.6325,10.5825,0.0,48864.715,92.3254,12.8646,30.96,6.3697,0.0
valencia,39.4699,-0.3763,2026-04-23 12:00:00,2026-04-28 23:59:59,21.5645,13.6645,0.0,45953.227,97.3248,10.9903,29.16,5.9523,2.5417
valencia,39.4699,-0.3763,2026-04-23 12:00:00,2026-04-29 23:59:59,26.2145,12.5145,0.0,49134.86,134.002,13.4411,32.04,5.6128,11.3333
london,51.5074,-0.1278,2026-06-07 12:00:00,2026-06-07 23:59:59,19.191,11.441,0.0,39730.723,235.8535,20.52,44.64,16.785,11.125
london,51.5074,-0.1278,2026-06-07 12:00:00,2026-06-08 23:59:59,18.241,13.441,7.0,23215.455,241.4569,18.36,39.96,13.68,65.75
london,51.5074,-0.1278,2026-06-07 12:00:00,2026-06-09 23:59:59,18.091,10.891,0.825,50886.99,250.4573,20.16,44.64,15.9637,29.25
london,51.5074,-0.1278,2026-06-07 12:00:00,2026-06-10 23:59:59,17.0045,10.1045,5.1,56112.133,248.7227,19.08,40.68,14.895,28.875
london,51.5074,-0.1278,2026-06-07 12:00:00,2026-06-11 23:59:59,16.5045,11.5045,3.0,33777.355,221.3701,27.36,55.44,18.225,25.25
london,51.5074,-0.1278,2026-06-07 12:00:00,2026-06-12 23:59:59,20.0045,13.1545,0.0,32400.0,256.164,28.44,59.04,23.22,12.0
london,51.5074,-0.1278,2026-06-07 12:00:00,2026-06-13 23:59:59,21.1545,12.2545,0.0,58053.668,280.1116,20.52,43.56,16.6459,2.125
london,51.5074,-0.1278,2026-06-07 12:00:00,2026-06-14 23:59:59,29.8,17.8022,0.0,58197.605,181.0961,12.8357,36.0,8.3727,7.0
london,51.5074,-0.1278,2026-06-07 12:00:00,2026-06-15 23:59:59,31.7,21.2,0.0,58203.85,179.5756,11.9317,36.0,9.4966,9.625
london,51.5074,-0.1278,2026-06-07 12:00:00,2026-06-16 23:59:59,32.85,20.1,0.0,54904.117,253.9322,10.949,34.92,7.4938,5.0
london,51.5074,-0.1278,2026-06-07 12:00:00,2026-06-17 23:59:59,33.75,21.25,0.0,55658.773,358.8188,8.3229,35.28,4.8246,8.75
london,51.5074,-0.1278,2026-06-07 12:00:00,2026-06-18 23:59:59,33.9,19.95,0.0,57921.297,97.0639,13.0261,37.44,8.4185,11.25
london,51.5074,-0.1278,2026-06-07 12:00:00,2026-06-19 23:59:59,34.05,20.8,0.0,57927.285,76.9043,11.7,36.36,7.6967,10.375
london,51.5074,-0.1278,2026-06-07 12:00:00,2026-06-20 23:59:59,30.4,20.15,0.6,57933.992,43.2031,11.6097,33.12,8.5068,11.625
munich,48.1351,11.582,2026-06-15 12:00:00,2026-06-15 23:59:59,22.015,13.065,0.0,53492.3,302.038,16.9926,41.4,8.7983,0.0
munich,48.1351,11.582,2026-06-15 12:00:00,2026-06-16 23:59:59,23.565,11.515,0.0,35414.34,233.4176,14.4808,35.64,6.4658,5.5
munich,48.1351,11.582,2026-06-15 12:00:00,2026-06-17 23:59:59,26.2215,17.9715,0.0,43429.484,273.7414,11.2698,31.68,7.0089,3.2917
munich,48.1351,11.582,2026-06-15 12:00:00,2026-06-18 23:59:59,30.6715,16.6215,0.0,53286.773,110.5561,6.1517,19.44,3.2999,0.7083
munich,48.1351,11.582,2026-06-15 12:00:00,2026-06-19 23:59:59,32.5215,19.1715,0.0,47585.094,172.25,6.1622,21.6,3.8621,6.4167
munich,48.1351,11.582,2026-06-15 12:00:00,2026-06-20 23:59:59,29.108,19.158,5.1,50435.27,197.9658,8.4963,27.0,4.9605,16.9896
munich,48.1351,11.582,2026-06-15 12:00:00,2026-06-21 23:59:59,32.808,18.858,0.0,56517.305,146.5385,5.6921,15.12,4.5553,19.5833
munich,48.1351,11.582,2026-06-15 12:00:00,2026-06-22 23:59:59,33.05,19.008,0.0,56488.523,127.3218,7.02,28.8,5.5635,13.7188
munich,48.1351,11.582,2026-06-15 12:00:00,2026-06-23 23:59:59,34.1,22.6,0.0,56447.676,57.0864,9.7267,29.16,5.3172,15.0
munich,48.1351,11.582,2026-06-15 12:00:00,2026-06-24 23:59:59,26.55,18.6,17.7,51984.75,263.6772,15.4591,38.52,10.9928,13.375
munich,48.1351,11.582,2026-06-15 12:00:00,2026-06-25 23:59:59,23.65,17.55,0.9,56223.668,322.703,11.277,28.8,8.0413,6.9583
munich,48.1351,11.582,2026-06-15 12:00:00,2026-06-26 23:59:59,25.15,16.45,0.0,56800.44,67.8982,12.7508,36.72,9.6711,8.0417
munich,48.1351,11.582,2026-06-15 12:00:00,2026-06-27 23:59:59,28.4,16.4,0.0,56353.094,188.589,9.4992,24.84,4.9232,8.0833
munich,48.1351,11.582,2026-06-15 12:00:00,2026-06-28 23:59:59,26.1,19.6,6.0,46922.53,283.921,14.9747,44.28,11.4104,13.875
aachen,50.7753,6.0839,2026-05-13 12:00:00,2026-05-13 23:59:59,12.726,7.476,10.2,25795.56,233.0966,23.76,53.64,16.26,72.7083
aachen,50.7753,6.0839,2026-05-13 12:00:00,2026-05-14 23:59:59,9.626,5.926,12.1,17258.63,246.3165,20.52,41.04,14.07,83.0833
aachen,50.7753,6.0839,2026-05-13 12:00:00,2026-05-15 23:59:59,10.776,4.826,1.525,31085.064,264.944,17.64,45.36,10.5104,38.8333
aachen,50.7753,6.0839,2026-05-13 12:00:00,2026-05-16 23:59:59,12.35,3.4,0.6,54017.707,260.7002,11.0168,28.44,9.0261,32.8333
aachen,50.7753,6.0839,2026-05-13 12:00:00,2026-05-17 23:59:59,14.15,5.85,0.0,54129.65,220.9061,11.5214,27.36,9.0749,12.0833
aachen,50.7753,6.0839,2026-05-13 12:00:00,2026-05-18 23:59:59,12.65,8.9,6.6,33231.355,228.9634,14.7138,39.6,11.1984,45.625
aachen,50.7753,6.0839,2026-05-13 12:00:00,2026-05-19 23:59:59,17.6,7.5,0.0,54053.223,213.2773,7.9282,20.88,5.5213,28.9167
london,51.5074,-0.1278,2026-05-17 12:00:00,2026-05-17 23:59:59,15.691,9.641,1.7,21579.998,251.8318,14.04,30.96,11.64,9.2917
london,51.5074,-0.1278,2026-05-17 12:00:00,2026-05-18 23:59:59,14.591,8.591,0.4,21577.252,221.5663,18.36,39.96,13.035,45.75
london,51.5074,-0.1278,2026-05-17 12:00:00,2026-05-19 23:59:59,17.4545,11.191,5.475,29328.277,202.6859,24.84,51.48,17.5388,71.9167
london,51.5074,-0.1278,2026-05-17 12:00:00,2026-05-20 23:59:59,19.6545,11.9545,0.9,46945.94,240.1237,25.92,53.64,19.185,32.5833
london,51.5074,-0.1278,2026-05-17 12:00:00,2026-05-21 23:59:59,22.5045,13.1545,0.6,55166.812,235.9154,13.68,27.36,8.235,2.0417
london,51.5074,-0.1278,2026-05-17 12:00:00,2026-05-22 23:59:59,24.5045,16.9545,0.0,56614.6,156.2433,15.48,33.84,11.595,3.375
london,51.5074,-0.1278,2026-05-17 12:00:00,2026-05-23 23:59:59,22.0045,13.3045,0.0,56762.312,263.4813,14.04,34.56,9.4083,15.9167
aachen,50.7753,6.0839,2026-05-15 12:00:00,2026-05-15 23:59:59,12.826,4.776,0.4,35875.59,275.0783,18.36,41.4,8.52,43.9167
aachen,50.7753,6.0839,2026-05-15 12:00:00,2026-05-16 23:59:59,15.376,5.926,2.6,40249.816,242.7327,13.68,40.68,10.08,32.7917
aachen,50.7753,6.0839,2026-05-15 12:00:00,2026-05-17 23:59:59,15.238,7.676,1.4,23065.164,201.5925,13.68,30.42,10.8151,26.4583
aachen,50.7753,6.0839,2026-05-15 12:00:00,2026-05-18 23:59:59,14.9,8.65,3.3,39043.58,229.8242,16.1329,37.44,12.0466,33.5833
aachen,50.7753,6.0839,2026-05-15 12:00:00,2026-05-19 23:59:59,14.6,7.3,0.9,19527.117,198.0458,19.0987,36.72,13.534,26.375
aachen,50.7753,6.0839,2026-05-15 12:00:00,2026-05-20 23:59:59,17.8,10.95,3.9,42842.277,226.7842,21.2956,47.16,17.1672,31.2083
aachen,50.7753,6.0839,2026-05-15 12:00:00,2026-05-21 23:59:59,17.85,10.9,0.6,35573.594,247.086,15.0211,33.12,9.7974,9.7083
valencia,39.4699,-0.3763,2026-06-07 12:00:00,2026-06-07 23:59:59,25.6825,19.2825,0.0,45577.45,81.1194,15.1927,37.44,6.9009,0.125
valencia,39.4699,-0.3763,2026-06-07 12:00:00,2026-06-08 23:59:59,26.9825,19.2825,0.0,50400.0,99.7494,14.1182,34.2,6.4191,0.0
valencia,39.4699,-0.3763,2026-06-07 12:00:00,2026-06-09 23:59:59,25.1825,20.8825,0.0,50400.0,59.1634,17.7608,41.4,10.1617,0.0
valencia,39.4699,-0.3763,2026-06-07 12:00:00,2026-06-10 23:59:59,23.8825,20.0325,0.0,46887.68,64.8714,16.9353,39.6,10.0795,0.375
valencia,39.4699,-0.3763,2026-06-07 12:00:00,2026-06-11 23:59:59,25.6825,18.9825,0.0,51441.87,87.8525,14.2416,35.28,7.5532,0.0
valencia,39.4699,-0.3763,2026-06-07 12:00:00,2026-06-12 23:59:59,29.3145,18.8825,0.0,51769.1,121.1622,17.0725,39.24,7.3285,0.7812
valencia,39.4699,-0.3763,2026-06-07 12:00:00,2026-06-13 23:59:59,28.2645,17.7645,0.0,45739.51,108.0835,18.8923,42.84,8.1657,0.0
valencia,39.4699,-0.3763,2026-06-07 12:00:00,2026-06-14 23:59:59,27.6645,19.9145,0.0,47849.336,119.3002,16.3632,41.76,7.0502,0.0
valencia,39.4699,-0.3763,2026-06-07 12:00:00,2026-06-15 23:59:59,27.45,19.9,0.0,52302.492,78.3924,12.1457,38.52,6.7926,1.0521
valencia,39.4699,-0.3763,2026-06-07 12:00:00,2026-06-16 23:59:59,27.45,20.85,0.0,52326.434,71.4067,11.2525,43.2,6.1371,2.4167
valencia,39.4699,-0.3763,2026-06-07 12:00:00,2026-06-17 23:59:59,27.15,21.15,0.0,47138.797,58.4069,15.7795,45.72,9.1895,0.5417
valencia,39.4699,-0.3763,2026-06-07 12:00:00,2026-06-18 23:59:59,27.85,21.7,0.0,52062.234,47.737,16.64,47.88,9.7532,3.5417
valencia,39.4699,-0.3763,2026-06-07 12:00:00,2026-06-19 23:59:59,27.6,22.4,0.0,52394.766,60.8147,16.2858,46.8,7.4318,1.1667
valencia,39.4699,-0.3763,2026-06-07 12:00:00,2026-06-20 23:59:59,27.1,23.1,0.0,52073.43,72.6685,13.8705,41.4,8.2439,0.5
aachen,50.7753,6.0839,2026-06-03 12:00:00,2026-06-03 23:59:59,19.076,12.626,2.0,27581.121,223.484,18.36,38.88,15.975,62.5833
aachen,50.7753,6.0839,2026-06-03 12:00:00,2026-06-04 23:59:59,16.976,13.426,4.5,9176.098,220.7739,22.68,55.44,17.685,71.9583
aachen,50.7753,6.0839,2026-06-03 12:00:00,2026-06-05 23:59:59,18.776,12.576,0.2,39592.246,231.5348,19.08,42.48,14.6468,36.5833
aachen,50.7753,6.0839,2026-06-03 12:00:00,2026-06-06 23:59:59,18.85,10.6,0.8,32444.64,206.6737,22.0373,51.48,14.5699,24.4583
aachen,50.7753,6.0839,2026-06-03 12:00:00,2026-06-07 23:59:59,18.95,12.9,0.0,56568.062,235.1033,18.1934,42.12,12.9855,7.5417
aachen,50.7753,6.0839,2026-06-03 12:00:00,2026-06-08 23:59:59,22.45,13.3,0.6,51543.32,223.8953,19.0987,43.92,12.372,29.75
aachen,50.7753,6.0839,2026-06-03 12:00:00,2026-06-09 23:59:59,16.0,10.65,1.8,49412.906,255.3148,18.5845,43.92,15.9518,31.2917
berlin,52.52,13.405,2026-06-13 12:00:00,2026-06-13 23:59:59,19.852,13.452,1.7,29371.273,270.7026,20.9451,51.84,14.0238,10.4583
berlin,52.52,13.405,2026-06-13 12:00:00,2026-06-14 23:59:59,16.602,11.052,3.2,17022.867,274.4352,24.1629,55.44,18.3754,36.8333
berlin,52.52,13.405,2026-06-13 12:00:00,2026-06-15 23:59:59,19.889,12.102,0.0,37515.574,275.8761,22.3316,51.84,16.4277,1.6667
berlin,52.52,13.405,2026-06-13 12:00:00,2026-06-16 23:59:59,20.939,10.389,1.2,34672.65,270.8364,11.16,30.24,8.3109,0.7083
berlin,52.52,13.405,2026-06-13 12:00:00,2026-06-17 23:59:59,21.689,14.489,0.0,13485.451,268.4684,10.806,31.32,6.2248,13.8333
berlin,52.52,13.405,2026-06-13 12:00:00,2026-06-18 23:59:59,28.876,17.139,0.0,50637.535,246.2864,9.3669,27.0,5.7464,3.2604
berlin,52.52,13.405,2026-06-13 12:00:00,2026-06-19 23:59:59,35.026,21.026,0.0,57600.0,156.194,6.2146,16.2,3.6103,1.0417
berlin,52.52,13.405,2026-06-13 12:00:00,2026-06-20 23:59:59,34.076,23.826,0.9,50574.043,174.1249,9.9049,35.28,6.657,16.4167
berlin,52.52,13.405,2026-06-13 12:00:00,2026-06-21 23:59:59,32.85,22.5,1.2,58478.66,261.116,20.9991,56.16,10.4927,16.0417
berlin,52.52,13.405,2026-06-13 12:00:00,2026-06-22 23:59:59,35.55,24.3,1.2,58965.875,211.1757,5.6921,33.12,3.1361,17.4583
berlin,52.52,13.405,2026-06-13 12:00:00,2026-06-23 23:59:59,25.95,18.45,11.4,56015.27,314.1849,13.3782,34.2,10.5826,14.7083
berlin,52.52,13.405,2026-06-13 12:00:00,2026-06-24 23:59:59,20.2,15.45,0.0,45183.543,295.7734,12.8104,34.56,9.947,11.7083
berlin,52.52,13.405,2026-06-13 12:00:00,2026-06-25 23:59:59,19.8,14.6,6.6,28323.455,156.9345,9.7616,33.84,6.3503,12.75
berlin,52.52,13.405,2026-06-13 12:00:00,2026-06-26 23:59:59,20.35,15.2,1.8,59184.883,283.775,16.639,47.52,12.1161,12.4583
london,51.5074,-0.1278,2026-05-14 12:00:00,2026-05-14 23:59:59,12.191,7.241,1.5,23266.914,337.0443,19.08,41.04,11.055,31.3333
london,51.5074,-0.1278,2026-05-14 12:00:00,2026-05-15 23:59:59,12.391,6.941,1.1,27504.586,331.9898,14.76,32.76,9.69,17.3333
london,51.5074,-0.1278,2026-05-14 12:00:00,2026-05-16 23:59:59,13.1045,7.0478,0.0,31623.2,257.8355,14.04,29.88,10.3463,6.125
london,51.5074,-0.1278,2026-05-14 12:00:00,2026-05-17 23:59:59,13.4045,10.0545,3.6,32058.332,241.3329,14.04,28.8,9.525,41.6667
london,51.5074,-0.1278,2026-05-14 12:00:00,2026-05-18 23:59:59,14.4545,7.7045,2.1,40158.53,234.2885,18.36,38.16,13.26,23.5417
london,51.5074,-0.1278,2026-05-14 12:00:00,2026-05-19 23:59:59,14.7045,11.1045,4.7,47386.133,181.3477,20.16,41.4,16.155,46.9583
london,51.5074,-0.1278,2026-05-14 12:00:00,2026-05-20 23:59:59,17.4,12.3045,1.75,21713.145,220.8065,19.6219,44.28,15.0725,16.9167
madrid,40.4168,-3.7038,2026-06-14 12:00:00,2026-06-09 23:59:59,31.7655,17.5155,0.0,50954.98,19.8388,14.0215,37.44,7.9016,0.0
madrid,40.4168,-3.7038,2026-06-14 12:00:00,2026-06-10 23:59:59,29.7655,16.3155,0.0,51630.04,43.1913,14.3369,37.8,8.2736,0.0
madrid,40.4168,-3.7038,2026-06-14 12:00:00,2026-06-11 23:59:59,30.9155,15.4655,0.0,51272.91,47.7132,15.7908,42.48,8.8888,0.0
madrid,40.4168,-3.7038,2026-06-14 12:00:00,2026-06-12 23:59:59,32.7655,18.6155,0.0,51605.465,70.2961,12.1816,32.4,7.663,0.0
madrid,40.4168,-3.7038,2026-06-14 12:00:00,2026-06-13 23:59:59,32.9155,19.8655,0.0,50903.74,115.8328,9.931,29.16,7.3669,0.0
madrid,40.4168,-3.7038,2026-06-14 12:00:00,2026-06-14 23:59:59,33.1155,20.9655,0.4,46800.0,92.6754,10.2331,28.44,6.0553,11.2917
madrid,40.4168,-3.7038,2026-06-14 12:00:00,2026-06-15 23:59:59,31.4655,19.9655,0.5,38857.98,10.5734,9.7798,47.88,3.3608,10.0
madrid,40.4168,-3.7038,2026-06-14 12:00:00,2026-06-16 23:59:59,31.5655,18.9155,0.1,50547.49,129.68,8.5571,25.92,4.8325,0.75
madrid,40.4168,-3.7038,2026-06-14 12:00:00,2026-06-17 23:59:59,34.3155,21.0155,0.0,52933.152,131.4732,11.2985,33.48,6.7725,0.125
madrid,40.4168,-3.7038,2026-06-14 12:00:00,2026-06-18 23:59:59,34.1155,21.2155,0.0,52980.77,133.7592,11.2755,35.28,7.6484,0.75
madrid,40.4168,-3.7038,2026-06-14 12:00:00,2026-06-19 23:59:59,32.559,20.6856,0.0,53012.23,173.3557,10.1823,29.52,5.9876,3.2708
madrid,40.4168,-3.7038,2026-06-14 12:00:00,2026-06-20 23:59:59,34.209,22.759,0.0,52972.344,88.2817,8.6998,29.16,4.9691,7.3333
madrid,40.4168,-3.7038,2026-06-14 12:00:00,2026-06-21 23:59:59,38.15,22.909,0.0,53044.69,124.5582,15.841,57.24,7.7103,9.3021
madrid,40.4168,-3.7038,2026-06-14 12:00:00,2026-06-22 23:59:59,39.35,23.55,0.0,53054.074,85.5011,12.6321,49.32,8.5648,4.0
madrid,40.4168,-3.7038,2026-06-14 12:00:00,2026-06-23 23:59:59,40.5,25.2,0.0,53072.2,48.6275,9.6481,47.88,6.1513,8.4167
madrid,40.4168,-3.7038,2026-06-14 12:00:00,2026-06-24 23:59:59,39.65,25.3,0.0,53089.098,305.2446,12.2678,62.28,6.9286,6.75
madrid,40.4168,-3.7038,2026-06-14 12:00:00,2026-06-25 23:59:59,35.5,27.1,0.0,53104.773,228.25,17.5488,49.68,10.4864,6.8333
madrid,40.4168,-3.7038,2026-06-14 12:00:00,2026-06-26 23:59:59,31.05,22.15,0.0,53026.94,237.7954,16.8567,46.08,12.2004,5.1667
madrid,40.4168,-3.7038,2026-06-14 12:00:00,2026-06-27 23:59:59,32.8,21.95,0.0,53028.945,234.3037,11.2755,43.2,8.2244,4.0833
valencia,39.4699,-0.3763,2026-05-03 12:00:00,2026-05-03 23:59:59,20.1325,17.3325,1.5,13927.68,78.9965,11.3042,26.28,7.3343,16.6667
valencia,39.4699,-0.3763,2026-05-03 12:00:00,2026-05-04 23:59:59,26.7825,16.2325,0.0,45282.1,196.2603,15.8277,30.24,6.9681,3.75
valencia,39.4699,-0.3763,2026-05-03 12:00:00,2026-05-05 23:59:59,23.2825,15.2825,0.0,49907.09,61.1394,18.0036,39.6,9.7001,1.6667
valencia,39.4699,-0.3763,2026-05-03 12:00:00,2026-05-06 23:59:59,21.0325,13.6325,0.0,50032.008,128.0816,17.7827,40.32,8.3018,1.8333
valencia,39.4699,-0.3763,2026-05-03 12:00:00,2026-05-07 23:59:59,21.0325,15.7325,2.7,44574.45,85.261,12.8646,32.04,7.7431,17.3333
valencia,39.4699,-0.3763,2026-05-03 12:00:00,2026-05-08 23:59:59,25.1645,15.6145,0.3,46524.746,257.1935,16.2439,36.72,8.901,43.4688
valencia,39.4699,-0.3763,2026-05-03 12:00:00,2026-05-09 23:59:59,25.3645,15.1145,0.0,50294.152,262.474,22.148,47.52,14.1184,24.0
valencia,39.4699,-0.3763,2026-05-19 12:00:00,2026-05-19 23:59:59,29.7825,15.4825,0.0,50400.0,80.8375,18.0575,41.4,8.7362,0.0
valencia,39.4699,-0.3763,2026-05-19 12:00:00,2026-05-20 23:59:59,23.1825,15.8825,0.0,49565.62,66.6186,13.68,31.68,7.2977,0.0
valencia,39.4699,-0.3763,2026-05-19 12:00:00,2026-05-21 23:59:59,26.1825,14.7325,0.0,50400.0,99.2176,14.04,32.4,6.4395,0.0
valencia,39.4699,-0.3763,2026-05-19 12:00:00,2026-05-22 23:59:59,26.5325,14.7825,0.0,50431.55,87.9906,14.2416,33.84,6.0551,0.0
valencia,39.4699,-0.3763,2026-05-19 12:00:00,2026-05-23 23:59:59,26.6825,15.4325,0.0,50407.484,95.2648,15.63,35.64,7.4841,0.0
valencia,39.4699,-0.3763,2026-05-19 12:00:00,2026-05-24 23:59:59,24.3145,16.7145,0.0,44817.48,66.3256,19.1647,41.4,9.6617,1.5
valencia,39.4699,-0.3763,2026-05-19 12:00:00,2026-05-25 23:59:59,25.2145,16.9145,0.0,41565.535,78.0668,16.6225,36.36,7.3189,3.75
aachen,50.7753,6.0839,2026-06-11 12:00:00,2026-06-06 23:59:59,21.426,11.176,0.8,32916.72,196.6726,16.92,32.4,9.075,29.9583
aachen,50.7753,6.0839,2026-06-11 12:00:00,2026-06-11 23:59:59,17.626,9.676,2.9,20524.88,237.2865,16.92,41.4,11.775,41.9583
aachen,50.7753,6.0839,2026-06-11 12:00:00,2026-06-12 23:59:59,15.326,11.626,6.5,0.0,240.14,21.24,42.48,18.09,82.4583
aachen,50.7753,6.0839,2026-06-11 12:00:00,2026-06-13 23:59:59,18.026,11.95,0.1,22556.805,259.8323,21.6,47.16,17.1316,24.0417
aachen,50.7753,6.0839,2026-06-11 12:00:00,2026-06-14 23:59:59,16.45,10.45,0.8,52999.133,283.8476,19.3364,44.28,14.3141,22.0417
aachen,50.7753,6.0839,2026-06-11 12:00:00,2026-06-15 23:59:59,17.85,8.7,0.0,58401.98,306.328,13.5132,34.92,9.6576,4.3333
aachen,50.7753,6.0839,2026-06-11 12:00:00,2026-06-16 23:59:59,22.4,10.25,0.0,57977.027,218.8944,15.2756,35.28,11.3818,4.7083
aachen,50.7753,6.0839,2026-06-11 12:00:00,2026-06-17 23:59:59,24.9,16.8,0.0,58567.1,240.623,18.0306,44.28,14.1836,4.5
aachen,50.7753,6.0839,2026-06-11 12:00:00,2026-06-18 23:59:59,30.4,18.15,3.9,58585.684,188.7577,12.886,29.16,9.3723,6.7083
aachen,50.7753,6.0839,2026-06-11 12:00:00,2026-06-19 23:59:59,29.8,23.05,5.1,56195.164,238.7029,16.5463,40.32,10.9582,17.5833
aachen,50.7753,6.0839,2026-06-11 12:00:00,2026-06-20 23:59:59,22.35,19.55,0.6,57620.168,110.0391,5.8604,39.6,4.7108,18.0
aachen,50.7753,6.0839,2026-06-11 12:00:00,2026-06-21 23:59:59,30.75,19.1,1.2,58608.16,190.1566,16.1168,60.48,8.6685,13.5
aachen,50.7753,6.0839,2026-06-11 12:00:00,2026-06-22 23:59:59,23.95,17.55,0.6,0.0,234.0808,23.4539,54.0,17.989,18.0
aachen,50.7753,6.0839,2026-06-11 12:00:00,2026-06-23 23:59:59,19.5,14.6,10.5,29051.295,244.0276,24.552,52.56,20.5118,17.9167
aachen,50.7753,6.0839,2026-06-11 12:00:00,2026-06-24 23:59:59,20.8,14.5,2.7,58580.742,227.0817,17.8191,44.28,13.1623,24.9167
valencia,39.4699,-0.3763,2026-04-20 12:00:00,2026-04-20 23:59:59,24.4825,12.6825,0.0,44831.887,77.8335,12.985,29.52,6.6179,0.0
valencia,39.4699,-0.3763,2026-04-20 12:00:00,2026-04-21 23:59:59,21.2825,12.9325,0.0,44460.5,57.5155,13.0844,32.04,6.6751,0.0
valencia,39.4699,-0.3763,2026-04-20 12:00:00,2026-04-22 23:59:59,23.8825,14.2325,0.0,43500.27,95.7422,11.8745,32.04,5.8843,0.0
valencia,39.4699,-0.3763,2026-04-20 12:00:00,2026-04-23 23:59:59,20.2325,15.8825,0.0,45560.043,50.4582,18.7753,43.56,13.1553,0.6667
valencia,39.4699,-0.3763,2026-04-20 12:00:00,2026-04-24 23:59:59,19.4325,14.3825,0.3,28773.928,68.6191,11.16,28.8,6.0635,5.8333
valencia,39.4699,-0.3763,2026-04-20 12:00:00,2026-04-25 23:59:59,22.3145,12.4145,0.0,45879.473,106.3323,12.2876,30.6,5.5583,20.5208
valencia,39.4699,-0.3763,2026-04-20 12:00:00,2026-04-26 23:59:59,20.7645,9.1645,0.3,23185.656,172.7251,7.7713,19.08,4.3927,15.375
munich,48.1351,11.582,2026-04-27 12:00:00,2026-04-27 23:59:59,18.715,6.015,0.0,48116.875,41.7008,8.7666,21.96,4.818,0.0
munich,48.1351,11.582,2026-04-27 12:00:00,2026-04-28 23:59:59,19.015,7.015,0.0,37234.004,78.1412,16.3116,37.44,9.1235,0.0
munich,48.1351,11.582,2026-04-27 12:00:00,2026-04-29 23:59:59,17.2215,6.3432,0.0,43937.06,73.6104,16.8625,46.08,12.9588,0.0
munich,48.1351,11.582,2026-04-27 12:00:00,2026-04-30 23:59:59,14.6715,1.7715,0.0,49808.496,82.2666,18.6437,50.04,14.7313,0.0
munich,48.1351,11.582,2026-04-27 12:00:00,2026-05-01 23:59:59,19.1215,2.6215,0.0,50347.59,86.3334,14.2644,39.24,10.1247,0.0
munich,48.1351,11.582,2026-04-27 12:00:00,2026-05-02 23:59:59,22.308,3.358,0.0,51573.2,67.3629,6.0829,14.13,3.6895,0.3333
munich,48.1351,11.582,2026-04-27 12:00:00,2026-05-03 23:59:59,22.008,4.158,8.4,43788.42,256.293,13.7084,35.28,6.2475,9.25
valencia,39.4699,-0.3763,2026-05-04 12:00:00,2026-05-04 23:59:59,21.4325,16.3825,5.6,30828.072,99.0664,11.2121,33.84,4.6205,25.3333
valencia,39.4699,-0.3763,2026-05-04 12:00:00,2026-05-05 23:59:59,24.6825,14.7325,0.0,47565.02,57.8833,18.8991,39.6,8.5003,0.125
valencia,39.4699,-0.3763,2026-05-04 12:00:00,2026-05-06 23:59:59,21.1325,14.1825,0.0,48517.207,107.9692,16.2798,39.24,8.2231,1.2083
valencia,39.4699,-0.3763,2026-05-04 12:00:00,2026-05-07 23:59:59,21.3325,13.1325,0.3,47626.203,80.2848,14.4718,32.76,7.3931,17.9583
valencia,39.4699,-0.3763,2026-05-04 12:00:00,2026-05-08 23:59:59,24.3325,16.3325,0.3,40671.652,118.2252,17.6547,41.4,7.7853,12.75
valencia,39.4699,-0.3763,2026-05-04 12:00:00,2026-05-09 23:59:59,19.7645,16.6145,6.6,19956.584,71.9854,15.4087,35.28,9.5505,28.2188
valencia,39.4699,-0.3763,2026-05-04 12:00:00,2026-05-10 23:59:59,22.4645,13.6645,0.9,46208.934,240.1325,17.9025,38.52,11.5181,17.9583
munich,48.1351,11.582,2026-04-21 12:00:00,2026-04-21 23:59:59,10.815,3.665,0.0,32470.996,27.371,14.5655,33.12,7.4345,1.4167
munich,48.1351,11.582,2026-04-21 12:00:00,2026-04-22 23:59:59,13.015,2.565,0.0,47637.24,67.846,16.677,36.0,9.571,0.125
munich,48.1351,11.582,2026-04-21 12:00:00,2026-04-23 23:59:59,17.1215,3.1215,0.0,47589.53,317.6161,9.4496,26.28,4.213,0.0
munich,48.1351,11.582,2026-04-21 12:00:00,2026-04-24 23:59:59,19.1215,2.6715,0.0,48258.125,283.5768,9.5043,27.72,5.8574,0.0
munich,48.1351,11.582,2026-04-21 12:00:00,2026-04-25 23:59:59,19.6215,4.3715,0.0,49735.14,283.9169,10.8837,31.32,6.2313,0.0
munich,48.1351,11.582,2026-04-21 12:00:00,2026-04-26 23:59:59,17.508,3.608,0.0,49316.574,4.4834,9.5654,22.68,5.5359,0.0
munich,48.1351,11.582,2026-04-21 12:00:00,2026-04-27 23:59:59,17.408,5.258,0.0,49960.76,40.6882,10.2331,23.76,5.414,0.7083
valencia,39.4699,-0.3763,2026-05-13 12:00:00,2026-05-13 23:59:59,27.2825,15.7825,0.0,50400.0,287.0584,13.9055,36.72,11.1439,0.0
valencia,39.4699,-0.3763,2026-05-13 12:00:00,2026-05-14 23:59:59,25.7325,13.9825,0.0,49954.71,82.4907,20.88,48.6,9.2122,1.1667
valencia,39.4699,-0.3763,2026-05-13 12:00:00,2026-05-15 23:59:59,21.8825,14.6825,3.3,22075.64,309.447,15.2777,41.76,7.2418,14.0833
valencia,39.4699,-0.3763,2026-05-13 12:00:00,2026-05-16 23:59:59,22.3325,10.7825,0.0,50400.0,178.794,18.6263,41.76,8.9167,0.8333
valencia,39.4699,-0.3763,2026-05-13 12:00:00,2026-05-17 23:59:59,22.5325,14.3325,0.0,50400.0,100.3415,16.7506,38.52,7.4536,0.125
valencia,39.4699,-0.3763,2026-05-13 12:00:00,2026-05-18 23:59:59,23.3145,14.0145,0.45,49324.53,84.9257,14.8432,33.84,6.9782,4.1771
valencia,39.4699,-0.3763,2026-05-13 12:00:00,2026-05-19 23:59:59,28.5645,13.2645,0.0,50400.0,151.7361,18.0431,39.24,7.807,3.6667
munich,48.1351,11.582,2026-06-01 12:00:00,2026-06-01 23:59:59,21.865,14.915,3.4,37680.91,277.2968,15.6175,34.92,9.0698,36.2917
munich,48.1351,11.582,2026-06-01 12:00:00,2026-06-02 23:59:59,22.815,12.315,4.6,30876.809,170.6298,18.7235,56.88,7.963,18.6667
munich,48.1351,11.582,2026-06-01 12:00:00,2026-06-03 23:59:59,18.1215,12.7715,3.175,35780.91,262.212,14.8301,43.56,11.6741,41.5
munich,48.1351,11.582,2026-06-01 12:00:00,2026-06-04 23:59:59,23.6215,10.7715,0.3,36786.027,235.0264,11.5256,47.52,8.328,14.0833
munich,48.1351,11.582,2026-06-01 12:00:00,2026-06-05 23:59:59,19.2715,12.8215,2.1,48349.055,275.9622,10.1377,33.84,7.5858,68.0
munich,48.1351,11.582,2026-06-01 12:00:00,2026-06-06 23:59:59,21.158,10.058,0.3,30455.701,159.27,14.7995,40.68,7.3377,19.3021
munich,48.1351,11.582,2026-06-01 12:00:00,2026-06-07 23:59:59,20.408,11.908,1.2,39835.566,266.105,19.9175,47.52,12.1162,18.0
london,51.5074,-0.1278,2026-04-23 12:00:00,2026-04-23 23:59:59,17.491,8.091,0.0,41486.617,74.665,16.56,37.08,14.895,0.0
london,51.5074,-0.1278,2026-04-23 12:00:00,2026-04-24 23:59:59,17.791,6.691,0.0,46800.0,79.577,14.4,32.76,11.775,0.0
london,51.5074,-0.1278,2026-04-23 12:00:00,2026-04-25 23:59:59,17.9045,5.2545,0.0,39363.367,64.2752,12.6,25.92,5.085,0.0
london,51.5074,-0.1278,2026-04-23 12:00:00,2026-04-26 23:59:59,14.4545,8.1045,0.0,50437.586,83.7707,14.04,30.24,11.655,0.0417
london,51.5074,-0.1278,2026-04-23 12:00:00,2026-04-27 23:59:59,14.8545,6.8545,0.0,48762.035,75.7821,14.76,32.04,11.04,2.3333
london,51.5074,-0.1278,2026-04-23 12:00:00,2026-04-28 23:59:59,16.7045,6.0545,0.0,14432.18,58.2225,12.24,25.56,9.72,4.0
london,51.5074,-0.1278,2026-04-23 12:00:00,2026-04-29 23:59:59,15.35,9.6545,0.0,51423.098,45.2947,25.3442,63.72,18.0905,0.0417
berlin,52.52,13.405,2026-06-04 12:00:00,2026-06-04 23:59:59,21.652,13.802,4.7,6468.144,201.9606,14.6543,44.64,10.3466,21.2917
berlin,52.52,13.405,2026-06-04 12:00:00,2026-06-05 23:59:59,22.402,14.902,0.0,36413.6,246.9527,14.1137,33.84,9.4416,8.875
berlin,52.52,13.405,2026-06-04 12:00:00,2026-06-06 23:59:59,24.339,12.689,0.0,47124.195,202.6284,7.56,21.6,4.0044,2.0417
berlin,52.52,13.405,2026-06-04 12:00:00,2026-06-07 23:59:59,19.989,15.289,7.5,30911.371,239.5345,14.4897,43.92,10.3804,32.25
berlin,52.52,13.405,2026-06-04 12:00:00,2026-06-08 23:59:59,24.389,13.989,0.0,57600.0,253.0788,10.806,28.08,7.6107,6.5
berlin,52.52,13.405,2026-06-04 12:00:00,2026-06-09 23:59:59,22.226,15.326,5.4,35302.746,223.1831,16.9812,44.64,11.7142,42.5938
berlin,52.52,13.405,2026-06-04 12:00:00,2026-06-10 23:59:59,20.376,11.526,0.6,57600.0,254.7607,15.6838,42.12,9.7574,20.1667
berlin,52.52,13.405,2026-06-11 12:00:00,2026-06-11 23:59:59,19.552,12.002,0.0,44476.168,283.615,16.9238,41.76,10.0726,21.0
berlin,52.52,13.405,2026-06-11 12:00:00,2026-06-12 23:59:59,17.702,11.752,0.2,6268.2954,214.0565,14.9822,33.84,9.3704,9.4167
berlin,52.52,13.405,2026-06-11 12:00:00,2026-06-13 23:59:59,22.039,15.289,5.4,43584.086,274.4468,21.2522,54.0,15.1307,18.8333
berlin,52.52,13.405,2026-06-11 12:00:00,2026-06-14 23:59:59,17.689,11.939,2.7,46899.85,268.4027,18.9983,60.48,15.9651,40.6667
berlin,52.52,13.405,2026-06-11 12:00:00,2026-06-15 23:59:59,20.1358,13.089,0.0,27246.252,275.8009,21.627,54.72,18.0259,11.0417
berlin,52.52,13.405,2026-06-11 12:00:00,2026-06-16 23:59:59,23.376,10.376,0.0,58040.523,284.0165,10.5895,26.64,7.1283,4.0208
berlin,52.52,13.405,2026-06-11 12:00:00,2026-06-17 23:59:59,22.157,14.926,0.6,41340.11,241.2559,15.2735,44.28,7.0554,2.0417
berlin,52.52,13.405,2026-06-11 12:00:00,2026-06-18 23:59:59,24.2,16.4,0.0,58976.645,248.658,8.8658,27.72,6.2006,2.4583
berlin,52.52,13.405,2026-06-11 12:00:00,2026-06-19 23:59:59,31.3,18.3,4.8,59323.85,146.8327,10.9859,28.44,7.3407,13.0833
berlin,52.52,13.405,2026-06-11 12:00:00,2026-06-20 23:59:59,28.5,18.85,3.0,45776.88,295.5352,9.2661,27.36,6.8109,15.7083
berlin,52.52,13.405,2026-06-11 12:00:00,2026-06-21 23:59:59,28.6,17.85,1.5,49505.21,114.9896,8.5514,27.72,5.276,12.75
berlin,52.52,13.405,2026-06-11 12:00:00,2026-06-22 23:59:59,33.15,20.5,15.3,44960.0,191.6441,15.0771,39.24,8.7868,9.6667
berlin,52.52,13.405,2026-06-11 12:00:00,2026-06-23 23:59:59,22.85,18.4,0.0,59399.656,261.8058,20.5586,52.2,9.5552,18.2917
berlin,52.52,13.405,2026-06-11 12:00:00,2026-06-24 23:59:59,22.55,16.0,9.6,0.0,263.5079,12.0492,33.48,6.2301,17.625
madrid,40.4168,-3.7038,2026-06-15 12:00:00,2026-06-14 23:59:59,33.0655,20.9655,0.5,48697.63,102.9946,15.9419,40.68,6.3772,11.625
madrid,40.4168,-3.7038,2026-06-15 12:00:00,2026-06-15 23:59:59,30.4155,19.1155,0.0,46800.0,188.9067,6.12,26.28,3.323,9.0417
madrid,40.4168,-3.7038,2026-06-15 12:00:00,2026-06-16 23:59:59,32.1655,18.8655,0.0,51216.133,100.1246,6.9247,22.68,4.1595,1.0
madrid,40.4168,-3.7038,2026-06-15 12:00:00,2026-06-17 23:59:59,35.0155,20.0155,0.0,52242.79,113.9426,9.9831,29.16,6.3924,0.375
madrid,40.4168,-3.7038,2026-06-15 12:00:00,2026-06-18 23:59:59,34.8155,19.8155,0.0,52980.77,132.4685,10.1951,28.8,7.1704,0.7917
madrid,40.4168,-3.7038,2026-06-15 12:00:00,2026-06-19 23:59:59,34.1655,20.9155,0.0,51256.21,105.5026,7.9282,28.08,4.6012,4.125
madrid,40.4168,-3.7038,2026-06-15 12:00:00,2026-06-20 23:59:59,37.359,21.059,0.0,53039.89,108.0783,10.1951,27.72,7.5959,1.1146
madrid,40.4168,-3.7038,2026-06-15 12:00:00,2026-06-21 23:59:59,39.759,22.659,0.3,53060.184,118.9142,10.8,29.16,7.8946,1.875
madrid,40.4168,-3.7038,2026-06-15 12:00:00,2026-06-22 23:59:59,40.4,23.909,0.3,53063.92,181.3614,10.6565,50.4,7.227,5.3333
madrid,40.4168,-3.7038,2026-06-15 12:00:00,2026-06-23 23:59:59,39.5,26.95,0.3,53072.2,233.9293,16.5962,54.72,8.2187,7.9167
madrid,40.4168,-3.7038,2026-06-15 12:00:00,2026-06-24 23:59:59,37.5,24.8,0.0,53089.098,57.9053,12.8003,42.84,7.5041,4.875
madrid,40.4168,-3.7038,2026-06-15 12:00:00,2026-06-25 23:59:59,36.75,20.4,0.0,53104.773,45.8651,14.2485,48.96,8.9495,4.1667
madrid,40.4168,-3.7038,2026-06-15 12:00:00,2026-06-26 23:59:59,36.2,22.65,0.0,53026.94,56.1304,13.5778,41.4,8.6143,5.5
madrid,40.4168,-3.7038,2026-06-15 12:00:00,2026-06-27 23:59:59,36.65,24.3,0.0,53028.945,104.0363,11.1615,38.52,8.5129,8.0417
madrid,40.4168,-3.7038,2026-06-15 12:00:00,2026-06-28 23:59:59,37.35,24.35,0.0,53028.766,83.5075,10.7111,46.08,8.3697,7.7917
london,51.5074,-0.1278,2026-04-20 12:00:00,2026-04-20 23:59:59,13.041,6.891,0.3,35634.293,51.9284,16.2,35.64,9.885,0.2917
london,51.5074,-0.1278,2026-04-20 12:00:00,2026-04-21 23:59:59,14.541,7.641,0.0,46800.0,58.7559,20.52,46.44,16.635,1.375
london,51.5074,-0.1278,2026-04-20 12:00:00,2026-04-22 23:59:59,15.741,6.991,0.0,50400.0,73.5261,23.22,50.58,17.37,0.0
london,51.5074,-0.1278,2026-04-20 12:00:00,2026-04-23 23:59:59,16.6545,7.4545,0.0,50400.0,74.1898,15.48,34.56,12.81,0.0
london,51.5074,-0.1278,2026-04-20 12:00:00,2026-04-24 23:59:59,16.2045,5.5545,0.0,50400.0,72.2866,13.68,29.16,11.19,0.0
london,51.5074,-0.1278,2026-04-20 12:00:00,2026-04-25 23:59:59,13.2545,6.1545,0.0,48624.848,77.9158,13.68,28.8,11.475,0.4583
london,51.5074,-0.1278,2026-04-20 12:00:00,2026-04-26 23:59:59,16.8045,8.7045,0.0,50537.4,70.323,9.72,19.44,6.105,2.6667
aachen,50.7753,6.0839,2026-05-19 12:00:00,2026-05-19 23:59:59,17.076,8.176,0.4,21579.662,200.2984,18.72,37.8,12.27,14.4167
aachen,50.7753,6.0839,2026-05-19 12:00:00,2026-05-20 23:59:59,17.426,12.676,2.7,23589.23,231.9854,20.16,41.04,15.27,72.3333
aachen,50.7753,6.0839,2026-05-19 12:00:00,2026-05-21 23:59:59,21.626,11.376,0.0,46886.195,247.0072,11.88,26.28,8.3384,0.5
aachen,50.7753,6.0839,2026-05-19 12:00:00,2026-05-22 23:59:59,23.4,11.5,0.0,54642.426,101.4772,12.7851,31.68,7.9462,0.0
aachen,50.7753,6.0839,2026-05-19 12:00:00,2026-05-23 23:59:59,25.1,13.4,0.0,55815.582,101.646,9.836,24.84,6.944,0.9583
aachen,50.7753,6.0839,2026-05-19 12:00:00,2026-05-24 23:59:59,24.8,15.55,0.0,50389.03,36.9336,11.5887,31.68,7.0233,3.7917
aachen,50.7753,6.0839,2026-05-19 12:00:00,2026-05-25 23:59:59,26.05,17.55,0.0,44023.69,62.8912,13.5515,34.56,11.494,0.9583
london,51.5074,-0.1278,2026-04-21 12:00:00,2026-04-21 23:59:59,13.191,6.591,0.1,35982.547,59.684,20.88,46.44,16.2,0.0
london,51.5074,-0.1278,2026-04-21 12:00:00,2026-04-22 23:59:59,15.991,6.991,0.0,46800.0,77.0737,23.04,52.2,17.19,0.0
london,51.5074,-0.1278,2026-04-21 12:00:00,2026-04-23 23:59:59,18.8545,8.3478,0.0,50400.0,77.0839,17.28,36.72,12.9825,0.0
london,51.5074,-0.1278,2026-04-21 12:00:00,2026-04-24 23:59:59,18.5045,7.5045,0.0,50400.0,81.1866,13.68,30.24,11.415,0.0
london,51.5074,-0.1278,2026-04-21 12:00:00,2026-04-25 23:59:59,16.6045,7.5545,0.0,50643.758,87.0503,12.6,27.0,9.495,0.0
london,51.5074,-0.1278,2026-04-21 12:00:00,2026-04-26 23:59:59,19.5545,8.8545,0.0,38440.637,104.0767,9.36,20.16,5.055,0.625
london,51.5074,-0.1278,2026-04-21 12:00:00,2026-04-27 23:59:59,16.9045,8.6,0.0,50849.62,151.8381,14.4,32.76,11.5705,2.0
aachen,50.7753,6.0839,2026-06-13 12:00:00,2026-06-13 23:59:59,18.126,13.726,0.4,17888.24,265.3533,22.68,46.44,16.77,25.375
aachen,50.7753,6.0839,2026-06-13 12:00:00,2026-06-14 23:59:59,18.026,12.376,0.0,27555.355,278.2976,14.76,30.96,11.595,23.4583
aachen,50.7753,6.0839,2026-06-13 12:00:00,2026-06-15 23:59:59,21.726,9.876,0.0,42155.848,269.4587,10.8,24.48,8.25,6.5833
aachen,50.7753,6.0839,2026-06-13 12:00:00,2026-06-16 23:59:59,23.75,15.55,0.9,41037.613,231.3552,23.2646,51.84,15.8416,16.875
aachen,50.7753,6.0839,2026-06-13 12:00:00,2026-06-17 23:59:59,25.3,15.1,0.3,58456.883,238.7809,20.2985,47.88,15.8559,11.0417
aachen,50.7753,6.0839,2026-06-13 12:00:00,2026-06-18 23:59:59,25.85,16.55,0.0,58585.684,252.9275,16.0846,41.04,12.7195,3.0
aachen,50.7753,6.0839,2026-06-13 12:00:00,2026-06-19 23:59:59,31.5,16.15,5.4,58598.723,108.6217,13.8319,33.12,7.4419,12.7917
aachen,50.7753,6.0839,2026-06-13 12:00:00,2026-06-20 23:59:59,31.75,20.5,4.8,58606.21,199.0954,18.3317,41.76,11.2639,10.2083
aachen,50.7753,6.0839,2026-06-13 12:00:00,2026-06-21 23:59:59,31.75,22.0,0.0,58608.16,211.4295,10.1345,34.2,7.1189,18.0833
aachen,50.7753,6.0839,2026-06-13 12:00:00,2026-06-22 23:59:59,31.5,21.75,7.2,53017.895,211.2686,13.7237,42.48,9.408,10.7917
aachen,50.7753,6.0839,2026-06-13 12:00:00,2026-06-23 23:59:59,24.5,18.2,7.5,45326.215,273.7185,17.1237,43.56,12.3126,19.5417
aachen,50.7753,6.0839,2026-06-13 12:00:00,2026-06-24 23:59:59,22.9,15.7,0.9,57038.65,42.8418,9.4221,31.32,6.508,12.3333
aachen,50.7753,6.0839,2026-06-13 12:00:00,2026-06-25 23:59:59,21.85,16.9,3.9,46523.73,245.1707,18.7356,46.08,14.3479,13.7083
aachen,50.7753,6.0839,2026-06-13 12:00:00,2026-06-26 23:59:59,20.2,14.45,3.3,57714.67,257.3088,16.6079,41.76,13.7857,14.625
rome,41.9028,12.4964,2026-06-14 12:00:00,2026-06-09 23:59:59,30.2415,16.1415,0.0,50221.977,244.875,15.1414,35.64,6.2795,0.0
rome,41.9028,12.4964,2026-06-14 12:00:00,2026-06-14 23:59:59,30.0415,16.6915,0.0,49564.18,213.869,13.5515,33.48,6.5058,0.0
rome,41.9028,12.4964,2026-06-14 12:00:00,2026-06-15 23:59:59,29.0415,16.5415,0.0,46800.0,187.4715,15.1927,36.72,7.4646,0.0
rome,41.9028,12.4964,2026-06-14 12:00:00,2026-06-16 23:59:59,30.5415,19.3915,0.4,43637.75,302.9574,12.9049,33.84,4.979,7.0833
rome,41.9028,12.4964,2026-06-14 12:00:00,2026-06-17 23:59:59,33.8915,19.6415,0.0,52322.81,291.8431,16.236,37.8,6.5725,0.0
rome,41.9028,12.4964,2026-06-14 12:00:00,2026-06-18 23:59:59,35.3915,21.3415,0.0,53422.777,252.2312,15.1371,37.44,6.0607,0.75
rome,41.9028,12.4964,2026-06-14 12:00:00,2026-06-19 23:59:59,35.735,21.8415,0.0,53445.082,245.963,15.0038,34.56,5.9238,0.0417
rome,41.9028,12.4964,2026-06-14 12:00:00,2026-06-20 23:59:59,36.385,18.585,0.0,53466.54,246.5186,15.8441,38.52,5.6153,0.0
rome,41.9028,12.4964,2026-06-14 12:00:00,2026-06-21 23:59:59,37.3337,17.485,0.6,53474.85,243.2845,11.8568,41.76,5.1723,0.4583
rome,41.9028,12.4964,2026-06-14 12:00:00,2026-06-22 23:59:59,36.2,25.35,0.0,53850.008,271.5622,8.9368,33.84,5.3299,2.0417
rome,41.9028,12.4964,2026-06-14 12:00:00,2026-06-23 23:59:59,35.25,27.1,0.6,53868.145,228.1388,14.8922,43.2,6.7392,3.125
rome,41.9028,12.4964,2026-06-14 12:00:00,2026-06-24 23:59:59,34.55,26.15,1.2,53525.05,238.4592,11.8541,36.72,6.1761,7.4583
rome,41.9028,12.4964,2026-06-14 12:00:00,2026-06-25 23:59:59,35.4,25.4,0.0,53540.4,260.4845,13.8962,42.12,6.2649,6.375
rome,41.9028,12.4964,2026-06-14 12:00:00,2026-06-26 23:59:59,35.4,25.6,0.0,53554.38,253.8936,12.352,36.72,6.4347,3.2083
rome,41.9028,12.4964,2026-06-14 12:00:00,2026-06-27 23:59:59,36.3,25.9,0.0,53566.547,243.9219,13.61,39.96,6.5737,1.5833
london,51.5074,-0.1278,2026-04-25 12:00:00,2026-04-25 23:59:59,20.241,7.491,0.0,46800.0,62.421,8.28,19.08,5.445,0.0
london,51.5074,-0.1278,2026-04-25 12:00:00,2026-04-26 23:59:59,18.341,8.941,0.0,44432.38,89.4008,14.04,32.4,12.075,0.0
london,51.5074,-0.1278,2026-04-25 12:00:00,2026-04-27 23:59:59,18.8045,8.6478,0.0,40783.637,36.7657,15.48,32.04,6.1237,8.4167
london,51.5074,-0.1278,2026-04-25 12:00:00,2026-04-28 23:59:59,14.5045,9.1045,0.0,35884.16,42.0554,18.36,39.24,15.525,7.4167
london,51.5074,-0.1278,2026-04-25 12:00:00,2026-04-29 23:59:59,14.7545,7.9045,0.0,51023.03,49.1578,19.44,40.68,16.605,0.0
london,51.5074,-0.1278,2026-04-25 12:00:00,2026-04-30 23:59:59,16.3045,6.8045,0.0,51323.37,58.5157,19.8,42.12,14.235,1.375
london,51.5074,-0.1278,2026-04-25 12:00:00,2026-05-01 23:59:59,22.45,6.9545,0.0,47766.457,202.0793,16.8317,50.76,11.9014,7.5833
berlin,52.52,13.405,2026-05-18 12:00:00,2026-05-18 23:59:59,19.752,8.452,0.0,45824.605,121.1992,14.4,33.84,8.7922,0.0
berlin,52.52,13.405,2026-05-18 12:00:00,2026-05-19 23:59:59,19.452,10.102,0.2,48687.305,250.9488,9.5654,23.4,6.0039,8.4583
berlin,52.52,13.405,2026-05-18 12:00:00,2026-05-20 23:59:59,19.089,11.939,4.4,14623.803,208.289,10.9726,28.8,6.3935,11.2083
berlin,52.52,13.405,2026-05-18 12:00:00,2026-05-21 23:59:59,20.139,12.389,2.1,46944.81,262.614,14.7776,46.44,8.6431,11.6667
berlin,52.52,13.405,2026-05-18 12:00:00,2026-05-22 23:59:59,22.189,13.639,0.0,36014.375,306.4404,11.0198,30.6,5.9704,0.125
berlin,52.52,13.405,2026-05-18 12:00:00,2026-05-23 23:59:59,26.226,14.076,0.0,57233.742,114.6982,7.517,22.68,4.2592,2.3333
berlin,52.52,13.405,2026-05-18 12:00:00,2026-05-24 23:59:59,29.476,15.676,0.0,57304.79,130.0216,7.788,22.32,4.4691,13.7083
aachen,50.7753,6.0839,2026-06-01 12:00:00,2026-06-01 23:59:59,23.726,13.926,2.2,46483.426,245.6364,14.4,28.8,8.79,13.875
aachen,50.7753,6.0839,2026-06-01 12:00:00,2026-06-02 23:59:59,23.576,15.126,16.6,7622.7285,214.163,33.12,65.16,11.1,53.1667
aachen,50.7753,6.0839,2026-06-01 12:00:00,2026-06-03 23:59:59,19.594,13.326,1.45,24706.682,235.8835,21.253,47.88,16.9154,43.875
aachen,50.7753,6.0839,2026-06-01 12:00:00,2026-06-04 23:59:59,18.55,12.65,3.2,51426.766,224.1818,26.748,57.24,21.6836,60.9167
aachen,50.7753,6.0839,2026-06-01 12:00:00,2026-06-05 23:59:59,16.9,11.05,1.2,46477.566,241.4317,21.8224,47.52,18.5508,42.0833
aachen,50.7753,6.0839,2026-06-01 12:00:00,2026-06-06 23:59:59,17.45,9.4,0.6,34296.957,211.283,13.6907,36.36,10.3353,14.4583
aachen,50.7753,6.0839,2026-06-01 12:00:00,2026-06-07 23:59:59,20.8,14.8,0.0,57241.04,245.9177,14.2337,36.0,10.9206,15.2917
munich,48.1351,11.582,2026-06-05 12:00:00,2026-06-05 23:59:59,18.115,10.715,6.4,28231.746,249.7107,13.9799,35.64,8.6238,41.0417
munich,48.1351,11.582,2026-06-05 12:00:00,2026-06-06 23:59:59,20.665,10.215,0.1,36213.66,229.5737,9.606,27.36,5.7228,3.25
munich,48.1351,11.582,2026-06-05 12:00:00,2026-06-07 23:59:59,22.3215,13.1715,0.0,47597.44,271.1495,10.2395,29.52,6.6479,3.875
munich,48.1351,11.582,2026-06-05 12:00:00,2026-06-08 23:59:59,26.6215,12.1215,0.0,51235.95,93.4777,6.8778,23.4,4.08,0.75
munich,48.1351,11.582,2026-06-05 12:00:00,2026-06-09 23:59:59,18.9715,14.0715,8.7,612.7831,253.3007,7.7043,29.52,5.8638,60.9167
munich,48.1351,11.582,2026-06-05 12:00:00,2026-06-10 23:59:59,17.858,12.658,2.1,10226.9375,50.025,7.8625,19.08,3.7339,45.4062
munich,48.1351,11.582,2026-06-05 12:00:00,2026-06-11 23:59:59,16.858,13.708,8.7,1812.9996,181.1934,4.6938,11.88,3.0916,44.25
aachen,50.7753,6.0839,2026-04-19 12:00:00,2026-04-19 23:59:59,14.026,7.776,9.1,35215.266,328.8995,14.4,35.64,9.63,53.9167
aachen,50.7753,6.0839,2026-04-19 12:00:00,2026-04-20 23:59:59,11.676,6.676,1.2,25700.264,349.6321,14.76,31.32,9.315,15.2083
aachen,50.7753,6.0839,2026-04-19 12:00:00,2026-04-21 23:59:59,13.407,6.526,0.5,34707.754,54.5394,16.8066,39.24,12.7283,4.5
aachen,50.7753,6.0839,2026-04-19 12:00:00,2026-04-22 23:59:59,14.35,3.1,0.0,48996.773,71.0606,16.0554,36.0,12.3541,0.0
aachen,50.7753,6.0839,2026-04-19 12:00:00,2026-04-23 23:59:59,15.2,4.1,0.0,50846.76,44.6485,10.08,22.68,6.4335,0.0
aachen,50.7753,6.0839,2026-04-19 12:00:00,2026-04-24 23:59:59,14.7,2.6,0.0,45043.754,340.5449,11.967,25.2,8.4619,0.75
aachen,50.7753,6.0839,2026-04-19 12:00:00,2026-04-25 23:59:59,12.25,3.95,0.3,35317.75,329.6481,16.9745,40.68,14.8831,5.4167
madrid,40.4168,-3.7038,2026-06-16 12:00:00,2026-06-15 23:59:59,30.9655,19.1155,0.0,50535.867,150.4222,7.4129,18.36,3.3313,2.125
madrid,40.4168,-3.7038,2026-06-16 12:00:00,2026-06-16 23:59:59,32.1655,19.1655,0.0,50870.72,88.4926,9.3461,27.36,5.3454,0.25
madrid,40.4168,-3.7038,2026-06-16 12:00:00,2026-06-17 23:59:59,34.4655,20.1155,0.0,52242.79,117.5776,10.1887,29.16,7.116,0.0
madrid,40.4168,-3.7038,2026-06-16 12:00:00,2026-06-18 23:59:59,33.4155,20.0655,0.0,51542.742,130.4138,11.2985,34.56,6.5238,0.0
madrid,40.4168,-3.7038,2026-06-16 12:00:00,2026-06-19 23:59:59,34.2655,20.4155,0.0,52225.35,117.7341,11.2006,32.04,5.3429,2.125
madrid,40.4168,-3.7038,2026-06-16 12:00:00,2026-06-20 23:59:59,36.9155,21.7155,0.0,52984.945,83.4722,7.209,23.4,5.4422,4.375
madrid,40.4168,-3.7038,2026-06-16 12:00:00,2026-06-21 23:59:59,38.209,21.6155,0.0,53047.055,100.8938,10.0826,27.9,5.1608,0.75
madrid,40.4168,-3.7038,2026-06-16 12:00:00,2026-06-22 23:59:59,40.609,23.259,0.0,53079.414,70.3777,9.7466,25.92,5.6066,0.4583
madrid,40.4168,-3.7038,2026-06-16 12:00:00,2026-06-23 23:59:59,39.109,22.809,0.0,53097.555,103.9853,14.8694,37.8,5.6312,3.2917
madrid,40.4168,-3.7038,2026-06-16 12:00:00,2026-06-24 23:59:59,38.2,23.55,0.0,53089.098,57.8269,8.4619,57.24,5.4203,5.0625
madrid,40.4168,-3.7038,2026-06-16 12:00:00,2026-06-25 23:59:59,36.1,23.95,4.5,53104.773,325.6346,10.2742,42.48,5.3115,7.5833
madrid,40.4168,-3.7038,2026-06-16 12:00:00,2026-06-26 23:59:59,35.75,22.65,0.3,53026.94,234.0578,6.4625,41.76,3.9602,9.7917
madrid,40.4168,-3.7038,2026-06-16 12:00:00,2026-06-27 23:59:59,37.35,24.55,0.0,53028.945,266.677,12.2519,39.96,5.4118,7.0833
madrid,40.4168,-3.7038,2026-06-16 12:00:00,2026-06-28 23:59:59,37.15,24.1,0.0,53028.766,100.359,5.4269,47.88,2.8559,9.5
madrid,40.4168,-3.7038,2026-06-16 12:00:00,2026-06-29 23:59:59,36.15,24.75,1.8,53026.34,40.5368,13.805,50.76,7.7817,8.75
valencia,39.4699,-0.3763,2026-04-24 12:00:00,2026-04-24 23:59:59,19.9325,15.7825,0.0,18844.041,52.6111,14.0815,32.76,9.0056,4.875
valencia,39.4699,-0.3763,2026-04-24 12:00:00,2026-04-25 23:59:59,20.7825,14.3325,0.0,36185.406,92.3679,14.1824,32.76,6.3252,1.2083
valencia,39.4699,-0.3763,2026-04-24 12:00:00,2026-04-26 23:59:59,21.7325,12.5825,0.0,45994.727,108.6912,12.8798,30.24,5.8978,0.375
valencia,39.4699,-0.3763,2026-04-24 12:00:00,2026-04-27 23:59:59,22.2825,12.9325,0.0,47036.527,84.1934,11.6097,27.0,5.9151,0.0
valencia,39.4699,-0.3763,2026-04-24 12:00:00,2026-04-28 23:59:59,24.0325,13.0325,0.0,48299.96,106.2429,12.1816,29.52,5.6164,0.125
valencia,39.4699,-0.3763,2026-04-24 12:00:00,2026-04-29 23:59:59,22.9645,11.7145,0.0,49113.324,82.6578,16.56,37.44,8.0892,10.4062
valencia,39.4699,-0.3763,2026-04-24 12:00:00,2026-04-30 23:59:59,21.6145,15.4145,4.5,32378.209,110.8979,11.7097,25.92,6.3649,28.5
berlin,52.52,13.405,2026-06-01 12:00:00,2026-06-01 23:59:59,22.752,13.352,0.0,47883.086,340.2492,11.7924,31.32,7.5642,0.0
berlin,52.52,13.405,2026-06-01 12:00:00,2026-06-02 23:59:59,26.552,15.202,0.0,39017.992,131.3282,12.8798,29.16,8.3002,0.0
berlin,52.52,13.405,2026-06-01 12:00:00,2026-06-03 23:59:59,20.489,15.589,7.7,11664.542,228.5205,12.6616,32.76,8.5495,29.0833
berlin,52.52,13.405,2026-06-01 12:00:00,2026-06-04 23:59:59,24.189,13.339,0.9,40305.055,196.2164,13.5563,46.08,8.0624,25.125
berlin,52.52,13.405,2026-06-01 12:00:00,2026-06-05 23:59:59,22.389,14.189,0.0,57600.0,261.3137,11.6097,39.6,8.3046,22.9167
berlin,52.52,13.405,2026-06-01 12:00:00,2026-06-06 23:59:59,22.376,11.226,0.3,49711.254,170.3737,6.49,21.96,4.4386,9.3646
berlin,52.52,13.405,2026-06-01 12:00:00,2026-06-07 23:59:59,21.076,14.276,3.6,37710.51,224.498,17.0763,44.64,11.7282,12.7083
aachen,50.7753,6.0839,2026-05-14 12:00:00,2026-05-14 23:59:59,10.826,6.376,6.7,26054.04,253.1733,18.36,39.6,11.055,63.875
aachen,50.7753,6.0839,2026-05-14 12:00:00,2026-05-15 23:59:59,13.026,5.576,0.4,35483.527,287.7705,15.84,39.6,8.13,44.9167
aachen,50.7753,6.0839,2026-05-14 12:00:00,2026-05-16 23:59:59,12.2,5.2945,2.775,47362.992,243.7909,17.5747,40.32,11.71,32.4583
aachen,50.7753,6.0839,2026-05-14 12:00:00,2026-05-17 23:59:59,13.0,5.6,1.4,28360.781,205.5647,13.5012,30.96,11.0395,13.125
aachen,50.7753,6.0839,2026-05-14 12:00:00,2026-05-18 23:59:59,14.05,9.3,5.4,29531.734,219.0497,16.1168,36.72,13.4811,38.75
aachen,50.7753,6.0839,2026-05-14 12:00:00,2026-05-19 23:59:59,15.8,9.55,3.3,17706.611,210.6396,23.445,55.44,17.9849,10.9167
aachen,50.7753,6.0839,2026-05-14 12:00:00,2026-05-20 23:59:59,19.25,11.85,1.2,45454.33,235.946,17.7626,43.92,15.1067,29.6667
aachen,50.7753,6.0839,2026-06-07 12:00:00,2026-06-02 23:59:59,23.126,15.326,5.5,14575.029,203.4554,18.0,37.08,11.22,49.625
aachen,50.7753,6.0839,2026-06-07 12:00:00,2026-06-03 23:59:59,18.926,12.626,2.1,27026.83,221.2789,19.44,38.88,15.525,60.25
aachen,50.7753,6.0839,2026-06-07 12:00:00,2026-06-04 23:59:59,16.826,13.226,2.7,10595.571,215.7471,24.12,48.6,16.815,74.5417
aachen,50.7753,6.0839,2026-06-07 12:00:00,2026-06-05 23:59:59,18.726,12.276,3.0,30450.742,232.5766,19.08,37.8,13.35,41.875
aachen,50.7753,6.0839,2026-06-07 12:00:00,2026-06-07 23:59:59,20.376,11.526,0.1,40110.637,243.786,20.16,40.68,13.515,5.1667
aachen,50.7753,6.0839,2026-06-07 12:00:00,2026-06-08 23:59:59,23.626,13.376,2.6,22025.594,207.609,23.4,46.08,9.705,21.1667
aachen,50.7753,6.0839,2026-06-07 12:00:00,2026-06-09 23:59:59,19.026,11.126,2.1,41241.383,242.9406,17.28,56.16,14.565,51.25
aachen,50.7753,6.0839,2026-06-07 12:00:00,2026-06-10 23:59:59,15.35,9.338,1.1,42446.562,232.8365,18.3512,44.28,13.7941,27.25
aachen,50.7753,6.0839,2026-06-07 12:00:00,2026-06-11 23:59:59,15.95,8.35,1.8,34471.04,256.8129,16.4992,38.88,14.0932,47.0
aachen,50.7753,6.0839,2026-06-07 12:00:00,2026-06-12 23:59:59,17.7,11.35,1.8,1214.5476,232.4068,22.1341,52.2,17.2403,27.9167
aachen,50.7753,6.0839,2026-06-07 12:00:00,2026-06-13 23:59:59,22.55,13.1,0.3,46882.75,258.8035,15.7178,35.28,10.5494,22.5833
aachen,50.7753,6.0839,2026-06-07 12:00:00,2026-06-14 23:59:59,26.9,15.2,0.0,58478.234,204.0874,7.2045,19.08,5.0896,26.9167
aachen,50.7753,6.0839,2026-06-07 12:00:00,2026-06-15 23:59:59,30.75,18.5,0.0,58513.37,161.3414,12.4812,25.92,9.4824,15.9167
aachen,50.7753,6.0839,2026-06-07 12:00:00,2026-06-16 23:59:59,31.2,21.55,0.0,58542.996,199.9288,17.9351,35.28,11.7203,11.0
aachen,50.7753,6.0839,2026-06-07 12:00:00,2026-06-17 23:59:59,31.4,21.5,0.0,58567.1,273.253,7.6643,26.64,5.8493,17.25
aachen,50.7753,6.0839,2026-06-07 12:00:00,2026-06-18 23:59:59,29.75,21.35,0.0,58585.684,28.8729,12.6475,30.96,7.057,21.9167
aachen,50.7753,6.0839,2026-06-07 12:00:00,2026-06-19 23:59:59,32.25,20.1,0.0,58598.723,86.8455,12.06,31.68,10.6322,16.7917
aachen,50.7753,6.0839,2026-06-07 12:00:00,2026-06-20 23:59:59,33.85,23.85,0.0,58541.67,216.2398,12.7088,38.52,9.0156,18.7083
valencia,39.4699,-0.3763,2026-04-30 12:00:00,2026-04-30 23:59:59,21.7825,15.9325,0.0,46388.28,78.9005,15.8564,36.72,7.3707,0.0
valencia,39.4699,-0.3763,2026-04-30 12:00:00,2026-05-01 23:59:59,20.3825,17.0825,0.9,4923.842,41.4347,16.7042,38.52,8.555,20.8333
valencia,39.4699,-0.3763,2026-04-30 12:00:00,2026-05-02 23:59:59,20.3825,17.3325,2.4,13442.012,88.8593,15.034,34.2,8.6638,40.375
valencia,39.4699,-0.3763,2026-04-30 12:00:00,2026-05-03 23:59:59,21.0325,17.3825,0.1,34992.53,85.3294,13.3637,31.68,6.7787,11.625
valencia,39.4699,-0.3763,2026-04-30 12:00:00,2026-05-04 23:59:59,22.4825,16.6325,0.0,44143.54,67.5107,17.3399,35.64,7.9284,10.5417
valencia,39.4699,-0.3763,2026-04-30 12:00:00,2026-05-05 23:59:59,22.3145,16.2145,1.2,44862.465,109.1958,16.2,37.08,7.7853,22.7917
valencia,39.4699,-0.3763,2026-04-30 12:00:00,2026-05-06 23:59:59,22.8145,15.1145,0.0,47595.344,106.4558,18.172,39.96,7.9142,33.7917
berlin,52.52,13.405,2026-05-01 12:00:00,2026-05-01 23:59:59,22.752,9.202,0.0,50400.0,327.2839,6.9899,16.92,4.3124,0.0
berlin,52.52,13.405,2026-05-01 12:00:00,2026-05-02 23:59:59,25.402,11.302,0.0,50400.0,182.8999,13.7556,31.68,8.4967,0.0
berlin,52.52,13.405,2026-05-01 12:00:00,2026-05-03 23:59:59,28.139,11.789,0.0,41028.586,200.6165,13.0447,33.48,8.4349,0.7083
berlin,52.52,13.405,2026-05-01 12:00:00,2026-05-04 23:59:59,22.639,14.489,0.0,45045.83,251.5323,13.7084,40.32,9.442,12.25
berlin,52.52,13.405,2026-05-01 12:00:00,2026-05-05 23:59:59,15.689,9.489,8.7,1041.4023,15.3393,10.1823,27.36,9.0259,30.2917
berlin,52.52,13.405,2026-05-01 12:00:00,2026-05-06 23:59:59,13.226,5.976,0.0,348.179,3.0292,13.68,36.0,9.795,38.1667
berlin,52.52,13.405,2026-05-01 12:00:00,2026-05-07 23:59:59,16.026,2.676,0.0,54378.05,80.9769,8.5571,23.4,5.2965,9.75
berlin,52.52,13.405,2026-05-19 12:00:00,2026-05-19 23:59:59,20.052,10.052,0.0,46464.84,246.7406,10.9312,24.84,5.9768,3.875
berlin,52.52,13.405,2026-05-19 12:00:00,2026-05-20 23:59:59,18.402,13.602,1.1,2700.3828,219.0794,13.6088,32.4,6.5801,17.0
berlin,52.52,13.405,2026-05-19 12:00:00,2026-05-21 23:59:59,21.039,11.5298,0.0,46599.074,287.1378,11.6097,31.32,8.5256,4.6667
berlin,52.52,13.405,2026-05-19 12:00:00,2026-05-22 23:59:59,23.739,12.989,0.0,54014.633,296.0496,9.606,26.64,5.6627,0.0
berlin,52.52,13.405,2026-05-19 12:00:00,2026-05-23 23:59:59,27.139,14.739,0.0,57233.742,105.3062,7.3426,19.8,4.5294,0.125
berlin,52.52,13.405,2026-05-19 12:00:00,2026-05-24 23:59:59,29.976,16.676,0.0,57304.79,171.8537,5.412,17.28,4.2557,1.0938
berlin,52.52,13.405,2026-05-19 12:00:00,2026-05-25 23:59:59,28.326,18.226,0.0,57373.434,329.9817,13.0049,35.28,7.9117,0.0
valencia,39.4699,-0.3763,2026-04-18 12:00:00,2026-04-18 23:59:59,22.4325,12.3825,0.0,43895.11,68.0782,13.3637,32.04,6.4103,0.0
valencia,39.4699,-0.3763,2026-04-18 12:00:00,2026-04-19 23:59:59,22.7325,12.4825,0.0,45507.773,71.9713,12.2241,30.24,6.168,0.0
valencia,39.4699,-0.3763,2026-04-18 12:00:00,2026-04-20 23:59:59,24.0325,12.6825,0.0,42047.336,74.827,12.5226,30.96,6.7455,0.0
valencia,39.4699,-0.3763,2026-04-18 12:00:00,2026-04-21 23:59:59,21.0325,13.1325,0.0,46296.816,61.1969,12.6206,31.68,6.64,0.4167
valencia,39.4699,-0.3763,2026-04-18 12:00:00,2026-04-22 23:59:59,22.2825,12.2825,0.0,46308.438,92.5447,12.0748,29.52,5.8158,0.0
valencia,39.4699,-0.3763,2026-04-18 12:00:00,2026-04-23 23:59:59,20.3645,14.1325,0.0,45866.926,63.1991,15.3286,36.36,8.2485,1.1771
valencia,39.4699,-0.3763,2026-04-18 12:00:00,2026-04-24 23:59:59,20.8145,14.8145,0.0,31697.43,95.4068,11.5929,27.36,5.7274,3.1667
munich,48.1351,11.582,2026-05-20 12:00:00,2026-05-20 23:59:59,17.765,12.365,9.8,18275.328,259.6457,14.1137,37.08,8.4647,42.3333
munich,48.1351,11.582,2026-05-20 12:00:00,2026-05-21 23:59:59,19.315,11.615,0.0,44749.438,278.7146,9.1145,25.56,6.3375,2.25
munich,48.1351,11.582,2026-05-20 12:00:00,2026-05-22 23:59:59,23.2215,10.765,0.0,50497.504,87.5351,9.5043,28.08,5.7644,0.0
munich,48.1351,11.582,2026-05-20 12:00:00,2026-05-23 23:59:59,25.5215,13.0715,0.0,53408.766,86.0092,10.824,31.32,6.661,0.0
munich,48.1351,11.582,2026-05-20 12:00:00,2026-05-24 23:59:59,27.4715,14.5715,0.0,55244.586,78.6901,10.6307,29.52,5.1346,0.0
munich,48.1351,11.582,2026-05-20 12:00:00,2026-05-25 23:59:59,28.508,13.7715,0.0,55354.99,66.2988,8.9132,22.32,4.5006,0.0
munich,48.1351,11.582,2026-05-20 12:00:00,2026-05-26 23:59:59,27.658,17.508,0.0,52992.066,75.6997,12.1016,29.88,6.6304,0.0
london,51.5074,-0.1278,2026-06-16 12:00:00,2026-06-15 23:59:59,22.591,14.041,1.0,43015.844,100.822,14.76,33.84,11.7,17.375
london,51.5074,-0.1278,2026-06-16 12:00:00,2026-06-16 23:59:59,26.491,16.041,0.4,57155.445,244.5022,20.16,44.28,9.63,10.375
london,51.5074,-0.1278,2026-06-16 12:00:00,2026-06-17 23:59:59,22.841,17.591,0.3,33002.52,225.8046,20.16,44.28,16.065,8.0
london,51.5074,-0.1278,2026-06-16 12:00:00,2026-06-18 23:59:59,27.391,17.041,0.0,44201.086,216.2678,16.92,38.16,11.8238,0.5
london,51.5074,-0.1278,2026-06-16 12:00:00,2026-06-19 23:59:59,29.3045,18.7045,0.0,54000.0,227.8317,18.72,39.24,9.585,7.0
london,51.5074,-0.1278,2026-06-16 12:00:00,2026-06-20 23:59:59,26.3545,17.5545,0.0,57632.586,254.1083,13.68,27.36,9.99,0.75
london,51.5074,-0.1278,2026-06-16 12:00:00,2026-06-21 23:59:59,28.7545,20.3045,0.0,57941.383,73.1905,14.76,33.48,11.655,2.5
london,51.5074,-0.1278,2026-06-16 12:00:00,2026-06-22 23:59:59,31.7545,20.9545,0.0,54632.79,293.1766,17.28,37.08,10.4387,7.5
london,51.5074,-0.1278,2026-06-16 12:00:00,2026-06-23 23:59:59,24.5,16.3,0.0,54038.492,323.9931,13.6807,38.52,10.6203,11.25
london,51.5074,-0.1278,2026-06-16 12:00:00,2026-06-24 23:59:59,26.65,16.45,0.0,57691.785,303.6901,8.7924,31.32,5.9951,3.375
london,51.5074,-0.1278,2026-06-16 12:00:00,2026-06-25 23:59:59,29.2,17.95,0.0,57977.156,339.0314,7.3426,28.08,4.9008,2.5
london,51.5074,-0.1278,2026-06-16 12:00:00,2026-06-26 23:59:59,30.9,19.75,0.0,57083.65,190.2182,13.337,37.44,6.1193,8.0
london,51.5074,-0.1278,2026-06-16 12:00:00,2026-06-27 23:59:59,33.15,21.8,0.0,57719.84,238.1404,12.1256,36.72,6.6611,4.75
london,51.5074,-0.1278,2026-06-16 12:00:00,2026-06-28 23:59:59,27.3,19.65,0.0,57281.883,345.2628,14.6874,37.8,10.4547,6.875
london,51.5074,-0.1278,2026-06-16 12:00:00,2026-06-29 23:59:59,25.45,16.75,0.0,55192.82,59.2018,9.6598,37.44,7.4333,8.125
berlin,52.52,13.405,2026-05-14 12:00:00,2026-05-14 23:59:59,13.552,7.652,3.3,32588.926,222.8996,17.673,43.92,9.824,47.9583
berlin,52.52,13.405,2026-05-14 12:00:00,2026-05-15 23:59:59,16.102,6.702,0.0,48254.39,296.4816,11.7263,28.08,5.5613,5.4583
berlin,52.52,13.405,2026-05-14 12:00:00,2026-05-16 23:59:59,16.189,7.289,0.025,51225.94,286.1308,12.0748,33.84,7.8784,1.4583
berlin,52.52,13.405,2026-05-14 12:00:00,2026-05-17 23:59:59,17.489,7.389,0.0,42364.047,340.4192,5.412,16.56,3.0445,0.0
berlin,52.52,13.405,2026-05-14 12:00:00,2026-05-18 23:59:59,14.489,10.739,0.6,2128.54,56.4927,7.2359,19.44,4.1982,4.5417
berlin,52.52,13.405,2026-05-14 12:00:00,2026-05-19 23:59:59,21.576,10.076,0.0,44888.76,19.0052,9.0,23.4,5.9071,1.5
berlin,52.52,13.405,2026-05-14 12:00:00,2026-05-20 23:59:59,24.126,9.876,0.0,56827.477,29.6666,11.8089,32.4,8.2358,11.875
munich,48.1351,11.582,2026-05-14 12:00:00,2026-05-14 23:59:59,13.215,7.915,0.4,25945.453,256.8978,18.0,39.24,12.6198,31.9167
munich,48.1351,11.582,2026-05-14 12:00:00,2026-05-15 23:59:59,13.215,6.915,6.5,22421.63,250.297,15.946,37.8,8.6191,30.875
munich,48.1351,11.582,2026-05-14 12:00:00,2026-05-16 23:59:59,10.1715,5.7215,3.225,0.0,293.1582,10.44,30.24,8.4185,48.875
munich,48.1351,11.582,2026-05-14 12:00:00,2026-05-17 23:59:59,14.7215,4.1215,0.3,49764.676,282.4721,7.3426,21.24,5.5292,2.2083
munich,48.1351,11.582,2026-05-14 12:00:00,2026-05-18 23:59:59,15.7715,5.7715,0.3,41428.47,289.1556,7.5942,27.36,4.4319,13.375
munich,48.1351,11.582,2026-05-14 12:00:00,2026-05-19 23:59:59,17.708,6.908,0.0,53557.07,82.7876,8.8913,21.96,5.0001,7.5208
munich,48.1351,11.582,2026-05-14 12:00:00,2026-05-20 23:59:59,16.258,9.208,3.9,20438.559,346.8659,7.0912,18.72,3.1088,15.0833
valencia,39.4699,-0.3763,2026-04-27 12:00:00,2026-04-27 23:59:59,21.4825,10.4825,0.0,48382.953,102.5289,12.8646,30.96,6.0153,0.0
valencia,39.4699,-0.3763,2026-04-27 12:00:00,2026-04-28 23:59:59,22.1325,11.5325,0.1,46498.215,87.9249,13.1388,31.32,5.9472,0.25
valencia,39.4699,-0.3763,2026-04-27 12:00:00,2026-04-29 23:59:59,20.6825,15.0825,0.7,35550.582,51.13,14.0584,34.2,7.1289,4.3333
valencia,39.4699,-0.3763,2026-04-27 12:00:00,2026-04-30 23:59:59,23.1325,14.9325,0.0,48355.652,100.0946,15.4632,37.8,7.3581,1.8333
valencia,39.4699,-0.3763,2026-04-27 12:00:00,2026-05-01 23:59:59,20.3825,17.1325,2.4,20440.902,59.8863,10.8956,26.28,6.9167,8.4167
valencia,39.4699,-0.3763,2026-04-27 12:00:00,2026-05-02 23:59:59,21.7645,16.1145,0.0,34849.453,98.5215,15.0427,35.28,6.5886,10.3854
valencia,39.4699,-0.3763,2026-04-27 12:00:00,2026-05-03 23:59:59,23.6645,15.3645,0.0,33330.21,98.8032,15.7168,35.64,5.8782,7.625
munich,48.1351,11.582,2026-05-01 12:00:00,2026-05-01 23:59:59,19.565,4.015,0.0,49769.355,90.916,13.7226,33.84,10.3797,0.0
munich,48.1351,11.582,2026-05-01 12:00:00,2026-05-02 23:59:59,24.465,6.965,0.0,49629.758,98.0853,10.8956,25.92,5.9415,0.0
munich,48.1351,11.582,2026-05-01 12:00:00,2026-05-03 23:59:59,24.7715,7.7215,0.1,45829.29,308.1025,9.9571,25.92,5.0887,4.125
munich,48.1351,11.582,2026-05-01 12:00:00,2026-05-04 23:59:59,22.6715,11.6715,3.0,42596.918,62.5768,11.5929,48.6,6.7353,11.625
munich,48.1351,11.582,2026-05-01 12:00:00,2026-05-05 23:59:59,19.1715,11.6715,7.5,12872.224,37.1999,9.1782,25.92,4.1637,38.5417
munich,48.1351,11.582,2026-05-01 12:00:00,2026-05-06 23:59:59,13.758,7.758,2.85,8843.086,299.395,14.9172,32.31,11.8747,70.0521
munich,48.1351,11.582,2026-05-01 12:00:00,2026-05-07 23:59:59,15.808,4.558,0.0,52267.21,41.0618,12.24,28.8,6.6553,44.4167
berlin,52.52,13.405,2026-04-24 12:00:00,2026-04-24 23:59:59,17.352,6.502,0.0,35515.6,293.9112,15.3497,35.28,13.7698,0.0
berlin,52.52,13.405,2026-04-24 12:00:00,2026-04-25 23:59:59,15.452,6.302,0.0,41142.168,284.9501,21.7495,52.2,17.9943,0.0
berlin,52.52,13.405,2026-04-24 12:00:00,2026-04-26 23:59:59,14.239,4.289,0.0,50175.81,314.0591,20.0051,43.2,11.4684,0.0
berlin,52.52,13.405,2026-04-24 12:00:00,2026-04-27 23:59:59,14.439,5.639,0.0,48810.473,304.7274,11.3842,30.24,7.497,0.25
berlin,52.52,13.405,2026-04-24 12:00:00,2026-04-28 23:59:59,14.889,5.639,0.0,50427.055,30.4655,10.4462,28.8,8.2015,4.4583
berlin,52.52,13.405,2026-04-24 12:00:00,2026-04-29 23:59:59,11.626,5.576,0.0,50923.227,38.5502,15.3159,41.04,10.1765,0.1979
berlin,52.52,13.405,2026-04-24 12:00:00,2026-04-30 23:59:59,14.226,3.276,0.0,52020.754,21.1741,15.63,40.68,8.3063,0.0
london,51.5074,-0.1278,2026-05-05 12:00:00,2026-05-05 23:59:59,16.941,11.391,0.2,19697.477,41.7602,17.64,39.24,11.205,6.875
london,51.5074,-0.1278,2026-05-05 12:00:00,2026-05-06 23:59:59,15.341,8.341,0.8,35698.18,17.0293,18.0,39.24,13.98,9.625
london,51.5074,-0.1278,2026-05-05 12:00:00,2026-05-07 23:59:59,15.4545,7.341,0.0,30669.305,89.1266,11.16,23.76,6.2475,4.0833
london,51.5074,-0.1278,2026-05-05 12:00:00,2026-05-08 23:59:59,17.9045,10.1045,0.9,50552.383,101.3042,13.32,28.8,7.875,15.0
london,51.5074,-0.1278,2026-05-05 12:00:00,2026-05-09 23:59:59,20.6045,11.3545,0.0,47121.777,84.5323,18.36,39.6,12.93,33.5417
london,51.5074,-0.1278,2026-05-05 12:00:00,2026-05-10 23:59:59,23.2045,12.9045,0.0,24783.021,40.2451,26.28,54.0,15.42,41.25
london,51.5074,-0.1278,2026-05-05 12:00:00,2026-05-11 23:59:59,12.4545,8.1545,0.0,41851.402,9.1921,21.96,45.36,18.645,25.5417
prag,50.0755,14.4378,2026-06-14 12:00:00,2026-06-09 23:59:59,20.9985,14.8485,6.6,3247.5928,221.0883,14.5789,44.28,8.3597,24.4167
prag,50.0755,14.4378,2026-06-14 12:00:00,2026-06-14 23:59:59,17.8985,13.6985,0.0,25610.8,279.8901,17.1634,38.88,11.2422,0.4583
prag,50.0755,14.4378,2026-06-14 12:00:00,2026-06-15 23:59:59,19.6485,10.2985,0.0,36520.164,273.3526,17.0155,38.88,11.9108,0.25
prag,50.0755,14.4378,2026-06-14 12:00:00,2026-06-16 23:59:59,22.646,11.8485,0.35,31909.545,240.969,14.0584,38.88,8.3869,6.3333
prag,50.0755,14.4378,2026-06-14 12:00:00,2026-06-17 23:59:59,24.696,14.796,0.6,27854.572,258.0667,9.4496,32.76,4.9158,7.4583
prag,50.0755,14.4378,2026-06-14 12:00:00,2026-06-18 23:59:59,30.696,14.896,0.0,57600.0,219.9708,6.6185,22.32,3.4145,0.0417
prag,50.0755,14.4378,2026-06-14 12:00:00,2026-06-19 23:59:59,30.996,19.646,0.6,54025.66,93.4264,6.1622,24.84,3.2354,1.2083
prag,50.0755,14.4378,2026-06-14 12:00:00,2026-06-20 23:59:59,30.696,19.646,2.1,46432.86,150.191,6.0347,32.4,3.6137,9.5
prag,50.0755,14.4378,2026-06-14 12:00:00,2026-06-21 23:59:59,26.672,19.546,3.9,57600.0,338.2801,12.7495,50.4,8.0931,33.4583
prag,50.0755,14.4378,2026-06-14 12:00:00,2026-06-22 23:59:59,27.25,18.8,1.5,57782.74,16.3,9.9571,32.76,7.0369,17.8333
prag,50.0755,14.4378,2026-06-14 12:00:00,2026-06-23 23:59:59,28.75,18.25,0.0,57778.254,349.9383,11.3628,35.64,6.6999,14.7083
prag,50.0755,14.4378,2026-06-14 12:00:00,2026-06-24 23:59:59,29.5,18.15,0.0,57775.484,323.1404,14.0215,51.84,8.8791,12.4167
prag,50.0755,14.4378,2026-06-14 12:00:00,2026-06-25 23:59:59,24.8,17.85,0.0,57758.66,7.0827,14.0042,46.8,10.8485,9.5833
prag,50.0755,14.4378,2026-06-14 12:00:00,2026-06-26 23:59:59,26.6,17.15,0.0,57733.918,35.6534,15.1082,38.16,7.6385,9.0417
prag,50.0755,14.4378,2026-06-14 12:00:00,2026-06-27 23:59:59,27.25,17.05,0.0,57708.45,81.0228,11.6723,37.44,10.5543,14.3333
london,51.5074,-0.1278,2026-04-15 12:00:00,2026-04-15 23:59:59,16.891,11.791,0.8,13629.445,201.6699,24.48,52.2,15.93,29.2083
london,51.5074,-0.1278,2026-04-15 12:00:00,2026-04-16 23:59:59,16.391,10.141,0.5,11054.806,220.0321,16.2,34.56,13.5,4.0
london,51.5074,-0.1278,2026-04-15 12:00:00,2026-04-17 23:59:59,17.541,11.341,0.0,30268.309,209.4253,19.71,42.48,13.0275,3.125
london,51.5074,-0.1278,2026-04-15 12:00:00,2026-04-18 23:59:59,15.7545,9.4045,0.0,47211.145,285.4669,12.96,29.16,10.275,6.1667
london,51.5074,-0.1278,2026-04-15 12:00:00,2026-04-19 23:59:59,13.5545,8.7045,0.0,49539.773,15.5997,12.6,29.16,8.79,2.5417
london,51.5074,-0.1278,2026-04-15 12:00:00,2026-04-20 23:59:59,12.6045,8.6045,0.0,50382.727,33.689,13.32,28.08,6.78,6.25
london,51.5074,-0.1278,2026-04-15 12:00:00,2026-04-21 23:59:59,10.9545,7.0045,0.0,35969.105,8.428,13.32,28.8,10.905,4.7917
valencia,39.4699,-0.3763,2026-06-03 12:00:00,2026-06-03 23:59:59,26.9825,21.9825,0.0,48208.25,98.8646,18.8648,44.28,10.3562,1.75
valencia,39.4699,-0.3763,2026-06-03 12:00:00,2026-06-04 23:59:59,31.2825,19.7825,0.0,50400.0,100.2325,25.7419,80.64,10.2984,0.0
valencia,39.4699,-0.3763,2026-06-03 12:00:00,2026-06-05 23:59:59,24.3825,20.9325,0.0,49140.16,71.2318,16.6225,38.88,12.642,0.0
valencia,39.4699,-0.3763,2026-06-03 12:00:00,2026-06-06 23:59:59,26.2325,20.8825,0.5,27030.44,117.0057,14.5121,35.28,6.8353,1.0833
valencia,39.4699,-0.3763,2026-06-03 12:00:00,2026-06-07 23:59:59,26.8825,21.6825,0.0,34125.4,74.6831,14.4942,34.92,8.6102,2.1667
valencia,39.4699,-0.3763,2026-06-03 12:00:00,2026-06-08 23:59:59,28.4145,19.1565,0.0,51493.285,102.4957,18.0,41.4,7.6537,0.4583
valencia,39.4699,-0.3763,2026-06-03 12:00:00,2026-06-09 23:59:59,27.1145,21.9145,0.0,50023.715,90.439,16.8086,37.44,8.6889,2.5833
london,51.5074,-0.1278,2026-05-13 12:00:00,2026-05-13 23:59:59,12.891,8.091,5.7,21832.297,282.9908,30.96,68.76,15.33,44.4583
london,51.5074,-0.1278,2026-05-13 12:00:00,2026-05-14 23:59:59,12.541,7.041,1.1,32977.04,336.244,21.96,50.04,11.955,27.5833
london,51.5074,-0.1278,2026-05-13 12:00:00,2026-05-15 23:59:59,14.1545,7.191,0.0,45167.414,343.5177,13.32,31.68,11.415,9.25
london,51.5074,-0.1278,2026-05-13 12:00:00,2026-05-16 23:59:59,13.2545,7.6045,0.0,36621.504,246.5379,12.24,28.44,9.39,5.1667
london,51.5074,-0.1278,2026-05-13 12:00:00,2026-05-17 23:59:59,13.5545,10.5545,3.6,21221.61,186.1197,8.64,17.64,7.11,44.5417
london,51.5074,-0.1278,2026-05-13 12:00:00,2026-05-18 23:59:59,18.2545,9.1045,0.0,55420.844,154.781,7.92,18.36,5.37,24.2083
london,51.5074,-0.1278,2026-05-13 12:00:00,2026-05-19 23:59:59,17.5522,11.4045,0.0,19656.33,184.7419,21.6599,55.08,11.174,44.5417
paris,48.8566,2.3522,2026-06-15 12:00:00,2026-06-15 23:59:59,29.065,14.615,0.0,46254.473,114.374,8.7147,24.12,6.9665,1.125
paris,48.8566,2.3522,2026-06-15 12:00:00,2026-06-16 23:59:59,27.715,19.965,0.1,48154.055,318.2398,11.2985,28.08,8.8757,1.7083
paris,48.8566,2.3522,2026-06-15 12:00:00,2026-06-17 23:59:59,31.1995,17.7495,0.0,49675.668,259.0913,6.84,19.08,2.9401,0.0
paris,48.8566,2.3522,2026-06-15 12:00:00,2026-06-18 23:59:59,32.2495,18.8995,0.0,53129.543,272.2906,11.3842,28.08,4.1052,1.4583
paris,48.8566,2.3522,2026-06-15 12:00:00,2026-06-19 23:59:59,34.2495,23.4495,0.6,53111.688,222.9299,12.2612,32.76,6.7282,9.875
paris,48.8566,2.3522,2026-06-15 12:00:00,2026-06-20 23:59:59,34.2995,20.1495,0.0,56256.734,357.8259,11.3661,34.2,5.2697,2.1979
paris,48.8566,2.3522,2026-06-15 12:00:00,2026-06-21 23:59:59,39.1995,24.6995,0.0,57083.824,226.8476,10.949,27.72,5.152,1.4583
paris,48.8566,2.3522,2026-06-15 12:00:00,2026-06-22 23:59:59,40.0,20.7995,0.0,57119.938,275.1459,12.2612,32.4,10.5633,5.5208
paris,48.8566,2.3522,2026-06-15 12:00:00,2026-06-23 23:59:59,33.9,21.8,1.2,57128.56,266.4505,17.2809,44.64,12.9303,4.0417
paris,48.8566,2.3522,2026-06-15 12:00:00,2026-06-24 23:59:59,22.65,17.15,0.0,45813.72,293.9692,14.9411,42.12,13.1689,2.3333
paris,48.8566,2.3522,2026-06-15 12:00:00,2026-06-25 23:59:59,27.05,16.7,0.0,57137.62,9.6628,10.5879,35.64,7.3223,3.4583
paris,48.8566,2.3522,2026-06-15 12:00:00,2026-06-26 23:59:59,30.35,18.95,0.0,57137.94,45.102,8.282,34.92,6.1023,2.125
paris,48.8566,2.3522,2026-06-15 12:00:00,2026-06-27 23:59:59,30.5,19.8,0.0,57135.375,314.7992,15.5468,39.96,9.4192,9.0417
paris,48.8566,2.3522,2026-06-15 12:00:00,2026-06-28 23:59:59,28.6,17.55,0.0,57129.875,328.4457,13.494,43.2,9.2139,17.25
aachen,50.7753,6.0839,2026-06-06 12:00:00,2026-06-01 23:59:59,24.526,13.676,2.2,54000.0,251.3006,14.4,28.8,8.19,17.0
aachen,50.7753,6.0839,2026-06-06 12:00:00,2026-06-06 23:59:59,21.326,11.176,1.1,32739.266,194.5064,17.64,45.0,10.815,24.625
aachen,50.7753,6.0839,2026-06-06 12:00:00,2026-06-07 23:59:59,20.226,11.726,1.8,32073.953,238.9889,20.52,43.56,14.325,5.9583
aachen,50.7753,6.0839,2026-06-06 12:00:00,2026-06-08 23:59:59,23.026,13.576,3.45,14418.819,194.9757,17.081,37.08,9.9864,13.0
aachen,50.7753,6.0839,2026-06-06 12:00:00,2026-06-09 23:59:59,15.95,10.35,3.0,52817.766,246.8155,24.1529,52.2,20.1355,48.1667
aachen,50.7753,6.0839,2026-06-06 12:00:00,2026-06-10 23:59:59,15.85,8.8,4.5,57722.62,246.5113,19.6794,45.36,16.5163,23.5417
aachen,50.7753,6.0839,2026-06-06 12:00:00,2026-06-11 23:59:59,17.3,8.5,0.3,41116.68,225.4369,15.9318,38.16,12.2143,20.7917
aachen,50.7753,6.0839,2026-06-06 12:00:00,2026-06-12 23:59:59,17.25,14.8,1.5,55046.41,223.069,17.8844,51.84,16.6176,24.0417
aachen,50.7753,6.0839,2026-06-06 12:00:00,2026-06-13 23:59:59,20.85,14.1,3.9,42388.0,238.923,33.4015,73.8,22.5317,22.125
aachen,50.7753,6.0839,2026-06-06 12:00:00,2026-06-14 23:59:59,16.55,11.05,0.6,57410.047,249.3739,22.3142,62.64,19.5527,24.4167
aachen,50.7753,6.0839,2026-06-06 12:00:00,2026-06-15 23:59:59,18.85,11.1,0.0,48409.69,239.3936,18.5269,44.28,16.779,27.125
aachen,50.7753,6.0839,2026-06-06 12:00:00,2026-06-16 23:59:59,24.85,15.4,0.0,58542.996,235.6841,18.9214,46.44,16.4281,26.6667
aachen,50.7753,6.0839,2026-06-06 12:00:00,2026-06-17 23:59:59,22.9,15.8,0.0,58567.1,268.9299,15.4727,37.8,13.9535,26.0833
aachen,50.7753,6.0839,2026-06-06 12:00:00,2026-06-18 23:59:59,20.15,12.0,0.0,58585.684,6.718,13.3212,33.84,9.4178,26.0833
aachen,50.7753,6.0839,2026-06-06 12:00:00,2026-06-19 23:59:59,18.85,10.55,0.0,41900.965,4.257,9.7433,32.04,8.1171,19.8333
berlin,52.52,13.405,2026-04-19 12:00:00,2026-04-19 23:59:59,16.302,7.252,32.7,0.0,336.1234,29.7431,65.52,12.3955,59.9167
berlin,52.52,13.405,2026-04-19 12:00:00,2026-04-20 23:59:59,11.952,5.302,23.4,0.0,343.6954,18.8648,42.48,13.662,46.2083
berlin,52.52,13.405,2026-04-19 12:00:00,2026-04-21 23:59:59,14.889,2.589,0.0,49764.14,31.5037,13.9055,35.28,11.1483,1.1667
berlin,52.52,13.405,2026-04-19 12:00:00,2026-04-22 23:59:59,17.939,2.239,0.0,49663.633,319.1952,12.2294,32.4,8.9948,0.0
berlin,52.52,13.405,2026-04-19 12:00:00,2026-04-23 23:59:59,15.539,4.839,0.0,42614.34,312.5424,15.2947,37.08,10.7986,0.7917
berlin,52.52,13.405,2026-04-19 12:00:00,2026-04-24 23:59:59,15.276,4.526,0.0,16204.777,286.1427,18.0431,43.92,12.1766,1.3333
berlin,52.52,13.405,2026-04-19 12:00:00,2026-04-25 23:59:59,11.776,5.126,1.2,29055.76,291.6758,23.0681,61.56,18.2815,9.3333
london,51.5074,-0.1278,2026-04-17 12:00:00,2026-04-17 23:59:59,17.491,11.541,0.1,28623.402,212.8113,19.08,41.04,13.575,7.8333
london,51.5074,-0.1278,2026-04-17 12:00:00,2026-04-18 23:59:59,16.741,9.341,1.0,44428.305,295.002,14.76,31.68,10.74,6.125
london,51.5074,-0.1278,2026-04-17 12:00:00,2026-04-19 23:59:59,14.6045,7.2136,0.0,50160.29,11.6259,13.68,29.16,9.5963,3.4167
london,51.5074,-0.1278,2026-04-17 12:00:00,2026-04-20 23:59:59,12.0045,7.0045,0.0,39923.16,43.2088,11.16,27.0,8.205,3.2917
london,51.5074,-0.1278,2026-04-17 12:00:00,2026-04-21 23:59:59,12.3045,5.0545,0.0,50400.0,44.833,20.52,41.76,14.025,5.9167
london,51.5074,-0.1278,2026-04-17 12:00:00,2026-04-22 23:59:59,14.7045,7.1545,0.0,50400.0,65.8785,23.4,48.6,18.525,2.3333
london,51.5074,-0.1278,2026-04-17 12:00:00,2026-04-23 23:59:59,16.7,6.6045,0.0,50400.0,46.4369,14.4,32.4,11.619,0.5
aachen,50.7753,6.0839,2026-06-05 12:00:00,2026-06-05 23:59:59,18.576,12.276,0.5,24264.418,233.4844,19.44,39.24,13.74,42.5417
aachen,50.7753,6.0839,2026-06-05 12:00:00,2026-06-06 23:59:59,21.726,11.876,1.5,25766.46,194.6634,17.64,36.36,10.59,29.4167
aachen,50.7753,6.0839,2026-06-05 12:00:00,2026-06-07 23:59:59,17.988,12.176,0.0,26444.691,233.3828,21.24,43.92,15.4041,10.5417
aachen,50.7753,6.0839,2026-06-05 12:00:00,2026-06-08 23:59:59,19.7,11.15,0.0,17099.703,202.8533,18.1166,36.72,10.2291,18.75
aachen,50.7753,6.0839,2026-06-05 12:00:00,2026-06-09 23:59:59,15.85,11.8,0.9,37639.1,246.4327,20.6836,48.24,18.4857,50.25
aachen,50.7753,6.0839,2026-06-05 12:00:00,2026-06-10 23:59:59,15.0,10.1,6.0,38633.195,248.0987,21.4321,50.4,17.4754,22.25
aachen,50.7753,6.0839,2026-06-05 12:00:00,2026-06-11 23:59:59,16.6,9.5,1.8,56423.348,220.4097,17.6959,43.2,12.8593,24.5417
berlin,52.52,13.405,2026-05-05 12:00:00,2026-05-05 23:59:59,19.402,12.752,1.0,8363.07,33.6901,13.0894,29.52,7.6142,33.2083
berlin,52.52,13.405,2026-05-05 12:00:00,2026-05-06 23:59:59,12.052,9.902,13.5,0.0,52.2472,13.4796,30.6,11.3185,56.7917
berlin,52.52,13.405,2026-05-05 12:00:00,2026-05-07 23:59:59,12.789,6.5455,1.4,8585.7705,52.902,13.7084,30.6,8.6374,9.9583
berlin,52.52,13.405,2026-05-05 12:00:00,2026-05-08 23:59:59,14.389,8.339,0.0,6604.3804,48.3135,5.9916,15.48,4.1682,10.375
berlin,52.52,13.405,2026-05-05 12:00:00,2026-05-09 23:59:59,20.839,8.439,0.0,53296.7,71.6194,7.7713,22.32,5.1084,0.1667
berlin,52.52,13.405,2026-05-05 12:00:00,2026-05-10 23:59:59,23.926,11.089,0.3,40561.207,80.9677,16.2,41.04,11.2025,4.5
berlin,52.52,13.405,2026-05-05 12:00:00,2026-05-11 23:59:59,23.376,14.926,0.9,54461.63,200.0783,13.4796,41.4,10.6932,36.0
berlin,52.52,13.405,2026-04-28 12:00:00,2026-04-28 23:59:59,14.602,4.602,0.0,49187.438,58.0979,13.8495,32.04,11.7569,0.0
berlin,52.52,13.405,2026-04-28 12:00:00,2026-04-29 23:59:59,13.152,4.052,0.0,50400.0,60.8937,16.5835,37.08,9.9888,0.0
berlin,52.52,13.405,2026-04-28 12:00:00,2026-04-30 23:59:59,18.139,5.852,0.0,47847.684,358.8726,8.6699,23.04,5.3139,0.0
berlin,52.52,13.405,2026-04-28 12:00:00,2026-05-01 23:59:59,22.289,7.489,0.0,52009.117,353.3676,5.8604,16.92,3.7179,0.0
berlin,52.52,13.405,2026-04-28 12:00:00,2026-05-02 23:59:59,25.139,10.689,0.0,52652.72,183.202,11.5031,29.52,6.9394,0.0833
berlin,52.52,13.405,2026-04-28 12:00:00,2026-05-03 23:59:59,26.026,12.139,0.0,50634.87,167.2149,10.1057,27.36,5.8287,9.4688
berlin,52.52,13.405,2026-04-28 12:00:00,2026-05-04 23:59:59,24.476,14.726,0.3,36316.277,206.3581,9.3877,27.36,4.9321,16.5
berlin,52.52,13.405,2026-06-03 12:00:00,2026-06-03 23:59:59,21.202,16.102,4.8,6752.314,233.63,15.3918,36.36,10.5893,18.2083
berlin,52.52,13.405,2026-06-03 12:00:00,2026-06-04 23:59:59,24.702,14.302,4.1,28989.91,209.1691,17.8844,48.96,11.397,16.75
berlin,52.52,13.405,2026-06-03 12:00:00,2026-06-05 23:59:59,18.639,15.152,3.6,4375.111,226.543,9.9049,32.04,6.5212,19.5
berlin,52.52,13.405,2026-06-03 12:00:00,2026-06-06 23:59:59,23.489,12.189,0.6,49547.85,189.0245,8.0498,22.68,4.0646,3.125
berlin,52.52,13.405,2026-06-03 12:00:00,2026-06-07 23:59:59,23.289,14.789,0.6,55318.49,251.565,14.0584,38.52,8.5053,14.625
berlin,52.52,13.405,2026-06-03 12:00:00,2026-06-08 23:59:59,22.726,14.439,0.0,50950.94,249.1769,12.3716,32.76,7.2222,12.0625
berlin,52.52,13.405,2026-06-03 12:00:00,2026-06-09 23:59:59,18.676,12.476,14.1,0.0,251.0167,17.6547,43.56,6.1786,26.3333
berlin,52.52,13.405,2026-04-21 12:00:00,2026-04-21 23:59:59,13.652,2.102,0.0,49761.89,30.7612,16.18,35.64,11.8728,0.0
berlin,52.52,13.405,2026-04-21 12:00:00,2026-04-22 23:59:59,17.202,3.252,0.0,50030.016,328.1521,16.7816,36.72,10.6163,0.0
berlin,52.52,13.405,2026-04-21 12:00:00,2026-04-23 23:59:59,14.839,4.489,0.0,48336.938,296.2566,14.3369,36.36,11.4358,0.0
berlin,52.52,13.405,2026-04-21 12:00:00,2026-04-24 23:59:59,11.839,5.289,0.0,30323.879,275.7618,12.24,30.96,10.2398,0.0
berlin,52.52,13.405,2026-04-21 12:00:00,2026-04-25 23:59:59,11.639,5.389,0.0,39711.305,286.76,17.9928,46.8,14.9987,3.5
berlin,52.52,13.405,2026-04-21 12:00:00,2026-04-26 23:59:59,12.976,3.376,0.0,50231.516,303.7587,12.2453,30.6,8.4117,3.1771
berlin,52.52,13.405,2026-04-21 12:00:00,2026-04-27 23:59:59,13.476,6.426,0.0,46414.97,36.0984,7.2359,19.8,5.0615,3.0
leipzig,51.3397,12.3731,2026-06-14 12:00:00,2026-06-09 23:59:59,21.563,16.863,0.7,29421.008,261.376,17.4628,46.8,10.4303,13.125
leipzig,51.3397,12.3731,2026-06-14 12:00:00,2026-06-14 23:59:59,17.613,12.063,0.8,26153.71,271.4109,19.7082,47.16,12.4108,11.7917
leipzig,51.3397,12.3731,2026-06-14 12:00:00,2026-06-15 23:59:59,17.813,11.263,0.1,18115.11,263.5884,18.7235,45.36,12.1239,0.8333
leipzig,51.3397,12.3731,2026-06-14 12:00:00,2026-06-16 23:59:59,23.065,10.113,0.35,33940.44,230.8043,9.2905,36.72,5.3151,8.5
leipzig,51.3397,12.3731,2026-06-14 12:00:00,2026-06-17 23:59:59,23.165,17.265,0.4,19588.76,258.1444,10.949,29.88,4.9298,5.0833
leipzig,51.3397,12.3731,2026-06-14 12:00:00,2026-06-18 23:59:59,31.265,16.965,0.0,57555.45,246.5953,7.3426,23.04,3.7914,0.0833
leipzig,51.3397,12.3731,2026-06-14 12:00:00,2026-06-19 23:59:59,33.076,21.065,0.6,55371.11,162.5016,6.8778,25.56,3.5787,4.5104
leipzig,51.3397,12.3731,2026-06-14 12:00:00,2026-06-20 23:59:59,33.576,22.026,0.9,51716.52,231.6134,13.6278,38.88,7.889,13.5417
leipzig,51.3397,12.3731,2026-06-14 12:00:00,2026-06-21 23:59:59,28.85,18.976,0.3,58699.66,357.5738,13.1548,38.52,7.2292,24.9479
leipzig,51.3397,12.3731,2026-06-14 12:00:00,2026-06-22 23:59:59,26.9,17.8,0.0,58955.543,27.1717,12.6013,33.84,9.3221,14.7083
leipzig,51.3397,12.3731,2026-06-14 12:00:00,2026-06-23 23:59:59,26.25,18.05,0.0,58946.14,19.6069,9.9131,32.76,8.5832,9.7917
leipzig,51.3397,12.3731,2026-06-14 12:00:00,2026-06-24 23:59:59,28.2,17.85,0.0,58931.05,321.4949,20.9991,57.6,12.578,12.4167
leipzig,51.3397,12.3731,2026-06-14 12:00:00,2026-06-25 23:59:59,24.0,15.9,0.0,58910.3,351.8641,16.2768,52.2,10.5832,8.125
leipzig,51.3397,12.3731,2026-06-14 12:00:00,2026-06-26 23:59:59,26.65,17.6,0.0,58883.89,67.3766,15.9785,38.88,9.85,12.2083
leipzig,51.3397,12.3731,2026-06-14 12:00:00,2026-06-27 23:59:59,27.5,16.2,0.0,58851.848,88.9292,17.8781,45.36,16.2126,14.875
berlin,52.52,13.405,2026-04-16 12:00:00,2026-04-16 23:59:59,19.652,9.102,0.5,29824.744,258.9964,9.8853,31.32,5.799,3.0833
berlin,52.52,13.405,2026-04-16 12:00:00,2026-04-17 23:59:59,19.752,9.652,0.0,39916.426,2.9356,10.4462,25.56,7.1434,0.0
berlin,52.52,13.405,2026-04-16 12:00:00,2026-04-18 23:59:59,18.839,8.789,0.0,13706.229,111.9973,6.7638,17.64,4.8589,2.5
berlin,52.52,13.405,2026-04-16 12:00:00,2026-04-19 23:59:59,15.539,8.439,2.6,45396.684,298.9263,14.8126,38.52,10.5335,41.125
berlin,52.52,13.405,2026-04-16 12:00:00,2026-04-20 23:59:59,13.739,4.739,0.9,47565.477,349.2221,11.5929,28.44,7.6021,31.0
berlin,52.52,13.405,2026-04-16 12:00:00,2026-04-21 23:59:59,13.376,3.126,0.75,49764.14,28.3469,12.3355,34.2,11.4248,8.6667
berlin,52.52,13.405,2026-04-16 12:00:00,2026-04-22 23:59:59,13.776,1.376,0.0,50400.0,37.2449,11.8089,30.6,8.4426,13.125
valencia,39.4699,-0.3763,2026-06-12 12:00:00,2026-06-12 23:59:59,27.3325,18.7825,0.0,50400.0,121.2392,14.2916,34.92,6.506,0.0
valencia,39.4699,-0.3763,2026-06-12 12:00:00,2026-06-13 23:59:59,30.3825,18.3825,0.0,49219.203,131.0817,11.682,30.24,5.7709,0.0
valencia,39.4699,-0.3763,2026-06-12 12:00:00,2026-06-14 23:59:59,30.5325,21.1825,0.0,48058.5,127.9882,16.4894,39.96,7.1893,0.5833
valencia,39.4699,-0.3763,2026-06-12 12:00:00,2026-06-15 23:59:59,30.0825,21.3825,0.0,44880.04,87.7503,12.2876,30.6,5.893,2.7917
valencia,39.4699,-0.3763,2026-06-12 12:00:00,2026-06-16 23:59:59,29.5325,21.3825,0.0,51385.992,91.7149,13.6278,34.92,6.4067,0.0417
valencia,39.4699,-0.3763,2026-06-12 12:00:00,2026-06-17 23:59:59,31.9145,20.5065,0.0,52353.46,106.6129,14.8432,36.36,6.0247,1.4688
valencia,39.4699,-0.3763,2026-06-12 12:00:00,2026-06-18 23:59:59,29.5145,18.7145,0.0,51374.19,76.2392,14.9172,34.92,7.2912,1.5833
valencia,39.4699,-0.3763,2026-06-12 12:00:00,2026-06-19 23:59:59,28.5,21.0145,0.0,49944.266,73.0914,15.9917,47.16,7.132,0.7812
valencia,39.4699,-0.3763,2026-06-12 12:00:00,2026-06-20 23:59:59,28.4,23.8,0.0,52416.11,54.3576,18.2236,52.2,11.0482,0.5
valencia,39.4699,-0.3763,2026-06-12 12:00:00,2026-06-21 23:59:59,29.8,24.3,0.0,52436.42,59.3158,14.7391,44.28,9.7739,0.0417
valencia,39.4699,-0.3763,2026-06-12 12:00:00,2026-06-22 23:59:59,31.9,23.7,0.0,52455.805,84.5006,11.1324,35.64,5.5297,1.5833
valencia,39.4699,-0.3763,2026-06-12 12:00:00,2026-06-23 23:59:59,34.35,24.5,0.0,52474.035,137.0068,10.1457,33.84,5.7883,2.875
valencia,39.4699,-0.3763,2026-06-12 12:00:00,2026-06-24 23:59:59,34.2,25.65,0.0,52491.137,128.63,11.6792,36.0,5.5442,4.5417
valencia,39.4699,-0.3763,2026-06-12 12:00:00,2026-06-25 23:59:59,34.25,25.1,0.0,52164.2,133.7563,15.3381,42.12,8.4346,2.625
stockholm,59.3293,18.0686,2026-06-15 12:00:00,2026-06-15 23:59:59,17.4175,12.1175,15.6,4554.863,2.5456,23.76,43.92,14.775,70.25
stockholm,59.3293,18.0686,2026-06-15 12:00:00,2026-06-16 23:59:59,14.8175,11.7175,1.4,6553.6523,337.3102,28.08,52.92,18.15,52.8333
stockholm,59.3293,18.0686,2026-06-15 12:00:00,2026-06-17 23:59:59,22.1675,12.9675,0.0,56501.52,290.6661,18.36,38.88,13.1074,0.0
stockholm,59.3293,18.0686,2026-06-15 12:00:00,2026-06-18 23:59:59,20.25,12.95,0.0,63792.78,265.134,13.7096,32.76,11.6009,13.25
stockholm,59.3293,18.0686,2026-06-15 12:00:00,2026-06-19 23:59:59,24.0,13.9,0.0,64786.047,248.5645,9.2923,23.76,7.4396,0.7917
stockholm,59.3293,18.0686,2026-06-15 12:00:00,2026-06-20 23:59:59,24.0,15.2,2.4,60913.176,188.0641,16.1419,38.52,11.2198,9.1667
stockholm,59.3293,18.0686,2026-06-15 12:00:00,2026-06-21 23:59:59,22.9,15.75,5.4,65526.67,257.4547,18.7511,45.36,13.8377,12.8333
stockholm,59.3293,18.0686,2026-06-15 12:00:00,2026-06-22 23:59:59,19.15,15.0,0.6,65543.69,299.001,19.524,47.52,16.0682,17.4167
stockholm,59.3293,18.0686,2026-06-15 12:00:00,2026-06-23 23:59:59,18.4,12.2,0.0,65557.9,339.0608,12.5355,33.12,8.4466,22.625
stockholm,59.3293,18.0686,2026-06-15 12:00:00,2026-06-24 23:59:59,19.05,11.25,0.0,65568.85,154.7887,12.9049,34.92,9.1026,25.875
stockholm,59.3293,18.0686,2026-06-15 12:00:00,2026-06-25 23:59:59,17.55,13.8,0.6,18424.232,180.8038,11.1571,30.6,10.4804,18.75
stockholm,59.3293,18.0686,2026-06-15 12:00:00,2026-06-26 23:59:59,22.6,14.1,0.0,65580.98,256.6416,13.3467,34.92,11.953,14.4167
stockholm,59.3293,18.0686,2026-06-15 12:00:00,2026-06-27 23:59:59,23.3,16.6,0.0,64300.12,241.4976,16.024,42.84,13.1131,13.2083
stockholm,59.3293,18.0686,2026-06-15 12:00:00,2026-06-28 23:59:59,21.8,14.1,4.8,47509.805,248.7745,7.265,32.76,4.875,14.2083
berlin,52.52,13.405,2026-05-12 12:00:00,2026-05-12 23:59:59,12.702,5.802,4.4,24990.184,264.367,15.1927,43.56,10.2249,24.625
berlin,52.52,13.405,2026-05-12 12:00:00,2026-05-13 23:59:59,13.852,6.202,4.4,23070.969,239.0827,15.4967,49.32,10.3334,28.7917
berlin,52.52,13.405,2026-05-12 12:00:00,2026-05-14 23:59:59,12.789,7.2172,4.5,38969.45,216.1616,14.5299,40.32,9.3133,51.0417
berlin,52.52,13.405,2026-05-12 12:00:00,2026-05-15 23:59:59,17.189,6.139,0.3,44848.105,140.5276,6.49,21.96,2.9689,11.75
berlin,52.52,13.405,2026-05-12 12:00:00,2026-05-16 23:59:59,16.839,8.739,2.1,40237.77,345.6105,9.8327,28.8,5.6037,18.625
berlin,52.52,13.405,2026-05-12 12:00:00,2026-05-17 23:59:59,13.576,8.226,5.7,18575.691,335.7355,12.2876,32.4,8.7547,11.9375
berlin,52.52,13.405,2026-05-12 12:00:00,2026-05-18 23:59:59,13.026,7.726,2.4,13077.316,359.7077,9.3877,25.92,6.2551,7.375
munich,48.1351,11.582,2026-04-16 12:00:00,2026-04-16 23:59:59,16.315,10.115,0.0,19516.422,270.3819,9.8853,22.32,6.0729,0.125
munich,48.1351,11.582,2026-04-16 12:00:00,2026-04-17 23:59:59,18.515,7.465,0.0,46837.402,91.948,12.1016,23.04,5.1999,0.0
munich,48.1351,11.582,2026-04-16 12:00:00,2026-04-18 23:59:59,19.6715,7.8715,0.0,46800.0,257.6609,5.9044,16.56,3.0427,1.25
munich,48.1351,11.582,2026-04-16 12:00:00,2026-04-19 23:59:59,13.7715,11.1215,8.6,3071.5105,279.137,7.2,28.8,5.2682,46.3333
munich,48.1351,11.582,2026-04-16 12:00:00,2026-04-20 23:59:59,10.6215,6.5715,4.8,36647.29,309.4231,10.7036,32.76,6.9232,37.625
munich,48.1351,11.582,2026-04-16 12:00:00,2026-04-21 23:59:59,9.808,4.758,1.2,41547.742,343.3887,11.3842,26.28,7.7118,26.0938
munich,48.1351,11.582,2026-04-16 12:00:00,2026-04-22 23:59:59,10.458,4.108,1.5,0.0,56.4102,23.2639,50.4,14.6776,18.9167
munich,48.1351,11.582,2026-04-25 12:00:00,2026-04-25 23:59:59,21.115,5.315,0.0,48208.797,287.2575,12.8898,33.12,6.5033,0.0
munich,48.1351,11.582,2026-04-25 12:00:00,2026-04-26 23:59:59,19.015,7.465,0.0,42467.156,359.7121,10.0026,24.12,6.0154,0.0
munich,48.1351,11.582,2026-04-25 12:00:00,2026-04-27 23:59:59,19.4715,5.0215,0.0,46493.84,56.1747,7.1458,22.32,4.1136,0.0
munich,48.1351,11.582,2026-04-25 12:00:00,2026-04-28 23:59:59,17.3715,7.4215,0.0,18626.0,78.6622,11.441,31.68,6.1734,5.0
munich,48.1351,11.582,2026-04-25 12:00:00,2026-04-29 23:59:59,16.7215,8.9215,0.0,38046.992,81.1711,17.0573,47.88,11.9545,6.6667
munich,48.1351,11.582,2026-04-25 12:00:00,2026-04-30 23:59:59,17.558,4.408,0.0,50264.87,78.156,23.0512,51.12,17.4046,3.0208
munich,48.1351,11.582,2026-04-25 12:00:00,2026-05-01 23:59:59,20.858,1.008,0.0,50362.59,79.2679,17.9351,39.96,10.8103,2.5
aachen,50.7753,6.0839,2026-04-18 12:00:00,2026-04-18 23:59:59,19.726,11.926,7.3,18751.98,276.8834,14.76,30.96,7.89,23.9583
aachen,50.7753,6.0839,2026-04-18 12:00:00,2026-04-19 23:59:59,13.876,8.226,4.7,36000.0,335.3672,12.6,39.96,9.615,61.4583
aachen,50.7753,6.0839,2026-04-18 12:00:00,2026-04-20 23:59:59,13.076,6.376,0.1,39742.027,357.9675,12.96,31.32,8.67,8.7917
aachen,50.7753,6.0839,2026-04-18 12:00:00,2026-04-21 23:59:59,13.55,3.15,0.25,44141.39,61.9007,19.6076,43.2,13.0881,4.7917
aachen,50.7753,6.0839,2026-04-18 12:00:00,2026-04-22 23:59:59,15.0,3.6,0.0,48996.773,76.0075,15.0867,36.36,12.2486,0.0
aachen,50.7753,6.0839,2026-04-18 12:00:00,2026-04-23 23:59:59,16.15,4.9,0.0,50846.76,55.8547,11.3757,25.56,7.8982,0.5
aachen,50.7753,6.0839,2026-04-18 12:00:00,2026-04-24 23:59:59,11.2,3.95,0.0,33029.78,347.4123,11.7,30.96,7.9638,2.25
berlin,52.52,13.405,2026-04-15 12:00:00,2026-04-15 23:59:59,16.752,4.002,0.0,43778.234,14.9816,7.9282,17.64,3.6939,0.0
berlin,52.52,13.405,2026-04-15 12:00:00,2026-04-16 23:59:59,19.152,8.852,0.1,44997.203,259.3803,12.5743,27.72,5.794,2.8333
berlin,52.52,13.405,2026-04-15 12:00:00,2026-04-17 23:59:59,18.2048,9.152,0.0,46899.67,351.7454,8.6699,20.52,6.4425,0.3333
berlin,52.52,13.405,2026-04-15 12:00:00,2026-04-18 23:59:59,19.539,7.289,0.0,38277.445,67.3323,6.1622,14.76,3.7625,0.4583
berlin,52.52,13.405,2026-04-15 12:00:00,2026-04-19 23:59:59,15.189,10.239,9.6,5702.4736,1.5398,8.7592,20.88,4.556,24.1667
berlin,52.52,13.405,2026-04-15 12:00:00,2026-04-20 23:59:59,9.939,6.989,7.05,80.696,4.6448,10.4462,26.82,8.0863,28.6875
berlin,52.52,13.405,2026-04-15 12:00:00,2026-04-21 23:59:59,13.026,2.926,0.3,48196.324,18.1935,9.36,25.92,7.9948,11.7917
berlin,52.52,13.405,2026-06-14 12:00:00,2026-06-14 23:59:59,16.502,11.802,1.2,17091.51,275.0172,21.7077,53.64,18.2123,41.2083
berlin,52.52,13.405,2026-06-14 12:00:00,2026-06-15 23:59:59,19.852,12.052,0.1,26717.57,278.2785,22.93,56.88,17.6248,0.125
berlin,52.52,13.405,2026-06-14 12:00:00,2026-06-16 23:59:59,22.089,9.502,0.0,55526.406,270.9552,13.32,29.16,8.6145,0.375
berlin,52.52,13.405,2026-06-14 12:00:00,2026-06-17 23:59:59,21.589,13.589,1.2,13798.346,245.8209,7.9527,22.32,4.2499,5.75
berlin,52.52,13.405,2026-06-14 12:00:00,2026-06-18 23:59:59,30.189,16.089,0.0,58303.88,240.7187,7.5942,24.48,5.0133,1.25
berlin,52.52,13.405,2026-06-14 12:00:00,2026-06-19 23:59:59,32.126,20.789,0.3,46535.734,166.8066,7.2359,28.8,3.8247,4.0104
berlin,52.52,13.405,2026-06-14 12:00:00,2026-06-20 23:59:59,33.976,22.576,1.5,51393.434,209.3576,13.3782,43.2,8.5232,14.8333
berlin,52.52,13.405,2026-06-14 12:00:00,2026-06-21 23:59:59,27.9,19.426,0.15,58994.156,314.7423,15.5801,41.04,9.7647,23.4271
berlin,52.52,13.405,2026-06-14 12:00:00,2026-06-22 23:59:59,25.5,15.85,0.0,59383.234,348.3295,13.9172,37.44,8.1921,13.4167
berlin,52.52,13.405,2026-06-14 12:00:00,2026-06-23 23:59:59,24.45,16.05,0.0,59399.656,346.3858,11.3343,34.56,8.3763,5.75
berlin,52.52,13.405,2026-06-14 12:00:00,2026-06-24 23:59:59,25.4,16.55,0.0,43618.992,304.8187,17.9865,52.92,10.2621,6.375
berlin,52.52,13.405,2026-06-14 12:00:00,2026-06-25 23:59:59,23.35,15.35,0.0,58985.754,335.0525,12.5704,44.28,10.3953,9.2917
berlin,52.52,13.405,2026-06-14 12:00:00,2026-06-26 23:59:59,24.9,15.45,0.0,59437.41,50.461,18.2014,43.56,9.3461,7.9583
berlin,52.52,13.405,2026-06-14 12:00:00,2026-06-27 23:59:59,24.95,14.25,0.0,59445.676,89.7155,14.9573,42.84,13.8244,13.75
valencia,39.4699,-0.3763,2026-04-22 12:00:00,2026-04-22 23:59:59,24.0325,13.9825,0.0,43992.633,85.3437,15.7826,34.92,6.3199,0.0
valencia,39.4699,-0.3763,2026-04-22 12:00:00,2026-04-23 23:59:59,20.2325,16.2825,0.0,42739.566,48.5176,19.9695,46.08,14.4485,0.0
valencia,39.4699,-0.3763,2026-04-22 12:00:00,2026-04-24 23:59:59,20.2825,16.1325,0.6,19136.191,49.4193,15.4632,37.08,9.7079,8.6667
valencia,39.4699,-0.3763,2026-04-22 12:00:00,2026-04-25 23:59:59,20.0325,15.3325,0.0,43364.02,57.0882,13.0844,32.04,7.6083,9.2083
valencia,39.4699,-0.3763,2026-04-22 12:00:00,2026-04-26 23:59:59,23.5325,10.6825,0.0,48727.293,132.3974,11.9181,28.8,5.525,3.2917
valencia,39.4699,-0.3763,2026-04-22 12:00:00,2026-04-27 23:59:59,24.9145,7.8645,0.0,48864.715,130.9452,13.7791,32.04,6.0188,1.7812
valencia,39.4699,-0.3763,2026-04-22 12:00:00,2026-04-28 23:59:59,24.3145,6.9645,0.0,49000.61,130.6839,14.0815,33.12,6.5863,1.1667
munich,48.1351,11.582,2026-06-06 12:00:00,2026-06-01 23:59:59,22.515,14.915,1.2,33630.066,272.6124,15.6175,34.92,9.7285,40.5417
munich,48.1351,11.582,2026-06-06 12:00:00,2026-06-06 23:59:59,22.165,9.965,0.0,48990.375,250.1149,12.4291,34.2,6.6665,3.5833
munich,48.1351,11.582,2026-06-06 12:00:00,2026-06-07 23:59:59,22.665,14.665,0.1,42004.758,274.0747,11.4806,29.52,7.1507,2.125
munich,48.1351,11.582,2026-06-06 12:00:00,2026-06-08 23:59:59,27.1215,12.7041,0.4,42982.53,251.2554,12.7838,36.0,4.7721,1.7083
munich,48.1351,11.582,2026-06-06 12:00:00,2026-06-09 23:59:59,16.8715,11.7215,14.9,0.0,257.6508,10.824,29.16,6.2285,78.5
munich,48.1351,11.582,2026-06-06 12:00:00,2026-06-10 23:59:59,15.5715,9.7715,1.5,21551.078,231.6912,7.2449,23.4,4.4432,54.1042
munich,48.1351,11.582,2026-06-06 12:00:00,2026-06-11 23:59:59,19.908,7.158,0.0,56426.938,259.3201,6.9899,18.0,5.2276,36.875
munich,48.1351,11.582,2026-06-06 12:00:00,2026-06-12 23:59:59,25.558,8.508,0.0,54579.984,234.3235,10.4957,24.84,6.2183,23.0833
munich,48.1351,11.582,2026-06-06 12:00:00,2026-06-13 23:59:59,26.3,15.258,0.0,50477.65,242.4437,15.3334,43.92,9.547,29.1458
munich,48.1351,11.582,2026-06-06 12:00:00,2026-06-14 23:59:59,21.35,15.75,1.2,55263.49,288.435,18.5845,50.04,13.5761,27.3333
munich,48.1351,11.582,2026-06-06 12:00:00,2026-06-15 23:59:59,22.65,13.5,0.0,56583.094,273.2671,13.9346,42.84,7.7887,26.4167
munich,48.1351,11.582,2026-06-06 12:00:00,2026-06-16 23:59:59,28.15,14.8,0.0,56571.367,247.8644,7.1662,23.04,4.855,20.0833
munich,48.1351,11.582,2026-06-06 12:00:00,2026-06-17 23:59:59,31.25,18.05,0.0,56557.77,248.2693,10.0816,36.0,7.3858,16.5
munich,48.1351,11.582,2026-06-06 12:00:00,2026-06-18 23:59:59,28.9,19.7,0.0,56542.94,307.1104,13.9799,38.52,8.9487,21.375
munich,48.1351,11.582,2026-06-06 12:00:00,2026-06-19 23:59:59,25.85,16.45,0.0,56526.375,338.762,10.5649,36.36,7.3248,22.7917
bergen,60.3913,5.3249,2026-06-14 12:00:00,2026-06-09 23:59:59,13.061,9.861,31.6,0.0,263.5402,21.6,38.52,10.035,100.0
bergen,60.3913,5.3249,2026-06-14 12:00:00,2026-06-14 23:59:59,22.111,10.111,0.0,59657.46,333.9042,27.0,48.96,13.8,1.625
bergen,60.3913,5.3249,2026-06-14 12:00:00,2026-06-15 23:59:59,19.211,9.761,0.0,62456.38,335.6388,19.44,38.52,16.29,0.0
bergen,60.3913,5.3249,2026-06-14 12:00:00,2026-06-16 23:59:59,18.411,8.811,0.0,63729.96,318.6987,18.0,36.36,11.3953,0.0
bergen,60.3913,5.3249,2026-06-14 12:00:00,2026-06-17 23:59:59,14.25,6.65,2.9,16526.227,174.941,11.3528,28.08,7.4427,16.125
bergen,60.3913,5.3249,2026-06-14 12:00:00,2026-06-18 23:59:59,15.3,11.05,1.6,19242.09,185.2408,11.7221,27.0,9.5297,37.5833
bergen,60.3913,5.3249,2026-06-14 12:00:00,2026-06-19 23:59:59,17.3,11.0,13.2,10480.539,167.4318,21.7681,50.4,14.8327,56.7083
bergen,60.3913,5.3249,2026-06-14 12:00:00,2026-06-20 23:59:59,15.9,10.55,41.4,0.0,199.9341,18.554,47.88,10.8742,72.5417
bergen,60.3913,5.3249,2026-06-14 12:00:00,2026-06-21 23:59:59,12.8,10.0,19.8,28990.61,248.7253,15.2735,38.88,11.6968,61.4583
bergen,60.3913,5.3249,2026-06-14 12:00:00,2026-06-22 23:59:59,13.6,8.25,2.1,58522.0,242.8305,9.7267,30.6,6.6354,53.5417
bergen,60.3913,5.3249,2026-06-14 12:00:00,2026-06-23 23:59:59,12.25,7.8,1.8,22307.14,315.5786,11.5565,29.52,4.7417,26.125
bergen,60.3913,5.3249,2026-06-14 12:00:00,2026-06-24 23:59:59,14.8,7.75,1.2,56258.363,333.6476,18.337,48.6,12.7251,35.5
bergen,60.3913,5.3249,2026-06-14 12:00:00,2026-06-25 23:59:59,15.8,7.55,0.0,67009.9,332.0966,14.6642,42.84,10.9413,33.2917
bergen,60.3913,5.3249,2026-06-14 12:00:00,2026-06-26 23:59:59,19.1,7.35,0.0,63403.652,189.8826,13.494,36.36,8.0497,26.5417
bergen,60.3913,5.3249,2026-06-14 12:00:00,2026-06-27 23:59:59,22.65,12.1,0.0,66903.57,165.7013,15.9226,42.84,10.6286,31.875
vienna,48.2082,16.3738,2026-06-15 12:00:00,2026-06-15 23:59:59,24.0215,15.0715,0.0,50952.85,287.4448,18.0575,46.08,10.4571,0.0
vienna,48.2082,16.3738,2026-06-15 12:00:00,2026-06-16 23:59:59,26.3215,14.8715,0.0,47132.17,271.5785,14.7995,36.36,7.9455,0.7917
vienna,48.2082,16.3738,2026-06-15 12:00:00,2026-06-17 23:59:59,24.13,18.28,0.4,22812.111,284.0275,18.079,45.0,8.6009,6.0417
vienna,48.2082,16.3738,2026-06-15 12:00:00,2026-06-18 23:59:59,28.48,19.58,0.0,48437.523,324.904,7.9689,22.68,6.2788,0.6667
vienna,48.2082,16.3738,2026-06-15 12:00:00,2026-06-19 23:59:59,32.03,19.33,0.0,57105.86,132.8142,13.237,33.12,7.286,0.0
vienna,48.2082,16.3738,2026-06-15 12:00:00,2026-06-20 23:59:59,29.813,21.413,1.5,49638.39,178.9375,10.3653,32.04,5.6981,7.375
vienna,48.2082,16.3738,2026-06-15 12:00:00,2026-06-21 23:59:59,34.713,22.613,0.3,57149.92,306.5042,8.6699,22.68,5.7587,28.375
vienna,48.2082,16.3738,2026-06-15 12:00:00,2026-06-22 23:59:59,34.9315,23.363,3.0,57130.152,306.2252,10.0026,38.16,5.1809,22.2708
vienna,48.2082,16.3738,2026-06-15 12:00:00,2026-06-23 23:59:59,33.15,22.7,0.0,57106.6,88.66,9.4221,24.84,4.606,16.0417
vienna,48.2082,16.3738,2026-06-15 12:00:00,2026-06-24 23:59:59,35.3,24.55,0.6,57093.734,135.775,14.5299,47.88,9.1845,11.1667
vienna,48.2082,16.3738,2026-06-15 12:00:00,2026-06-25 23:59:59,28.5,22.2,1.8,57075.98,317.5888,20.8334,54.0,18.7688,5.0417
vienna,48.2082,16.3738,2026-06-15 12:00:00,2026-06-26 23:59:59,28.65,19.35,0.0,57053.387,352.1228,13.2774,43.2,11.1767,6.5417
vienna,48.2082,16.3738,2026-06-15 12:00:00,2026-06-27 23:59:59,31.1,20.3,0.0,57025.92,89.6218,8.5514,32.76,6.1203,8.0
vienna,48.2082,16.3738,2026-06-15 12:00:00,2026-06-28 23:59:59,29.7,20.35,2.7,56993.637,273.0552,19.6233,53.28,10.9824,7.75
berlin,52.52,13.405,2026-04-18 12:00:00,2026-04-18 23:59:59,20.652,9.002,0.2,39108.465,103.7363,9.8853,23.76,5.8187,2.75
berlin,52.52,13.405,2026-04-18 12:00:00,2026-04-19 23:59:59,15.702,8.702,37.5,235.9275,335.7009,19.6159,44.64,10.6623,54.2083
berlin,52.52,13.405,2026-04-18 12:00:00,2026-04-20 23:59:59,15.1112,6.002,20.875,15296.777,341.9017,18.8648,43.2,11.8804,47.9583
berlin,52.52,13.405,2026-04-18 12:00:00,2026-04-21 23:59:59,13.939,1.139,0.0,49371.523,30.9338,12.5743,32.04,9.9704,0.6667
berlin,52.52,13.405,2026-04-18 12:00:00,2026-04-22 23:59:59,17.739,2.039,0.0,50400.0,332.3981,12.3716,34.56,8.2791,0.0
berlin,52.52,13.405,2026-04-18 12:00:00,2026-04-23 23:59:59,18.376,5.089,0.0,50400.0,316.78,17.2875,43.92,10.7502,1.0938
berlin,52.52,13.405,2026-04-18 12:00:00,2026-04-24 23:59:59,16.376,4.876,0.0,43952.926,285.6286,14.0077,35.64,10.0183,2.7917
munich,48.1351,11.582,2026-06-14 12:00:00,2026-06-14 23:59:59,22.115,15.565,0.0,49237.043,300.7279,18.1184,41.76,11.8958,1.6667
munich,48.1351,11.582,2026-06-14 12:00:00,2026-06-15 23:59:59,22.465,12.815,0.0,52142.7,297.3613,19.0222,41.04,9.6126,0.0
munich,48.1351,11.582,2026-06-14 12:00:00,2026-06-16 23:59:59,21.565,12.015,0.25,28220.82,231.8064,11.4177,30.6,6.3292,11.2083
munich,48.1351,11.582,2026-06-14 12:00:00,2026-06-17 23:59:59,28.5715,16.6215,0.0,45629.504,260.6046,10.7036,31.32,6.2703,5.7083
munich,48.1351,11.582,2026-06-14 12:00:00,2026-06-18 23:59:59,31.8715,17.7215,0.3,55684.35,204.6637,5.6921,20.52,3.9211,0.0417
munich,48.1351,11.582,2026-06-14 12:00:00,2026-06-19 23:59:59,32.708,19.0215,0.6,49234.12,145.7916,7.9933,22.32,4.3915,2.5417
munich,48.1351,11.582,2026-06-14 12:00:00,2026-06-20 23:59:59,30.008,18.258,0.3,56435.68,246.9487,12.2453,33.12,7.1043,6.5
munich,48.1351,11.582,2026-06-14 12:00:00,2026-06-21 23:59:59,31.8,17.758,1.5,56508.812,216.7393,8.9386,38.52,5.0291,18.0729
munich,48.1351,11.582,2026-06-14 12:00:00,2026-06-22 23:59:59,29.75,18.55,5.7,56469.06,290.7516,12.1896,30.96,6.109,17.0
munich,48.1351,11.582,2026-06-14 12:00:00,2026-06-23 23:59:59,27.6,18.2,3.0,56447.676,195.9285,10.4957,30.96,6.3654,23.4583
munich,48.1351,11.582,2026-06-14 12:00:00,2026-06-24 23:59:59,29.15,20.15,0.0,56848.246,292.7441,10.5879,29.52,8.9649,11.4583
munich,48.1351,11.582,2026-06-14 12:00:00,2026-06-25 23:59:59,27.25,18.25,0.0,56824.8,36.705,9.1871,31.32,6.3981,9.9583
munich,48.1351,11.582,2026-06-14 12:00:00,2026-06-26 23:59:59,29.0,17.9,0.0,56800.44,58.6518,9.8079,33.12,6.7467,12.3333
munich,48.1351,11.582,2026-06-14 12:00:00,2026-06-27 23:59:59,31.0,19.2,0.0,56775.344,81.702,13.4037,39.6,9.971,17.0833
london,51.5074,-0.1278,2026-04-30 12:00:00,2026-04-30 23:59:59,19.591,11.291,0.0,46800.0,85.5245,20.16,45.72,16.215,0.0
london,51.5074,-0.1278,2026-04-30 12:00:00,2026-05-01 23:59:59,24.841,12.191,0.0,41968.305,150.7949,15.48,33.48,11.34,6.0833
london,51.5074,-0.1278,2026-04-30 12:00:00,2026-05-02 23:59:59,17.2545,11.6011,0.7,33300.0,209.7918,13.68,29.16,7.6088,14.9167
london,51.5074,-0.1278,2026-04-30 12:00:00,2026-05-03 23:59:59,15.6545,12.2045,13.0,33689.8,35.9878,9.36,19.44,6.33,50.8333
london,51.5074,-0.1278,2026-04-30 12:00:00,2026-05-04 23:59:59,16.7045,11.4045,10.3,26278.592,40.9421,8.28,17.28,6.435,18.2917
london,51.5074,-0.1278,2026-04-30 12:00:00,2026-05-05 23:59:59,15.2045,10.4045,2.2,39178.508,93.758,9.72,21.6,6.24,9.75
london,51.5074,-0.1278,2026-04-30 12:00:00,2026-05-06 23:59:59,12.8909,9.3,0.2,12457.896,348.7276,14.2757,36.0,7.932,7.625
valencia,39.4699,-0.3763,2026-05-15 12:00:00,2026-05-15 23:59:59,19.8825,14.5825,3.1,14842.878,288.812,13.6847,30.24,6.682,17.4583
valencia,39.4699,-0.3763,2026-05-15 12:00:00,2026-05-16 23:59:59,22.1325,10.8325,0.0,50400.0,167.361,16.3235,37.8,8.8578,0.0
valencia,39.4699,-0.3763,2026-05-15 12:00:00,2026-05-17 23:59:59,22.2325,13.0825,0.2,40571.56,99.3891,14.694,35.64,6.2174,3.6667
valencia,39.4699,-0.3763,2026-05-15 12:00:00,2026-05-18 23:59:59,22.7825,13.9825,0.0,50400.0,95.0029,13.8495,33.12,7.3064,3.625
valencia,39.4699,-0.3763,2026-05-15 12:00:00,2026-05-19 23:59:59,26.3825,15.4325,0.0,47228.977,110.6406,17.4294,39.24,8.3783,0.0417
valencia,39.4699,-0.3763,2026-05-15 12:00:00,2026-05-20 23:59:59,27.3145,14.6145,0.0,50480.188,95.659,15.0427,35.28,6.9345,0.0
valencia,39.4699,-0.3763,2026-05-15 12:00:00,2026-05-21 23:59:59,26.3645,17.8145,0.0,48481.465,92.1476,16.0392,36.0,6.1923,0.0
hamburg,53.5511,9.9937,2026-06-16 12:00:00,2026-06-15 23:59:59,15.9735,12.5235,0.0,40429.492,280.1593,24.0231,55.08,17.7715,0.0
hamburg,53.5511,9.9937,2026-06-16 12:00:00,2026-06-16 23:59:59,19.2235,11.1735,0.0,47639.258,281.7682,10.8,27.72,8.8218,0.125
hamburg,53.5511,9.9937,2026-06-16 12:00:00,2026-06-17 23:59:59,21.2235,11.3235,0.1,14381.172,241.721,14.5789,29.16,6.9865,6.375
hamburg,53.5511,9.9937,2026-06-16 12:00:00,2026-06-18 23:59:59,27.4235,17.0235,0.0,41586.73,251.7347,13.494,28.44,8.6406,0.6667
hamburg,53.5511,9.9937,2026-06-16 12:00:00,2026-06-19 23:59:59,32.115,18.615,0.6,45663.12,167.867,8.0498,29.52,5.335,9.9583
hamburg,53.5511,9.9937,2026-06-16 12:00:00,2026-06-20 23:59:59,30.465,22.565,12.6,47473.383,165.5792,12.4967,41.4,5.6071,24.2083
hamburg,53.5511,9.9937,2026-06-16 12:00:00,2026-06-21 23:59:59,24.426,17.915,0.0,31166.16,345.8932,8.4351,21.6,7.1336,18.0312
hamburg,53.5511,9.9937,2026-06-16 12:00:00,2026-06-22 23:59:59,23.276,16.876,0.6,47698.145,347.1077,13.6847,30.96,8.1057,6.2917
hamburg,53.5511,9.9937,2026-06-16 12:00:00,2026-06-23 23:59:59,18.676,12.776,0.0,60333.453,311.123,19.1749,43.92,12.9195,4.0833
hamburg,53.5511,9.9937,2026-06-16 12:00:00,2026-06-24 23:59:59,17.15,13.632,0.0,28891.84,297.2735,20.2858,47.52,15.7822,12.6667
hamburg,53.5511,9.9937,2026-06-16 12:00:00,2026-06-25 23:59:59,18.85,13.95,1.2,55891.062,278.017,15.0867,46.08,11.3647,4.7917
hamburg,53.5511,9.9937,2026-06-16 12:00:00,2026-06-26 23:59:59,19.15,13.85,1.2,59857.67,300.7584,12.8154,36.36,8.373,16.5833
hamburg,53.5511,9.9937,2026-06-16 12:00:00,2026-06-27 23:59:59,22.9,14.6,0.0,48475.344,276.5625,6.7758,32.04,4.1313,12.0
hamburg,53.5511,9.9937,2026-06-16 12:00:00,2026-06-28 23:59:59,28.0,17.55,0.6,60275.598,291.2181,14.8257,33.48,8.5132,7.5417
hamburg,53.5511,9.9937,2026-06-16 12:00:00,2026-06-29 23:59:59,19.4,15.0,0.0,60227.176,316.0342,20.2762,50.76,16.7534,12.0417
aachen,50.7753,6.0839,2026-04-15 12:00:00,2026-04-15 23:59:59,19.126,7.826,0.0,44919.938,197.1308,12.24,24.12,8.34,1.0417
aachen,50.7753,6.0839,2026-04-15 12:00:00,2026-04-16 23:59:59,18.526,11.926,0.1,35147.58,247.8591,12.96,25.92,8.4,10.7917
aachen,50.7753,6.0839,2026-04-15 12:00:00,2026-04-17 23:59:59,20.376,12.776,0.0,42178.04,262.1441,6.84,19.08,4.05,0.0
aachen,50.7753,6.0839,2026-04-15 12:00:00,2026-04-18 23:59:59,17.95,10.0,7.1,41540.83,247.7648,10.7428,27.36,6.4003,22.5
aachen,50.7753,6.0839,2026-04-15 12:00:00,2026-04-19 23:59:59,13.9,7.8,4.2,48234.727,338.2509,15.1884,37.44,11.0152,35.125
aachen,50.7753,6.0839,2026-04-15 12:00:00,2026-04-20 23:59:59,9.7,4.15,2.4,32146.86,349.6759,16.5169,38.88,12.2358,29.1667
aachen,50.7753,6.0839,2026-04-15 12:00:00,2026-04-21 23:59:59,8.2,3.15,5.4,45300.48,6.387,17.973,40.68,13.1836,18.3333
berlin,52.52,13.405,2026-05-03 12:00:00,2026-05-03 23:59:59,28.052,12.752,0.0,49364.086,214.4562,13.4796,34.56,7.9984,0.3333
berlin,52.52,13.405,2026-05-03 12:00:00,2026-05-04 23:59:59,23.452,15.902,1.5,39472.887,271.6399,17.3137,35.64,8.7527,6.375
berlin,52.52,13.405,2026-05-03 12:00:00,2026-05-05 23:59:59,18.589,10.039,9.725,2154.612,23.3777,13.0099,31.32,6.1937,51.7083
berlin,52.52,13.405,2026-05-03 12:00:00,2026-05-06 23:59:59,10.889,6.689,5.1,0.0,5.4996,11.9181,28.44,9.1684,34.625
berlin,52.52,13.405,2026-05-03 12:00:00,2026-05-07 23:59:59,14.389,6.489,0.0,2340.9465,356.4987,10.1057,26.28,7.9595,13.9583
berlin,52.52,13.405,2026-05-03 12:00:00,2026-05-08 23:59:59,18.576,5.626,0.0,51515.13,9.6231,10.8,27.0,6.495,8.0417
berlin,52.52,13.405,2026-05-03 12:00:00,2026-05-09 23:59:59,19.026,4.376,0.0,52873.69,65.4542,12.2241,32.4,8.7204,2.5417
leipzig,51.3397,12.3731,2026-06-16 12:00:00,2026-06-15 23:59:59,17.213,11.213,0.0,24199.605,266.3569,18.7753,46.08,12.2083,1.4167
leipzig,51.3397,12.3731,2026-06-16 12:00:00,2026-06-16 23:59:59,23.263,9.713,0.3,30992.994,242.7112,15.0427,36.72,7.4163,11.4583
leipzig,51.3397,12.3731,2026-06-16 12:00:00,2026-06-17 23:59:59,23.963,14.463,0.2,32125.805,278.7581,12.4291,32.04,5.8385,7.3333
leipzig,51.3397,12.3731,2026-06-16 12:00:00,2026-06-18 23:59:59,30.463,17.413,0.0,53695.723,252.2282,12.925,30.96,6.0661,0.0
leipzig,51.3397,12.3731,2026-06-16 12:00:00,2026-06-19 23:59:59,33.815,20.515,0.1,49522.766,159.9779,7.1729,29.88,3.9443,4.7083
leipzig,51.3397,12.3731,2026-06-16 12:00:00,2026-06-20 23:59:59,33.315,21.465,0.9,25648.459,188.7675,8.2172,26.64,4.6127,16.5417
leipzig,51.3397,12.3731,2026-06-16 12:00:00,2026-06-21 23:59:59,29.4205,21.215,6.0,50169.207,324.8535,7.7295,26.64,5.0256,15.4375
leipzig,51.3397,12.3731,2026-06-16 12:00:00,2026-06-22 23:59:59,23.676,18.276,8.7,26681.633,341.277,13.3249,33.48,5.6394,20.25
leipzig,51.3397,12.3731,2026-06-16 12:00:00,2026-06-23 23:59:59,23.776,15.676,0.0,54020.402,337.2112,13.7084,35.28,7.8698,12.625
leipzig,51.3397,12.3731,2026-06-16 12:00:00,2026-06-24 23:59:59,22.95,15.463,0.0,58154.027,310.7365,15.1371,41.04,12.172,7.8958
leipzig,51.3397,12.3731,2026-06-16 12:00:00,2026-06-25 23:59:59,22.75,14.55,0.0,57422.695,302.417,16.3086,38.88,8.1891,4.5833
leipzig,51.3397,12.3731,2026-06-16 12:00:00,2026-06-26 23:59:59,23.8,16.3,0.6,49177.934,319.4246,13.1449,39.6,8.9348,10.0
leipzig,51.3397,12.3731,2026-06-16 12:00:00,2026-06-27 23:59:59,25.8,16.3,0.0,58851.848,355.7831,8.64,34.2,5.5684,7.0
leipzig,51.3397,12.3731,2026-06-16 12:00:00,2026-06-28 23:59:59,32.7,18.85,0.0,58814.203,264.3966,15.5468,36.0,8.9604,5.5833
leipzig,51.3397,12.3731,2026-06-16 12:00:00,2026-06-29 23:59:59,27.0,19.6,0.6,58770.98,341.7621,17.4191,43.56,14.5702,7.625
munich,48.1351,11.582,2026-06-02 12:00:00,2026-06-02 23:59:59,24.815,12.365,0.4,27247.049,195.8559,20.1921,61.2,7.9089,11.7083
munich,48.1351,11.582,2026-06-02 12:00:00,2026-06-03 23:59:59,18.815,13.915,10.6,32993.32,262.0464,21.7495,52.92,12.3787,34.9167
munich,48.1351,11.582,2026-06-02 12:00:00,2026-06-04 23:59:59,24.8215,12.3715,6.0,27656.53,242.7213,12.98,36.72,7.5605,30.7917
munich,48.1351,11.582,2026-06-02 12:00:00,2026-06-05 23:59:59,17.7215,10.5715,11.9,44215.816,247.794,11.88,36.0,8.377,61.7917
munich,48.1351,11.582,2026-06-02 12:00:00,2026-06-06 23:59:59,19.7215,10.5215,1.2,23254.615,109.8553,8.2878,26.28,4.3175,10.5417
munich,48.1351,11.582,2026-06-02 12:00:00,2026-06-07 23:59:59,17.658,12.8364,7.5,20156.88,246.3869,21.1881,58.32,12.1875,43.2917
munich,48.1351,11.582,2026-06-02 12:00:00,2026-06-08 23:59:59,18.508,11.808,0.3,32416.7,259.1963,14.8301,35.64,10.6989,23.9167
valencia,39.4699,-0.3763,2026-05-20 12:00:00,2026-05-20 23:59:59,23.9325,15.5325,0.0,50400.0,63.8913,14.5611,33.84,7.5522,0.0
valencia,39.4699,-0.3763,2026-05-20 12:00:00,2026-05-21 23:59:59,26.3825,15.4325,0.0,50400.0,100.384,13.5706,32.04,6.0117,0.0
valencia,39.4699,-0.3763,2026-05-20 12:00:00,2026-05-22 23:59:59,27.6825,15.5325,0.0,50400.0,105.4741,14.3323,33.48,5.6735,0.0
valencia,39.4699,-0.3763,2026-05-20 12:00:00,2026-05-23 23:59:59,26.5325,15.8325,0.0,50407.484,98.4926,13.494,33.48,5.9222,0.0
valencia,39.4699,-0.3763,2026-05-20 12:00:00,2026-05-24 23:59:59,25.9325,15.9325,0.0,50400.0,92.6383,12.3244,30.24,5.4091,0.125
valencia,39.4699,-0.3763,2026-05-20 12:00:00,2026-05-25 23:59:59,27.2145,16.044,0.0,47436.043,79.8089,15.4842,36.36,6.6069,0.8958
valencia,39.4699,-0.3763,2026-05-20 12:00:00,2026-05-26 23:59:59,25.5645,14.8145,0.0,47996.01,81.397,14.7995,34.2,7.7632,0.0
london,51.5074,-0.1278,2026-05-04 12:00:00,2026-05-04 23:59:59,18.041,13.041,0.1,13143.556,35.4041,13.32,30.24,9.48,17.2083
london,51.5074,-0.1278,2026-05-04 12:00:00,2026-05-05 23:59:59,17.541,10.591,0.0,20561.596,29.4117,20.16,44.28,13.08,1.9167
london,51.5074,-0.1278,2026-05-04 12:00:00,2026-05-06 23:59:59,10.4045,6.541,0.0,26274.217,44.6656,18.36,40.68,12.7237,6.6667
london,51.5074,-0.1278,2026-05-04 12:00:00,2026-05-07 23:59:59,11.6045,7.7545,0.0,48202.96,104.5882,10.44,22.68,7.095,11.3333
london,51.5074,-0.1278,2026-05-04 12:00:00,2026-05-08 23:59:59,16.9545,8.8545,0.0,51803.246,101.5874,16.92,36.0,10.695,13.7917
london,51.5074,-0.1278,2026-05-04 12:00:00,2026-05-09 23:59:59,18.4045,8.7045,0.4,44500.973,66.4883,20.88,43.2,16.11,43.7917
london,51.5074,-0.1278,2026-05-04 12:00:00,2026-05-10 23:59:59,18.8045,10.5045,11.8,0.0,23.7525,14.4,30.6,12.33,37.6667
valencia,39.4699,-0.3763,2026-05-18 12:00:00,2026-05-18 23:59:59,22.8325,13.4325,0.0,50400.0,85.1667,15.9419,36.36,7.5919,0.125
valencia,39.4699,-0.3763,2026-05-18 12:00:00,2026-05-19 23:59:59,28.7325,15.2825,0.0,50400.0,91.7048,17.6547,42.12,7.9278,0.0
valencia,39.4699,-0.3763,2026-05-18 12:00:00,2026-05-20 23:59:59,23.3825,16.7825,0.0,48806.152,64.4742,14.418,33.12,7.7542,0.0
valencia,39.4699,-0.3763,2026-05-18 12:00:00,2026-05-21 23:59:59,26.0825,15.0825,0.0,50455.668,100.1755,14.1824,33.12,6.245,0.0
valencia,39.4699,-0.3763,2026-05-18 12:00:00,2026-05-22 23:59:59,26.8825,15.1325,0.0,50431.55,94.6147,14.6587,34.56,6.3962,0.0
valencia,39.4699,-0.3763,2026-05-18 12:00:00,2026-05-23 23:59:59,27.6145,13.5645,0.0,50407.484,99.4229,15.9785,38.16,7.2678,0.0
valencia,39.4699,-0.3763,2026-05-18 12:00:00,2026-05-24 23:59:59,26.8145,15.8145,0.0,49466.695,80.9372,16.0997,36.36,7.5598,3.4583
aachen,50.782,6.09,2026-06-18 18:13:58,2026-06-11 23:59:59,17.776,9.676,6.1,26784.1562,238.8721,20.52,39.96,12.24,41.4583
aachen,50.782,6.09,2026-06-18 18:13:58,2026-06-12 23:59:59,16.026,12.376,9.8,0.0,244.1516,22.68,43.92,18.735,83.4583
aachen,50.782,6.09,2026-06-18 18:13:58,2026-06-13 23:59:59,18.126,13.476,0.4,22400.2266,266.4776,22.68,46.44,16.575,24.125
aachen,50.782,6.09,2026-06-18 18:13:58,2026-06-14 23:59:59,18.876,12.326,0.2,24314.0332,281.6238,16.56,36.0,12.9,20.125
aachen,50.782,6.09,2026-06-18 18:13:58,2026-06-15 23:59:59,20.876,10.276,0.0,37617.168,266.2145,12.6,25.56,8.115,2.9583
aachen,50.782,6.09,2026-06-18 18:13:58,2026-06-16 23:59:59,25.926,15.826,0.0,39504.9414,253.673,18.0,36.0,10.62,19.8333
aachen,50.782,6.09,2026-06-18 18:13:58,2026-06-17 23:59:59,27.526,16.476,0.0,36758.5195,245.8996,13.32,29.52,8.1,3.625
aachen,50.782,6.09,2026-06-18 18:13:58,2026-06-18 23:59:59,33.176,20.176,1.5,53737.5859,224.3459,12.6,74.88,6.615,0.4167
aachen,50.782,6.09,2026-06-18 18:13:58,2026-06-19 23:59:59,33.276,21.776,0.0,41113.2656,171.5276,30.96,62.28,7.545,26.5
aachen,50.782,6.09,2026-06-18 18:13:58,2026-06-20 23:59:59,31.576,20.926,1.5,54000.0,287.6583,28.08,62.28,10.95,12.125
aachen,50.782,6.09,2026-06-18 18:13:58,2026-06-21 23:59:59,30.8,19.5,0.0,54420.3867,46.1133,11.2468,28.08,6.8304,9.625
aachen,50.782,6.09,2026-06-18 18:13:58,2026-06-22 23:59:59,32.85,20.85,0.0,58604.5469,62.8938,10.7353,27.0,8.2266,3.875
aachen,50.782,6.09,2026-06-18 18:13:58,2026-06-23 23:59:59,35.8,23.2,0.0,58595.4141,208.726,15.4643,39.6,12.4989,4.25
aachen,50.782,6.09,2026-06-18 18:13:58,2026-06-24 23:59:59,28.45,19.55,0.0,58580.7422,309.1721,15.7456,37.44,12.6467,3.2917
aachen,50.782,6.09,2026-06-18 18:13:58,2026-06-25 23:59:59,24.85,15.2,0.0,58560.5508,38.6367,14.5188,36.72,11.7641,2.7917
aachen,50.782,6.09,2026-06-18 18:13:58,2026-06-26 23:59:59,29.45,17.45,0.0,58168.6211,51.4509,14.2564,36.36,11.7746,6.375
aachen,50.782,6.09,2026-06-18 18:13:58,2026-06-27 23:59:59,29.65,19.15,0.0,58503.707,47.8865,15.7178,38.52,12.9188,5.75
aachen,50.782,6.09,2026-06-18 18:13:58,2026-06-28 23:59:59,32.85,19.2,0.0,58467.0898,81.0761,16.0291,37.8,14.9105,9.2083
aachen,50.782,6.09,2026-06-18 18:13:58,2026-06-29 23:59:59,37.95,24.2,4.8,58425.0547,139.1092,18.6133,41.04,15.0783,14.4583
aachen,50.782,6.09,2026-06-18 18:13:58,2026-06-30 23:59:59,30.5,21.8,8.2,57386.1289,214.3025,19.7344,38.88,11.2659,20.875
aachen,50.782,6.09,2026-06-18 18:13:58,2026-07-01 23:59:59,20.6,16.75,10.0,43435.3867,324.6659,14.8966,39.6,8.8891,22.2083
munich,48.14,11.58,2026-06-18 18:13:58,2026-06-11 23:59:59,15.465,9.165,2.3,35889.1484,269.4637,16.5169,54.72,10.3139,37.1667
munich,48.14,11.58,2026-06-18 18:13:58,2026-06-12 23:59:59,16.415,11.115,5.7,0.0,249.4774,18.7926,42.12,12.3633,64.9583
munich,48.14,11.58,2026-06-18 18:13:58,2026-06-13 23:59:59,25.515,15.715,0.2,48789.8008,262.6716,23.76,56.52,17.4245,4.5417
munich,48.14,11.58,2026-06-18 18:13:58,2026-06-14 23:59:59,21.615,15.565,0.0,49551.6484,302.9897,15.1243,39.24,11.3832,1.6667
munich,48.14,11.58,2026-06-18 18:13:58,2026-06-15 23:59:59,22.215,13.065,0.0,53492.3008,298.917,15.2268,38.88,8.8608,0.0
munich,48.14,11.58,2026-06-18 18:13:58,2026-06-16 23:59:59,22.665,10.815,0.0,25495.6406,238.8243,15.9419,34.2,7.8881,5.5833
munich,48.14,11.58,2026-06-18 18:13:58,2026-06-17 23:59:59,26.615,17.965,0.0,46827.4023,273.2948,14.409,35.28,8.4083,3.4167
munich,48.14,11.58,2026-06-18 18:13:58,2026-06-18 23:59:59,30.615,16.815,0.0,54000.0,105.2948,12.1816,24.48,5.5896,0.0
munich,48.14,11.58,2026-06-18 18:13:58,2026-06-19 23:59:59,33.165,17.865,0.0,50400.1484,83.7617,15.8154,35.28,7.2982,0.25
munich,48.14,11.58,2026-06-18 18:13:58,2026-06-20 23:59:59,30.3215,21.115,0.55,48509.2148,252.8812,8.4052,24.12,4.7836,16.4167
munich,48.14,11.58,2026-06-18 18:13:58,2026-06-21 23:59:59,31.9715,19.1215,0.3,44934.3359,81.225,12.7686,36.0,4.87,13.7917
munich,48.14,11.58,2026-06-18 18:13:58,2026-06-22 23:59:59,31.1715,18.5715,0.3,56474.4141,101.8886,9.6866,23.4,4.8778,9.25
munich,48.14,11.58,2026-06-18 18:13:58,2026-06-23 23:59:59,34.408,19.3215,0.45,56377.1367,234.733,10.1377,24.84,4.9603,3.5104
munich,48.14,11.58,2026-06-18 18:13:58,2026-06-24 23:59:59,37.058,19.558,0.0,56453.1172,247.1549,14.4404,35.28,8.7595,5.0833
munich,48.14,11.58,2026-06-18 18:13:58,2026-06-25 23:59:59,30.0,21.358,0.0,55600.457,13.1674,9.6481,31.68,6.4274,2.0312
munich,48.14,11.58,2026-06-18 18:13:58,2026-06-26 23:59:59,30.4,19.45,0.0,56800.4414,53.9998,12.8709,38.16,9.3714,5.7812
munich,48.14,11.58,2026-06-18 18:13:58,2026-06-27 23:59:59,32.35,20.7,0.0,56775.3438,45.633,10.5879,34.56,6.0036,3.125
munich,48.14,11.58,2026-06-18 18:13:58,2026-06-28 23:59:59,32.5,21.85,0.0,56749.707,47.8038,14.003,35.64,10.2779,8.9583
munich,48.14,11.58,2026-06-18 18:13:58,2026-06-29 23:59:59,33.25,21.6,0.0,56723.1562,81.7143,16.1208,45.0,11.8617,10.75
munich,48.14,11.58,2026-06-18 18:13:58,2026-06-30 23:59:59,31.0,22.75,6.0,56275.6211,62.2925,7.3997,31.32,4.2589,23.25
munich,48.14,11.58,2026-06-18 18:13:58,2026-07-01 23:59:59,23.05,17.75,13.2,45988.9531,238.5535,11.0036,51.48,8.8466,29.4583
hamburg,53.56,10.0,2026-06-18 18:13:58,2026-06-11 23:59:59,17.2235,10.2235,1.3,43889.3242,256.4902,12.96,32.04,7.5156,15.8333
hamburg,53.56,10.0,2026-06-18 18:13:58,2026-06-12 23:59:59,18.6735,11.4735,0.8,3297.3894,233.5386,20.2114,46.44,10.4449,21.75
hamburg,53.56,10.0,2026-06-18 18:13:58,2026-06-13 23:59:59,17.2735,12.3735,2.5,25678.8281,262.9218,27.0024,56.52,16.6379,9.0
hamburg,53.56,10.0,2026-06-18 18:13:58,2026-06-14 23:59:59,16.3235,10.9735,4.9,13961.957,280.351,25.7595,53.64,19.1378,17.0833
hamburg,53.56,10.0,2026-06-18 18:13:58,2026-06-15 23:59:59,15.9735,12.5235,0.0,40429.4922,280.0948,24.0231,55.08,17.5438,0.0
hamburg,53.56,10.0,2026-06-18 18:13:58,2026-06-16 23:59:59,19.2235,11.1735,0.0,47639.2578,285.0345,10.8,27.72,8.783,0.125
hamburg,53.56,10.0,2026-06-18 18:13:58,2026-06-17 23:59:59,23.5735,10.3235,0.7,37469.6406,239.3056,14.3369,31.32,5.9311,6.125
hamburg,53.56,10.0,2026-06-18 18:13:58,2026-06-18 23:59:59,27.3735,18.1735,0.0,46948.5,276.4697,13.9799,29.16,8.1279,0.0
hamburg,53.56,10.0,2026-06-18 18:13:58,2026-06-19 23:59:59,33.7735,20.0735,0.5,47166.0352,146.5138,9.0,20.16,6.1243,14.2083
hamburg,53.56,10.0,2026-06-18 18:13:58,2026-06-20 23:59:59,32.7296,19.365,1.0,39651.9219,264.1764,28.0199,57.24,9.7363,12.8333
hamburg,53.56,10.0,2026-06-18 18:13:58,2026-06-21 23:59:59,25.515,16.465,0.0,51201.2734,16.194,10.1887,25.2,7.1762,0.6667
hamburg,53.56,10.0,2026-06-18 18:13:58,2026-06-22 23:59:59,27.765,14.565,0.0,60348.8242,68.1778,11.6097,25.56,7.8576,0.0
hamburg,53.56,10.0,2026-06-18 18:13:58,2026-06-23 23:59:59,33.826,18.215,0.0,60333.4531,198.6205,16.5169,41.4,9.5424,6.2917
hamburg,53.56,10.0,2026-06-18 18:13:58,2026-06-24 23:59:59,25.476,15.776,0.0,60337.4102,296.1139,19.0222,42.12,14.7076,4.9167
hamburg,53.56,10.0,2026-06-18 18:13:58,2026-06-25 23:59:59,19.3815,13.776,0.0,51219.375,306.7791,20.2826,50.76,14.0768,0.0104
hamburg,53.56,10.0,2026-06-18 18:13:58,2026-06-26 23:59:59,22.9,12.6,0.0,60351.3125,321.9583,12.682,36.36,8.1747,3.9583
hamburg,53.56,10.0,2026-06-18 18:13:58,2026-06-27 23:59:59,22.95,14.85,0.0,60317.7773,316.9239,15.6807,41.04,10.3428,2.25
hamburg,53.56,10.0,2026-06-18 18:13:58,2026-06-28 23:59:59,25.75,14.25,0.0,60275.5977,22.4413,11.4862,36.72,7.4605,6.3333
hamburg,53.56,10.0,2026-06-18 18:13:58,2026-06-29 23:59:59,30.9,17.5,0.0,60227.1758,119.1719,18.0333,42.84,13.9234,8.875
hamburg,53.56,10.0,2026-06-18 18:13:58,2026-06-30 23:59:59,34.05,23.4,1.4,60172.5547,164.3603,16.9859,39.6,12.1226,15.3333
hamburg,53.56,10.0,2026-06-18 18:13:58,2026-07-01 23:59:59,24.25,15.5,7.0,23452.1602,329.3108,16.4894,48.6,10.6772,18.9167
freiburg,48.0,7.84,2026-06-18 18:13:58,2026-06-11 23:59:59,18.548,11.198,2.5,45811.0938,240.9159,13.0049,33.12,7.7373,9.0833
freiburg,48.0,7.84,2026-06-18 18:13:58,2026-06-12 23:59:59,19.748,15.298,1.2,63.3995,203.2348,17.2537,41.04,12.6297,24.9167
freiburg,48.0,7.84,2026-06-18 18:13:58,2026-06-13 23:59:59,28.098,18.648,0.0,52085.7891,225.7785,19.9597,45.36,14.0973,0.375
freiburg,48.0,7.84,2026-06-18 18:13:58,2026-06-14 23:59:59,25.648,16.848,0.0,54000.0,333.3473,13.281,37.08,7.3244,0.0
freiburg,48.0,7.84,2026-06-18 18:13:58,2026-06-15 23:59:59,24.798,11.498,0.0,54000.0,35.7356,9.0,20.52,4.3302,0.0
freiburg,48.0,7.84,2026-06-18 18:13:58,2026-06-16 23:59:59,28.498,16.298,0.0,34342.957,169.8934,12.925,36.0,7.1339,4.375
freiburg,48.0,7.84,2026-06-18 18:13:58,2026-06-17 23:59:59,30.898,16.498,0.0,52305.1172,76.2637,10.5388,24.48,5.6259,0.0
freiburg,48.0,7.84,2026-06-18 18:13:58,2026-06-18 23:59:59,34.048,18.948,0.0,54000.0,127.8751,9.8853,20.88,5.738,0.0
freiburg,48.0,7.84,2026-06-18 18:13:58,2026-06-19 23:59:59,36.598,20.648,0.0,43200.0,177.3058,17.5331,47.52,7.4527,4.0833
freiburg,48.0,7.84,2026-06-18 18:13:58,2026-06-20 23:59:59,36.231,21.098,0.3,50990.9414,200.1088,15.0967,36.18,6.4863,0.8333
freiburg,48.0,7.84,2026-06-18 18:13:58,2026-06-21 23:59:59,36.731,21.181,0.6,51600.5039,89.2412,6.8778,27.0,4.1237,3.0
freiburg,48.0,7.84,2026-06-18 18:13:58,2026-06-22 23:59:59,37.081,20.481,0.0,55418.1562,82.9375,6.4399,23.04,3.998,2.2083
freiburg,48.0,7.84,2026-06-18 18:13:58,2026-06-23 23:59:59,40.5655,21.981,0.6,55011.9336,155.8549,10.7036,23.31,5.7918,0.0
freiburg,48.0,7.84,2026-06-18 18:13:58,2026-06-24 23:59:59,40.7155,24.8155,0.3,55427.2617,298.5229,14.2644,32.76,7.8319,0.625
freiburg,48.0,7.84,2026-06-18 18:13:58,2026-06-25 23:59:59,32.2039,22.3155,0.0,56119.7656,359.054,13.5431,35.28,7.5079,1.0521
freiburg,48.0,7.84,2026-06-18 18:13:58,2026-06-26 23:59:59,34.35,20.4,0.0,56564.1172,352.9513,14.2382,37.44,7.2501,5.4583
freiburg,48.0,7.84,2026-06-18 18:13:58,2026-06-27 23:59:59,34.5,20.7,0.0,56914.4219,354.0113,11.3414,31.32,6.3753,4.0417
freiburg,48.0,7.84,2026-06-18 18:13:58,2026-06-28 23:59:59,36.15,21.35,0.0,56164.8711,343.9091,13.5192,33.12,6.6744,11.0
freiburg,48.0,7.84,2026-06-18 18:13:58,2026-06-29 23:59:59,36.2,24.1,0.0,55072.5195,207.7771,13.7237,30.96,6.3846,13.3333
freiburg,48.0,7.84,2026-06-18 18:13:58,2026-06-30 23:59:59,35.25,21.85,2.2,56338.9492,213.9084,13.9358,50.4,7.1943,28.4583
freiburg,48.0,7.84,2026-06-18 18:13:58,2026-07-01 23:59:59,25.75,17.6,5.4,50398.625,230.7773,24.1924,49.32,10.8261,27.125
leipzig,51.34,12.38,2026-06-18 18:13:58,2026-06-11 23:59:59,17.463,11.863,4.9,45423.4609,253.6418,11.929,43.56,8.1021,51.625
leipzig,51.34,12.38,2026-06-18 18:13:58,2026-06-12 23:59:59,17.763,11.563,3.1,0.0,225.3447,14.5878,34.92,9.472,42.1667
leipzig,51.34,12.38,2026-06-18 18:13:58,2026-06-13 23:59:59,21.663,14.813,1.5,28083.0742,274.1676,18.204,45.72,10.8003,22.9167
leipzig,51.34,12.38,2026-06-18 18:13:58,2026-06-14 23:59:59,17.613,12.063,2.0,27586.1484,270.6066,19.7082,47.16,12.9336,12.375
leipzig,51.34,12.38,2026-06-18 18:13:58,2026-06-15 23:59:59,17.213,11.213,0.0,24199.6055,266.2857,18.7753,46.08,12.2099,1.2917
leipzig,51.34,12.38,2026-06-18 18:13:58,2026-06-16 23:59:59,23.263,9.713,0.3,30992.9941,241.8504,15.0427,36.72,7.0623,18.375
leipzig,51.34,12.38,2026-06-18 18:13:58,2026-06-17 23:59:59,25.063,14.663,0.0,47988.3516,280.5391,11.967,33.84,6.2581,1.3333
leipzig,51.34,12.38,2026-06-18 18:13:58,2026-06-18 23:59:59,30.463,17.913,0.0,50770.3516,253.5986,10.4648,30.24,5.9446,0.0
leipzig,51.34,12.38,2026-06-18 18:13:58,2026-06-19 23:59:59,35.063,21.413,0.0,55390.6328,187.2368,9.1782,24.12,5.2811,6.0833
leipzig,51.34,12.38,2026-06-18 18:13:58,2026-06-20 23:59:59,33.065,23.663,0.4,36949.6602,209.0504,8.1984,38.52,4.4973,11.5
leipzig,51.34,12.38,2026-06-18 18:13:58,2026-06-21 23:59:59,28.165,20.915,1.2,34127.6328,347.9544,9.7267,33.84,4.788,19.1667
leipzig,51.34,12.38,2026-06-18 18:13:58,2026-06-22 23:59:59,30.915,19.365,0.0,57635.5273,65.9534,7.2894,22.68,5.4882,5.4167
leipzig,51.34,12.38,2026-06-18 18:13:58,2026-06-23 23:59:59,34.826,20.465,0.3,57706.4023,245.3487,8.1618,27.0,4.6499,1.3229
leipzig,51.34,12.38,2026-06-18 18:13:58,2026-06-24 23:59:59,31.226,22.626,0.0,57703.1172,313.8253,12.8898,33.48,9.6358,2.4583
leipzig,51.34,12.38,2026-06-18 18:13:58,2026-06-25 23:59:59,24.55,16.276,0.0,58924.0078,332.0539,15.198,41.04,11.2978,0.0208
leipzig,51.34,12.38,2026-06-18 18:13:58,2026-06-26 23:59:59,27.25,16.5,0.0,58883.8906,2.0174,10.6261,37.08,7.8073,4.2292
leipzig,51.34,12.38,2026-06-18 18:13:58,2026-06-27 23:59:59,28.9,19.3,0.0,58851.8477,1.8269,14.1549,34.56,9.1704,1.875
leipzig,51.34,12.38,2026-06-18 18:13:58,2026-06-28 23:59:59,28.05,17.9,0.0,58814.2031,15.201,12.6628,33.84,9.2496,3.0417
leipzig,51.34,12.38,2026-06-18 18:13:58,2026-06-29 23:59:59,32.2,20.0,0.0,58770.9805,98.8042,16.5923,41.76,12.2044,4.6667
leipzig,51.34,12.38,2026-06-18 18:13:58,2026-06-30 23:59:59,35.8,23.35,0.0,58722.2109,147.0772,14.5087,38.52,11.8154,19.2917
leipzig,51.34,12.38,2026-06-18 18:13:58,2026-07-01 23:59:59,27.0,18.55,4.0,24914.375,261.951,18.554,44.28,10.9424,18.5833
frankfurt,50.12,8.68,2026-06-18 18:13:58,2026-06-11 23:59:59,18.793,9.993,3.2,34481.8281,249.3676,15.3792,35.28,8.6252,13.625
frankfurt,50.12,8.68,2026-06-18 18:13:58,2026-06-12 23:59:59,22.043,12.693,3.2,4720.9136,229.5915,13.6989,35.28,10.0141,43.6667
frankfurt,50.12,8.68,2026-06-18 18:13:58,2026-06-13 23:59:59,25.343,15.743,0.0,52692.5859,274.1721,18.0324,46.08,11.2402,0.0
frankfurt,50.12,8.68,2026-06-18 18:13:58,2026-06-14 23:59:59,19.993,12.693,0.0,34660.5078,286.1956,15.0427,38.88,9.2777,4.625
frankfurt,50.12,8.68,2026-06-18 18:13:58,2026-06-15 23:59:59,20.693,10.293,0.0,51755.3984,281.4965,10.1441,31.32,5.9913,0.0
frankfurt,50.12,8.68,2026-06-18 18:13:58,2026-06-16 23:59:59,25.993,12.443,0.3,22617.9277,206.0123,15.1371,45.72,6.3054,11.2917
frankfurt,50.12,8.68,2026-06-18 18:13:58,2026-06-17 23:59:59,28.893,15.743,0.2,33995.5117,264.5598,10.1377,28.44,4.9135,0.125
frankfurt,50.12,8.68,2026-06-18 18:13:58,2026-06-18 23:59:59,33.643,16.893,0.0,50400.0,154.5109,7.517,19.44,3.8595,0.0
frankfurt,50.12,8.68,2026-06-18 18:13:58,2026-06-19 23:59:59,37.393,21.493,0.2,49705.1055,109.0692,12.6616,31.32,5.5086,6.1667
frankfurt,50.12,8.68,2026-06-18 18:13:58,2026-06-20 23:59:59,36.9475,23.393,0.1,45319.0195,259.6363,16.2679,47.88,6.2097,4.3333
frankfurt,50.12,8.68,2026-06-18 18:13:58,2026-06-21 23:59:59,31.6475,22.0975,2.4,39667.5898,28.3929,11.9832,44.64,6.4634,16.3333
frankfurt,50.12,8.68,2026-06-18 18:13:58,2026-06-22 23:59:59,35.3475,21.4475,0.0,52449.3867,31.4508,7.5686,22.32,5.872,6.375
frankfurt,50.12,8.68,2026-06-18 18:13:58,2026-06-23 23:59:59,37.802,22.4475,0.15,55527.6406,165.2688,5.816,29.7,3.8326,1.4583
frankfurt,50.12,8.68,2026-06-18 18:13:58,2026-06-24 23:59:59,36.852,24.102,0.0,58180.1406,349.4301,11.3842,32.4,6.9127,1.6667
frankfurt,50.12,8.68,2026-06-18 18:13:58,2026-06-25 23:59:59,27.75,19.102,0.0,58142.7383,27.1346,15.8819,36.36,9.803,0.0729
frankfurt,50.12,8.68,2026-06-18 18:13:58,2026-06-26 23:59:59,30.9,18.35,0.0,58113.9023,34.7157,13.3795,36.0,12.009,4.8125
frankfurt,50.12,8.68,2026-06-18 18:13:58,2026-06-27 23:59:59,32.35,21.0,0.0,58083.7852,23.8897,16.9401,37.8,12.6987,5.2917
frankfurt,50.12,8.68,2026-06-18 18:13:58,2026-06-28 23:59:59,33.5,20.5,0.0,58048.3945,42.7561,15.4559,37.08,12.6192,7.7083
frankfurt,50.12,8.68,2026-06-18 18:13:58,2026-06-29 23:59:59,36.3,22.85,0.0,58007.7578,86.2593,13.4435,34.92,10.5005,12.75
frankfurt,50.12,8.68,2026-06-18 18:13:58,2026-06-30 23:59:59,35.85,24.9,0.6,57726.2852,93.0279,9.0162,58.32,5.1926,27.625
frankfurt,50.12,8.68,2026-06-18 18:13:58,2026-07-01 23:59:59,24.85,20.25,1.8,56881.0781,284.1893,18.3961,48.96,11.509,19.9583
darmstadt,49.88,8.64,2026-06-18 18:13:58,2026-06-11 23:59:59,18.5545,10.2545,2.0,38080.8281,238.8669,11.632,39.96,8.514,18.2917
darmstadt,49.88,8.64,2026-06-18 18:13:58,2026-06-12 23:59:59,21.1045,12.7545,7.3,3065.4863,212.3773,12.6411,33.12,10.8293,46.4167
darmstadt,49.88,8.64,2026-06-18 18:13:58,2026-06-13 23:59:59,25.0545,15.5045,0.0,54000.0,271.6617,17.0725,44.64,10.6296,0.0
darmstadt,49.88,8.64,2026-06-18 18:13:58,2026-06-14 23:59:59,19.8545,12.5045,0.2,36053.7305,300.7991,12.7686,36.36,7.7722,4.3333
darmstadt,49.88,8.64,2026-06-18 18:13:58,2026-06-15 23:59:59,20.6545,10.4045,0.0,54000.0,309.7145,9.6933,29.16,5.2276,0.0
darmstadt,49.88,8.64,2026-06-18 18:13:58,2026-06-16 23:59:59,25.0545,13.3545,0.5,21047.5195,196.8155,15.5093,44.64,7.3696,12.6667
darmstadt,49.88,8.64,2026-06-18 18:13:58,2026-06-17 23:59:59,28.6045,17.0045,0.2,34438.5625,266.7399,6.4096,24.12,3.7468,0.0
darmstadt,49.88,8.64,2026-06-18 18:13:58,2026-06-18 23:59:59,33.2545,18.9045,0.0,53670.6289,150.6979,6.4399,18.72,3.7599,0.0
darmstadt,49.88,8.64,2026-06-18 18:13:58,2026-06-19 23:59:59,37.3045,21.1045,0.1,48955.1562,181.5154,15.9379,43.56,5.2115,6.0417
darmstadt,49.88,8.64,2026-06-18 18:13:58,2026-06-20 23:59:59,37.0135,24.1545,0.2,49673.0195,228.6847,12.8192,34.2,6.7672,4.5417
darmstadt,49.88,8.64,2026-06-18 18:13:58,2026-06-21 23:59:59,32.5635,21.3635,0.9,40386.6719,35.5522,17.2274,36.72,7.2825,15.2083
darmstadt,49.88,8.64,2026-06-18 18:13:58,2026-06-22 23:59:59,35.9135,20.7635,0.0,50765.7305,53.13,8.2093,27.72,5.7606,6.0417
darmstadt,49.88,8.64,2026-06-18 18:13:58,2026-06-23 23:59:59,38.2005,22.1635,0.45,53927.8477,93.0601,6.9899,31.68,3.9058,1.4583
darmstadt,49.88,8.64,2026-06-18 18:13:58,2026-06-24 23:59:59,37.4505,24.1505,0.0,57695.4922,345.0973,13.3976,34.92,7.445,1.6667
darmstadt,49.88,8.64,2026-06-18 18:13:58,2026-06-25 23:59:59,28.4753,19.1505,0.0,58018.668,28.1063,15.3792,37.44,9.9275,0.0729
darmstadt,49.88,8.64,2026-06-18 18:13:58,2026-06-26 23:59:59,31.7,18.8,0.0,57990.7617,43.3012,14.3335,35.28,12.0368,4.8125
darmstadt,49.88,8.64,2026-06-18 18:13:58,2026-06-27 23:59:59,33.35,21.15,0.0,57960.9375,32.7182,15.4444,34.92,12.4833,5.2917
darmstadt,49.88,8.64,2026-06-18 18:13:58,2026-06-28 23:59:59,34.25,21.35,0.0,57925.9062,66.2518,16.2489,34.92,13.2779,7.7083
darmstadt,49.88,8.64,2026-06-18 18:13:58,2026-06-29 23:59:59,36.7,23.6,0.0,57885.6719,100.1641,16.9286,35.28,12.3295,12.75
darmstadt,49.88,8.64,2026-06-18 18:13:58,2026-06-30 23:59:59,35.15,24.5,2.8,57663.3828,178.4089,8.7924,58.68,6.1347,27.625
darmstadt,49.88,8.64,2026-06-18 18:13:58,2026-07-01 23:59:59,24.95,20.45,2.0,56475.7031,283.5538,16.8548,52.56,12.1309,19.9583
berlin,52.52,13.4,2026-06-18 18:13:58,2026-06-11 23:59:59,19.152,12.002,1.2,43944.3516,293.9305,15.8768,54.72,9.032,23.6667
berlin,52.52,13.4,2026-06-18 18:13:58,2026-06-12 23:59:59,17.802,11.452,1.9,5880.4609,220.4933,15.1414,33.12,9.6986,17.125
berlin,52.52,13.4,2026-06-18 18:13:58,2026-06-13 23:59:59,19.852,12.852,1.8,29109.0391,271.062,20.9451,51.84,14.336,10.4583
berlin,52.52,13.4,2026-06-18 18:13:58,2026-06-14 23:59:59,16.652,11.802,1.3,14131.8477,277.2593,21.7077,53.64,17.763,41.5417
berlin,52.52,13.4,2026-06-18 18:13:58,2026-06-15 23:59:59,19.452,12.502,0.0,33776.8672,280.1666,24.4826,56.52,17.7545,0.3333
berlin,52.52,13.4,2026-06-18 18:13:58,2026-06-16 23:59:59,22.402,10.102,0.0,49234.6719,271.3971,12.4291,29.16,9.5923,1.4167
berlin,52.52,13.4,2026-06-18 18:13:58,2026-06-17 23:59:59,25.102,12.002,0.1,50704.3438,297.3607,12.5949,33.12,7.623,0.875
berlin,52.52,13.4,2026-06-18 18:13:58,2026-06-18 23:59:59,28.352,20.002,0.0,50144.0938,272.0237,13.2761,32.4,8.0097,2.2917
berlin,52.52,13.4,2026-06-18 18:13:58,2026-06-19 23:59:59,32.802,20.702,0.0,48361.6914,138.9086,11.2525,29.88,6.9003,6.4583
berlin,52.52,13.4,2026-06-18 18:13:58,2026-06-20 23:59:59,32.439,22.302,0.425,18758.2676,188.7837,14.9172,34.2,7.0928,14.9167
berlin,52.52,13.4,2026-06-18 18:13:58,2026-06-21 23:59:59,28.889,19.789,0.0,51357.7891,358.4198,11.5256,29.88,7.8538,4.6667
berlin,52.52,13.4,2026-06-18 18:13:58,2026-06-22 23:59:59,28.739,16.489,0.0,54952.4648,56.3429,9.2205,25.2,7.3378,0.0
berlin,52.52,13.4,2026-06-18 18:13:58,2026-06-23 23:59:59,34.326,18.889,0.0,58267.7891,165.8379,8.9059,24.12,7.0814,3.0833
berlin,52.52,13.4,2026-06-18 18:13:58,2026-06-24 23:59:59,29.076,20.926,0.0,58264.7344,304.4173,14.9822,37.8,12.6636,6.2917
berlin,52.52,13.4,2026-06-18 18:13:58,2026-06-25 23:59:59,23.5,14.776,0.0,59187.0312,317.0563,17.9224,48.24,12.7878,0.0312
berlin,52.52,13.4,2026-06-18 18:13:58,2026-06-26 23:59:59,27.1,15.85,0.0,59437.4102,332.7594,9.7466,37.8,7.83,5.4792
berlin,52.52,13.4,2026-06-18 18:13:58,2026-06-27 23:59:59,26.9,17.7,0.0,59179.3633,323.7302,15.1564,38.88,9.8535,2.9167
berlin,52.52,13.4,2026-06-18 18:13:58,2026-06-28 23:59:59,27.1,16.0,0.0,59170.418,347.6352,10.6581,37.44,8.3436,5.0
berlin,52.52,13.4,2026-06-18 18:13:58,2026-06-29 23:59:59,31.05,18.8,0.0,59158.0078,107.9063,14.6022,33.48,10.6854,5.7083
berlin,52.52,13.4,2026-06-18 18:13:58,2026-06-30 23:59:59,35.2,22.55,0.0,59142.082,139.9279,16.8134,44.28,14.6183,10.3333
berlin,52.52,13.4,2026-06-18 18:13:58,2026-07-01 23:59:59,36.05,20.65,9.4,57801.3672,175.2292,13.4471,46.8,10.0492,20.4583
valencia,39.5,-0.375,2026-06-18 18:13:58,2026-06-11 23:59:59,25.2325,19.1825,0.0,50400.0,99.8429,15.0771,35.64,7.3798,0.0
valencia,39.5,-0.375,2026-06-18 18:13:58,2026-06-12 23:59:59,27.1825,18.7825,0.0,50400.0,127.208,14.5121,34.92,6.3872,0.0
valencia,39.5,-0.375,2026-06-18 18:13:58,2026-06-13 23:59:59,31.0825,18.3325,0.0,44675.3594,140.7928,12.1816,30.6,5.8675,0.0
valencia,39.5,-0.375,2026-06-18 18:13:58,2026-06-14 23:59:59,30.4825,19.9825,0.0,47926.5117,130.0607,15.63,38.52,7.0259,0.0
valencia,39.5,-0.375,2026-06-18 18:13:58,2026-06-15 23:59:59,29.6325,20.0325,0.0,50400.0,103.0457,13.8495,34.56,6.2526,0.0
valencia,39.5,-0.375,2026-06-18 18:13:58,2026-06-16 23:59:59,29.8825,19.2325,0.0,50400.0,112.457,12.6411,32.4,5.8221,0.0
valencia,39.5,-0.375,2026-06-18 18:13:58,2026-06-17 23:59:59,31.9325,19.6325,0.0,50400.0,114.0811,12.7279,32.4,5.7939,0.0
valencia,39.5,-0.375,2026-06-18 18:13:58,2026-06-18 23:59:59,27.6825,20.2325,0.0,46314.0938,62.6556,13.4411,34.56,6.6329,1.2917
valencia,39.5,-0.375,2026-06-18 18:13:58,2026-06-19 23:59:59,28.2325,20.3825,0.0,49069.1523,62.5873,15.63,38.52,7.4182,0.25
valencia,39.5,-0.375,2026-06-18 18:13:58,2026-06-20 23:59:59,28.7325,22.0825,0.0,50400.0,52.1707,19.08,47.88,9.4538,0.375
valencia,39.5,-0.375,2026-06-18 18:13:58,2026-06-21 23:59:59,30.6825,21.6825,0.0,51638.0078,62.3708,15.9785,39.6,8.0043,0.0
valencia,39.5,-0.375,2026-06-18 18:13:58,2026-06-22 23:59:59,31.4825,22.0325,0.0,51710.4219,81.7406,12.2453,32.76,5.045,0.0
valencia,39.5,-0.375,2026-06-18 18:13:58,2026-06-23 23:59:59,35.3145,22.3325,0.0,52054.4844,102.7364,15.8564,38.88,6.9676,0.0
valencia,39.5,-0.375,2026-06-18 18:13:58,2026-06-24 23:59:59,33.8645,20.9645,0.0,52058.0508,109.5822,14.4942,36.0,6.7484,0.0
valencia,39.5,-0.375,2026-06-18 18:13:58,2026-06-25 23:59:59,32.8073,20.6145,0.0,52162.1484,125.9724,12.7717,38.52,6.3506,0.0104
valencia,39.5,-0.375,2026-06-18 18:13:58,2026-06-26 23:59:59,31.85,24.85,0.0,52178.582,108.7621,13.1511,38.88,7.0329,0.0208
valencia,39.5,-0.375,2026-06-18 18:13:58,2026-06-27 23:59:59,29.85,24.8,0.0,52191.5078,85.0362,12.352,38.52,7.3166,0.5
valencia,39.5,-0.375,2026-06-18 18:13:58,2026-06-28 23:59:59,30.45,24.2,0.0,52202.8984,88.2874,11.9317,37.8,6.4707,2.875
valencia,39.5,-0.375,2026-06-18 18:13:58,2026-06-29 23:59:59,31.5,24.75,0.0,52212.5703,59.2928,13.4037,41.4,7.5789,2.2917
valencia,39.5,-0.375,2026-06-18 18:13:58,2026-06-30 23:59:59,30.9,24.65,0.0,52220.6094,73.3963,14.1389,38.88,7.2197,2.0
valencia,39.5,-0.375,2026-06-18 18:13:58,2026-07-01 23:59:59,29.4,26.1,0.0,52226.9258,94.5675,14.4112,41.76,9.0851,4.0833
madrid,40.4375,-3.6875,2026-06-18 18:13:58,2026-06-11 23:59:59,30.9155,15.4655,0.0,51272.9102,48.0653,15.7908,42.48,8.6737,0.0
madrid,40.4375,-3.6875,2026-06-18 18:13:58,2026-06-12 23:59:59,32.7655,18.6155,0.0,51605.4648,75.6997,12.1816,32.4,7.6795,0.0
madrid,40.4375,-3.6875,2026-06-18 18:13:58,2026-06-13 23:59:59,32.9155,19.8655,0.0,50903.7383,114.8128,9.931,29.16,7.3605,0.0
madrid,40.4375,-3.6875,2026-06-18 18:13:58,2026-06-14 23:59:59,33.0655,20.9655,0.5,48697.6289,90.0,15.9419,40.68,6.1755,12.25
madrid,40.4375,-3.6875,2026-06-18 18:13:58,2026-06-15 23:59:59,30.9655,19.1155,0.0,50535.8672,141.6324,7.4129,18.36,3.3634,1.5
madrid,40.4375,-3.6875,2026-06-18 18:13:58,2026-06-16 23:59:59,32.1655,19.1655,0.0,50870.7188,91.4321,9.3461,27.36,5.4319,0.375
madrid,40.4375,-3.6875,2026-06-18 18:13:58,2026-06-17 23:59:59,34.1655,20.4155,0.0,52242.7891,116.4216,10.0864,28.44,6.9665,0.0
madrid,40.4375,-3.6875,2026-06-18 18:13:58,2026-06-18 23:59:59,34.1155,20.8155,0.0,50400.0,123.385,8.655,24.48,6.9727,0.5833
madrid,40.4375,-3.6875,2026-06-18 18:13:58,2026-06-19 23:59:59,34.7655,21.5655,0.4,45375.1797,139.1597,10.1887,30.6,6.2916,5.5417
madrid,40.4375,-3.6875,2026-06-18 18:13:58,2026-06-20 23:59:59,36.3155,22.4155,0.7,41860.6289,93.4304,12.8646,59.04,7.559,8.0417
madrid,40.4375,-3.6875,2026-06-18 18:13:58,2026-06-21 23:59:59,37.8155,22.0655,0.0,52998.7891,100.7908,14.3323,30.96,8.3014,2.1667
madrid,40.4375,-3.6875,2026-06-18 18:13:58,2026-06-22 23:59:59,39.2655,23.8155,0.0,51219.8867,124.5299,19.6654,34.2,9.4098,0.7917
madrid,40.4375,-3.6875,2026-06-18 18:13:58,2026-06-23 23:59:59,39.859,24.2155,0.0,49950.0547,61.9043,10.0414,22.77,6.9643,0.0
madrid,40.4375,-3.6875,2026-06-18 18:13:58,2026-06-24 23:59:59,38.759,22.909,0.0,52269.9531,91.7157,11.4862,30.24,7.4864,0.5833
madrid,40.4375,-3.6875,2026-06-18 18:13:58,2026-06-25 23:59:59,37.15,22.709,0.4,53114.8047,249.3591,20.5452,54.0,8.417,3.5417
madrid,40.4375,-3.6875,2026-06-18 18:13:58,2026-06-26 23:59:59,35.75,23.3,3.4,53026.9414,79.3397,7.7734,60.48,5.1734,8.2604
madrid,40.4375,-3.6875,2026-06-18 18:13:58,2026-06-27 23:59:59,33.55,21.45,1.0,53028.9453,68.3495,9.3617,37.44,5.4402,15.1667
madrid,40.4375,-3.6875,2026-06-18 18:13:58,2026-06-28 23:59:59,34.3,22.75,1.6,53028.7656,88.6584,9.5536,43.2,6.3926,11.75
madrid,40.4375,-3.6875,2026-06-18 18:13:58,2026-06-29 23:59:59,31.5,19.95,0.2,53026.3398,235.4727,11.3343,37.08,7.9817,6.625
madrid,40.4375,-3.6875,2026-06-18 18:13:58,2026-06-30 23:59:59,32.15,21.75,0.0,53021.6094,291.8394,13.5969,37.08,9.4015,4.6667
madrid,40.4375,-3.6875,2026-06-18 18:13:58,2026-07-01 23:59:59,34.6,20.0,0.0,53014.6875,57.3351,12.7305,39.96,8.6214,4.7917
london,51.5,-0.25,2026-06-18 18:13:58,2026-06-12 23:59:59,22.141,15.941,0.0,38992.4531,260.4397,22.32,48.96,19.26,10.25
london,51.5,-0.25,2026-06-18 18:13:58,2026-06-13 23:59:59,21.541,13.141,0.0,43200.0,280.2545,18.36,39.96,15.525,0.0
london,51.5,-0.25,2026-06-18 18:13:58,2026-06-15 23:59:59,22.591,14.041,1.0,43015.8438,100.822,14.76,33.84,11.7,17.375
london,51.5,-0.25,2026-06-18 18:13:58,2026-06-16 23:59:59,26.491,16.041,0.4,49180.3828,239.7317,17.64,39.96,9.405,10.625
london,51.5,-0.25,2026-06-18 18:13:58,2026-06-17 23:59:59,24.891,17.591,0.3,41969.4727,224.234,19.44,43.56,15.615,27.5
london,51.5,-0.25,2026-06-18 18:13:58,2026-06-18 23:59:59,26.541,17.391,0.0,43200.0,217.9316,14.04,32.04,10.395,0.5
london,51.5,-0.25,2026-06-18 18:13:58,2026-06-19 23:59:59,29.691,16.341,0.0,54758.1875,226.6335,16.56,37.44,10.89,0.0
london,51.5,-0.25,2026-06-18 18:13:58,2026-06-20 23:59:59,25.7545,18.091,0.0,45834.457,248.1882,13.68,31.14,11.9362,3.25
london,51.5,-0.25,2026-06-18 18:13:58,2026-06-21 23:59:59,27.6545,18.2545,0.0,54323.6055,59.4745,17.28,36.36,11.52,6.375
london,51.5,-0.25,2026-06-18 18:13:58,2026-06-22 23:59:59,27.0045,17.7045,0.0,56894.1641,67.5425,19.8,42.12,16.11,8.5
london,51.5,-0.25,2026-06-18 18:13:58,2026-06-23 23:59:59,28.5545,19.3045,0.0,57656.625,77.7769,18.0,38.88,14.715,5.0
london,51.5,-0.25,2026-06-18 18:13:58,2026-06-24 23:59:59,32.4045,20.0045,0.0,58123.9688,66.7426,13.68,29.16,8.8907,2.5
london,51.5,-0.25,2026-06-18 18:13:58,2026-06-25 23:59:59,26.65,17.6,0.0,57699.1367,94.3959,10.8733,36.36,8.5925,0.875
london,51.5,-0.25,2026-06-18 18:13:58,2026-06-26 23:59:59,28.85,17.0,0.0,56955.2617,71.4713,13.6717,38.16,9.0055,1.625
london,51.5,-0.25,2026-06-18 18:13:58,2026-06-27 23:59:59,28.6,18.7,0.0,57719.8398,75.732,15.8083,42.84,12.2451,6.75
london,51.5,-0.25,2026-06-18 18:13:58,2026-06-28 23:59:59,31.95,19.6,0.0,57733.2578,82.0646,12.0935,39.96,11.2927,6.875
london,51.5,-0.25,2026-06-18 18:13:58,2026-06-29 23:59:59,33.85,24.35,4.8,56216.8555,81.4694,9.7433,43.2,6.9462,9.25
london,51.5,-0.25,2026-06-18 18:13:58,2026-06-30 23:59:59,25.65,19.45,2.0,54000.0,240.5616,16.7931,52.92,13.0241,16.25
london,51.5,-0.25,2026-06-18 18:13:58,2026-07-01 23:59:59,22.15,15.45,0.4,46907.2109,336.7814,11.3757,33.84,8.9078,13.625
amsterdam,52.366,4.901,2026-06-18 18:13:58,2026-06-11 23:59:59,17.7065,11.9065,4.3,25339.5605,227.1176,18.36,38.52,12.795,38.875
amsterdam,52.366,4.901,2026-06-18 18:13:58,2026-06-12 23:59:59,18.0565,13.0565,4.8,4440.3677,251.7517,25.56,45.0,19.365,80.0833
amsterdam,52.366,4.901,2026-06-18 18:13:58,2026-06-13 23:59:59,17.3065,14.9065,2.4,21303.6621,271.8267,25.56,49.32,16.995,36.4167
amsterdam,52.366,4.901,2026-06-18 18:13:58,2026-06-14 23:59:59,17.2565,14.1065,2.2,42506.0625,298.3824,20.52,40.32,17.235,13.2917
amsterdam,52.366,4.901,2026-06-18 18:13:58,2026-06-15 23:59:59,18.4065,13.6565,0.1,36000.0,309.612,17.28,32.4,12.165,1.875
amsterdam,52.366,4.901,2026-06-18 18:13:58,2026-06-16 23:59:59,23.0065,13.8565,0.0,44260.9531,72.8899,16.56,30.24,9.96,2.0
amsterdam,52.366,4.901,2026-06-18 18:13:58,2026-06-17 23:59:59,23.7565,17.3065,1.8,14955.7793,229.5356,21.6,42.48,12.24,24.9167
amsterdam,52.366,4.901,2026-06-18 18:13:58,2026-06-18 23:59:59,29.1565,18.2565,0.0,45826.9062,262.7489,13.32,26.28,8.7,6.9167
amsterdam,52.366,4.901,2026-06-18 18:13:58,2026-06-19 23:59:59,33.3065,20.3065,0.5,43200.0,157.1114,39.96,83.52,14.385,26.2917
amsterdam,52.366,4.901,2026-06-18 18:13:58,2026-06-20 23:59:59,26.7065,20.0065,6.8,28687.3516,32.0795,16.92,40.32,11.49,3.2917
amsterdam,52.366,4.901,2026-06-18 18:13:58,2026-06-21 23:59:59,26.35,17.4,0.3,54583.957,65.7046,14.1686,30.96,9.0724,11.25
amsterdam,52.366,4.901,2026-06-18 18:13:58,2026-06-22 23:59:59,27.85,17.5,0.0,59645.9258,71.0914,11.4311,28.44,10.0863,2.25
amsterdam,52.366,4.901,2026-06-18 18:13:58,2026-06-23 23:59:59,31.8,21.35,0.0,59636.0078,215.9916,14.2052,35.28,8.8295,5.25
amsterdam,52.366,4.901,2026-06-18 18:13:58,2026-06-24 23:59:59,21.65,15.5,0.0,59620.0859,324.2273,13.0223,36.36,9.5156,4.7083
amsterdam,52.366,4.901,2026-06-18 18:13:58,2026-06-25 23:59:59,21.15,13.95,0.0,59598.1797,34.3326,12.852,33.84,8.7635,3.2083
amsterdam,52.366,4.901,2026-06-18 18:13:58,2026-06-26 23:59:59,23.6,14.25,0.0,59570.3086,59.0501,13.667,34.56,10.797,3.875
amsterdam,52.366,4.901,2026-06-18 18:13:58,2026-06-27 23:59:59,24.1,16.75,0.0,59536.4961,61.5546,15.576,37.44,12.1347,3.7083
amsterdam,52.366,4.901,2026-06-18 18:13:58,2026-06-28 23:59:59,28.6,15.95,0.0,59496.7695,83.5948,14.418,39.24,13.1967,6.1667
amsterdam,52.366,4.901,2026-06-18 18:13:58,2026-06-29 23:59:59,35.5,22.75,0.0,59451.1641,128.3675,14.2644,35.28,11.8942,10.3333
amsterdam,52.366,4.901,2026-06-18 18:13:58,2026-06-30 23:59:59,29.05,20.7,0.0,59399.7148,248.5941,17.7918,47.16,11.8053,14.5
amsterdam,52.366,4.901,2026-06-18 18:13:58,2026-07-01 23:59:59,20.0,15.55,10.2,28678.1152,332.5346,12.8104,30.96,10.4663,19.3333
paris,48.86,2.36,2026-06-18 18:13:58,2026-06-11 23:59:59,18.515,10.115,0.0,29899.2949,259.3649,14.9736,31.32,10.5446,3.75
paris,48.86,2.36,2026-06-18 18:13:58,2026-06-12 23:59:59,25.465,16.665,0.0,36725.1562,267.802,17.3399,41.4,14.6262,0.0
paris,48.86,2.36,2026-06-18 18:13:58,2026-06-13 23:59:59,28.015,16.265,0.0,50392.7969,291.3915,15.0038,32.76,11.9214,0.0
paris,48.86,2.36,2026-06-18 18:13:58,2026-06-14 23:59:59,26.465,14.415,0.0,53968.2852,334.0175,12.5381,28.44,8.168,0.0
paris,48.86,2.36,2026-06-18 18:13:58,2026-06-15 23:59:59,28.815,14.615,1.4,43200.0,119.0212,10.009,35.64,7.5395,2.0833
paris,48.86,2.36,2026-06-18 18:13:58,2026-06-16 23:59:59,27.765,21.215,0.3,40630.6172,294.9284,13.3976,30.96,9.0392,3.2917
paris,48.86,2.36,2026-06-18 18:13:58,2026-06-17 23:59:59,32.615,19.115,0.0,51065.7656,198.8532,13.6989,27.72,4.5461,0.0
paris,48.86,2.36,2026-06-18 18:13:58,2026-06-18 23:59:59,36.565,19.115,0.0,48866.7383,70.8909,15.1585,47.52,7.5048,3.4583
paris,48.86,2.36,2026-06-18 18:13:58,2026-06-19 23:59:59,37.215,24.915,0.0,53315.8789,174.668,14.5121,32.4,8.6161,3.875
paris,48.86,2.36,2026-06-18 18:13:58,2026-06-20 23:59:59,32.3995,21.565,0.2,50085.375,356.5581,11.5929,37.44,5.6763,7.9583
paris,48.86,2.36,2026-06-18 18:13:58,2026-06-21 23:59:59,36.6495,21.6495,0.6,39433.7539,59.6872,10.806,33.48,7.4019,11.625
paris,48.86,2.36,2026-06-18 18:13:58,2026-06-22 23:59:59,39.7495,25.2995,0.0,56242.6094,22.9993,8.8255,15.12,5.0405,1.125
paris,48.86,2.36,2026-06-18 18:13:58,2026-06-23 23:59:59,41.9495,27.8495,0.0,57103.7227,331.1212,17.3996,40.68,6.7818,1.9479
paris,48.86,2.36,2026-06-18 18:13:58,2026-06-24 23:59:59,36.8495,23.5495,0.0,57109.6406,354.8878,10.7398,27.72,8.1925,1.0
paris,48.86,2.36,2026-06-18 18:13:58,2026-06-25 23:59:59,30.9124,21.8995,0.0,57137.6211,41.1623,13.0223,34.92,10.7921,0.0521
paris,48.86,2.36,2026-06-18 18:13:58,2026-06-26 23:59:59,33.3,20.5,0.0,57137.9414,41.8836,14.7775,39.24,11.6687,3.1667
paris,48.86,2.36,2026-06-18 18:13:58,2026-06-27 23:59:59,35.65,22.75,0.0,57135.375,54.0388,15.577,42.84,12.3785,11.2083
paris,48.86,2.36,2026-06-18 18:13:58,2026-06-28 23:59:59,38.55,25.25,0.0,57129.875,97.2085,11.6166,36.0,9.2376,10.9167
paris,48.86,2.36,2026-06-18 18:13:58,2026-06-29 23:59:59,38.45,27.55,0.6,57121.3828,202.8619,20.3559,60.84,12.1665,15.3333
paris,48.86,2.36,2026-06-18 18:13:58,2026-06-30 23:59:59,30.1,18.65,7.8,57109.8398,253.7987,12.2572,51.12,8.2477,17.25
paris,48.86,2.36,2026-06-18 18:13:58,2026-07-01 23:59:59,22.85,17.6,7.0,57095.3438,297.6809,13.1708,33.48,12.0892,13.3333
prag,50.08,14.44,2026-06-18 18:13:58,2026-06-11 23:59:59,16.5485,10.8985,5.2,33014.6953,259.4723,13.6847,36.72,9.1365,56.5
prag,50.08,14.44,2026-06-18 18:13:58,2026-06-12 23:59:59,15.8485,9.7985,4.7,1311.7762,216.5015,13.2468,28.8,9.399,35.7917
prag,50.08,14.44,2026-06-18 18:13:58,2026-06-13 23:59:59,23.8485,15.0485,1.1,42333.543,270.335,18.7096,43.2,11.8027,16.3333
prag,50.08,14.44,2026-06-18 18:13:58,2026-06-14 23:59:59,17.8985,13.6985,0.0,23354.3184,277.9158,17.1634,39.24,11.2821,0.4583
prag,50.08,14.44,2026-06-18 18:13:58,2026-06-15 23:59:59,19.3485,12.5485,0.0,35882.7031,274.3114,17.6987,37.44,11.3235,0.125
prag,50.08,14.44,2026-06-18 18:13:58,2026-06-16 23:59:59,23.7985,10.7485,0.9,37467.0352,238.1703,19.4167,43.56,11.2668,9.6667
prag,50.08,14.44,2026-06-18 18:13:58,2026-06-17 23:59:59,25.8985,15.2485,0.7,49761.8281,289.4081,11.4862,30.96,5.9026,7.25
prag,50.08,14.44,2026-06-18 18:13:58,2026-06-18 23:59:59,29.7485,18.4485,0.0,50094.3008,270.4511,8.2878,24.84,4.179,0.0
prag,50.08,14.44,2026-06-18 18:13:58,2026-06-19 23:59:59,33.2485,19.8485,0.0,54038.2109,162.4179,9.6866,23.04,4.5578,0.125
prag,50.08,14.44,2026-06-18 18:13:58,2026-06-20 23:59:59,33.696,21.8985,0.575,42330.9727,208.1026,11.88,36.72,3.9732,10.625
prag,50.08,14.44,2026-06-18 18:13:58,2026-06-21 23:59:59,31.246,21.296,2.9,39635.7812,325.7751,11.2755,39.6,5.0334,24.0417
prag,50.08,14.44,2026-06-18 18:13:58,2026-06-22 23:59:59,29.096,19.196,0.6,45153.4531,57.8214,6.1622,20.52,3.9005,15.7083
prag,50.08,14.44,2026-06-18 18:13:58,2026-06-23 23:59:59,31.7335,19.496,0.3,55791.3906,209.45,6.5199,24.12,3.407,5.7812
prag,50.08,14.44,2026-06-18 18:13:58,2026-06-24 23:59:59,33.396,23.146,0.0,57600.0,313.0189,15.8441,34.2,9.2133,5.625
prag,50.08,14.44,2026-06-18 18:13:58,2026-06-25 23:59:59,26.7,19.696,0.0,57773.9258,332.0046,16.2639,42.84,12.188,0.8333
prag,50.08,14.44,2026-06-18 18:13:58,2026-06-26 23:59:59,28.55,18.05,0.0,57733.918,6.1177,10.4291,39.96,6.7417,5.0417
prag,50.08,14.44,2026-06-18 18:13:58,2026-06-27 23:59:59,31.6,20.25,0.0,57708.4492,352.7074,15.12,38.16,6.785,2.8333
prag,50.08,14.44,2026-06-18 18:13:58,2026-06-28 23:59:59,28.75,19.35,0.0,57682.5,12.5762,13.1831,37.44,9.4768,4.2917
prag,50.08,14.44,2026-06-18 18:13:58,2026-06-29 23:59:59,30.8,19.8,0.0,57655.6953,93.288,13.7013,36.72,9.2656,4.7083
prag,50.08,14.44,2026-06-18 18:13:58,2026-06-30 23:59:59,33.95,20.65,0.0,57628.75,124.4926,14.1561,36.0,10.09,18.125
prag,50.08,14.44,2026-06-18 18:13:58,2026-07-01 23:59:59,31.35,20.8,8.6,56018.3828,221.5157,16.741,49.68,9.2662,24.7083
rome,41.875,12.5,2026-06-18 18:13:58,2026-06-11 23:59:59,25.0415,20.2915,0.0,40323.7969,198.5039,14.6896,35.64,8.5267,0.0
rome,41.875,12.5,2026-06-18 18:13:58,2026-06-12 23:59:59,30.6415,17.6915,0.0,50397.5,359.128,16.0715,36.72,10.1918,0.0
rome,41.875,12.5,2026-06-18 18:13:58,2026-06-13 23:59:59,30.0415,17.1915,0.0,50400.0,271.958,14.0815,34.56,5.7826,0.0
rome,41.875,12.5,2026-06-18 18:13:58,2026-06-14 23:59:59,29.9915,16.6915,0.0,49564.1797,217.208,13.5515,33.48,6.3115,0.0
rome,41.875,12.5,2026-06-18 18:13:58,2026-06-15 23:59:59,29.1915,16.7415,0.0,43091.3945,190.3335,16.8625,41.4,7.1285,0.0
rome,41.875,12.5,2026-06-18 18:13:58,2026-06-16 23:59:59,30.6915,19.0915,0.3,49157.8555,262.0199,14.1824,34.92,5.5399,2.3333
rome,41.875,12.5,2026-06-18 18:13:58,2026-06-17 23:59:59,33.1915,19.8415,0.1,49582.8242,275.1943,15.1585,38.88,6.2392,2.4167
rome,41.875,12.5,2026-06-18 18:13:58,2026-06-18 23:59:59,33.9415,20.4915,0.0,50221.4141,251.0222,14.3369,35.64,5.2722,1.5
rome,41.875,12.5,2026-06-18 18:13:58,2026-06-19 23:59:59,34.9415,22.1415,0.0,50238.2656,241.1602,17.8264,41.04,6.2872,0.75
rome,41.875,12.5,2026-06-18 18:13:58,2026-06-20 23:59:59,34.3415,22.4915,0.0,50047.9062,223.078,14.2644,32.76,6.2931,0.25
rome,41.875,12.5,2026-06-18 18:13:58,2026-06-21 23:59:59,35.2415,22.2915,0.0,50137.4648,237.5904,14.1137,34.56,5.6367,1.2083
rome,41.875,12.5,2026-06-18 18:13:58,2026-06-22 23:59:59,35.3415,22.4415,0.0,48465.5352,239.4414,13.281,32.04,4.8791,9.75
rome,41.875,12.5,2026-06-18 18:13:58,2026-06-23 23:59:59,35.785,23.6915,0.3,50626.1836,242.0036,8.8913,29.52,4.6926,0.2083
rome,41.875,12.5,2026-06-18 18:13:58,2026-06-24 23:59:59,37.585,22.385,0.6,53541.0039,240.6243,12.6,30.6,4.9038,0.0
rome,41.875,12.5,2026-06-18 18:13:58,2026-06-25 23:59:59,36.7588,21.635,0.0,53544.3828,239.9451,13.5969,45.72,6.9954,0.0417
rome,41.875,12.5,2026-06-18 18:13:58,2026-06-26 23:59:59,38.6,25.8,0.0,53554.3789,251.748,11.4876,34.92,6.0418,9.5
rome,41.875,12.5,2026-06-18 18:13:58,2026-06-27 23:59:59,38.9,27.6,0.0,53566.5469,228.6664,11.6792,41.76,6.0273,7.3333
rome,41.875,12.5,2026-06-18 18:13:58,2026-06-28 23:59:59,37.1,26.7,0.0,53577.1875,224.938,13.4664,40.32,6.4835,2.875
rome,41.875,12.5,2026-06-18 18:13:58,2026-06-29 23:59:59,36.7,26.75,0.0,53586.0469,241.2471,14.312,42.12,6.4748,3.6667
rome,41.875,12.5,2026-06-18 18:13:58,2026-06-30 23:59:59,37.5,26.45,0.0,53593.0195,243.0399,13.2432,38.88,6.45,1.5417
rome,41.875,12.5,2026-06-18 18:13:58,2026-07-01 23:59:59,35.2,26.35,0.0,53598.2539,215.6261,12.7686,36.72,6.4485,3.5833
zurich,47.38,8.54,2026-06-18 18:13:58,2026-06-11 23:59:59,17.522,9.922,0.1,44976.2305,264.8701,14.2052,37.08,7.2758,7.4583
zurich,47.38,8.54,2026-06-18 18:13:58,2026-06-12 23:59:59,18.172,13.922,0.1,4293.8877,196.5149,11.0901,25.56,6.5423,8.875
zurich,47.38,8.54,2026-06-18 18:13:58,2026-06-13 23:59:59,27.772,14.972,0.0,51873.7852,243.1329,16.4501,37.44,9.8246,0.0
zurich,47.38,8.54,2026-06-18 18:13:58,2026-06-14 23:59:59,26.672,17.872,0.0,54000.0,270.8855,21.4071,46.08,11.364,0.0
zurich,47.38,8.54,2026-06-18 18:13:58,2026-06-15 23:59:59,25.422,14.122,0.0,54000.0,287.3443,14.694,36.72,6.4765,0.0
zurich,47.38,8.54,2026-06-18 18:13:58,2026-06-16 23:59:59,26.872,16.772,0.0,45316.9961,178.4459,11.0901,27.36,4.7541,2.4167
zurich,47.38,8.54,2026-06-18 18:13:58,2026-06-17 23:59:59,29.822,18.322,0.0,48389.7617,265.3227,10.1377,24.84,4.4616,0.4583
zurich,47.38,8.54,2026-06-18 18:13:58,2026-06-18 23:59:59,32.122,18.172,0.0,54000.0,70.9064,5.5069,13.68,2.6971,0.0
zurich,47.38,8.54,2026-06-18 18:13:58,2026-06-19 23:59:59,34.072,20.222,5.5,39573.8594,134.5343,20.2114,71.64,4.7897,11.9583
zurich,47.38,8.54,2026-06-18 18:13:58,2026-06-20 23:59:59,33.756,18.272,0.0,53864.0,278.7373,8.7065,26.28,3.5923,1.5833
zurich,47.38,8.54,2026-06-18 18:13:58,2026-06-21 23:59:59,34.856,19.856,0.1,54000.0,85.9145,8.5571,34.56,4.6646,2.2083
zurich,47.38,8.54,2026-06-18 18:13:58,2026-06-22 23:59:59,35.256,19.856,0.0,55122.1641,87.0158,5.6349,23.76,4.0534,1.75
zurich,47.38,8.54,2026-06-18 18:13:58,2026-06-23 23:59:59,37.6595,21.356,0.0,54912.0039,140.1262,5.3518,14.31,3.321,0.9583
zurich,47.38,8.54,2026-06-18 18:13:58,2026-06-24 23:59:59,38.1595,23.0095,0.6,53782.7227,242.418,10.6854,29.52,5.5349,0.625
zurich,47.38,8.54,2026-06-18 18:13:58,2026-06-25 23:59:59,33.25,22.3095,0.0,55344.6992,54.4965,12.4812,32.04,6.5139,1.5208
zurich,47.38,8.54,2026-06-18 18:13:58,2026-06-26 23:59:59,34.0,22.25,0.0,56585.1484,45.3278,11.4664,32.76,9.5,6.9688
zurich,47.38,8.54,2026-06-18 18:13:58,2026-06-27 23:59:59,35.5,22.95,0.0,56587.1562,47.1211,9.9652,27.36,6.1484,7.625
zurich,47.38,8.54,2026-06-18 18:13:58,2026-06-28 23:59:59,35.95,23.5,0.0,56193.6172,55.7203,10.9933,33.48,7.3166,10.2917
zurich,47.38,8.54,2026-06-18 18:13:58,2026-06-29 23:59:59,35.2,23.9,0.0,55196.8047,207.1495,9.0592,35.64,5.359,12.9167
zurich,47.38,8.54,2026-06-18 18:13:58,2026-06-30 23:59:59,34.1,23.7,1.6,55624.1133,164.148,7.6368,35.28,4.4859,26.2083
zurich,47.38,8.54,2026-06-18 18:13:58,2026-07-01 23:59:59,22.9,17.65,16.8,31260.1055,255.7178,10.949,29.16,7.3238,29.8333
lisbon,38.75,-9.125,2026-06-18 18:13:58,2026-06-11 23:59:59,32.2915,18.5915,0.0,52818.4062,341.6958,13.2468,31.68,6.6442,0.0
lisbon,38.75,-9.125,2026-06-18 18:13:58,2026-06-12 23:59:59,33.4915,20.1415,0.0,46785.3906,324.972,13.9055,31.32,4.3387,0.0
lisbon,38.75,-9.125,2026-06-18 18:13:58,2026-06-13 23:59:59,31.6415,21.0415,0.0,52584.4336,237.4042,18.172,42.12,7.4505,0.0
lisbon,38.75,-9.125,2026-06-18 18:13:58,2026-06-14 23:59:59,25.3415,18.8915,0.0,50741.6875,258.8279,17.5774,41.4,8.4637,0.0
lisbon,38.75,-9.125,2026-06-18 18:13:58,2026-06-15 23:59:59,25.4915,17.8415,0.0,50965.6641,340.2815,18.0575,41.4,11.7037,0.0
lisbon,38.75,-9.125,2026-06-18 18:13:58,2026-06-16 23:59:59,28.2415,17.2415,0.0,50989.9922,343.294,18.8373,44.64,12.5188,0.0
lisbon,38.75,-9.125,2026-06-18 18:13:58,2026-06-17 23:59:59,31.4415,18.3915,0.0,52351.6523,334.7143,20.3041,45.36,8.3367,0.0
lisbon,38.75,-9.125,2026-06-18 18:13:58,2026-06-18 23:59:59,30.0915,17.6415,0.0,50367.6914,332.8528,15.1927,36.72,8.0105,0.0
lisbon,38.75,-9.125,2026-06-18 18:13:58,2026-06-19 23:59:59,28.1915,17.0915,0.0,51728.5977,336.0375,16.9926,42.12,9.1608,0.0
lisbon,38.75,-9.125,2026-06-18 18:13:58,2026-06-20 23:59:59,29.1915,18.9915,0.0,50373.2852,338.2994,16.7816,41.4,9.6681,0.0417
lisbon,38.75,-9.125,2026-06-18 18:13:58,2026-06-21 23:59:59,30.0415,20.1415,0.0,47425.0859,336.0003,17.5774,43.92,7.2725,0.3333
lisbon,38.75,-9.125,2026-06-18 18:13:58,2026-06-22 23:59:59,26.8915,20.1415,0.0,38287.1641,307.3195,8.3734,38.16,4.851,2.5417
lisbon,38.75,-9.125,2026-06-18 18:13:58,2026-06-23 23:59:59,29.983,19.5415,0.0,45635.5625,251.8627,10.3088,25.92,4.8781,4.0
lisbon,38.75,-9.125,2026-06-18 18:13:58,2026-06-24 23:59:59,24.5135,18.6635,0.3,27777.9219,264.3044,15.5843,40.68,6.783,1.5833
lisbon,38.75,-9.125,2026-06-18 18:13:58,2026-06-25 23:59:59,27.25,17.7635,0.0,49244.7305,239.5201,15.1371,41.04,9.6728,0.0625
lisbon,38.75,-9.125,2026-06-18 18:13:58,2026-06-26 23:59:59,27.1,18.75,0.0,51168.1602,257.1608,11.8814,41.4,6.6058,8.9375
lisbon,38.75,-9.125,2026-06-18 18:13:58,2026-06-27 23:59:59,28.15,19.55,0.0,51178.1836,278.8525,9.9408,35.64,7.0211,1.0
lisbon,38.75,-9.125,2026-06-18 18:13:58,2026-06-28 23:59:59,28.1,19.75,0.0,51188.6328,274.2156,15.0276,41.04,10.1594,2.5833
lisbon,38.75,-9.125,2026-06-18 18:13:58,2026-06-29 23:59:59,25.85,19.7,0.0,51199.4844,242.8939,15.8584,42.12,9.4863,2.5833
lisbon,38.75,-9.125,2026-06-18 18:13:58,2026-06-30 23:59:59,29.25,19.05,0.0,51210.6953,328.5074,16.8365,45.36,7.4177,0.5
lisbon,38.75,-9.125,2026-06-18 18:13:58,2026-07-01 23:59:59,29.1,18.25,0.0,52758.7773,349.4479,20.1029,47.88,13.7259,1.125
vienna,48.2,16.38,2026-06-18 18:13:58,2026-06-11 23:59:59,19.1215,11.5215,1.3,47508.0234,287.5118,21.2613,48.6,15.8382,10.1667
vienna,48.2,16.38,2026-06-18 18:13:58,2026-06-12 23:59:59,19.3715,11.2215,0.3,34281.1562,279.3165,19.9597,45.72,14.6048,23.75
vienna,48.2,16.38,2026-06-18 18:13:58,2026-06-13 23:59:59,25.9715,16.4215,2.9,41134.3008,277.7177,17.7316,49.32,10.9979,32.3333
vienna,48.2,16.38,2026-06-18 18:13:58,2026-06-14 23:59:59,21.9215,17.6215,0.0,47553.1094,296.0394,19.8131,47.16,8.8597,4.4583
vienna,48.2,16.38,2026-06-18 18:13:58,2026-06-15 23:59:59,23.4215,15.0715,0.0,51365.3555,283.5795,18.0,41.4,9.7637,0.0
vienna,48.2,16.38,2026-06-18 18:13:58,2026-06-16 23:59:59,25.9215,13.6715,0.1,48464.5859,273.2802,21.0777,39.24,10.1748,2.0
vienna,48.2,16.38,2026-06-18 18:13:58,2026-06-17 23:59:59,27.8215,18.0215,1.6,44959.3672,271.1249,18.7096,40.68,11.4564,7.2083
vienna,48.2,16.38,2026-06-18 18:13:58,2026-06-18 23:59:59,29.7215,21.1715,0.0,48325.3438,324.6174,11.6598,27.36,6.9855,0.875
vienna,48.2,16.38,2026-06-18 18:13:58,2026-06-19 23:59:59,33.5215,20.8715,0.0,52388.5898,120.3492,13.6278,28.8,6.8958,0.0
vienna,48.2,16.38,2026-06-18 18:13:58,2026-06-20 23:59:59,34.03,21.9215,0.25,43448.0664,191.1541,14.278,32.4,6.6752,5.9167
vienna,48.2,16.38,2026-06-18 18:13:58,2026-06-21 23:59:59,31.33,23.18,2.7,34752.2812,300.358,13.3783,39.24,7.872,35.625
vienna,48.2,16.38,2026-06-18 18:13:58,2026-06-22 23:59:59,30.73,22.33,0.0,55692.6719,338.2213,10.1823,30.96,7.7447,10.1667
vienna,48.2,16.38,2026-06-18 18:13:58,2026-06-23 23:59:59,31.763,21.73,2.55,47287.8477,282.04,9.4701,28.44,4.51,5.3438
vienna,48.2,16.38,2026-06-18 18:13:58,2026-06-24 23:59:59,37.963,21.313,0.0,55660.1562,281.8447,14.6188,32.4,6.3779,1.2083
vienna,48.2,16.38,2026-06-18 18:13:58,2026-06-25 23:59:59,31.85,23.65,0.0,57091.5078,333.4024,18.7416,49.68,14.723,3.0208
vienna,48.2,16.38,2026-06-18 18:13:58,2026-06-26 23:59:59,30.05,20.6,0.0,57053.3867,356.7459,14.409,45.72,9.6544,5.6354
vienna,48.2,16.38,2026-06-18 18:13:58,2026-06-27 23:59:59,33.3,22.15,0.0,57025.9219,342.2132,9.5536,29.52,4.2586,3.7083
vienna,48.2,16.38,2026-06-18 18:13:58,2026-06-28 23:59:59,32.05,24.1,0.0,56993.6367,337.006,14.0273,39.24,11.5573,4.5417
vienna,48.2,16.38,2026-06-18 18:13:58,2026-06-29 23:59:59,31.45,21.55,0.0,56956.5508,89.8193,9.2521,34.92,5.9816,3.375
vienna,48.2,16.38,2026-06-18 18:13:58,2026-06-30 23:59:59,31.9,21.9,0.0,56914.6797,133.6029,17.7142,47.16,13.8682,8.125
vienna,48.2,16.38,2026-06-18 18:13:58,2026-07-01 23:59:59,34.8,22.25,0.0,56868.1641,173.4918,16.6459,62.64,11.7754,17.75
bergen,60.39,5.3183,2026-06-18 18:13:58,2026-06-11 23:59:59,14.361,8.761,12.2,20931.2695,165.1495,19.8,37.44,14.805,80.4583
bergen,60.39,5.3183,2026-06-18 18:13:58,2026-06-12 23:59:59,13.861,10.411,8.3,0.0,144.0782,23.4,44.28,16.44,84.625
bergen,60.39,5.3183,2026-06-18 18:13:58,2026-06-13 23:59:59,16.961,10.761,1.5,14851.3945,330.0152,19.8,37.08,10.545,60.8333
bergen,60.39,5.3183,2026-06-18 18:13:58,2026-06-14 23:59:59,22.111,10.111,0.0,59657.4609,335.1102,28.8,52.2,14.205,3.4583
bergen,60.39,5.3183,2026-06-18 18:13:58,2026-06-15 23:59:59,18.361,9.711,0.0,62066.0547,329.4926,18.72,37.08,14.1,0.0
bergen,60.39,5.3183,2026-06-18 18:13:58,2026-06-16 23:59:59,18.061,9.461,0.0,61517.5039,283.1709,15.48,32.04,8.82,0.0
bergen,60.39,5.3183,2026-06-18 18:13:58,2026-06-17 23:59:59,14.761,9.711,5.7,997.6142,164.3232,16.56,30.6,8.445,35.7917
bergen,60.39,5.3183,2026-06-18 18:13:58,2026-06-18 23:59:59,18.861,11.761,1.1,27334.9199,174.6553,15.12,29.16,12.165,25.0
bergen,60.39,5.3183,2026-06-18 18:13:58,2026-06-19 23:59:59,20.211,14.511,6.5,0.0,158.358,25.56,46.08,21.465,78.1667
bergen,60.39,5.3183,2026-06-18 18:13:58,2026-06-20 23:59:59,16.961,12.661,20.2,0.0,184.2613,25.2,49.32,15.3,69.2917
bergen,60.39,5.3183,2026-06-18 18:13:58,2026-06-21 23:59:59,15.25,9.55,4.075,45659.7031,223.2583,14.418,37.08,11.2205,42.5
bergen,60.39,5.3183,2026-06-18 18:13:58,2026-06-22 23:59:59,15.3,8.05,0.0,65857.0078,318.6847,11.0521,33.48,4.7451,8.625
bergen,60.39,5.3183,2026-06-18 18:13:58,2026-06-23 23:59:59,15.3,10.3,37.8,0.0,172.2225,19.3138,50.76,11.6991,55.5417
bergen,60.39,5.3183,2026-06-18 18:13:58,2026-06-24 23:59:59,12.6,9.35,4.8,0.0,306.9985,26.5797,59.04,17.5029,62.5417
bergen,60.39,5.3183,2026-06-18 18:13:58,2026-06-25 23:59:59,14.0,8.6,0.0,67009.8984,319.8637,14.2063,51.84,8.9544,29.5833
bergen,60.39,5.3183,2026-06-18 18:13:58,2026-06-26 23:59:59,13.0,10.15,7.0,28729.9551,256.6697,12.1563,34.92,7.8302,30.25
bergen,60.39,5.3183,2026-06-18 18:13:58,2026-06-27 23:59:59,14.1,9.05,4.4,50056.6094,308.7749,14.312,36.0,7.7079,31.875
bergen,60.39,5.3183,2026-06-18 18:13:58,2026-06-28 23:59:59,18.8,7.9,0.0,51208.4414,165.9544,19.7705,47.52,12.1306,44.0
bergen,60.39,5.3183,2026-06-18 18:13:58,2026-06-29 23:59:59,23.2,14.65,0.0,66756.9531,175.5437,18.9684,44.64,14.4037,36.7917
bergen,60.39,5.3183,2026-06-18 18:13:58,2026-06-30 23:59:59,23.35,15.7,1.8,66587.7031,159.221,22.1371,59.4,11.7005,41.5833
bergen,60.39,5.3183,2026-06-18 18:13:58,2026-07-01 23:59:59,18.3,10.6,8.4,0.0,290.9821,22.7342,56.16,15.0705,39.6667
stockholm,59.3289,18.0724,2026-06-18 18:13:58,2026-06-11 23:59:59,19.0675,12.9675,0.0,23552.0664,200.7616,14.04,26.64,8.235,19.7083
stockholm,59.3289,18.0724,2026-06-18 18:13:58,2026-06-12 23:59:59,20.9175,12.5675,0.0,53966.6914,231.7515,19.44,41.4,14.385,6.625
stockholm,59.3289,18.0724,2026-06-18 18:13:58,2026-06-13 23:59:59,20.2175,12.6675,0.0,60177.4453,139.9832,18.0,39.24,14.55,5.3333
stockholm,59.3289,18.0724,2026-06-18 18:13:58,2026-06-14 23:59:59,14.9675,12.3175,4.7,0.0,270.8136,19.8,37.8,11.685,62.1667
stockholm,59.3289,18.0724,2026-06-18 18:13:58,2026-06-15 23:59:59,17.1175,11.8175,12.4,1686.0184,5.4888,23.04,42.12,14.115,72.7083
stockholm,59.3289,18.0724,2026-06-18 18:13:58,2026-06-16 23:59:59,15.1675,11.1175,6.8,6346.3325,334.7373,25.56,46.8,17.265,61.0417
stockholm,59.3289,18.0724,2026-06-18 18:13:58,2026-06-17 23:59:59,22.7175,13.1675,0.0,57026.3594,293.4151,19.44,41.76,15.06,0.0
stockholm,59.3289,18.0724,2026-06-18 18:13:58,2026-06-18 23:59:59,20.9175,15.0675,0.0,35623.3008,264.5215,17.28,36.36,15.03,14.3333
stockholm,59.3289,18.0724,2026-06-18 18:13:58,2026-06-19 23:59:59,25.5175,15.7675,0.0,58250.5938,220.7766,16.2,35.28,10.755,3.5
stockholm,59.3289,18.0724,2026-06-18 18:13:58,2026-06-20 23:59:59,26.6675,18.9675,4.4,41631.6914,200.2948,27.0,63.72,15.39,9.4167
stockholm,59.3289,18.0724,2026-06-18 18:13:58,2026-06-21 23:59:59,23.25,16.9,0.0,64680.4883,265.1671,15.0092,33.84,13.0055,2.375
stockholm,59.3289,18.0724,2026-06-18 18:13:58,2026-06-22 23:59:59,21.55,14.4,0.3,64844.0508,12.0948,10.8374,29.16,8.4393,2.7917
stockholm,59.3289,18.0724,2026-06-18 18:13:58,2026-06-23 23:59:59,19.95,13.55,0.4,58500.2422,149.718,19.0085,44.64,13.5535,11.1667
stockholm,59.3289,18.0724,2026-06-18 18:13:58,2026-06-24 23:59:59,19.25,13.5,16.2,43142.5703,262.7735,23.9339,55.8,18.1702,37.6667
stockholm,59.3289,18.0724,2026-06-18 18:13:58,2026-06-25 23:59:59,16.5,13.0,2.0,22158.1211,337.3578,30.6767,70.92,24.1849,18.375
stockholm,59.3289,18.0724,2026-06-18 18:13:58,2026-06-26 23:59:59,20.0,12.8,0.6,65580.9766,315.5561,13.661,45.72,8.4087,12.625
stockholm,59.3289,18.0724,2026-06-18 18:13:58,2026-06-27 23:59:59,17.35,14.0,0.6,64885.1602,334.2003,12.4291,35.64,7.0906,11.625
stockholm,59.3289,18.0724,2026-06-18 18:13:58,2026-06-28 23:59:59,18.25,12.5,0.0,65548.3828,311.3694,17.2058,41.04,12.9261,10.3333
stockholm,59.3289,18.0724,2026-06-18 18:13:58,2026-06-29 23:59:59,24.9,12.9,0.0,64879.9844,243.166,11.6389,30.24,8.0683,18.3333
stockholm,59.3289,18.0724,2026-06-18 18:13:58,2026-06-30 23:59:59,28.05,17.85,0.0,64872.7969,225.0303,12.2453,30.6,10.7864,16.0
stockholm,59.3289,18.0724,2026-06-18 18:13:58,2026-07-01 23:59:59,28.35,19.55,0.0,64861.7891,194.64,15.4517,36.0,12.4393,14.5417
aachen,50.782,6.09,2026-06-19 10:34:42,2026-06-18 23:59:59,33.426,20.176,0.0,53737.5859,231.23,20.16,43.2,7.125,0.5
aachen,50.782,6.09,2026-06-19 10:34:42,2026-06-19 23:59:59,35.476,22.226,10.9,33344.6914,186.2643,21.24,81.72,11.535,22.5417
aachen,50.782,6.09,2026-06-19 10:34:42,2026-06-20 23:59:59,32.126,22.826,0.0,54000.0,249.6533,16.92,33.12,11.76,8.2917
aachen,50.782,6.09,2026-06-19 10:34:42,2026-06-21 23:59:59,32.526,22.526,0.1,45836.5039,53.5289,22.32,52.56,9.6369,10.9583
aachen,50.782,6.09,2026-06-19 10:34:42,2026-06-22 23:59:59,32.8,20.8,0.6,56762.8555,31.8131,11.6889,28.08,7.2629,4.0833
aachen,50.782,6.09,2026-06-19 10:34:42,2026-06-23 23:59:59,32.35,20.85,1.5,58595.4141,203.811,18.2236,41.76,5.8256,4.75
aachen,50.782,6.09,2026-06-19 10:34:42,2026-06-24 23:59:59,30.6,22.55,0.0,58145.1094,339.07,13.3795,37.08,9.1464,2.8333
aachen,50.782,6.09,2026-06-19 10:34:42,2026-06-25 23:59:59,27.3,19.1,0.0,58560.5508,43.1187,15.0771,36.72,11.8261,0.5
aachen,50.782,6.09,2026-06-19 10:34:42,2026-06-26 23:59:59,32.0,18.2,0.0,58534.875,79.7346,15.5364,39.6,13.8146,2.2083
aachen,50.782,6.09,2026-06-19 10:34:42,2026-06-27 23:59:59,37.25,22.25,0.0,58503.707,107.4762,15.0092,33.12,11.3691,3.2917
aachen,50.782,6.09,2026-06-19 10:34:42,2026-06-28 23:59:59,36.65,27.25,1.8,58467.0898,267.4923,9.5671,28.44,7.4538,12.0
aachen,50.782,6.09,2026-06-19 10:34:42,2026-06-29 23:59:59,37.15,25.35,0.0,58186.8984,65.319,11.9358,32.4,7.9348,20.7917
aachen,50.782,6.09,2026-06-19 10:34:42,2026-06-30 23:59:59,38.95,26.8,0.0,58377.6133,133.227,10.6915,29.88,7.075,19.2917
aachen,50.782,6.09,2026-06-19 10:34:42,2026-07-01 23:59:59,36.4,27.5,0.0,58187.0039,231.9272,13.3564,38.16,7.103,24.0833
aachen,50.782,6.09,2026-06-19 10:34:42,2026-07-02 23:59:59,36.0,26.0,0.0,58266.5742,236.7235,9.8541,51.84,7.5064,27.5833
munich,48.14,11.58,2026-06-19 10:34:42,2026-06-18 23:59:59,30.515,16.815,0.0,53739.6523,99.306,12.1816,22.32,5.3387,0.0
munich,48.14,11.58,2026-06-19 10:34:42,2026-06-19 23:59:59,33.415,17.765,0.0,50400.0,104.0978,14.9172,33.84,6.5556,1.3333
munich,48.14,11.58,2026-06-19 10:34:42,2026-06-20 23:59:59,32.715,20.865,0.0,45066.3984,267.5203,15.3074,36.36,7.8286,19.25
munich,48.14,11.58,2026-06-19 10:34:42,2026-06-21 23:59:59,31.9715,20.4416,0.6,49010.7305,126.204,13.5706,38.16,4.4786,7.125
munich,48.14,11.58,2026-06-19 10:34:42,2026-06-22 23:59:59,31.5215,18.9715,0.0,54000.0,88.3432,8.8913,28.08,4.694,3.875
munich,48.14,11.58,2026-06-19 10:34:42,2026-06-23 23:59:59,33.7215,18.5715,0.0,56377.1367,185.2031,7.2894,21.96,3.7222,3.2292
munich,48.14,11.58,2026-06-19 10:34:42,2026-06-24 23:59:59,34.708,20.008,0.0,55719.0312,261.3101,16.1198,37.08,9.3784,0.5625
munich,48.14,11.58,2026-06-19 10:34:42,2026-06-25 23:59:59,29.458,19.258,0.0,53560.3555,7.831,10.4648,26.28,5.4538,4.4583
munich,48.14,11.58,2026-06-19 10:34:42,2026-06-26 23:59:59,32.05,14.508,0.0,56819.8945,45.3467,13.3795,37.44,8.5305,4.1771
munich,48.14,11.58,2026-06-19 10:34:42,2026-06-27 23:59:59,32.15,21.75,0.0,56775.3438,70.1567,15.1307,42.48,11.5961,1.5833
munich,48.14,11.58,2026-06-19 10:34:42,2026-06-28 23:59:59,31.3,20.85,0.0,56749.707,72.4238,12.7088,38.16,10.2481,7.7917
munich,48.14,11.58,2026-06-19 10:34:42,2026-06-29 23:59:59,32.4,21.5,0.0,56723.1562,65.9285,13.6907,36.72,9.5564,16.3333
munich,48.14,11.58,2026-06-19 10:34:42,2026-06-30 23:59:59,35.3,21.5,0.0,56696.4766,59.648,10.9445,32.76,6.5502,18.25
munich,48.14,11.58,2026-06-19 10:34:42,2026-07-01 23:59:59,36.55,23.85,0.0,56669.6133,36.4614,10.1632,33.12,5.5794,28.2917
munich,48.14,11.58,2026-06-19 10:34:42,2026-07-02 23:59:59,37.55,25.65,0.0,56641.3125,31.0247,10.384,34.2,5.7732,30.25
hamburg,53.56,10.0,2026-06-19 10:34:42,2026-06-18 23:59:59,27.1235,18.1735,0.0,46948.5,273.8758,13.9799,29.16,7.6495,0.0
hamburg,53.56,10.0,2026-06-19 10:34:42,2026-06-19 23:59:59,30.1235,19.6735,39.2,40881.5469,139.3355,12.7686,32.4,5.9347,11.0417
hamburg,53.56,10.0,2026-06-19 10:34:42,2026-06-20 23:59:59,30.8235,21.0235,1.5,47159.8672,279.0192,13.8542,41.4,7.9771,13.6667
hamburg,53.56,10.0,2026-06-19 10:34:42,2026-06-21 23:59:59,26.415,17.2839,0.0,54982.0,5.6646,9.3877,25.2,7.2504,0.0
hamburg,53.56,10.0,2026-06-19 10:34:42,2026-06-22 23:59:59,27.965,16.415,0.0,57263.6602,66.0253,10.1887,26.28,7.1564,1.25
hamburg,53.56,10.0,2026-06-19 10:34:42,2026-06-23 23:59:59,32.665,18.615,2.4,50241.6016,237.8036,14.6896,43.56,8.7514,9.2292
hamburg,53.56,10.0,2026-06-19 10:34:42,2026-06-24 23:59:59,23.276,14.976,0.0,60194.1367,291.5613,22.4618,50.4,17.3347,0.9375
hamburg,53.56,10.0,2026-06-19 10:34:42,2026-06-25 23:59:59,18.626,13.676,0.0,45977.0195,299.4468,19.8262,43.56,15.8115,0.0
hamburg,53.56,10.0,2026-06-19 10:34:42,2026-06-26 23:59:59,27.8,11.876,0.0,60346.5469,341.3969,13.8915,30.6,9.172,1.9479
hamburg,53.56,10.0,2026-06-19 10:34:42,2026-06-27 23:59:59,29.65,19.0,0.0,60317.7773,110.9915,16.8336,38.52,12.7834,2.4583
hamburg,53.56,10.0,2026-06-19 10:34:42,2026-06-28 23:59:59,30.9,21.1,0.0,60275.5977,114.7469,17.3492,43.92,14.9441,8.4167
hamburg,53.56,10.0,2026-06-19 10:34:42,2026-06-29 23:59:59,33.6,21.95,0.0,60227.1758,122.0631,12.4837,33.48,10.283,12.1667
hamburg,53.56,10.0,2026-06-19 10:34:42,2026-06-30 23:59:59,36.85,24.35,0.0,60172.5547,118.8723,12.1577,31.32,9.2077,15.5
hamburg,53.56,10.0,2026-06-19 10:34:42,2026-07-01 23:59:59,39.45,26.5,0.0,60111.8672,122.1186,7.1322,28.08,4.3711,23.1667
hamburg,53.56,10.0,2026-06-19 10:34:42,2026-07-02 23:59:59,38.45,28.05,0.6,60044.6445,287.0029,11.4481,41.76,7.4075,16.6667
freiburg,48.0,7.84,2026-06-19 10:34:42,2026-06-18 23:59:59,33.848,18.948,0.0,54000.0,91.4687,11.9236,24.84,6.0561,0.0
freiburg,48.0,7.84,2026-06-19 10:34:42,2026-06-19 23:59:59,35.448,20.198,0.0,42837.0234,169.4986,13.2174,44.64,6.4183,4.4167
freiburg,48.0,7.84,2026-06-19 10:34:42,2026-06-20 23:59:59,36.148,22.298,0.0,54000.0,189.0981,15.7908,35.64,6.571,0.4583
freiburg,48.0,7.84,2026-06-19 10:34:42,2026-06-21 23:59:59,36.731,21.6187,0.2,53418.918,85.7863,11.7539,29.88,5.7906,1.5833
freiburg,48.0,7.84,2026-06-19 10:34:42,2026-06-22 23:59:59,37.331,20.431,0.0,55311.3672,25.5207,8.5571,24.84,5.2159,0.8333
freiburg,48.0,7.84,2026-06-19 10:34:42,2026-06-23 23:59:59,38.781,22.681,0.0,55839.125,170.6565,6.916,19.08,4.0718,0.7812
freiburg,48.0,7.84,2026-06-19 10:34:42,2026-06-24 23:59:59,36.4655,22.2655,0.0,55844.5625,27.9015,11.929,33.12,7.3095,0.0
freiburg,48.0,7.84,2026-06-19 10:34:42,2026-06-25 23:59:59,32.7155,18.3655,0.0,55852.0195,359.8014,16.6225,40.68,8.9004,2.0833
freiburg,48.0,7.84,2026-06-19 10:34:42,2026-06-26 23:59:59,35.45,16.0655,0.0,56131.8867,342.7468,12.6935,32.04,7.0132,1.4583
freiburg,48.0,7.84,2026-06-19 10:34:42,2026-06-27 23:59:59,37.0,22.0,0.0,55739.2383,20.0561,5.415,26.64,4.1762,3.4167
freiburg,48.0,7.84,2026-06-19 10:34:42,2026-06-28 23:59:59,37.3,24.25,0.0,56582.1172,28.4167,10.3041,27.0,5.4428,11.5833
freiburg,48.0,7.84,2026-06-19 10:34:42,2026-06-29 23:59:59,36.85,23.2,0.0,56588.0078,359.1118,7.5621,24.84,4.6128,22.0
freiburg,48.0,7.84,2026-06-19 10:34:42,2026-06-30 23:59:59,37.35,24.0,0.0,56591.582,276.5067,10.3041,23.76,5.7633,29.625
freiburg,48.0,7.84,2026-06-19 10:34:42,2026-07-01 23:59:59,38.05,26.8,0.0,56358.1289,290.8424,4.1086,23.04,2.5634,29.5833
freiburg,48.0,7.84,2026-06-19 10:34:42,2026-07-02 23:59:59,37.2,24.75,0.0,56176.8828,27.4532,10.5481,29.52,4.5961,28.0417
leipzig,51.34,12.38,2026-06-19 10:34:42,2026-06-18 23:59:59,30.613,17.913,0.0,50770.3516,248.2334,10.4648,30.24,5.8204,0.0
leipzig,51.34,12.38,2026-06-19 10:34:42,2026-06-19 23:59:59,34.013,19.313,0.0,55390.6328,198.0042,13.7979,29.88,6.0269,3.5
leipzig,51.34,12.38,2026-06-19 10:34:42,2026-06-20 23:59:59,30.313,20.313,40.4,36978.6172,269.2717,16.3434,41.76,6.0687,11.5
leipzig,51.34,12.38,2026-06-19 10:34:42,2026-06-21 23:59:59,31.565,19.413,0.6,36299.0078,313.9666,7.3866,30.24,4.517,13.0833
leipzig,51.34,12.38,2026-06-19 10:34:42,2026-06-22 23:59:59,31.315,19.965,0.6,53093.5156,48.2398,6.6185,21.96,4.1275,5.625
leipzig,51.34,12.38,2026-06-19 10:34:42,2026-06-23 23:59:59,32.965,21.415,1.2,54828.5938,180.7865,9.1994,34.56,4.9059,12.1771
leipzig,51.34,12.38,2026-06-19 10:34:42,2026-06-24 23:59:59,28.526,19.826,0.0,52900.7578,312.5978,15.1243,39.24,11.8791,3.7812
leipzig,51.34,12.38,2026-06-19 10:34:42,2026-06-25 23:59:59,22.726,13.126,0.0,58144.2109,316.3241,13.0447,33.84,10.6717,0.0
leipzig,51.34,12.38,2026-06-19 10:34:42,2026-06-26 23:59:59,28.55,10.576,0.0,58897.5859,6.8724,11.7787,30.6,8.4979,0.6458
leipzig,51.34,12.38,2026-06-19 10:34:42,2026-06-27 23:59:59,30.45,20.45,0.0,58851.8477,86.5123,18.0081,42.12,14.0224,0.5
leipzig,51.34,12.38,2026-06-19 10:34:42,2026-06-28 23:59:59,31.15,21.55,0.0,58814.2031,102.1289,15.8615,41.76,11.5887,6.0
leipzig,51.34,12.38,2026-06-19 10:34:42,2026-06-29 23:59:59,34.85,21.65,0.0,58770.9805,113.471,12.5704,32.04,8.3494,8.375
leipzig,51.34,12.38,2026-06-19 10:34:42,2026-06-30 23:59:59,37.15,24.85,0.0,58722.2109,141.3532,11.8855,33.48,10.6372,14.9167
leipzig,51.34,12.38,2026-06-19 10:34:42,2026-07-01 23:59:59,39.0,26.8,0.0,58668.0391,157.9464,11.682,29.16,8.441,20.625
leipzig,51.34,12.38,2026-06-19 10:34:42,2026-07-02 23:59:59,40.8,27.8,0.0,58608.0352,181.3127,10.0623,28.08,7.9572,22.8333
frankfurt,50.12,8.68,2026-06-19 10:34:42,2026-06-18 23:59:59,33.743,16.893,0.0,50400.0,154.3349,7.517,19.44,3.9993,0.0
frankfurt,50.12,8.68,2026-06-19 10:34:42,2026-06-19 23:59:59,35.693,20.343,0.0,44515.1445,355.9719,24.3127,50.76,4.8163,5.875
frankfurt,50.12,8.68,2026-06-19 10:34:42,2026-06-20 23:59:59,35.993,23.343,0.0,45206.2305,176.5434,13.2027,49.32,5.4618,1.9583
frankfurt,50.12,8.68,2026-06-19 10:34:42,2026-06-21 23:59:59,33.6975,22.1191,0.6,44348.3711,31.3138,12.0748,34.2,6.1078,11.4167
frankfurt,50.12,8.68,2026-06-19 10:34:42,2026-06-22 23:59:59,36.3975,20.8975,0.6,52485.8242,37.0894,11.4862,31.68,4.8518,6.4583
frankfurt,50.12,8.68,2026-06-19 10:34:42,2026-06-23 23:59:59,39.1475,22.2475,0.0,57049.4219,224.3663,8.6699,28.44,4.1959,3.7188
frankfurt,50.12,8.68,2026-06-19 10:34:42,2026-06-24 23:59:59,32.102,20.302,0.0,58180.1406,329.2079,11.682,33.12,7.7136,0.0208
frankfurt,50.12,8.68,2026-06-19 10:34:42,2026-06-25 23:59:59,25.602,15.602,0.0,57524.6055,20.5773,12.5743,34.92,9.5473,1.625
frankfurt,50.12,8.68,2026-06-19 10:34:42,2026-06-26 23:59:59,32.45,12.852,0.0,57959.3555,32.8894,17.024,38.52,11.2847,0.5
frankfurt,50.12,8.68,2026-06-19 10:34:42,2026-06-27 23:59:59,35.9,22.05,0.0,58083.7852,72.5848,11.9899,37.8,10.0683,1.75
frankfurt,50.12,8.68,2026-06-19 10:34:42,2026-06-28 23:59:59,36.6,23.85,0.0,58048.3945,54.0385,9.1959,26.28,7.8989,10.25
frankfurt,50.12,8.68,2026-06-19 10:34:42,2026-06-29 23:59:59,37.0,24.1,0.0,58007.7578,35.9292,10.5465,26.28,7.5145,15.375
frankfurt,50.12,8.68,2026-06-19 10:34:42,2026-06-30 23:59:59,38.25,24.95,0.0,57961.9023,79.6607,10.348,30.96,7.4405,22.125
frankfurt,50.12,8.68,2026-06-19 10:34:42,2026-07-01 23:59:59,40.45,25.5,0.0,57910.9688,43.9105,7.7734,28.8,5.5315,18.3333
frankfurt,50.12,8.68,2026-06-19 10:34:42,2026-07-02 23:59:59,40.0,26.45,0.0,57854.5586,327.4354,11.3343,36.0,4.8899,22.25
darmstadt,49.88,8.64,2026-06-19 10:34:42,2026-06-18 23:59:59,33.0545,18.9045,0.0,53670.6289,137.9109,6.4399,18.72,3.5796,0.0
darmstadt,49.88,8.64,2026-06-19 10:34:42,2026-06-19 23:59:59,35.7545,18.8545,0.0,44596.9062,187.125,15.2735,37.8,5.3995,5.75
darmstadt,49.88,8.64,2026-06-19 10:34:42,2026-06-20 23:59:59,36.2545,24.2045,0.0,46800.0,201.0892,13.1042,41.76,6.1015,1.7917
darmstadt,49.88,8.64,2026-06-19 10:34:42,2026-06-21 23:59:59,35.7635,22.1192,0.8,47773.7422,46.8272,9.1782,46.8,5.4197,9.7917
darmstadt,49.88,8.64,2026-06-19 10:34:42,2026-06-22 23:59:59,37.6635,20.5135,0.0,53553.0,47.9006,8.655,30.24,4.7483,3.2917
darmstadt,49.88,8.64,2026-06-19 10:34:42,2026-06-23 23:59:59,39.6635,22.4135,0.3,56536.9023,191.8799,8.6998,27.36,4.4546,3.5521
darmstadt,49.88,8.64,2026-06-19 10:34:42,2026-06-24 23:59:59,32.4005,21.0505,0.0,57833.957,324.2244,13.5324,35.64,9.2222,0.0208
darmstadt,49.88,8.64,2026-06-19 10:34:42,2026-06-25 23:59:59,26.3005,15.6005,0.0,57264.0117,20.0879,13.9055,35.28,10.5547,1.625
darmstadt,49.88,8.64,2026-06-19 10:34:42,2026-06-26 23:59:59,34.15,10.8505,0.0,57484.6953,54.2649,14.7435,34.2,10.2217,0.5
darmstadt,49.88,8.64,2026-06-19 10:34:42,2026-06-27 23:59:59,36.35,22.9,0.0,57960.9375,78.7393,15.7672,34.92,12.1951,1.75
darmstadt,49.88,8.64,2026-06-19 10:34:42,2026-06-28 23:59:59,37.15,24.8,0.0,57925.9062,82.0048,14.9573,30.24,9.9364,10.25
darmstadt,49.88,8.64,2026-06-19 10:34:42,2026-06-29 23:59:59,37.45,25.85,0.0,57885.6719,84.2695,10.8956,29.88,9.0348,15.375
darmstadt,49.88,8.64,2026-06-19 10:34:42,2026-06-30 23:59:59,39.0,26.55,0.0,57840.2734,89.8938,11.1658,27.72,8.3542,22.125
darmstadt,49.88,8.64,2026-06-19 10:34:42,2026-07-01 23:59:59,40.85,26.3,0.0,57789.8516,63.6537,5.2479,24.84,2.3357,18.3333
darmstadt,49.88,8.64,2026-06-19 10:34:42,2026-07-02 23:59:59,39.25,27.35,0.0,57734.0117,270.183,7.5364,61.2,4.3223,22.25
berlin,52.52,13.4,2026-06-19 10:34:42,2026-06-18 23:59:59,28.452,20.002,0.0,51718.9922,274.2757,13.2761,32.4,7.9105,2.2917
berlin,52.52,13.4,2026-06-19 10:34:42,2026-06-19 23:59:59,33.752,19.652,5.1,51066.2812,145.8578,14.04,74.16,7.2043,3.625
berlin,52.52,13.4,2026-06-19 10:34:42,2026-06-20 23:59:59,34.402,21.202,0.0,41057.6602,155.2249,15.0038,41.4,7.4753,7.9167
berlin,52.52,13.4,2026-06-19 10:34:42,2026-06-21 23:59:59,30.639,21.389,0.1,48017.0664,339.0175,11.4806,28.8,8.0358,3.5
berlin,52.52,13.4,2026-06-19 10:34:42,2026-06-22 23:59:59,29.189,18.089,0.0,53805.0859,60.8929,8.2172,21.96,6.5114,1.125
berlin,52.52,13.4,2026-06-19 10:34:42,2026-06-23 23:59:59,32.189,19.489,0.325,44219.9727,182.7324,11.7924,42.84,7.4789,16.1667
berlin,52.52,13.4,2026-06-19 10:34:42,2026-06-24 23:59:59,27.226,17.826,0.125,52274.3125,300.7028,15.9785,40.68,12.8458,1.7188
berlin,52.52,13.4,2026-06-19 10:34:42,2026-06-25 23:59:59,22.776,14.326,0.0,49135.0781,302.209,14.3323,38.16,12.2513,0.0
berlin,52.52,13.4,2026-06-19 10:34:42,2026-06-26 23:59:59,28.55,11.726,0.0,59184.8828,348.4204,11.0901,29.88,9.3173,0.3229
berlin,52.52,13.4,2026-06-19 10:34:42,2026-06-27 23:59:59,29.15,19.15,0.0,59445.6758,102.7143,12.98,38.16,12.1731,1.25
berlin,52.52,13.4,2026-06-19 10:34:42,2026-06-28 23:59:59,29.85,20.4,0.0,59170.418,101.2498,13.3394,35.28,11.4575,6.2083
berlin,52.52,13.4,2026-06-19 10:34:42,2026-06-29 23:59:59,34.5,21.85,0.0,59158.0078,113.1987,12.5226,36.0,10.9659,9.5833
berlin,52.52,13.4,2026-06-19 10:34:42,2026-06-30 23:59:59,37.7,24.95,0.0,59142.082,139.4927,11.9236,34.92,10.6122,11.75
berlin,52.52,13.4,2026-06-19 10:34:42,2026-07-01 23:59:59,40.3,27.7,0.0,59122.7031,163.6639,10.8554,32.4,6.9101,20.125
berlin,52.52,13.4,2026-06-19 10:34:42,2026-07-02 23:59:59,41.5,29.45,0.0,59100.0898,253.3472,13.6195,38.88,8.0453,21.4167
valencia,39.5,-0.375,2026-06-19 10:34:42,2026-06-18 23:59:59,27.6825,20.2325,0.0,45602.8477,63.1198,12.98,34.56,6.5253,1.2917
valencia,39.5,-0.375,2026-06-19 10:34:42,2026-06-19 23:59:59,28.5325,20.6825,0.0,50400.0,65.2475,15.2268,37.08,7.1476,0.0
valencia,39.5,-0.375,2026-06-19 10:34:42,2026-06-20 23:59:59,29.0325,21.9825,0.0,50400.0,58.3488,16.7468,45.36,7.9629,0.25
valencia,39.5,-0.375,2026-06-19 10:34:42,2026-06-21 23:59:59,31.0325,21.9325,0.0,50400.0,69.8697,13.1388,32.76,6.3815,0.0
valencia,39.5,-0.375,2026-06-19 10:34:42,2026-06-22 23:59:59,33.1825,22.1325,0.0,51631.6328,113.8912,12.3034,30.6,5.4562,0.0
valencia,39.5,-0.375,2026-06-19 10:34:42,2026-06-23 23:59:59,31.7825,22.0825,0.0,52054.4844,87.5185,11.929,31.32,5.7296,0.0
valencia,39.5,-0.375,2026-06-19 10:34:42,2026-06-24 23:59:59,34.7645,21.0645,0.0,52058.0508,115.4462,13.8962,33.48,6.226,0.0
valencia,39.5,-0.375,2026-06-19 10:34:42,2026-06-25 23:59:59,36.3145,22.2145,0.0,52063.2539,135.7805,16.2798,38.88,7.2596,0.0
valencia,39.5,-0.375,2026-06-19 10:34:42,2026-06-26 23:59:59,33.9859,22.3145,0.0,52176.5469,79.6479,14.0584,41.04,8.7674,0.5
valencia,39.5,-0.375,2026-06-19 10:34:42,2026-06-27 23:59:59,29.0,25.15,0.0,52081.4297,67.3755,15.1211,45.0,9.0585,1.1667
valencia,39.5,-0.375,2026-06-19 10:34:42,2026-06-28 23:59:59,31.15,24.8,0.0,52202.8984,93.288,13.3273,39.96,6.6164,2.5
valencia,39.5,-0.375,2026-06-19 10:34:42,2026-06-29 23:59:59,32.2,25.05,0.0,52212.5703,108.1472,11.8322,37.08,6.5193,1.875
valencia,39.5,-0.375,2026-06-19 10:34:42,2026-06-30 23:59:59,31.2,24.85,0.0,52220.6094,88.8016,12.9312,38.88,6.5785,1.5417
valencia,39.5,-0.375,2026-06-19 10:34:42,2026-07-01 23:59:59,30.95,25.85,0.0,52226.9258,60.4741,14.0964,43.2,8.7911,3.875
valencia,39.5,-0.375,2026-06-19 10:34:42,2026-07-02 23:59:59,30.1,26.0,1.2,51592.7422,57.3405,15.6559,45.0,13.5126,3.875
madrid,40.4375,-3.6875,2026-06-19 10:34:42,2026-06-18 23:59:59,34.2655,20.8155,0.0,50851.6641,120.2443,9.8327,25.92,7.1223,0.125
madrid,40.4375,-3.6875,2026-06-19 10:34:42,2026-06-19 23:59:59,34.4155,22.0655,0.2,46623.2852,124.3613,9.1074,27.36,6.292,2.875
madrid,40.4375,-3.6875,2026-06-19 10:34:42,2026-06-20 23:59:59,37.0155,22.3155,0.5,44793.1953,102.1443,10.83,64.08,7.3178,6.2083
madrid,40.4375,-3.6875,2026-06-19 10:34:42,2026-06-21 23:59:59,38.7155,23.0155,0.2,52210.293,118.4601,18.079,47.52,9.4997,2.5
madrid,40.4375,-3.6875,2026-06-19 10:34:42,2026-06-22 23:59:59,39.8655,24.0155,0.0,52745.332,110.034,12.7686,33.84,7.5901,0.0833
madrid,40.4375,-3.6875,2026-06-19 10:34:42,2026-06-23 23:59:59,39.5655,23.6155,0.0,51567.7109,62.8235,17.3175,51.84,5.8825,0.0
madrid,40.4375,-3.6875,2026-06-19 10:34:42,2026-06-24 23:59:59,36.809,23.259,0.6,52269.9531,68.0604,16.9047,41.04,6.6789,0.625
madrid,40.4375,-3.6875,2026-06-19 10:34:42,2026-06-25 23:59:59,37.309,22.859,0.0,53038.3086,121.5954,8.5571,24.12,6.1108,1.0
madrid,40.4375,-3.6875,2026-06-19 10:34:42,2026-06-26 23:59:59,32.4023,22.659,2.4,53026.9414,156.2114,10.2616,65.88,6.5324,3.7917
madrid,40.4375,-3.6875,2026-06-19 10:34:42,2026-06-27 23:59:59,31.2,20.35,0.0,53028.9453,274.0855,8.2447,34.92,5.3931,10.2917
madrid,40.4375,-3.6875,2026-06-19 10:34:42,2026-06-28 23:59:59,35.15,20.05,0.0,53028.7656,79.7261,11.5887,36.72,7.0097,8.875
madrid,40.4375,-3.6875,2026-06-19 10:34:42,2026-06-29 23:59:59,36.25,23.2,0.0,53026.3398,145.2607,12.0976,37.44,8.0997,4.375
madrid,40.4375,-3.6875,2026-06-19 10:34:42,2026-06-30 23:59:59,35.05,25.1,1.0,53021.6094,164.4949,12.5768,41.4,8.6994,5.125
madrid,40.4375,-3.6875,2026-06-19 10:34:42,2026-07-01 23:59:59,29.4,20.5,9.8,50444.6406,46.9502,9.7433,47.52,7.2336,3.1667
madrid,40.4375,-3.6875,2026-06-19 10:34:42,2026-07-02 23:59:59,27.9,16.65,1.8,53005.8789,9.2335,17.1227,37.8,10.3866,2.7917
london,51.5,-0.25,2026-06-19 10:34:42,2026-06-18 23:59:59,25.641,17.391,0.1,43200.0,215.0227,14.76,32.76,10.44,4.625
london,51.5,-0.25,2026-06-19 10:34:42,2026-06-19 23:59:59,28.741,18.991,0.0,55511.7812,226.2915,19.8,44.64,11.25,0.0
london,51.5,-0.25,2026-06-19 10:34:42,2026-06-20 23:59:59,26.291,17.491,0.0,31965.7109,248.9446,14.4,30.6,10.755,1.5
london,51.5,-0.25,2026-06-19 10:34:42,2026-06-21 23:59:59,28.4545,20.741,0.0,56054.7695,74.7259,15.48,33.84,8.955,3.25
london,51.5,-0.25,2026-06-19 10:34:42,2026-06-22 23:59:59,30.5545,19.5045,0.0,53439.4375,60.4278,11.88,24.48,9.585,4.5
london,51.5,-0.25,2026-06-19 10:34:42,2026-06-23 23:59:59,31.2545,19.8545,0.0,57355.1172,70.291,10.8,25.2,9.18,3.25
london,51.5,-0.25,2026-06-19 10:34:42,2026-06-24 23:59:59,32.4045,24.0045,0.0,57213.6875,39.8012,15.48,33.84,9.27,0.25
london,51.5,-0.25,2026-06-19 10:34:42,2026-06-25 23:59:59,29.0045,19.0045,0.0,57675.7695,64.8655,19.8,42.12,15.5703,0.625
london,51.5,-0.25,2026-06-19 10:34:42,2026-06-26 23:59:59,27.95,16.45,0.0,56202.0938,74.6178,16.454,46.08,14.4343,3.75
london,51.5,-0.25,2026-06-19 10:34:42,2026-06-27 23:59:59,36.15,20.35,0.6,57117.6172,109.5367,11.6723,39.96,9.2285,5.75
london,51.5,-0.25,2026-06-19 10:34:42,2026-06-28 23:59:59,32.4,23.0,0.0,56956.1797,259.454,11.8377,34.2,8.8179,10.5
london,51.5,-0.25,2026-06-19 10:34:42,2026-06-29 23:59:59,31.15,24.7,4.2,56968.5586,176.7756,9.5417,34.56,5.2002,14.5
london,51.5,-0.25,2026-06-19 10:34:42,2026-06-30 23:59:59,33.95,23.0,1.2,56981.4688,51.7304,7.2805,36.36,4.363,18.125
london,51.5,-0.25,2026-06-19 10:34:42,2026-07-01 23:59:59,33.6,23.25,3.4,56694.6484,51.4287,3.8773,34.92,2.4321,15.25
london,51.5,-0.25,2026-06-19 10:34:42,2026-07-02 23:59:59,31.95,22.45,3.0,55659.9609,320.9806,9.0072,36.36,4.659,16.25
amsterdam,52.366,4.901,2026-06-19 10:34:42,2026-06-18 23:59:59,29.1065,18.2565,0.0,46756.8555,259.1772,12.6,24.84,7.875,10.75
amsterdam,52.366,4.901,2026-06-19 10:34:42,2026-06-19 23:59:59,34.2565,21.8065,0.0,51635.8125,189.3486,18.0,38.88,12.045,26.1667
amsterdam,52.366,4.901,2026-06-19 10:34:42,2026-06-20 23:59:59,28.1565,21.4565,0.0,51305.4453,298.7801,21.24,40.32,12.39,1.4583
amsterdam,52.366,4.901,2026-06-19 10:34:42,2026-06-21 23:59:59,25.8565,19.3565,2.2,38553.6133,66.4374,20.52,39.96,12.663,8.8333
amsterdam,52.366,4.901,2026-06-19 10:34:42,2026-06-22 23:59:59,26.05,16.85,0.0,57581.8008,64.8252,13.2027,32.76,11.3586,2.75
amsterdam,52.366,4.901,2026-06-19 10:34:42,2026-06-23 23:59:59,30.4,17.95,1.2,59636.0078,155.1244,12.4669,37.8,8.3129,3.2083
amsterdam,52.366,4.901,2026-06-19 10:34:42,2026-06-24 23:59:59,27.45,18.35,0.0,59620.0859,351.0146,10.949,30.6,7.6218,1.125
amsterdam,52.366,4.901,2026-06-19 10:34:42,2026-06-25 23:59:59,22.2,16.45,0.0,59598.1797,54.0532,13.93,36.72,11.4729,1.0
amsterdam,52.366,4.901,2026-06-19 10:34:42,2026-06-26 23:59:59,25.7,14.6,0.0,59570.3086,68.3019,16.7593,41.76,14.6954,0.5
amsterdam,52.366,4.901,2026-06-19 10:34:42,2026-06-27 23:59:59,33.6,19.75,0.0,59536.4961,92.823,14.1938,37.8,10.7707,2.0
amsterdam,52.366,4.901,2026-06-19 10:34:42,2026-06-28 23:59:59,33.25,23.1,0.0,59496.7695,255.8064,10.2616,31.68,7.4521,5.4583
amsterdam,52.366,4.901,2026-06-19 10:34:42,2026-06-29 23:59:59,34.7,21.3,0.0,59451.1641,21.5793,10.4725,29.88,6.198,14.5833
amsterdam,52.366,4.901,2026-06-19 10:34:42,2026-06-30 23:59:59,37.15,25.05,0.0,59399.7148,67.7406,11.1832,36.72,9.1154,16.875
amsterdam,52.366,4.901,2026-06-19 10:34:42,2026-07-01 23:59:59,33.2,23.85,0.0,59342.5586,313.3886,9.8475,31.68,6.5436,24.125
amsterdam,52.366,4.901,2026-06-19 10:34:42,2026-07-02 23:59:59,33.55,22.2,0.0,59008.9844,299.3867,8.1498,30.24,5.3543,24.2917
paris,48.86,2.36,2026-06-19 10:34:42,2026-06-18 23:59:59,36.815,19.115,0.0,44700.5469,133.4846,22.6686,45.72,8.4517,3.5833
paris,48.86,2.36,2026-06-19 10:34:42,2026-06-19 23:59:59,36.665,21.815,0.0,55088.1445,165.3669,13.2761,28.44,9.4173,6.3333
paris,48.86,2.36,2026-06-19 10:34:42,2026-06-20 23:59:59,35.565,22.065,0.4,50400.0,109.2129,31.3675,64.08,6.7099,5.0
paris,48.86,2.36,2026-06-19 10:34:42,2026-06-21 23:59:59,38.0995,22.4323,0.0,49173.9844,75.3669,9.6933,21.24,4.5425,4.9167
paris,48.86,2.36,2026-06-19 10:34:42,2026-06-22 23:59:59,39.9495,23.6495,0.0,56833.5781,68.0025,4.68,16.56,2.7268,1.4583
paris,48.86,2.36,2026-06-19 10:34:42,2026-06-23 23:59:59,39.1495,24.2995,0.0,57103.7227,297.2692,16.8086,42.12,7.8974,1.4375
paris,48.86,2.36,2026-06-19 10:34:42,2026-06-24 23:59:59,31.2495,18.6495,0.0,57109.6406,340.9221,14.278,33.48,10.1398,0.0208
paris,48.86,2.36,2026-06-19 10:34:42,2026-06-25 23:59:59,27.3995,15.7995,0.0,57112.8008,28.1347,15.576,38.52,13.0087,0.0
paris,48.86,2.36,2026-06-19 10:34:42,2026-06-26 23:59:59,36.45,16.0995,0.0,57137.9414,52.4147,12.4135,36.36,10.2167,1.1667
paris,48.86,2.36,2026-06-19 10:34:42,2026-06-27 23:59:59,39.15,25.2,6.0,57135.375,52.4313,7.9567,52.2,5.5563,12.125
paris,48.86,2.36,2026-06-19 10:34:42,2026-06-28 23:59:59,33.15,21.6,0.0,57129.875,340.1617,9.2205,30.96,7.274,15.7083
paris,48.86,2.36,2026-06-19 10:34:42,2026-06-29 23:59:59,34.6,23.1,0.6,57121.3828,2.8897,7.5793,38.16,5.6503,19.3333
paris,48.86,2.36,2026-06-19 10:34:42,2026-06-30 23:59:59,38.45,25.35,2.4,57109.8398,4.4228,17.3175,48.24,6.6547,22.125
paris,48.86,2.36,2026-06-19 10:34:42,2026-07-01 23:59:59,36.65,24.25,1.2,57095.3438,58.0936,6.8044,53.64,4.2552,15.3333
paris,48.86,2.36,2026-06-19 10:34:42,2026-07-02 23:59:59,35.9,23.95,0.0,57078.1328,34.2375,17.3819,49.68,7.1343,15.2917
prag,50.08,14.44,2026-06-19 10:34:42,2026-06-18 23:59:59,29.4985,18.4485,0.0,51797.4766,251.9565,8.2878,24.84,4.0347,0.0
prag,50.08,14.44,2026-06-19 10:34:42,2026-06-19 23:59:59,33.1985,19.5485,0.0,54038.2109,173.562,9.0288,22.32,4.356,0.0
prag,50.08,14.44,2026-06-19 10:34:42,2026-06-20 23:59:59,33.9985,22.0485,5.7,43149.0625,248.8186,21.6749,52.56,4.3908,6.75
prag,50.08,14.44,2026-06-19 10:34:42,2026-06-21 23:59:59,32.896,19.1985,0.2,49512.2031,344.6059,12.2241,34.56,6.3884,14.25
prag,50.08,14.44,2026-06-19 10:34:42,2026-06-22 23:59:59,28.896,20.696,2.0,54766.6914,33.8454,5.1544,20.88,3.2026,16.4167
prag,50.08,14.44,2026-06-19 10:34:42,2026-06-23 23:59:59,31.296,20.046,1.2,56613.8906,208.5869,6.7254,27.0,4.105,15.9375
prag,50.08,14.44,2026-06-19 10:34:42,2026-06-24 23:59:59,30.796,21.696,0.0,57600.0,326.6862,18.172,38.16,10.3813,0.6875
prag,50.08,14.44,2026-06-19 10:34:42,2026-06-25 23:59:59,23.146,15.696,0.0,57600.0,323.5887,15.2777,33.12,11.1806,1.0
prag,50.08,14.44,2026-06-19 10:34:42,2026-06-26 23:59:59,29.7,13.146,0.0,57750.7148,352.0981,14.04,37.44,9.2426,1.0417
prag,50.08,14.44,2026-06-19 10:34:42,2026-06-27 23:59:59,28.85,20.55,0.0,57708.4492,83.8152,15.2151,40.68,11.153,0.5417
prag,50.08,14.44,2026-06-19 10:34:42,2026-06-28 23:59:59,30.45,19.6,0.0,57682.5,88.1763,9.4496,36.0,7.7633,2.875
prag,50.08,14.44,2026-06-19 10:34:42,2026-06-29 23:59:59,33.25,21.2,0.0,57655.6953,93.1411,13.3795,33.84,8.6829,10.625
prag,50.08,14.44,2026-06-19 10:34:42,2026-06-30 23:59:59,36.35,23.5,0.0,57628.75,112.0943,12.0075,35.28,8.2686,16.1667
prag,50.08,14.44,2026-06-19 10:34:42,2026-07-01 23:59:59,37.75,25.85,0.0,57600.8906,140.9126,10.6505,31.68,6.7529,22.25
prag,50.08,14.44,2026-06-19 10:34:42,2026-07-02 23:59:59,39.05,26.3,0.0,57572.0664,169.907,10.6261,28.44,5.5555,16.0833
rome,41.875,12.5,2026-06-19 10:34:42,2026-06-18 23:59:59,33.9415,20.4915,0.0,50221.4141,250.4632,14.1137,35.64,5.2452,1.5
rome,41.875,12.5,2026-06-19 10:34:42,2026-06-19 23:59:59,35.0915,21.7415,0.0,50238.2656,251.1518,15.1414,38.16,6.2656,0.125
rome,41.875,12.5,2026-06-19 10:34:42,2026-06-20 23:59:59,35.0415,21.9915,0.0,50047.9062,224.2785,13.7556,33.84,6.0378,0.0
rome,41.875,12.5,2026-06-19 10:34:42,2026-06-21 23:59:59,35.0915,22.5415,0.0,49647.5586,231.0376,13.5132,33.48,5.7696,0.0
rome,41.875,12.5,2026-06-19 10:34:42,2026-06-22 23:59:59,35.1415,23.3415,0.3,48371.7734,239.5603,11.7539,30.6,4.3104,11.7917
rome,41.875,12.5,2026-06-19 10:34:42,2026-06-23 23:59:59,35.7415,23.9415,0.3,49847.5078,240.2937,13.237,33.12,5.816,4.7396
rome,41.875,12.5,2026-06-19 10:34:42,2026-06-24 23:59:59,36.735,22.835,0.0,53541.0039,245.5723,17.3884,42.12,5.7494,0.0417
rome,41.875,12.5,2026-06-19 10:34:42,2026-06-25 23:59:59,35.935,21.685,0.0,52091.9062,225.7221,14.3369,34.2,5.5073,0.0
rome,41.875,12.5,2026-06-19 10:34:42,2026-06-26 23:59:59,37.05,23.235,0.0,53558.2539,236.3629,13.1301,37.8,5.9913,5.3542
rome,41.875,12.5,2026-06-19 10:34:42,2026-06-27 23:59:59,39.1,26.95,0.0,53566.5469,244.5694,9.9278,42.84,4.4692,4.375
rome,41.875,12.5,2026-06-19 10:34:42,2026-06-28 23:59:59,37.55,26.8,0.0,53577.1875,252.128,11.8089,42.12,6.8753,3.5417
rome,41.875,12.5,2026-06-19 10:34:42,2026-06-29 23:59:59,36.3,25.7,0.0,53586.0469,247.9637,11.0521,44.64,5.9526,6.0
rome,41.875,12.5,2026-06-19 10:34:42,2026-06-30 23:59:59,35.45,26.0,0.0,53234.0469,240.4668,14.1137,40.68,6.8835,4.7083
rome,41.875,12.5,2026-06-19 10:34:42,2026-07-01 23:59:59,36.8,26.05,0.0,53598.2539,239.6254,16.8028,46.44,7.7951,2.4167
rome,41.875,12.5,2026-06-19 10:34:42,2026-07-02 23:59:59,37.2,26.5,0.0,53602.1133,244.3498,13.5778,41.04,6.3925,9.5417
zurich,47.38,8.54,2026-06-19 10:34:42,2026-06-18 23:59:59,32.472,18.172,0.0,54000.0,93.3664,6.1306,19.44,2.6433,0.0
zurich,47.38,8.54,2026-06-19 10:34:42,2026-06-19 23:59:59,34.472,20.322,2.2,37086.5625,110.5563,15.8931,63.72,4.0077,13.1667
zurich,47.38,8.54,2026-06-19 10:34:42,2026-06-20 23:59:59,34.072,20.122,0.0,50763.4883,220.1559,6.9899,17.28,3.861,1.375
zurich,47.38,8.54,2026-06-19 10:34:42,2026-06-21 23:59:59,34.706,20.7305,0.1,52886.25,68.764,11.2468,29.52,4.6644,0.4167
zurich,47.38,8.54,2026-06-19 10:34:42,2026-06-22 23:59:59,35.156,19.106,0.0,54218.5664,74.3502,10.9726,28.44,5.316,0.0
zurich,47.38,8.54,2026-06-19 10:34:42,2026-06-23 23:59:59,36.356,20.206,0.0,55125.8047,97.672,5.767,16.56,3.7899,2.1771
zurich,47.38,8.54,2026-06-19 10:34:42,2026-06-24 23:59:59,36.8095,21.8095,0.0,54720.9961,269.9509,14.4045,39.6,8.0651,0.0208
zurich,47.38,8.54,2026-06-19 10:34:42,2026-06-25 23:59:59,33.4095,21.4095,0.0,54728.8555,41.6553,9.1782,26.28,6.7437,1.625
zurich,47.38,8.54,2026-06-19 10:34:42,2026-06-26 23:59:59,35.6,19.3095,0.0,55767.5703,45.5256,10.3371,31.68,7.7976,2.7083
zurich,47.38,8.54,2026-06-19 10:34:42,2026-06-27 23:59:59,36.25,24.0,0.0,55775.4922,39.8273,10.5603,28.08,5.5414,4.875
zurich,47.38,8.54,2026-06-19 10:34:42,2026-06-28 23:59:59,36.2,23.95,0.0,56555.9609,64.4959,10.5235,33.12,4.8271,12.0417
zurich,47.38,8.54,2026-06-19 10:34:42,2026-06-29 23:59:59,36.0,23.8,0.0,56199.7656,48.5257,11.6792,29.52,5.0665,22.125
zurich,47.38,8.54,2026-06-19 10:34:42,2026-06-30 23:59:59,36.8,25.15,0.0,56203.7539,191.8024,8.4772,27.36,3.2968,26.9167
zurich,47.38,8.54,2026-06-19 10:34:42,2026-07-01 23:59:59,36.5,25.65,0.0,55643.7852,210.2209,9.1091,47.88,4.6496,30.625
zurich,47.38,8.54,2026-06-19 10:34:42,2026-07-02 23:59:59,36.1,25.1,0.0,56073.4375,164.2532,8.0438,30.96,5.0709,30.875
lisbon,38.75,-9.125,2026-06-19 10:34:42,2026-06-18 23:59:59,30.7915,17.6415,0.0,50367.6914,332.1319,14.9042,35.64,7.7723,0.0
lisbon,38.75,-9.125,2026-06-19 10:34:42,2026-06-19 23:59:59,28.6915,17.4415,0.0,51393.9102,337.1486,17.4776,42.12,9.497,0.0
lisbon,38.75,-9.125,2026-06-19 10:34:42,2026-06-20 23:59:59,29.5415,18.6915,0.0,50338.1992,342.453,16.9812,39.6,10.247,0.125
lisbon,38.75,-9.125,2026-06-19 10:34:42,2026-06-21 23:59:59,31.5915,19.5915,0.0,47475.8828,340.1544,18.6715,43.2,7.3335,0.0
lisbon,38.75,-9.125,2026-06-19 10:34:42,2026-06-22 23:59:59,30.0415,20.6915,0.0,37776.25,354.3247,10.9903,28.8,5.6375,0.9583
lisbon,38.75,-9.125,2026-06-19 10:34:42,2026-06-23 23:59:59,37.4915,21.2915,0.0,46064.543,78.5315,11.9181,36.36,4.6031,1.3333
lisbon,38.75,-9.125,2026-06-19 10:34:42,2026-06-24 23:59:59,33.6635,19.9135,0.0,44769.2227,192.1715,14.8432,35.64,7.72,0.0
lisbon,38.75,-9.125,2026-06-19 10:34:42,2026-06-25 23:59:59,23.4635,18.5135,0.0,43395.3242,233.5792,12.9049,33.48,8.2403,4.7917
lisbon,38.75,-9.125,2026-06-19 10:34:42,2026-06-26 23:59:59,24.95,18.1635,0.0,47949.9688,243.5059,15.5843,41.4,8.7069,9.0104
lisbon,38.75,-9.125,2026-06-19 10:34:42,2026-06-27 23:59:59,26.5,17.55,0.0,51178.1836,314.9578,16.238,41.4,7.748,7.0
lisbon,38.75,-9.125,2026-06-19 10:34:42,2026-06-28 23:59:59,28.9,17.2,0.0,52832.6602,345.7025,17.6556,45.0,11.6714,2.0
lisbon,38.75,-9.125,2026-06-19 10:34:42,2026-06-29 23:59:59,28.3,17.0,0.0,51199.4844,344.1854,18.2227,44.28,11.7757,2.125
lisbon,38.75,-9.125,2026-06-19 10:34:42,2026-06-30 23:59:59,24.9,18.85,0.0,33774.3164,351.5826,21.5354,51.84,16.6004,0.875
lisbon,38.75,-9.125,2026-06-19 10:34:42,2026-07-01 23:59:59,23.2,17.65,0.0,31996.8652,341.6156,24.9324,58.68,18.7433,0.0
lisbon,38.75,-9.125,2026-06-19 10:34:42,2026-07-02 23:59:59,27.3,17.4,0.0,47561.0156,342.3739,23.2813,55.8,18.5025,0.0
vienna,48.2,16.38,2026-06-19 10:34:42,2026-06-18 23:59:59,29.9715,21.1715,0.0,48325.3438,325.5646,10.806,27.36,6.3582,0.875
vienna,48.2,16.38,2026-06-19 10:34:42,2026-06-19 23:59:59,33.1215,19.9215,0.0,52388.5898,131.998,12.5949,23.76,6.9024,0.0
vienna,48.2,16.38,2026-06-19 10:34:42,2026-06-20 23:59:59,35.3715,22.0215,0.0,40791.0742,170.891,21.3161,50.04,6.9252,5.875
vienna,48.2,16.38,2026-06-19 10:34:42,2026-06-21 23:59:59,31.28,24.2215,1.375,38381.582,298.5679,14.9866,37.44,9.8382,26.125
vienna,48.2,16.38,2026-06-19 10:34:42,2026-06-22 23:59:59,29.68,23.03,0.9,44914.082,337.0471,12.3978,32.76,7.8885,7.875
vienna,48.2,16.38,2026-06-19 10:34:42,2026-06-23 23:59:59,33.33,21.88,0.0,56907.5703,321.085,9.6933,24.48,5.4293,9.0312
vienna,48.2,16.38,2026-06-19 10:34:42,2026-06-24 23:59:59,38.413,22.163,4.2,55247.2148,273.6158,14.6852,42.48,6.2571,2.0625
vienna,48.2,16.38,2026-06-19 10:34:42,2026-06-25 23:59:59,29.613,20.513,0.0,57108.1211,332.4986,17.3175,40.32,13.97,4.625
vienna,48.2,16.38,2026-06-19 10:34:42,2026-06-26 23:59:59,31.6,16.563,0.0,57068.8789,347.8271,13.2101,34.92,9.8675,1.6042
vienna,48.2,16.38,2026-06-19 10:34:42,2026-06-27 23:59:59,30.25,22.4,0.0,57025.9219,26.9656,14.7874,41.76,10.1099,1.0417
vienna,48.2,16.38,2026-06-19 10:34:42,2026-06-28 23:59:59,30.4,20.3,0.0,56993.6367,103.1411,8.8804,36.72,5.5338,1.125
vienna,48.2,16.38,2026-06-19 10:34:42,2026-06-29 23:59:59,33.65,22.6,0.0,56956.5508,55.7694,5.412,25.92,3.6988,6.0417
vienna,48.2,16.38,2026-06-19 10:34:42,2026-06-30 23:59:59,35.95,24.25,0.0,56914.6797,68.0365,6.6819,29.88,5.3128,7.75
vienna,48.2,16.38,2026-06-19 10:34:42,2026-07-01 23:59:59,36.5,26.3,0.0,56868.1641,128.1087,9.4324,31.32,6.589,19.625
vienna,48.2,16.38,2026-06-19 10:34:42,2026-07-02 23:59:59,38.7,28.2,0.0,56816.6289,142.8371,13.259,36.0,7.0516,18.4167
bergen,60.39,5.3183,2026-06-19 10:34:42,2026-06-18 23:59:59,19.061,11.761,1.3,27732.791,174.6605,15.12,29.16,12.165,28.3333
bergen,60.39,5.3183,2026-06-19 10:34:42,2026-06-19 23:59:59,20.511,13.361,3.7,0.0,157.2645,26.64,46.44,20.19,71.6667
bergen,60.39,5.3183,2026-06-19 10:34:42,2026-06-20 23:59:59,17.211,13.011,20.4,15988.7334,186.5308,25.56,49.68,14.715,70.4583
bergen,60.39,5.3183,2026-06-19 10:34:42,2026-06-21 23:59:59,16.161,9.6,3.675,34286.4883,223.2501,14.04,30.24,9.6608,41.4583
bergen,60.39,5.3183,2026-06-19 10:34:42,2026-06-22 23:59:59,14.45,7.9,0.6,27170.7754,299.6043,9.8261,24.12,5.2419,13.7917
bergen,60.39,5.3183,2026-06-19 10:34:42,2026-06-23 23:59:59,13.3,9.1,21.7,0.0,163.0671,21.146,54.72,14.0195,57.3333
bergen,60.39,5.3183,2026-06-19 10:34:42,2026-06-24 23:59:59,12.3,9.65,6.5,0.0,286.5702,16.6711,37.44,12.8693,56.75
bergen,60.39,5.3183,2026-06-19 10:34:42,2026-06-25 23:59:59,14.7,9.0,0.0,67009.8984,315.4774,10.1632,28.08,8.1402,27.0
bergen,60.39,5.3183,2026-06-19 10:34:42,2026-06-26 23:59:59,19.15,9.0,0.0,66961.8125,331.6432,10.5833,31.68,6.6165,29.3333
bergen,60.39,5.3183,2026-06-19 10:34:42,2026-06-27 23:59:59,23.5,12.1,0.0,66903.5703,180.2125,12.183,33.12,6.4939,28.5833
bergen,60.39,5.3183,2026-06-19 10:34:42,2026-06-28 23:59:59,26.6,16.0,0.4,66835.25,172.3793,17.4609,46.44,12.1193,35.875
bergen,60.39,5.3183,2026-06-19 10:34:42,2026-06-29 23:59:59,23.95,16.15,0.2,66756.9531,187.4114,13.3795,36.0,9.0185,36.7083
bergen,60.39,5.3183,2026-06-19 10:34:42,2026-06-30 23:59:59,23.3,14.6,0.0,66668.8516,245.9778,8.655,28.8,5.4911,41.125
bergen,60.39,5.3183,2026-06-19 10:34:42,2026-07-01 23:59:59,21.4,13.25,0.0,60930.7656,320.3631,12.2042,33.12,8.0538,33.5417
bergen,60.39,5.3183,2026-06-19 10:34:42,2026-07-02 23:59:59,20.55,11.05,1.2,36969.6367,331.0946,12.2042,32.4,9.0245,36.3333
stockholm,59.3289,18.0724,2026-06-19 10:34:42,2026-06-18 23:59:59,21.0675,15.0675,0.0,37066.5,263.8367,17.28,36.36,15.03,15.75
stockholm,59.3289,18.0724,2026-06-19 10:34:42,2026-06-19 23:59:59,24.6175,15.3675,0.0,54752.4219,244.1571,15.48,31.32,10.245,0.0
stockholm,59.3289,18.0724,2026-06-19 10:34:42,2026-06-20 23:59:59,27.8675,17.5675,0.0,37046.4609,198.7825,28.8,58.68,14.61,7.1667
stockholm,59.3289,18.0724,2026-06-19 10:34:42,2026-06-21 23:59:59,25.5675,17.6,0.0,60728.6523,267.6367,16.92,35.64,13.6062,1.2917
stockholm,59.3289,18.0724,2026-06-19 10:34:42,2026-06-22 23:59:59,20.35,14.65,0.2,54154.4453,81.4364,14.4741,36.36,10.0639,1.2917
stockholm,59.3289,18.0724,2026-06-19 10:34:42,2026-06-23 23:59:59,20.8,13.95,0.1,58987.9766,141.7629,12.886,33.48,9.5568,13.3333
stockholm,59.3289,18.0724,2026-06-19 10:34:42,2026-06-24 23:59:59,19.95,14.3,21.8,35094.2969,220.7998,15.7178,36.72,10.8324,41.9583
stockholm,59.3289,18.0724,2026-06-19 10:34:42,2026-06-25 23:59:59,18.55,14.05,0.0,65576.5547,336.16,18.2875,43.92,14.673,20.125
stockholm,59.3289,18.0724,2026-06-19 10:34:42,2026-06-26 23:59:59,20.15,13.45,0.0,65580.9766,336.0963,15.3169,39.6,9.0915,21.2083
stockholm,59.3289,18.0724,2026-06-19 10:34:42,2026-06-27 23:59:59,22.1,13.75,0.0,64885.1602,292.6199,8.4004,27.0,5.4791,13.5417
stockholm,59.3289,18.0724,2026-06-19 10:34:42,2026-06-28 23:59:59,26.6,17.45,0.0,65548.3828,271.2039,10.0704,25.2,8.8545,7.5
stockholm,59.3289,18.0724,2026-06-19 10:34:42,2026-06-29 23:59:59,28.65,19.4,0.0,64879.9844,263.0412,14.312,36.0,8.6909,11.5417
stockholm,59.3289,18.0724,2026-06-19 10:34:42,2026-06-30 23:59:59,30.05,19.75,0.0,64872.7969,264.691,11.8116,30.96,9.3262,12.0833
stockholm,59.3289,18.0724,2026-06-19 10:34:42,2026-07-01 23:59:59,31.9,22.35,0.0,64861.7891,260.8984,13.5969,37.08,10.5043,17.7083
stockholm,59.3289,18.0724,2026-06-19 10:34:42,2026-07-02 23:59:59,26.25,18.95,0.0,64848.2344,69.332,10.98,32.76,8.9049,24.0
aachen,50.782,6.09,2026-06-20 13:16:40,2026-06-18 23:59:59,33.426,20.176,0.0,53737.5859,231.23,20.16,43.2,7.125,0.4583
aachen,50.782,6.09,2026-06-20 13:16:40,2026-06-19 23:59:59,36.376,21.226,11.2,34164.6562,171.9872,21.24,48.96,10.545,27.9583
aachen,50.782,6.09,2026-06-20 13:16:40,2026-06-20 23:59:59,32.226,20.876,0.0,53835.1641,299.7291,19.08,35.64,9.105,15.0833
aachen,50.782,6.09,2026-06-20 13:16:40,2026-06-21 23:59:59,33.676,21.226,1.3,46460.2773,65.7657,18.36,40.32,10.815,20.0417
aachen,50.782,6.09,2026-06-20 13:16:40,2026-06-22 23:59:59,33.076,21.376,0.0,55207.3438,24.9946,12.613,28.8,9.1379,3.1667
aachen,50.782,6.09,2026-06-20 13:16:40,2026-06-23 23:59:59,30.4,18.3,0.0,56771.0078,31.6165,8.3753,24.48,6.5784,0.3333
aachen,50.782,6.09,2026-06-20 13:16:40,2026-06-24 23:59:59,34.9,19.3,0.0,58580.7422,203.4221,7.8481,20.16,5.0464,0.3333
aachen,50.782,6.09,2026-06-20 13:16:40,2026-06-25 23:59:59,34.3,23.6,0.0,58560.5508,43.8536,16.5463,37.44,9.3962,0.5
aachen,50.782,6.09,2026-06-20 13:16:40,2026-06-26 23:59:59,36.65,24.1,0.8,58168.6211,101.6688,14.7391,51.48,9.182,7.0
aachen,50.782,6.09,2026-06-20 13:16:40,2026-06-27 23:59:59,29.5,21.35,4.6,58503.707,242.6964,14.0826,57.6,9.9019,16.75
aachen,50.782,6.09,2026-06-20 13:16:40,2026-06-28 23:59:59,28.0,20.1,4.2,40056.4219,72.1635,8.1816,35.64,5.9563,19.1667
aachen,50.782,6.09,2026-06-20 13:16:40,2026-06-29 23:59:59,28.0,20.55,7.2,47081.8945,291.5864,14.2246,34.56,8.0428,22.25
aachen,50.782,6.09,2026-06-20 13:16:40,2026-06-30 23:59:59,24.85,18.0,0.0,56421.4141,25.4538,10.348,27.72,8.6071,28.2083
aachen,50.782,6.09,2026-06-20 13:16:40,2026-07-01 23:59:59,27.25,16.65,0.0,58324.9336,63.121,9.2992,25.2,6.3172,22.375
aachen,50.782,6.09,2026-06-20 13:16:40,2026-07-02 23:59:59,21.7,16.7,14.4,16252.9893,259.5793,15.6113,33.84,9.3876,19.5417
aachen,50.782,6.09,2026-06-20 13:16:40,2026-07-03 23:59:59,18.3,15.1,14.4,56577.4062,318.2255,12.5949,44.28,10.2248,26.0417
munich,48.14,11.58,2026-06-20 13:16:40,2026-06-19 23:59:59,33.215,17.765,0.0,50400.0,100.9756,11.8089,34.92,6.3383,1.875
munich,48.14,11.58,2026-06-20 13:16:40,2026-06-20 23:59:59,33.315,20.915,0.0,52000.2109,268.8309,12.7584,27.0,8.3862,2.3333
munich,48.14,11.58,2026-06-20 13:16:40,2026-06-21 23:59:59,33.815,21.615,0.0,48376.9414,268.273,20.6302,47.88,6.5985,1.4167
munich,48.14,11.58,2026-06-20 13:16:40,2026-06-22 23:59:59,33.6215,19.415,0.3,49715.9102,112.1717,12.7838,39.24,4.3012,3.5833
munich,48.14,11.58,2026-06-20 13:16:40,2026-06-23 23:59:59,33.3715,18.5715,0.0,54075.793,55.9541,8.28,25.92,3.8016,3.3333
munich,48.14,11.58,2026-06-20 13:16:40,2026-06-24 23:59:59,35.4215,20.1215,0.3,56358.0156,75.2564,10.9903,32.04,4.8934,1.6667
munich,48.14,11.58,2026-06-20 13:16:40,2026-06-25 23:59:59,32.308,20.9215,0.0,56418.5078,354.526,10.8539,27.36,6.2003,2.2396
munich,48.14,11.58,2026-06-20 13:16:40,2026-06-26 23:59:59,32.158,17.808,0.0,56405.6406,75.4257,12.7584,31.32,7.1788,2.7083
munich,48.14,11.58,2026-06-20 13:16:40,2026-06-27 23:59:59,34.0645,18.008,0.0,56302.8594,132.5486,11.8377,45.0,7.5107,6.5417
munich,48.14,11.58,2026-06-20 13:16:40,2026-06-28 23:59:59,34.3,23.7,0.0,56327.793,248.0414,10.6261,36.72,6.5859,20.0417
munich,48.14,11.58,2026-06-20 13:16:40,2026-06-29 23:59:59,34.35,20.75,3.4,56301.8242,266.8458,19.3481,52.2,8.1706,21.2917
munich,48.14,11.58,2026-06-20 13:16:40,2026-06-30 23:59:59,28.15,19.35,8.0,49911.0469,274.0748,10.8135,44.64,9.0098,29.4167
munich,48.14,11.58,2026-06-20 13:16:40,2026-07-01 23:59:59,25.95,18.5,6.6,42336.0586,346.9756,9.0592,34.56,4.831,36.7917
munich,48.14,11.58,2026-06-20 13:16:40,2026-07-02 23:59:59,29.8,18.55,0.6,44674.5312,230.1869,14.01,37.8,7.3084,21.625
munich,48.14,11.58,2026-06-20 13:16:40,2026-07-03 23:59:59,19.5,14.85,27.8,0.0,276.3659,16.5805,37.44,11.3119,18.3333
hamburg,53.56,10.0,2026-06-20 13:16:40,2026-06-19 23:59:59,30.4735,19.6735,39.2,40881.5469,130.7204,12.7686,32.4,5.6094,6.6667
hamburg,53.56,10.0,2026-06-20 13:16:40,2026-06-20 23:59:59,31.1735,19.8735,1.6,37636.6953,240.4223,17.6106,43.56,9.3354,10.75
hamburg,53.56,10.0,2026-06-20 13:16:40,2026-06-21 23:59:59,27.3235,17.8735,0.0,41782.6484,353.7559,12.4135,27.0,7.6672,0.5833
hamburg,53.56,10.0,2026-06-20 13:16:40,2026-06-22 23:59:59,26.315,17.0235,0.0,49753.2305,66.7351,10.6368,26.64,6.7942,0.0
hamburg,53.56,10.0,2026-06-20 13:16:40,2026-06-23 23:59:59,30.315,16.565,0.0,58694.8828,146.4724,6.49,24.48,4.7271,0.7917
hamburg,53.56,10.0,2026-06-20 13:16:40,2026-06-24 23:59:59,26.865,16.565,0.0,60360.0547,295.366,18.5321,45.72,12.5085,0.0
hamburg,53.56,10.0,2026-06-20 13:16:40,2026-06-25 23:59:59,22.776,13.515,0.0,58685.7031,317.5008,15.5801,34.2,12.3775,0.0
hamburg,53.56,10.0,2026-06-20 13:16:40,2026-06-26 23:59:59,27.276,13.076,0.0,60330.2383,45.1916,9.7466,19.44,5.1185,0.0
hamburg,53.56,10.0,2026-06-20 13:16:40,2026-06-27 23:59:59,32.3,17.276,0.0,60310.668,118.0302,18.7624,47.88,13.0179,6.4688
hamburg,53.56,10.0,2026-06-20 13:16:40,2026-06-28 23:59:59,32.35,24.0,0.0,60275.5977,0.9911,11.6347,35.28,7.082,8.6667
hamburg,53.56,10.0,2026-06-20 13:16:40,2026-06-29 23:59:59,34.9,22.35,0.0,60227.1758,338.1142,19.152,47.16,9.2274,12.875
hamburg,53.56,10.0,2026-06-20 13:16:40,2026-06-30 23:59:59,26.0,18.3,0.0,60172.5547,318.3015,15.5364,42.48,13.7875,17.0
hamburg,53.56,10.0,2026-06-20 13:16:40,2026-07-01 23:59:59,28.1,16.05,0.0,60111.8672,92.9942,9.5315,34.92,5.134,21.75
hamburg,53.56,10.0,2026-06-20 13:16:40,2026-07-02 23:59:59,30.2,19.35,5.8,59493.5469,96.6127,15.4863,39.24,10.6873,20.9167
hamburg,53.56,10.0,2026-06-20 13:16:40,2026-07-03 23:59:59,22.7,16.45,2.6,27025.4688,331.7499,18.6037,44.64,13.8769,17.0417
freiburg,48.0,7.84,2026-06-20 13:16:40,2026-06-19 23:59:59,35.248,20.198,0.1,43200.0,154.3468,16.6108,37.44,7.3242,5.1667
freiburg,48.0,7.84,2026-06-20 13:16:40,2026-06-20 23:59:59,35.898,20.698,0.0,54000.0,179.0452,14.0584,31.68,6.5971,0.2083
freiburg,48.0,7.84,2026-06-20 13:16:40,2026-06-21 23:59:59,37.548,21.998,0.0,54000.0,128.3569,13.5849,29.16,6.5782,0.375
freiburg,48.0,7.84,2026-06-20 13:16:40,2026-06-22 23:59:59,37.581,24.148,0.0,52912.5117,102.5626,10.0864,20.88,5.9772,1.125
freiburg,48.0,7.84,2026-06-20 13:16:40,2026-06-23 23:59:59,37.531,19.981,0.0,55306.1562,33.9675,9.7798,24.84,6.1323,0.0
freiburg,48.0,7.84,2026-06-20 13:16:40,2026-06-24 23:59:59,38.981,22.481,0.6,54278.6094,75.8885,7.9282,24.48,5.5394,1.0
freiburg,48.0,7.84,2026-06-20 13:16:40,2026-06-25 23:59:59,37.6655,22.131,0.0,55648.0703,25.1551,15.4632,35.28,8.0806,0.5729
freiburg,48.0,7.84,2026-06-20 13:16:40,2026-06-26 23:59:59,39.0155,19.5155,0.0,56278.4922,53.7905,10.6854,25.2,6.3887,1.5833
freiburg,48.0,7.84,2026-06-20 13:16:40,2026-06-27 23:59:59,34.6991,18.2155,1.15,55446.5117,199.4863,8.4906,27.36,5.6391,18.2708
freiburg,48.0,7.84,2026-06-20 13:16:40,2026-06-28 23:59:59,32.2,23.1,0.2,55474.9844,7.1092,9.72,31.32,4.6525,23.5833
freiburg,48.0,7.84,2026-06-20 13:16:40,2026-06-29 23:59:59,32.3,21.0,8.0,52663.6367,297.1597,15.3127,44.64,8.1174,21.0417
freiburg,48.0,7.84,2026-06-20 13:16:40,2026-06-30 23:59:59,25.35,21.0,4.6,50609.9609,7.9207,12.3991,32.76,5.4797,35.2917
freiburg,48.0,7.84,2026-06-20 13:16:40,2026-07-01 23:59:59,28.35,20.1,1.2,55941.8477,313.3865,6.369,24.48,2.983,27.7083
freiburg,48.0,7.84,2026-06-20 13:16:40,2026-07-02 23:59:59,25.15,18.4,9.2,55135.832,159.3242,15.841,59.04,7.3781,23.0833
freiburg,48.0,7.84,2026-06-20 13:16:40,2026-07-03 23:59:59,21.1,15.45,15.8,38768.2617,307.9643,10.1584,44.64,5.9482,25.0833
leipzig,51.34,12.38,2026-06-20 13:16:40,2026-06-19 23:59:59,33.713,19.313,0.3,52358.0703,230.0425,12.4343,31.68,6.0337,2.25
leipzig,51.34,12.38,2026-06-20 13:16:40,2026-06-20 23:59:59,30.763,21.663,0.5,40144.4062,265.4001,15.8441,34.92,6.4796,10.375
leipzig,51.34,12.38,2026-06-20 13:16:40,2026-06-21 23:59:59,32.613,21.863,0.0,53986.3789,353.5958,14.4718,34.56,7.5321,8.25
leipzig,51.34,12.38,2026-06-20 13:16:40,2026-06-22 23:59:59,29.465,20.013,0.0,51512.7812,57.9805,10.635,27.0,7.7694,4.125
leipzig,51.34,12.38,2026-06-20 13:16:40,2026-06-23 23:59:59,31.415,17.115,0.0,53101.5703,69.1269,8.0498,24.48,4.7436,0.0
leipzig,51.34,12.38,2026-06-20 13:16:40,2026-06-24 23:59:59,37.265,20.665,0.3,57691.4258,278.3342,13.7979,40.32,8.8532,0.0
leipzig,51.34,12.38,2026-06-20 13:16:40,2026-06-25 23:59:59,26.426,15.5802,0.0,58129.3984,333.0324,10.788,28.44,7.5476,1.5104
leipzig,51.34,12.38,2026-06-20 13:16:40,2026-06-26 23:59:59,29.076,13.926,0.0,58118.4492,30.9637,5.3153,15.48,3.8966,0.0
leipzig,51.34,12.38,2026-06-20 13:16:40,2026-06-27 23:59:59,35.1,16.976,0.0,58865.5312,97.3426,14.455,38.52,8.6355,3.3438
leipzig,51.34,12.38,2026-06-20 13:16:40,2026-06-28 23:59:59,36.3,24.1,0.0,58814.2031,61.2617,14.4908,35.28,9.8165,8.125
leipzig,51.34,12.38,2026-06-20 13:16:40,2026-06-29 23:59:59,37.55,25.6,0.0,58770.9805,9.7157,17.0355,43.2,9.1676,9.125
leipzig,51.34,12.38,2026-06-20 13:16:40,2026-06-30 23:59:59,28.4,21.45,4.8,53353.0195,337.7028,19.9768,46.8,13.9743,19.6667
leipzig,51.34,12.38,2026-06-20 13:16:40,2026-07-01 23:59:59,29.45,19.8,0.0,58668.0391,19.0165,11.3286,26.64,6.3243,19.625
leipzig,51.34,12.38,2026-06-20 13:16:40,2026-07-02 23:59:59,31.3,20.95,7.8,58392.1289,119.2667,9.836,31.32,7.2103,12.8333
leipzig,51.34,12.38,2026-06-20 13:16:40,2026-07-03 23:59:59,20.8,17.95,2.4,38.7884,304.2432,16.642,43.56,13.0308,13.4583
frankfurt,50.12,8.68,2026-06-20 13:16:40,2026-06-19 23:59:59,36.593,20.343,0.0,50400.0,13.0919,11.2985,34.92,4.5426,5.0
frankfurt,50.12,8.68,2026-06-20 13:16:40,2026-06-20 23:59:59,35.443,21.343,8.2,42858.0156,141.8427,18.7096,66.6,6.5255,5.0
frankfurt,50.12,8.68,2026-06-20 13:16:40,2026-06-21 23:59:59,35.493,21.343,0.3,28800.0,26.2366,14.1137,53.28,6.1607,5.3333
frankfurt,50.12,8.68,2026-06-20 13:16:40,2026-06-22 23:59:59,35.1475,22.393,0.0,53285.8086,24.1312,11.441,31.32,7.7207,3.0417
frankfurt,50.12,8.68,2026-06-20 13:16:40,2026-06-23 23:59:59,36.5475,21.1975,0.0,55244.6445,35.1888,7.2449,23.76,5.8156,0.7917
frankfurt,50.12,8.68,2026-06-20 13:16:40,2026-06-24 23:59:59,38.7975,21.0475,0.0,54696.7617,308.3426,13.5276,37.8,6.9462,2.625
frankfurt,50.12,8.68,2026-06-20 13:16:40,2026-06-25 23:59:59,32.402,20.502,0.0,57849.9805,24.0293,13.2027,36.36,9.9269,0.0417
frankfurt,50.12,8.68,2026-06-20 13:16:40,2026-06-26 23:59:59,36.152,16.752,0.0,58135.7305,50.2826,9.6598,28.08,7.854,0.0
frankfurt,50.12,8.68,2026-06-20 13:16:40,2026-06-27 23:59:59,37.0505,18.352,0.0,57817.3594,20.0344,7.209,39.6,4.8956,10.6667
frankfurt,50.12,8.68,2026-06-20 13:16:40,2026-06-28 23:59:59,34.1,25.1,0.6,58048.3945,31.7014,10.3292,30.24,6.892,15.9583
frankfurt,50.12,8.68,2026-06-20 13:16:40,2026-06-29 23:59:59,34.45,22.8,16.0,55361.5547,9.1717,7.5213,50.4,4.9731,15.2083
frankfurt,50.12,8.68,2026-06-20 13:16:40,2026-06-30 23:59:59,27.4,20.7,0.8,57961.9023,11.7095,15.3296,37.08,12.3164,30.9167
frankfurt,50.12,8.68,2026-06-20 13:16:40,2026-07-01 23:59:59,29.6,19.25,0.0,57910.9688,28.8619,14.4584,29.88,8.582,20.6667
frankfurt,50.12,8.68,2026-06-20 13:16:40,2026-07-02 23:59:59,26.0,18.8,10.8,54567.6406,219.0754,14.1332,40.68,8.3943,17.375
frankfurt,50.12,8.68,2026-06-20 13:16:40,2026-07-03 23:59:59,22.1,17.3,2.4,35871.6094,338.6196,13.8705,36.72,8.862,19.0
darmstadt,49.88,8.64,2026-06-20 13:16:40,2026-06-19 23:59:59,36.1045,18.8545,0.0,50253.2383,144.9165,10.806,39.96,5.0138,3.9167
darmstadt,49.88,8.64,2026-06-20 13:16:40,2026-06-20 23:59:59,35.2545,20.4045,0.7,47633.2891,157.2489,11.6208,60.48,6.499,4.2083
darmstadt,49.88,8.64,2026-06-20 13:16:40,2026-06-21 23:59:59,36.2545,21.1545,0.0,30494.4961,44.7121,11.3842,41.4,5.6842,3.625
darmstadt,49.88,8.64,2026-06-20 13:16:40,2026-06-22 23:59:59,36.9635,21.7545,0.0,54000.0,28.4181,11.4862,30.6,6.5031,2.875
darmstadt,49.88,8.64,2026-06-20 13:16:40,2026-06-23 23:59:59,37.3635,19.9635,0.0,54817.3125,44.0364,7.6283,23.04,6.0409,0.7917
darmstadt,49.88,8.64,2026-06-20 13:16:40,2026-06-24 23:59:59,40.1635,20.7135,0.3,54848.6328,320.9767,14.7644,37.44,6.2262,4.125
darmstadt,49.88,8.64,2026-06-20 13:16:40,2026-06-25 23:59:59,33.4005,19.5505,0.0,57593.0742,29.2955,14.1824,37.44,10.0659,0.0833
darmstadt,49.88,8.64,2026-06-20 13:16:40,2026-06-26 23:59:59,37.1005,12.5005,0.0,57918.8086,61.8949,10.3653,29.16,7.9283,0.0
darmstadt,49.88,8.64,2026-06-20 13:16:40,2026-06-27 23:59:59,36.4502,18.2505,0.0,57314.3164,155.2432,8.6572,30.24,5.8778,10.6667
darmstadt,49.88,8.64,2026-06-20 13:16:40,2026-06-28 23:59:59,34.45,25.0,0.6,57925.9062,48.227,9.6866,23.76,5.8395,15.9583
darmstadt,49.88,8.64,2026-06-20 13:16:40,2026-06-29 23:59:59,34.9,22.65,11.2,56378.5391,346.9647,7.5385,54.0,4.9389,15.2083
darmstadt,49.88,8.64,2026-06-20 13:16:40,2026-06-30 23:59:59,27.65,20.65,0.8,57507.4414,12.2695,14.8104,38.52,11.9992,30.9167
darmstadt,49.88,8.64,2026-06-20 13:16:40,2026-07-01 23:59:59,30.0,19.2,0.0,57789.8516,55.4768,10.8747,27.36,9.183,20.6667
darmstadt,49.88,8.64,2026-06-20 13:16:40,2026-07-02 23:59:59,23.8,18.85,12.6,55036.7344,201.2638,13.752,46.08,8.7823,17.375
darmstadt,49.88,8.64,2026-06-20 13:16:40,2026-07-03 23:59:59,22.55,17.0,1.8,41269.332,324.6032,16.0715,39.96,10.9371,19.0
berlin,52.52,13.4,2026-06-20 13:16:40,2026-06-19 23:59:59,33.802,19.652,0.0,52507.0664,129.2425,15.4842,39.24,8.6127,2.2083
berlin,52.52,13.4,2026-06-20 13:16:40,2026-06-20 23:59:59,30.102,20.152,0.0,39372.8203,352.9478,13.7084,32.4,6.7866,7.3333
berlin,52.52,13.4,2026-06-20 13:16:40,2026-06-21 23:59:59,30.952,22.402,0.0,56111.7578,333.797,15.282,38.52,8.2847,13.5
berlin,52.52,13.4,2026-06-20 13:16:40,2026-06-22 23:59:59,27.389,17.939,0.0,51566.0352,44.1273,10.1951,25.2,8.6004,2.0417
berlin,52.52,13.4,2026-06-20 13:16:40,2026-06-23 23:59:59,29.239,15.139,0.0,56976.4922,83.9648,6.6964,17.28,3.8325,0.0
berlin,52.52,13.4,2026-06-20 13:16:40,2026-06-24 23:59:59,36.539,19.189,0.0,58264.7344,269.3389,16.8086,42.84,10.2084,0.0
berlin,52.52,13.4,2026-06-20 13:16:40,2026-06-25 23:59:59,24.276,15.6107,0.0,58220.7852,320.2906,11.7539,32.04,9.3059,0.0
berlin,52.52,13.4,2026-06-20 13:16:40,2026-06-26 23:59:59,27.676,14.276,0.0,58262.8359,342.8523,7.1729,21.6,5.3604,0.0
berlin,52.52,13.4,2026-06-20 13:16:40,2026-06-27 23:59:59,31.55,17.176,0.0,59179.3633,104.4547,15.4055,44.64,9.4678,0.625
berlin,52.52,13.4,2026-06-20 13:16:40,2026-06-28 23:59:59,34.25,21.85,0.0,59170.418,93.9382,13.2627,32.76,10.8376,6.7083
berlin,52.52,13.4,2026-06-20 13:16:40,2026-06-29 23:59:59,36.55,24.0,0.0,59158.0078,102.6348,13.1449,30.6,10.199,5.7917
berlin,52.52,13.4,2026-06-20 13:16:40,2026-06-30 23:59:59,28.9,21.25,0.6,55033.6641,337.9485,16.8865,41.4,12.4267,8.7083
berlin,52.52,13.4,2026-06-20 13:16:40,2026-07-01 23:59:59,29.5,19.25,0.0,59122.7031,43.6963,12.0169,34.92,8.7294,18.0
berlin,52.52,13.4,2026-06-20 13:16:40,2026-07-02 23:59:59,30.65,20.45,2.6,58291.6758,101.0559,13.1831,37.44,10.1596,13.0
berlin,52.52,13.4,2026-06-20 13:16:40,2026-07-03 23:59:59,25.35,17.5,12.8,40654.9375,303.7623,17.9324,36.0,11.6338,13.2917
valencia,39.5,-0.375,2026-06-20 13:16:40,2026-06-19 23:59:59,28.4325,20.6825,0.0,50400.0,65.2708,13.7556,34.2,7.1336,0.0
valencia,39.5,-0.375,2026-06-20 13:16:40,2026-06-20 23:59:59,29.3825,21.8825,0.0,50400.0,60.301,18.5146,43.2,8.3116,0.0
valencia,39.5,-0.375,2026-06-20 13:16:40,2026-06-21 23:59:59,31.2825,21.8325,0.0,50400.0,63.6431,14.0584,34.2,6.9684,0.0
valencia,39.5,-0.375,2026-06-20 13:16:40,2026-06-22 23:59:59,31.9825,21.7325,0.0,50400.0,83.6929,11.7208,29.52,5.6529,0.0
valencia,39.5,-0.375,2026-06-20 13:16:40,2026-06-23 23:59:59,32.7325,21.3825,0.0,51967.7031,88.596,12.7279,32.4,5.9723,0.0
valencia,39.5,-0.375,2026-06-20 13:16:40,2026-06-24 23:59:59,29.8325,22.1325,0.0,52058.0508,64.1298,14.409,35.64,8.1361,0.0
valencia,39.5,-0.375,2026-06-20 13:16:40,2026-06-25 23:59:59,32.8645,22.2735,0.0,51830.0977,99.7421,15.9785,37.08,6.6935,0.0
valencia,39.5,-0.375,2026-06-20 13:16:40,2026-06-26 23:59:59,33.0145,20.7145,0.0,52069.7812,96.3614,17.1935,39.24,7.9454,0.0
valencia,39.5,-0.375,2026-06-20 13:16:40,2026-06-27 23:59:59,30.0823,21.5145,0.0,52189.5117,73.437,14.8139,46.44,7.0435,2.8646
valencia,39.5,-0.375,2026-06-20 13:16:40,2026-06-28 23:59:59,29.2,23.8,0.0,52202.8984,92.831,12.5226,38.52,6.8404,0.0417
valencia,39.5,-0.375,2026-06-20 13:16:40,2026-06-29 23:59:59,30.05,24.15,0.0,52212.5703,97.6778,11.3071,35.64,5.8856,0.125
valencia,39.5,-0.375,2026-06-20 13:16:40,2026-06-30 23:59:59,32.3,25.35,0.0,51519.3438,137.7171,10.7835,36.36,4.8143,1.625
valencia,39.5,-0.375,2026-06-20 13:16:40,2026-07-01 23:59:59,34.4,26.2,0.0,52226.9258,152.0014,14.1972,43.92,7.1479,3.375
valencia,39.5,-0.375,2026-06-20 13:16:40,2026-07-02 23:59:59,34.7,26.2,0.0,52232.1211,114.4348,14.6819,42.12,8.1722,1.375
valencia,39.5,-0.375,2026-06-20 13:16:40,2026-07-03 23:59:59,29.0,25.7,0.0,52034.0195,77.6783,17.9504,48.96,13.9403,2.125
madrid,40.4375,-3.6875,2026-06-20 13:16:40,2026-06-19 23:59:59,35.0155,22.0655,0.1,50497.5586,129.4113,9.2556,33.84,6.4914,2.5417
madrid,40.4375,-3.6875,2026-06-20 13:16:40,2026-06-20 23:59:59,36.5155,23.5655,0.1,48000.5234,116.3679,16.1198,42.12,9.238,4.3333
madrid,40.4375,-3.6875,2026-06-20 13:16:40,2026-06-21 23:59:59,38.6155,23.7155,0.0,50482.6875,123.9636,16.9238,42.84,11.4428,2.625
madrid,40.4375,-3.6875,2026-06-20 13:16:40,2026-06-22 23:59:59,37.4655,24.0155,0.0,43579.5117,116.314,14.2644,38.16,9.2492,0.7083
madrid,40.4375,-3.6875,2026-06-20 13:16:40,2026-06-23 23:59:59,38.7655,23.9155,0.0,53020.9453,117.7282,13.2174,36.36,9.7415,0.0417
madrid,40.4375,-3.6875,2026-06-20 13:16:40,2026-06-24 23:59:59,35.3155,24.2655,0.0,50753.6406,125.2253,17.5811,43.2,12.2915,2.5833
madrid,40.4375,-3.6875,2026-06-20 13:16:40,2026-06-25 23:59:59,33.559,21.0655,0.45,52278.8516,220.144,14.5655,37.8,8.6789,2.1667
madrid,40.4375,-3.6875,2026-06-20 13:16:40,2026-06-26 23:59:59,33.209,22.459,0.0,52458.9141,233.7527,10.9726,28.8,7.2853,0.7083
madrid,40.4375,-3.6875,2026-06-20 13:16:40,2026-06-27 23:59:59,31.55,20.909,0.0,53028.9453,206.9373,7.5942,24.12,4.6442,8.9896
madrid,40.4375,-3.6875,2026-06-20 13:16:40,2026-06-28 23:59:59,35.45,21.55,0.0,53028.7656,253.0724,5.3153,25.56,3.8726,3.125
madrid,40.4375,-3.6875,2026-06-20 13:16:40,2026-06-29 23:59:59,36.85,23.75,0.0,53026.3398,111.8784,13.3795,52.92,7.8465,1.5417
madrid,40.4375,-3.6875,2026-06-20 13:16:40,2026-06-30 23:59:59,36.95,23.8,0.0,53021.6094,82.9599,9.1676,56.52,7.7096,3.0
madrid,40.4375,-3.6875,2026-06-20 13:16:40,2026-07-01 23:59:59,37.05,25.3,0.0,53014.6875,53.5183,10.3653,51.48,6.123,4.4167
madrid,40.4375,-3.6875,2026-06-20 13:16:40,2026-07-02 23:59:59,40.1,25.35,0.0,53005.8789,307.2292,15.2873,50.4,9.6416,5.4167
madrid,40.4375,-3.6875,2026-06-20 13:16:40,2026-07-03 23:59:59,32.55,18.6,0.0,52995.1719,41.5193,20.8738,52.56,18.0212,4.375
london,51.5,-0.25,2026-06-20 13:16:40,2026-06-19 23:59:59,30.191,18.541,0.0,56265.3711,226.4222,18.0,39.96,10.71,0.5
london,51.5,-0.25,2026-06-20 13:16:40,2026-06-20 23:59:59,26.091,18.091,0.0,23312.7676,237.6945,14.04,31.68,10.575,2.75
london,51.5,-0.25,2026-06-20 13:16:40,2026-06-21 23:59:59,30.191,20.641,0.0,55524.4805,88.3965,15.12,34.92,8.37,0.5
london,51.5,-0.25,2026-06-20 13:16:40,2026-06-22 23:59:59,27.5045,19.741,0.3,56174.4922,80.562,18.0,37.8,11.9925,1.5
london,51.5,-0.25,2026-06-20 13:16:40,2026-06-23 23:59:59,33.8545,19.7545,0.0,54038.4922,166.0287,15.84,32.76,12.33,4.25
london,51.5,-0.25,2026-06-20 13:16:40,2026-06-24 23:59:59,32.9045,23.6545,0.0,57665.8906,17.6309,15.48,32.76,6.66,0.75
london,51.5,-0.25,2026-06-20 13:16:40,2026-06-25 23:59:59,31.1045,22.3545,0.0,55415.3672,84.1865,18.36,38.52,13.185,0.25
london,51.5,-0.25,2026-06-20 13:16:40,2026-06-26 23:59:59,29.7045,22.4045,1.5,54522.875,89.4807,17.28,36.72,12.4768,11.125
london,51.5,-0.25,2026-06-20 13:16:40,2026-06-27 23:59:59,25.65,18.8,0.0,55288.2109,211.4323,19.9832,53.28,12.3376,13.75
london,51.5,-0.25,2026-06-20 13:16:40,2026-06-28 23:59:59,25.55,16.3,0.0,57558.0078,207.2222,14.7138,42.84,10.8213,8.875
london,51.5,-0.25,2026-06-20 13:16:40,2026-06-29 23:59:59,24.45,18.15,0.0,54000.0,260.1215,12.3991,37.08,10.8546,12.25
london,51.5,-0.25,2026-06-20 13:16:40,2026-06-30 23:59:59,27.0,15.15,0.0,57432.0859,282.9326,8.8053,31.68,4.5086,12.875
london,51.5,-0.25,2026-06-20 13:16:40,2026-07-01 23:59:59,28.3,18.65,0.0,45744.5977,202.2652,13.6907,39.6,7.4447,15.25
london,51.5,-0.25,2026-06-20 13:16:40,2026-07-02 23:59:59,25.55,17.25,0.6,56559.2227,336.1557,19.4866,49.68,10.4832,12.625
london,51.5,-0.25,2026-06-20 13:16:40,2026-07-03 23:59:59,24.55,16.15,0.0,56125.7617,345.7917,13.0211,48.24,10.9867,17.125
amsterdam,52.366,4.901,2026-06-20 13:16:40,2026-06-19 23:59:59,34.2565,21.8065,0.0,52629.9961,158.4445,25.92,49.32,11.04,35.5417
amsterdam,52.366,4.901,2026-06-20 13:16:40,2026-06-20 23:59:59,27.5065,21.7065,1.0,50676.6367,231.4787,18.72,33.84,11.73,18.375
amsterdam,52.366,4.901,2026-06-20 13:16:40,2026-06-21 23:59:59,27.6565,19.7065,0.0,51642.1445,48.4449,24.12,43.56,14.655,22.625
amsterdam,52.366,4.901,2026-06-20 13:16:40,2026-06-22 23:59:59,28.1565,17.6065,0.0,55629.7578,46.8987,21.96,44.28,16.5895,0.0
amsterdam,52.366,4.901,2026-06-20 13:16:40,2026-06-23 23:59:59,27.6,15.1,0.0,58005.9141,79.4717,10.4849,24.48,7.5941,0.3333
amsterdam,52.366,4.901,2026-06-20 13:16:40,2026-06-24 23:59:59,33.2,21.2,0.0,59620.0859,232.6818,12.2413,32.76,8.3679,0.0
amsterdam,52.366,4.901,2026-06-20 13:16:40,2026-06-25 23:59:59,27.95,18.85,0.0,59598.1797,56.6545,16.6352,41.4,11.9498,0.0
amsterdam,52.366,4.901,2026-06-20 13:16:40,2026-06-26 23:59:59,33.95,17.2,0.0,59481.625,88.8012,15.2065,38.88,12.1418,2.75
amsterdam,52.366,4.901,2026-06-20 13:16:40,2026-06-27 23:59:59,28.85,22.45,0.0,59488.8711,251.2057,13.3309,38.88,8.9335,13.4167
amsterdam,52.366,4.901,2026-06-20 13:16:40,2026-06-28 23:59:59,29.35,20.95,0.0,59496.7695,218.472,9.7083,25.56,6.0649,11.5
amsterdam,52.366,4.901,2026-06-20 13:16:40,2026-06-29 23:59:59,26.0,19.45,0.6,59451.1641,309.4639,15.0706,38.52,10.7788,17.0833
amsterdam,52.366,4.901,2026-06-20 13:16:40,2026-06-30 23:59:59,24.9,18.0,0.0,59399.7148,347.4712,8.5741,30.24,7.139,19.1667
amsterdam,52.366,4.901,2026-06-20 13:16:40,2026-07-01 23:59:59,27.8,16.9,0.0,59342.5586,103.8272,9.0288,28.08,6.1965,18.0833
amsterdam,52.366,4.901,2026-06-20 13:16:40,2026-07-02 23:59:59,23.5,19.0,4.2,22503.5898,13.5843,9.1091,24.84,4.4584,20.125
amsterdam,52.366,4.901,2026-06-20 13:16:40,2026-07-03 23:59:59,22.85,15.7,0.0,58525.875,336.2527,17.0886,47.16,14.2437,19.25
paris,48.86,2.36,2026-06-20 13:16:40,2026-06-19 23:59:59,36.315,21.815,0.0,52618.7266,165.8089,19.3866,35.28,10.3332,2.25
paris,48.86,2.36,2026-06-20 13:16:40,2026-06-20 23:59:59,35.915,21.665,0.1,50531.7539,76.5413,17.2987,52.56,7.0369,8.7917
paris,48.86,2.36,2026-06-20 13:16:40,2026-06-21 23:59:59,37.565,22.065,0.0,53339.3125,11.9592,14.3323,29.52,7.8613,2.5
paris,48.86,2.36,2026-06-20 13:16:40,2026-06-22 23:59:59,38.4995,24.115,0.1,53780.6641,42.403,11.8855,27.36,8.7926,0.625
paris,48.86,2.36,2026-06-20 13:16:40,2026-06-23 23:59:59,41.4995,23.5495,0.0,56882.6289,134.487,7.9036,21.96,4.8578,0.0
paris,48.86,2.36,2026-06-20 13:16:40,2026-06-24 23:59:59,41.4995,25.3495,0.0,57109.6406,36.0188,16.5639,38.88,7.7121,2.2083
paris,48.86,2.36,2026-06-20 13:16:40,2026-06-25 23:59:59,39.0495,24.687,0.6,47501.9023,65.5719,14.9736,35.64,9.2672,0.6667
paris,48.86,2.36,2026-06-20 13:16:40,2026-06-26 23:59:59,40.6495,25.7495,0.0,57048.3477,86.186,10.806,26.64,6.6396,4.5
paris,48.86,2.36,2026-06-20 13:16:40,2026-06-27 23:59:59,30.0496,24.05,0.0,57017.3867,268.0436,10.9838,31.23,5.2753,21.8646
paris,48.86,2.36,2026-06-20 13:16:40,2026-06-28 23:59:59,30.0,20.5,0.0,57129.875,333.1247,5.22,19.08,2.8669,13.4167
paris,48.86,2.36,2026-06-20 13:16:40,2026-06-29 23:59:59,29.95,20.35,1.2,57121.3828,331.8156,15.7436,44.64,9.2984,13.5833
paris,48.86,2.36,2026-06-20 13:16:40,2026-06-30 23:59:59,29.75,18.05,0.0,47745.9102,14.6792,13.0323,39.6,8.4396,21.7917
paris,48.86,2.36,2026-06-20 13:16:40,2026-07-01 23:59:59,32.5,20.05,0.0,57095.3438,356.3786,11.3343,35.28,6.3261,11.3333
paris,48.86,2.36,2026-06-20 13:16:40,2026-07-02 23:59:59,27.25,18.75,8.4,46397.5469,302.3358,14.8922,57.96,11.5534,13.875
paris,48.86,2.36,2026-06-20 13:16:40,2026-07-03 23:59:59,25.25,17.15,1.2,57058.2188,342.8947,19.1012,50.04,13.2585,15.0
prag,50.08,14.44,2026-06-20 13:16:40,2026-06-19 23:59:59,33.2485,19.5485,0.0,54038.2109,176.7993,10.4648,20.88,4.9252,0.125
prag,50.08,14.44,2026-06-20 13:16:40,2026-06-20 23:59:59,33.5485,21.9485,3.3,44022.6094,345.1317,7.9689,41.76,4.175,7.5417
prag,50.08,14.44,2026-06-20 13:16:40,2026-06-21 23:59:59,33.0485,19.5485,0.0,39526.6602,329.2698,19.9695,47.52,5.2848,3.125
prag,50.08,14.44,2026-06-20 13:16:40,2026-06-22 23:59:59,29.546,20.3985,1.125,50690.4922,349.6985,7.3304,24.12,4.3199,16.0
prag,50.08,14.44,2026-06-20 13:16:40,2026-06-23 23:59:59,31.796,21.296,0.0,51921.6484,27.5251,6.9247,20.52,4.9494,2.7083
prag,50.08,14.44,2026-06-20 13:16:40,2026-06-24 23:59:59,36.396,21.096,0.3,57137.4844,287.8189,10.44,26.28,4.0755,1.4167
prag,50.08,14.44,2026-06-20 13:16:40,2026-06-25 23:59:59,27.496,18.546,0.0,57576.1094,337.5481,15.3792,33.12,10.2179,0.6667
prag,50.08,14.44,2026-06-20 13:16:40,2026-06-26 23:59:59,27.846,14.696,0.0,57577.1172,340.0644,10.7036,24.84,6.7204,1.0
prag,50.08,14.44,2026-06-20 13:16:40,2026-06-27 23:59:59,33.45,17.046,0.0,57725.2188,93.6912,9.7466,36.36,5.7412,1.9896
prag,50.08,14.44,2026-06-20 13:16:40,2026-06-28 23:59:59,35.95,22.75,0.0,57682.5,78.9574,10.0752,36.72,6.2657,8.625
prag,50.08,14.44,2026-06-20 13:16:40,2026-06-29 23:59:59,36.3,24.1,0.0,57655.6953,92.6144,8.7592,31.32,6.7507,7.25
prag,50.08,14.44,2026-06-20 13:16:40,2026-06-30 23:59:59,34.4,25.1,0.0,57628.75,346.7542,17.0269,43.92,9.9435,12.8333
prag,50.08,14.44,2026-06-20 13:16:40,2026-07-01 23:59:59,30.15,21.85,0.0,57405.75,343.6473,15.4727,41.76,12.596,18.7917
prag,50.08,14.44,2026-06-20 13:16:40,2026-07-02 23:59:59,33.0,20.5,3.0,44657.9883,264.7288,7.815,37.44,4.9404,12.7083
prag,50.08,14.44,2026-06-20 13:16:40,2026-07-03 23:59:59,25.55,19.15,9.0,53153.5977,314.8053,13.752,36.72,9.781,14.9167
rome,41.875,12.5,2026-06-20 13:16:40,2026-06-19 23:59:59,35.4415,21.7415,0.0,50238.2656,252.5089,14.9736,36.0,6.1066,0.4583
rome,41.875,12.5,2026-06-20 13:16:40,2026-06-20 23:59:59,34.9915,21.6915,0.0,49837.5742,227.0405,14.2916,35.28,6.222,0.0
rome,41.875,12.5,2026-06-20 13:16:40,2026-06-21 23:59:59,35.4415,21.8915,0.0,49858.8125,236.5019,14.5789,36.0,5.7249,0.0
rome,41.875,12.5,2026-06-20 13:16:40,2026-06-22 23:59:59,35.5415,22.9915,0.3,49539.375,243.1038,16.0997,40.68,3.9913,11.8333
rome,41.875,12.5,2026-06-20 13:16:40,2026-06-23 23:59:59,36.2915,23.6915,0.8,47533.25,267.1779,12.2294,29.88,5.8085,8.7917
rome,41.875,12.5,2026-06-20 13:16:40,2026-06-24 23:59:59,35.0915,23.7915,0.0,52086.3086,247.8547,14.9042,37.44,5.8958,8.625
rome,41.875,12.5,2026-06-20 13:16:40,2026-06-25 23:59:59,34.635,23.1415,1.5,52532.4609,230.8204,11.2006,26.64,4.6657,0.7917
rome,41.875,12.5,2026-06-20 13:16:40,2026-06-26 23:59:59,37.435,22.235,0.3,53519.1992,255.0304,11.5256,38.16,4.9737,1.5417
rome,41.875,12.5,2026-06-20 13:16:40,2026-06-27 23:59:59,37.0963,21.785,0.0,53570.5234,256.3062,11.6723,39.96,6.8198,2.0417
rome,41.875,12.5,2026-06-20 13:16:40,2026-06-28 23:59:59,38.2,26.05,0.0,53577.1875,237.7834,11.1032,41.4,5.1025,0.0417
rome,41.875,12.5,2026-06-20 13:16:40,2026-06-29 23:59:59,37.3,27.3,0.0,53586.0469,248.063,9.9,32.04,5.1463,1.5
rome,41.875,12.5,2026-06-20 13:16:40,2026-06-30 23:59:59,38.55,27.6,0.0,53593.0195,258.6678,10.4648,39.96,5.7745,2.0
rome,41.875,12.5,2026-06-20 13:16:40,2026-07-01 23:59:59,37.05,27.25,0.0,53598.2539,210.6688,15.3,44.64,6.7444,4.0833
rome,41.875,12.5,2026-06-20 13:16:40,2026-07-02 23:59:59,34.9,26.1,0.0,53243.6602,218.5403,13.3928,39.96,6.5873,7.75
rome,41.875,12.5,2026-06-20 13:16:40,2026-07-03 23:59:59,33.65,25.5,0.6,53246.7539,196.3923,15.6186,45.36,9.353,9.25
zurich,47.38,8.54,2026-06-20 13:16:40,2026-06-19 23:59:59,33.772,20.322,12.3,41812.2891,95.0636,14.9172,47.16,4.2612,11.9167
zurich,47.38,8.54,2026-06-20 13:16:40,2026-06-20 23:59:59,33.022,18.222,0.0,50756.6523,177.0016,9.7466,17.64,3.9888,0.5833
zurich,47.38,8.54,2026-06-20 13:16:40,2026-06-21 23:59:59,35.372,21.522,0.0,54000.0,113.3742,11.0198,38.16,4.0965,0.625
zurich,47.38,8.54,2026-06-20 13:16:40,2026-06-22 23:59:59,34.056,22.272,0.0,53105.9727,59.995,8.5344,21.96,3.6717,0.0
zurich,47.38,8.54,2026-06-20 13:16:40,2026-06-23 23:59:59,34.906,18.656,0.0,54625.4805,100.1885,7.6283,21.24,4.1966,0.0
zurich,47.38,8.54,2026-06-20 13:16:40,2026-06-24 23:59:59,35.956,18.906,0.0,54720.9648,70.484,14.278,35.28,6.2005,0.0
zurich,47.38,8.54,2026-06-20 13:16:40,2026-06-25 23:59:59,35.0095,19.756,0.0,54723.0859,68.3672,10.44,27.72,5.5404,1.0417
zurich,47.38,8.54,2026-06-20 13:16:40,2026-06-26 23:59:59,33.7095,20.5095,0.0,54739.3047,57.2577,15.2947,37.44,7.4318,2.0833
zurich,47.38,8.54,2026-06-20 13:16:40,2026-06-27 23:59:59,33.5899,17.9595,1.2,55169.707,172.0599,10.2663,34.56,4.2479,13.6146
zurich,47.38,8.54,2026-06-20 13:16:40,2026-06-28 23:59:59,33.2,23.05,0.6,55180.7422,199.9143,11.7346,29.16,4.0763,22.0
zurich,47.38,8.54,2026-06-20 13:16:40,2026-06-29 23:59:59,32.95,21.4,10.2,54787.375,226.6618,6.5447,53.64,3.0045,22.1667
zurich,47.38,8.54,2026-06-20 13:16:40,2026-06-30 23:59:59,22.15,20.05,10.6,52132.8281,326.3936,3.9477,38.16,2.8003,41.2083
zurich,47.38,8.54,2026-06-20 13:16:40,2026-07-01 23:59:59,27.15,19.1,1.4,36095.5352,45.5288,6.1569,17.64,3.5556,37.2917
zurich,47.38,8.54,2026-06-20 13:16:40,2026-07-02 23:59:59,30.45,18.8,9.8,54440.4531,241.5284,12.6013,46.08,5.4474,25.75
zurich,47.38,8.54,2026-06-20 13:16:40,2026-07-03 23:59:59,18.25,14.7,38.2,0.0,268.7953,12.3467,28.8,7.4452,25.3333
lisbon,38.75,-9.125,2026-06-20 13:16:40,2026-06-19 23:59:59,28.4915,17.4415,0.0,51393.9102,335.2565,17.7827,41.04,9.5488,0.0
lisbon,38.75,-9.125,2026-06-20 13:16:40,2026-06-20 23:59:59,30.6915,19.2415,0.0,50373.2852,341.732,19.2726,43.92,11.5188,0.0
lisbon,38.75,-9.125,2026-06-20 13:16:40,2026-06-21 23:59:59,32.4415,19.8915,0.0,44918.4805,336.2973,18.0,42.84,7.3111,0.0
lisbon,38.75,-9.125,2026-06-20 13:16:40,2026-06-22 23:59:59,24.5415,19.7915,0.1,3247.761,326.4031,15.0384,37.44,9.1373,2.7083
lisbon,38.75,-9.125,2026-06-20 13:16:40,2026-06-23 23:59:59,28.4915,19.9415,0.0,50400.0,311.8865,10.6915,23.76,4.1934,5.9167
lisbon,38.75,-9.125,2026-06-20 13:16:40,2026-06-24 23:59:59,23.7415,19.0915,0.0,40691.625,222.5003,16.3632,40.68,10.6984,2.6667
lisbon,38.75,-9.125,2026-06-20 13:16:40,2026-06-25 23:59:59,23.2635,19.0025,0.6,49107.8047,207.2535,18.5845,43.2,13.1752,1.8229
lisbon,38.75,-9.125,2026-06-20 13:16:40,2026-06-26 23:59:59,23.7635,18.9635,0.0,41740.3438,270.8069,17.0155,40.32,9.0491,2.0
lisbon,38.75,-9.125,2026-06-20 13:16:40,2026-06-27 23:59:59,26.5,17.6635,0.0,51173.6445,319.0791,17.3184,43.56,7.2821,2.1146
lisbon,38.75,-9.125,2026-06-20 13:16:40,2026-06-28 23:59:59,27.55,16.65,0.0,52832.6602,351.9149,22.0197,51.84,13.5661,0.0
lisbon,38.75,-9.125,2026-06-20 13:16:40,2026-06-29 23:59:59,30.15,17.5,0.0,51199.4844,351.3504,19.2676,51.12,13.1127,0.0
lisbon,38.75,-9.125,2026-06-20 13:16:40,2026-06-30 23:59:59,33.85,20.3,0.0,51210.6953,339.2221,17.1832,43.56,7.6517,0.0
lisbon,38.75,-9.125,2026-06-20 13:16:40,2026-07-01 23:59:59,37.0,23.35,0.0,51222.2734,353.0002,15.3423,42.12,7.0075,0.75
lisbon,38.75,-9.125,2026-06-20 13:16:40,2026-07-02 23:59:59,35.45,21.75,0.0,52731.5547,0.5429,19.4833,46.8,12.2078,3.375
lisbon,38.75,-9.125,2026-06-20 13:16:40,2026-07-03 23:59:59,32.95,16.35,0.0,52702.5625,339.6458,17.0725,45.36,8.3981,2.5
vienna,48.2,16.38,2026-06-20 13:16:40,2026-06-19 23:59:59,32.8715,19.9215,0.0,52388.5898,131.1858,13.0497,27.0,7.5573,0.0
vienna,48.2,16.38,2026-06-20 13:16:40,2026-06-20 23:59:59,35.2215,20.9715,0.0,51569.3828,204.9285,19.2019,47.16,6.3444,6.0417
vienna,48.2,16.38,2026-06-20 13:16:40,2026-06-21 23:59:59,35.7715,24.7715,0.0,51566.8945,335.2755,15.9419,44.64,8.7163,14.375
vienna,48.2,16.38,2026-06-20 13:16:40,2026-06-22 23:59:59,30.23,23.9715,0.9,41227.4492,324.6902,13.281,36.0,7.081,13.875
vienna,48.2,16.38,2026-06-20 13:16:40,2026-06-23 23:59:59,32.63,22.28,0.0,54658.6641,2.8128,10.0864,27.72,5.51,1.375
vienna,48.2,16.38,2026-06-20 13:16:40,2026-06-24 23:59:59,34.98,23.23,0.0,57092.5078,3.814,9.8261,25.56,4.3317,1.5417
vienna,48.2,16.38,2026-06-20 13:16:40,2026-06-25 23:59:59,33.113,23.413,0.0,57095.6055,328.3674,18.9197,44.64,13.2883,3.4792
vienna,48.2,16.38,2026-06-20 13:16:40,2026-06-26 23:59:59,30.113,19.263,0.0,57085.4531,345.4123,13.9102,34.92,9.0438,1.5833
vienna,48.2,16.38,2026-06-20 13:16:40,2026-06-27 23:59:59,34.35,18.913,0.0,57041.3828,39.605,6.9458,28.8,4.5275,1.1667
vienna,48.2,16.38,2026-06-20 13:16:40,2026-06-28 23:59:59,35.0,24.25,0.0,56993.6367,62.7049,7.1932,29.52,5.957,4.1667
vienna,48.2,16.38,2026-06-20 13:16:40,2026-06-29 23:59:59,34.3,24.75,0.0,56956.5508,127.6353,11.4806,36.36,8.5938,7.7083
vienna,48.2,16.38,2026-06-20 13:16:40,2026-06-30 23:59:59,36.5,25.45,0.0,56914.6797,187.1991,13.4519,34.92,5.6151,12.0833
vienna,48.2,16.38,2026-06-20 13:16:40,2026-07-01 23:59:59,36.7,24.9,0.0,56868.1641,267.3535,18.2547,41.76,9.2896,21.875
vienna,48.2,16.38,2026-06-20 13:16:40,2026-07-02 23:59:59,38.05,26.85,0.0,56816.6289,151.7762,14.5188,43.2,7.3426,19.1667
vienna,48.2,16.38,2026-06-20 13:16:40,2026-07-03 23:59:59,33.35,21.7,0.6,56759.8633,282.0394,21.9932,69.48,12.6006,12.7083
bergen,60.39,5.3183,2026-06-20 13:16:40,2026-06-18 23:59:59,19.061,11.761,1.3,27732.791,174.6605,15.12,29.16,12.165,28.2917
bergen,60.39,5.3183,2026-06-20 13:16:40,2026-06-19 23:59:59,20.211,13.361,3.7,0.0,155.6146,25.56,46.08,20.085,76.0
bergen,60.39,5.3183,2026-06-20 13:16:40,2026-06-20 23:59:59,17.061,12.861,29.4,4048.2612,188.0006,25.92,45.36,14.61,70.8333
bergen,60.39,5.3183,2026-06-20 13:16:40,2026-06-21 23:59:59,15.311,12.061,1.0,20159.4062,210.7401,14.04,24.48,9.6,40.5417
bergen,60.39,5.3183,2026-06-20 13:16:40,2026-06-22 23:59:59,16.111,9.2,1.3,42453.9102,297.5715,12.8812,27.9,7.2935,22.7083
bergen,60.39,5.3183,2026-06-20 13:16:40,2026-06-23 23:59:59,15.65,8.75,1.4,52.4899,169.3673,23.1389,50.76,12.5857,32.9583
bergen,60.39,5.3183,2026-06-20 13:16:40,2026-06-24 23:59:59,14.45,11.7,6.2,18915.3887,219.9257,22.882,51.12,13.0602,60.7917
bergen,60.39,5.3183,2026-06-20 13:16:40,2026-06-25 23:59:59,15.75,10.35,1.7,52475.1875,278.122,11.4311,27.72,8.4589,28.9583
bergen,60.39,5.3183,2026-06-20 13:16:40,2026-06-26 23:59:59,22.1,9.2,0.0,62663.375,206.3821,10.1584,31.68,5.9818,13.7083
bergen,60.39,5.3183,2026-06-20 13:16:40,2026-06-27 23:59:59,27.25,14.35,4.0,66903.5703,166.014,19.6456,47.88,12.7812,27.7917
bergen,60.39,5.3183,2026-06-20 13:16:40,2026-06-28 23:59:59,19.6,15.55,3.2,49451.707,177.9886,21.2186,51.12,16.3581,30.5833
bergen,60.39,5.3183,2026-06-20 13:16:40,2026-06-29 23:59:59,18.95,13.4,4.6,45033.7891,186.1004,17.6822,56.88,14.0242,35.0417
bergen,60.39,5.3183,2026-06-20 13:16:40,2026-06-30 23:59:59,16.15,12.8,1.8,66668.8516,194.0035,20.6082,53.28,13.3846,35.9167
bergen,60.39,5.3183,2026-06-20 13:16:40,2026-07-01 23:59:59,14.95,12.4,18.6,4123.9297,175.6817,20.0318,48.96,16.865,30.875
bergen,60.39,5.3183,2026-06-20 13:16:40,2026-07-02 23:59:59,18.4,12.4,3.2,43521.4727,187.1606,14.0584,35.64,10.4797,50.625
bergen,60.39,5.3183,2026-06-20 13:16:40,2026-07-03 23:59:59,14.85,11.4,1.2,0.0,288.9582,10.2093,27.72,6.6815,39.8333
stockholm,59.3289,18.0724,2026-06-20 13:16:40,2026-06-19 23:59:59,25.0175,15.3675,0.0,56140.1055,242.3995,16.2,34.2,10.815,1.25
stockholm,59.3289,18.0724,2026-06-20 13:16:40,2026-06-20 23:59:59,27.9175,17.4175,4.0,45941.9805,204.3004,23.4,56.16,14.19,16.2083
stockholm,59.3289,18.0724,2026-06-20 13:16:40,2026-06-21 23:59:59,26.9675,18.9675,0.0,60828.7969,271.8305,16.92,34.2,13.26,0.0
stockholm,59.3289,18.0724,2026-06-20 13:16:40,2026-06-22 23:59:59,22.7675,14.15,0.0,51770.3789,66.209,17.64,37.8,11.517,0.7917
stockholm,59.3289,18.0724,2026-06-20 13:16:40,2026-06-23 23:59:59,20.55,13.55,0.0,57493.8867,152.739,12.7914,32.4,8.8465,3.5417
stockholm,59.3289,18.0724,2026-06-20 13:16:40,2026-06-24 23:59:59,23.2,14.9,0.3,61440.7539,239.9445,19.6522,50.4,14.141,14.2917
stockholm,59.3289,18.0724,2026-06-20 13:16:40,2026-06-25 23:59:59,23.05,15.0,3.3,60699.8672,351.5042,12.1936,30.6,7.0772,14.7083
stockholm,59.3289,18.0724,2026-06-20 13:16:40,2026-06-26 23:59:59,21.9,14.8,0.0,65580.9766,355.4261,14.1938,38.16,10.5312,6.875
stockholm,59.3289,18.0724,2026-06-20 13:16:40,2026-06-27 23:59:59,24.4,14.2,0.0,65582.8594,190.3254,12.5743,32.04,7.8423,0.7917
stockholm,59.3289,18.0724,2026-06-20 13:16:40,2026-06-28 23:59:59,25.7,16.7,0.0,65548.3828,196.8684,15.1927,39.6,12.6896,3.125
stockholm,59.3289,18.0724,2026-06-20 13:16:40,2026-06-29 23:59:59,28.05,17.45,0.0,64879.9844,200.0684,13.7791,37.08,12.1004,3.25
stockholm,59.3289,18.0724,2026-06-20 13:16:40,2026-06-30 23:59:59,29.05,18.85,1.2,64872.7969,251.8087,16.4432,46.08,12.2146,3.5417
stockholm,59.3289,18.0724,2026-06-20 13:16:40,2026-07-01 23:59:59,25.75,18.75,0.0,64861.7891,267.8867,15.8768,38.52,14.2918,14.3333
stockholm,59.3289,18.0724,2026-06-20 13:16:40,2026-07-02 23:59:59,26.1,18.3,0.0,64848.2344,250.3926,13.2395,35.64,9.5394,15.375
stockholm,59.3289,18.0724,2026-06-20 13:16:40,2026-07-03 23:59:59,21.55,16.5,4.0,35082.1016,92.9075,12.2612,31.68,9.6682,20.9583
aachen,50.782,6.09,2026-06-21 13:21:10,2026-06-20 23:59:59,33.026,20.876,9.0,53835.1641,302.9377,19.08,35.64,9.705,12.0833
aachen,50.782,6.09,2026-06-21 13:21:10,2026-06-21 23:59:59,32.376,19.126,0.0,50400.0,12.471,15.12,28.44,9.33,18.3333
aachen,50.782,6.09,2026-06-21 13:21:10,2026-06-22 23:59:59,32.076,22.476,0.0,54000.0,21.5423,11.16,25.92,8.505,1.625
aachen,50.782,6.09,2026-06-21 13:21:10,2026-06-23 23:59:59,34.526,22.926,0.0,55653.4453,34.4431,9.4088,24.48,6.9209,1.0417
aachen,50.782,6.09,2026-06-21 13:21:10,2026-06-24 23:59:59,34.1,20.9,0.0,56782.4102,36.9427,12.5743,30.6,7.0775,0.8333
aachen,50.782,6.09,2026-06-21 13:21:10,2026-06-25 23:59:59,36.1,24.1,0.0,58560.5508,93.9965,15.7847,37.08,10.8813,0.7917
aachen,50.782,6.09,2026-06-21 13:21:10,2026-06-26 23:59:59,36.2,27.55,0.0,58399.5977,184.2969,16.2,34.92,9.5085,6.5833
aachen,50.782,6.09,2026-06-21 13:21:10,2026-06-27 23:59:59,34.45,26.2,0.6,58503.707,252.3953,9.7798,36.36,6.4096,10.7083
aachen,50.782,6.09,2026-06-21 13:21:10,2026-06-28 23:59:59,38.2,24.75,4.2,58467.0898,114.6474,13.4507,42.48,10.0895,15.25
aachen,50.782,6.09,2026-06-21 13:21:10,2026-06-29 23:59:59,28.3,20.9,0.8,55815.168,269.3148,11.7553,34.2,9.3447,28.3333
aachen,50.782,6.09,2026-06-21 13:21:10,2026-06-30 23:59:59,25.0,16.0,0.4,58377.6133,323.1595,12.0115,32.04,9.2937,26.9583
aachen,50.782,6.09,2026-06-21 13:21:10,2026-07-01 23:59:59,24.6,16.75,0.4,56463.7266,267.8001,13.6278,41.04,7.9547,18.5
aachen,50.782,6.09,2026-06-21 13:21:10,2026-07-02 23:59:59,23.3,16.7,0.8,58266.5742,242.3737,24.827,58.32,19.7068,23.2917
aachen,50.782,6.09,2026-06-21 13:21:10,2026-07-03 23:59:59,21.05,14.95,0.0,58178.8438,250.6656,20.1286,48.24,16.2182,15.2083
aachen,50.782,6.09,2026-06-21 13:21:10,2026-07-04 23:59:59,20.15,14.3,0.0,53564.2148,249.0157,18.1586,45.36,15.3371,21.4167
munich,48.14,11.58,2026-06-21 13:21:10,2026-06-20 23:59:59,32.765,20.915,0.0,51070.3555,267.844,13.7084,31.32,8.1187,2.5417
munich,48.14,11.58,2026-06-21 13:21:10,2026-06-21 23:59:59,33.915,20.165,0.0,49945.6328,224.0834,15.4842,36.36,6.3317,0.4583
munich,48.14,11.58,2026-06-21 13:21:10,2026-06-22 23:59:59,33.065,20.015,0.0,50400.0,32.6805,16.2639,34.2,5.2,7.2917
munich,48.14,11.58,2026-06-21 13:21:10,2026-06-23 23:59:59,32.4215,20.965,0.2,52709.6211,323.5393,10.4957,30.6,4.8561,2.75
munich,48.14,11.58,2026-06-21 13:21:10,2026-06-24 23:59:59,33.6715,19.6715,0.0,54138.9531,308.5584,6.8495,21.96,4.5403,1.0
munich,48.14,11.58,2026-06-21 13:21:10,2026-06-25 23:59:59,35.2715,22.2215,0.0,53406.3164,279.9776,9.1994,27.0,5.8827,2.1667
munich,48.14,11.58,2026-06-21 13:21:10,2026-06-26 23:59:59,34.808,22.4215,0.0,56238.0195,89.5148,13.3637,32.04,6.8511,0.625
munich,48.14,11.58,2026-06-21 13:21:10,2026-06-27 23:59:59,35.258,20.608,0.9,48797.4531,121.9499,8.7592,25.56,4.781,2.2083
munich,48.14,11.58,2026-06-21 13:21:10,2026-06-28 23:59:59,37.7,20.058,0.15,56769.1562,70.4298,14.8191,41.76,6.7944,13.9271
munich,48.14,11.58,2026-06-21 13:21:10,2026-06-29 23:59:59,36.4,21.95,8.4,56301.8242,224.0387,12.9625,36.72,8.756,14.7917
munich,48.14,11.58,2026-06-21 13:21:10,2026-06-30 23:59:59,22.45,18.55,17.8,30068.1738,278.9889,11.8377,35.64,9.6232,38.5417
munich,48.14,11.58,2026-06-21 13:21:10,2026-07-01 23:59:59,24.75,18.7,1.8,44434.3047,343.0353,7.38,26.64,4.879,35.9167
munich,48.14,11.58,2026-06-21 13:21:10,2026-07-02 23:59:59,25.4,18.35,0.8,56221.4805,265.1884,11.6333,27.72,7.7949,25.0417
munich,48.14,11.58,2026-06-21 13:21:10,2026-07-03 23:59:59,24.45,18.7,3.0,55121.2734,248.6963,11.144,31.68,7.8773,26.7083
munich,48.14,11.58,2026-06-21 13:21:10,2026-07-04 23:59:59,25.15,18.3,0.0,55148.9336,259.8598,13.1005,36.72,7.1467,25.125
hamburg,53.56,10.0,2026-06-21 13:21:10,2026-06-20 23:59:59,31.4235,19.8735,1.6,37766.6406,236.3723,17.6106,43.56,9.1869,11.0417
hamburg,53.56,10.0,2026-06-21 13:21:10,2026-06-21 23:59:59,26.4235,18.8235,0.0,41295.2188,9.6097,11.3842,25.56,7.5062,0.25
hamburg,53.56,10.0,2026-06-21 13:21:10,2026-06-22 23:59:59,26.0235,17.4235,0.0,43760.4805,28.2781,13.7979,25.56,6.5301,0.0
hamburg,53.56,10.0,2026-06-21 13:21:10,2026-06-23 23:59:59,26.265,15.9735,0.0,54112.1953,51.1281,7.4216,18.72,5.8079,0.0
hamburg,53.56,10.0,2026-06-21 13:21:10,2026-06-24 23:59:59,31.215,17.615,0.0,55792.5938,88.4235,10.9667,27.72,7.1304,0.25
hamburg,53.56,10.0,2026-06-21 13:21:10,2026-06-25 23:59:59,28.815,19.165,0.0,60360.5469,342.8888,10.4957,27.0,7.6975,0.0
hamburg,53.56,10.0,2026-06-21 13:21:10,2026-06-26 23:59:59,33.426,18.565,0.0,60333.8125,110.8293,17.5848,36.72,11.2086,0.0
hamburg,53.56,10.0,2026-06-21 13:21:10,2026-06-27 23:59:59,30.626,22.226,8.7,37045.4141,222.4936,16.168,45.72,9.9182,8.5833
hamburg,53.56,10.0,2026-06-21 13:21:10,2026-06-28 23:59:59,32.45,20.026,0.0,60268.5195,182.2383,13.8962,33.84,8.5218,13.9271
hamburg,53.56,10.0,2026-06-21 13:21:10,2026-06-29 23:59:59,33.65,23.15,0.6,60227.1758,267.5284,13.1104,36.36,10.142,13.3333
hamburg,53.56,10.0,2026-06-21 13:21:10,2026-06-30 23:59:59,26.1,19.85,0.0,49355.5781,308.4555,13.8542,40.68,11.3412,21.1667
hamburg,53.56,10.0,2026-06-21 13:21:10,2026-07-01 23:59:59,26.75,16.3,4.8,53139.9531,262.0908,16.6857,44.64,9.1179,11.2917
hamburg,53.56,10.0,2026-06-21 13:21:10,2026-07-02 23:59:59,22.45,14.25,5.4,60044.6445,229.9985,16.8951,48.6,12.9974,19.2083
hamburg,53.56,10.0,2026-06-21 13:21:10,2026-07-03 23:59:59,21.55,15.8,2.4,59970.6523,240.2458,18.0431,45.72,12.2263,20.1667
hamburg,53.56,10.0,2026-06-21 13:21:10,2026-07-04 23:59:59,17.95,14.9,7.2,59890.0859,243.0586,15.0092,47.88,10.5634,25.625
freiburg,48.0,7.84,2026-06-21 13:21:10,2026-06-20 23:59:59,35.198,20.698,0.0,54000.0,182.5318,14.0584,31.68,6.6419,0.7083
freiburg,48.0,7.84,2026-06-21 13:21:10,2026-06-21 23:59:59,35.998,20.748,0.0,40288.8086,113.9623,17.1935,43.92,6.1039,0.4583
freiburg,48.0,7.84,2026-06-21 13:21:10,2026-06-22 23:59:59,36.348,22.448,0.0,54000.0,32.7352,13.4411,28.44,7.2488,0.125
freiburg,48.0,7.84,2026-06-21 13:21:10,2026-06-23 23:59:59,35.431,21.398,0.0,53544.5977,31.8828,12.2453,32.4,6.6629,0.0
freiburg,48.0,7.84,2026-06-21 13:21:10,2026-06-24 23:59:59,37.981,21.081,0.0,54050.3281,102.0306,6.9154,17.28,3.9329,2.7917
freiburg,48.0,7.84,2026-06-21 13:21:10,2026-06-25 23:59:59,37.431,22.231,0.0,55852.2812,10.77,9.5315,26.64,5.2725,0.0417
freiburg,48.0,7.84,2026-06-21 13:21:10,2026-06-26 23:59:59,38.0155,23.031,0.9,54105.4219,53.0312,9.2275,23.76,4.8989,1.9688
freiburg,48.0,7.84,2026-06-21 13:21:10,2026-06-27 23:59:59,36.4155,20.0655,1.5,53239.1875,175.0087,12.1016,35.28,6.47,7.375
freiburg,48.0,7.84,2026-06-21 13:21:10,2026-06-28 23:59:59,37.0,19.2655,0.15,56150.3164,218.5311,7.6389,26.28,4.5222,16.7083
freiburg,48.0,7.84,2026-06-21 13:21:10,2026-06-29 23:59:59,32.4,21.5,8.4,55026.1562,111.6505,15.6972,45.72,6.9942,18.4583
freiburg,48.0,7.84,2026-06-21 13:21:10,2026-06-30 23:59:59,23.0,19.65,9.0,37338.4453,20.5303,13.8892,34.92,6.0977,35.625
freiburg,48.0,7.84,2026-06-21 13:21:10,2026-07-01 23:59:59,25.95,18.85,1.2,46601.6523,17.3099,9.6009,27.72,4.087,29.0833
freiburg,48.0,7.84,2026-06-21 13:21:10,2026-07-02 23:59:59,27.0,19.75,0.0,56592.7656,213.2867,15.4139,36.36,8.8568,22.5
freiburg,48.0,7.84,2026-06-21 13:21:10,2026-07-03 23:59:59,26.75,18.65,0.0,56175.5117,237.2171,8.1717,34.56,5.6411,20.0
freiburg,48.0,7.84,2026-06-21 13:21:10,2026-07-04 23:59:59,26.95,17.0,0.0,56172.9297,281.0514,11.3042,36.0,5.7015,19.5833
leipzig,51.34,12.38,2026-06-21 13:21:10,2026-06-20 23:59:59,30.563,21.663,0.5,39649.875,281.8889,15.8441,34.92,6.7345,7.3333
leipzig,51.34,12.38,2026-06-21 13:21:10,2026-06-21 23:59:59,30.013,20.963,0.0,54949.8594,1.1623,19.3866,51.84,7.2341,10.9167
leipzig,51.34,12.38,2026-06-21 13:21:10,2026-06-22 23:59:59,29.863,20.163,0.3,51075.8438,54.4765,9.5654,25.2,7.3351,12.375
leipzig,51.34,12.38,2026-06-21 13:21:10,2026-06-23 23:59:59,28.615,18.863,0.0,53801.4062,44.2883,8.64,20.88,5.0535,0.375
leipzig,51.34,12.38,2026-06-21 13:21:10,2026-06-24 23:59:59,33.215,18.165,0.0,56111.2109,140.2774,6.6381,19.08,4.1731,1.4583
leipzig,51.34,12.38,2026-06-21 13:21:10,2026-06-25 23:59:59,32.415,22.815,0.0,58131.6367,33.2837,9.4701,29.16,7.942,0.0
leipzig,51.34,12.38,2026-06-21 13:21:10,2026-06-26 23:59:59,33.926,18.865,0.0,57433.5664,90.5891,12.6616,33.84,7.8869,0.0
leipzig,51.34,12.38,2026-06-21 13:21:10,2026-06-27 23:59:59,32.226,23.076,2.4,31279.4863,195.0544,11.3671,37.08,5.0379,1.9167
leipzig,51.34,12.38,2026-06-21 13:21:10,2026-06-28 23:59:59,38.7,22.126,8.4,39766.5,266.9539,14.3301,47.52,5.2627,11.0104
leipzig,51.34,12.38,2026-06-21 13:21:10,2026-06-29 23:59:59,35.35,22.45,4.0,58021.0898,327.1152,22.1341,57.24,9.0313,11.6667
leipzig,51.34,12.38,2026-06-21 13:21:10,2026-06-30 23:59:59,24.4,20.6,12.8,12577.7988,334.1107,17.9973,45.0,12.6484,20.4167
leipzig,51.34,12.38,2026-06-21 13:21:10,2026-07-01 23:59:59,22.5,19.25,3.6,24801.4512,54.5342,7.6748,21.96,5.148,18.125
leipzig,51.34,12.38,2026-06-21 13:21:10,2026-07-02 23:59:59,24.7,15.05,0.0,45586.1914,260.4371,14.2757,37.8,8.4097,15.875
leipzig,51.34,12.38,2026-06-21 13:21:10,2026-07-03 23:59:59,25.55,18.95,1.2,58541.9609,264.5195,17.4191,44.64,9.3944,17.25
leipzig,51.34,12.38,2026-06-21 13:21:10,2026-07-04 23:59:59,25.05,17.15,0.0,57404.1211,267.7321,19.6456,50.04,9.7493,16.3333
frankfurt,50.12,8.68,2026-06-21 13:21:10,2026-06-20 23:59:59,35.593,21.343,0.9,46915.3594,190.4005,11.441,40.32,5.7066,4.9583
frankfurt,50.12,8.68,2026-06-21 13:21:10,2026-06-21 23:59:59,35.743,22.693,1.4,31963.9844,28.3173,14.4942,69.48,5.5375,5.4167
frankfurt,50.12,8.68,2026-06-21 13:21:10,2026-06-22 23:59:59,34.743,22.443,0.0,54000.0,21.5329,11.1832,30.6,7.8638,2.4167
frankfurt,50.12,8.68,2026-06-21 13:21:10,2026-06-23 23:59:59,32.7475,22.543,0.0,54000.0,25.7993,8.8255,24.84,6.9638,3.5833
frankfurt,50.12,8.68,2026-06-21 13:21:10,2026-06-24 23:59:59,39.7475,19.5475,0.0,54797.4492,284.9817,12.24,37.08,6.5231,0.7917
frankfurt,50.12,8.68,2026-06-21 13:21:10,2026-06-25 23:59:59,35.6475,22.8975,0.0,58160.5898,28.133,14.1869,37.8,8.6148,0.0
frankfurt,50.12,8.68,2026-06-21 13:21:10,2026-06-26 23:59:59,38.902,22.4475,0.9,43783.1797,68.6772,8.6699,29.88,5.4481,0.5417
frankfurt,50.12,8.68,2026-06-21 13:21:10,2026-06-27 23:59:59,34.752,22.952,4.0,42875.0977,331.028,16.7468,36.72,4.6938,4.6667
frankfurt,50.12,8.68,2026-06-21 13:21:10,2026-06-28 23:59:59,37.35,21.252,1.4,57532.6172,42.8506,7.4216,56.88,4.0364,20.7083
frankfurt,50.12,8.68,2026-06-21 13:21:10,2026-06-29 23:59:59,34.8,22.05,5.8,56874.3945,359.4911,10.2093,63.0,6.1141,22.625
frankfurt,50.12,8.68,2026-06-21 13:21:10,2026-06-30 23:59:59,25.95,19.35,2.0,30944.0723,341.8792,9.4444,30.6,6.5233,28.0833
frankfurt,50.12,8.68,2026-06-21 13:21:10,2026-07-01 23:59:59,28.3,18.75,0.0,57910.9688,350.0784,12.2002,27.36,6.3491,17.5417
frankfurt,50.12,8.68,2026-06-21 13:21:10,2026-07-02 23:59:59,27.35,17.9,0.0,56654.6953,255.6428,13.6195,45.36,9.7224,16.4167
frankfurt,50.12,8.68,2026-06-21 13:21:10,2026-07-03 23:59:59,25.4,18.6,0.0,50502.9844,261.7349,17.9025,46.44,8.1853,14.5
frankfurt,50.12,8.68,2026-06-21 13:21:10,2026-07-04 23:59:59,25.9,18.3,0.0,56719.2188,260.5851,16.9401,45.0,9.4095,11.5833
darmstadt,49.88,8.64,2026-06-21 13:21:10,2026-06-20 23:59:59,35.0545,20.4045,0.7,48559.7891,185.7288,11.6208,30.96,6.1725,4.5417
darmstadt,49.88,8.64,2026-06-21 13:21:10,2026-06-21 23:59:59,35.5545,21.6545,0.0,28408.0176,30.3697,16.2997,40.32,5.6895,4.2083
darmstadt,49.88,8.64,2026-06-21 13:21:10,2026-06-22 23:59:59,35.0045,21.8545,0.0,54000.0,24.7238,11.0139,26.64,6.547,1.25
darmstadt,49.88,8.64,2026-06-21 13:21:10,2026-06-23 23:59:59,33.6135,21.4545,0.0,54000.0,35.0866,8.655,23.4,6.3691,2.3333
darmstadt,49.88,8.64,2026-06-21 13:21:10,2026-06-24 23:59:59,39.8135,20.2135,0.0,55693.6758,261.1097,13.5706,42.48,7.0122,0.7917
darmstadt,49.88,8.64,2026-06-21 13:21:10,2026-06-25 23:59:59,36.3635,21.7135,0.0,57369.2109,30.7059,14.1137,38.16,7.8137,0.0
darmstadt,49.88,8.64,2026-06-21 13:21:10,2026-06-26 23:59:59,38.4505,21.4135,0.9,45504.582,150.3938,9.2275,27.72,5.8599,0.5417
darmstadt,49.88,8.64,2026-06-21 13:21:10,2026-06-27 23:59:59,34.3505,21.5005,1.9,46527.0508,319.7637,7.5942,25.92,4.3423,4.6667
darmstadt,49.88,8.64,2026-06-21 13:21:10,2026-06-28 23:59:59,38.7,20.2505,0.75,54041.5781,137.47,9.4307,62.64,4.8654,20.7083
darmstadt,49.88,8.64,2026-06-21 13:21:10,2026-06-29 23:59:59,35.7,21.45,7.2,56816.6875,336.3038,9.5671,70.92,5.1448,22.625
darmstadt,49.88,8.64,2026-06-21 13:21:10,2026-06-30 23:59:59,25.7,18.45,2.0,41152.6289,332.0976,10.62,32.76,9.3035,28.0833
darmstadt,49.88,8.64,2026-06-21 13:21:10,2026-07-01 23:59:59,28.4,18.65,0.0,57789.8516,351.2918,9.6682,36.0,6.1742,17.5417
darmstadt,49.88,8.64,2026-06-21 13:21:10,2026-07-02 23:59:59,28.2,17.95,0.0,53900.9727,263.8115,12.6064,48.96,8.64,16.4167
darmstadt,49.88,8.64,2026-06-21 13:21:10,2026-07-03 23:59:59,25.3,18.95,0.0,57063.4414,274.7922,18.4708,47.16,10.0572,14.5
darmstadt,49.88,8.64,2026-06-21 13:21:10,2026-07-04 23:59:59,25.85,18.3,0.0,57097.4727,266.2342,15.7754,41.76,10.1253,11.5833
berlin,52.52,13.4,2026-06-21 13:21:10,2026-06-20 23:59:59,30.302,20.152,0.5,34712.9766,38.3676,13.7084,32.4,6.0688,8.2083
berlin,52.52,13.4,2026-06-21 13:21:10,2026-06-21 23:59:59,28.652,20.152,45.6,32562.0,6.9884,13.2761,51.84,6.4415,19.6667
berlin,52.52,13.4,2026-06-21 13:21:10,2026-06-22 23:59:59,27.252,17.752,0.0,52102.2031,35.0563,9.7267,26.28,8.3642,0.4583
berlin,52.52,13.4,2026-06-21 13:21:10,2026-06-23 23:59:59,26.939,17.652,0.0,49837.0312,3.9248,7.4216,19.8,4.2912,0.375
berlin,52.52,13.4,2026-06-21 13:21:10,2026-06-24 23:59:59,30.739,16.289,0.0,56036.0625,96.759,6.2974,16.92,3.8748,0.6667
berlin,52.52,13.4,2026-06-21 13:21:10,2026-06-25 23:59:59,30.039,20.689,0.0,58747.0156,14.5771,7.56,21.24,5.9939,0.0
berlin,52.52,13.4,2026-06-21 13:21:10,2026-06-26 23:59:59,31.476,18.439,0.0,58262.8359,102.6121,12.4135,32.4,8.1434,0.0
berlin,52.52,13.4,2026-06-21 13:21:10,2026-06-27 23:59:59,32.626,18.976,5.7,46697.1172,125.0447,10.5142,30.24,7.4279,0.9583
berlin,52.52,13.4,2026-06-21 13:21:10,2026-06-28 23:59:59,37.75,22.376,16.2,43300.1094,321.2139,10.5879,34.56,6.9821,9.875
berlin,52.52,13.4,2026-06-21 13:21:10,2026-06-29 23:59:59,38.3,26.2,0.0,58752.2852,28.8536,11.2309,36.0,6.8989,10.5
berlin,52.52,13.4,2026-06-21 13:21:10,2026-06-30 23:59:59,27.7,19.35,9.6,57793.1836,343.224,22.6614,52.92,14.9328,19.4583
berlin,52.52,13.4,2026-06-21 13:21:10,2026-07-01 23:59:59,25.95,18.15,0.0,57436.4844,50.211,7.2,29.88,4.4759,18.125
berlin,52.52,13.4,2026-06-21 13:21:10,2026-07-02 23:59:59,24.8,17.0,2.4,43454.4727,255.6415,16.6352,43.92,9.5355,13.25
berlin,52.52,13.4,2026-06-21 13:21:10,2026-07-03 23:59:59,26.5,18.9,0.6,59074.2734,260.0076,17.0507,45.36,10.1015,18.9583
berlin,52.52,13.4,2026-06-21 13:21:10,2026-07-04 23:59:59,24.7,17.15,0.6,59045.3203,259.4443,16.1097,43.2,9.9363,18.375
valencia,39.5,-0.375,2026-06-21 13:21:10,2026-06-20 23:59:59,28.9825,21.8825,0.0,50400.0,59.6975,17.7279,45.36,7.9914,0.0
valencia,39.5,-0.375,2026-06-21 13:21:10,2026-06-21 23:59:59,31.7325,21.5325,0.0,50400.0,63.0042,12.925,30.96,6.3836,0.0
valencia,39.5,-0.375,2026-06-21 13:21:10,2026-06-22 23:59:59,32.1825,21.7325,0.0,50400.0,98.3989,12.1443,29.88,5.4329,0.0
valencia,39.5,-0.375,2026-06-21 13:21:10,2026-06-23 23:59:59,32.1325,21.9825,0.0,50400.0,88.008,13.4507,32.4,5.9137,0.0
valencia,39.5,-0.375,2026-06-21 13:21:10,2026-06-24 23:59:59,30.7325,22.2825,0.0,51962.5938,74.0546,13.3976,32.04,6.828,0.0
valencia,39.5,-0.375,2026-06-21 13:21:10,2026-06-25 23:59:59,31.0825,22.5325,0.0,52063.2539,96.0914,13.7084,34.2,6.5614,0.0
valencia,39.5,-0.375,2026-06-21 13:21:10,2026-06-26 23:59:59,30.9645,23.019,0.0,52069.7812,75.0716,16.7506,38.88,7.6871,0.0
valencia,39.5,-0.375,2026-06-21 13:21:10,2026-06-27 23:59:59,29.9645,22.3145,0.0,47694.3711,87.2409,15.8768,37.44,6.8985,0.0
valencia,39.5,-0.375,2026-06-21 13:21:10,2026-06-28 23:59:59,30.9036,22.1145,0.0,52064.4531,102.7606,13.9102,42.12,6.5835,0.5
valencia,39.5,-0.375,2026-06-21 13:21:10,2026-06-29 23:59:59,30.15,25.1,0.0,52212.5703,103.7832,13.7979,40.68,6.5161,1.0
valencia,39.5,-0.375,2026-06-21 13:21:10,2026-06-30 23:59:59,30.45,26.9,0.0,48997.6172,134.7928,12.5149,42.48,7.0346,3.8333
valencia,39.5,-0.375,2026-06-21 13:21:10,2026-07-01 23:59:59,30.1,25.85,0.6,52226.9258,60.2011,16.8018,48.96,12.181,13.9583
valencia,39.5,-0.375,2026-06-21 13:21:10,2026-07-02 23:59:59,29.2,25.0,0.0,52043.9609,95.7212,16.1047,43.56,9.5405,6.5
valencia,39.5,-0.375,2026-06-21 13:21:10,2026-07-03 23:59:59,30.05,24.35,0.0,52236.3555,109.1463,17.7133,46.8,9.625,5.25
valencia,39.5,-0.375,2026-06-21 13:21:10,2026-07-04 23:59:59,29.5,24.55,0.0,52022.2617,69.8431,15.3423,44.64,10.086,1.1667
madrid,40.4375,-3.6875,2026-06-21 13:21:10,2026-06-20 23:59:59,36.6655,23.5655,0.0,50511.0781,114.7827,14.7995,39.6,9.2745,1.625
madrid,40.4375,-3.6875,2026-06-21 13:21:10,2026-06-21 23:59:59,38.3655,23.7655,0.1,51864.7695,117.379,19.1072,49.32,12.0993,0.5
madrid,40.4375,-3.6875,2026-06-21 13:21:10,2026-06-22 23:59:59,39.0155,24.1655,0.0,41389.2344,114.1494,15.0384,54.72,8.9866,0.125
madrid,40.4375,-3.6875,2026-06-21 13:21:10,2026-06-23 23:59:59,39.0655,24.7155,0.0,49811.2539,78.8572,10.1441,29.52,6.323,0.0
madrid,40.4375,-3.6875,2026-06-21 13:21:10,2026-06-24 23:59:59,37.2655,25.0155,0.0,53029.1406,127.0186,15.1884,38.52,9.6765,0.7917
madrid,40.4375,-3.6875,2026-06-21 13:21:10,2026-06-25 23:59:59,32.4155,24.4155,0.0,53035.3242,217.7468,13.7791,38.52,9.7636,0.0
madrid,40.4375,-3.6875,2026-06-21 13:21:10,2026-06-26 23:59:59,32.109,21.909,0.0,52002.7422,239.9785,11.8089,30.6,7.0835,0.2812
madrid,40.4375,-3.6875,2026-06-21 13:21:10,2026-06-27 23:59:59,34.509,22.559,0.3,48692.4062,159.0221,10.2458,27.72,5.5105,1.9167
madrid,40.4375,-3.6875,2026-06-21 13:21:10,2026-06-28 23:59:59,35.9,20.759,1.2,48247.7812,139.31,11.2985,37.8,5.9006,15.6875
madrid,40.4375,-3.6875,2026-06-21 13:21:10,2026-06-29 23:59:59,35.2,23.35,8.2,53026.3398,101.5554,9.18,57.24,3.9725,11.8333
madrid,40.4375,-3.6875,2026-06-21 13:21:10,2026-06-30 23:59:59,32.65,19.15,0.2,53021.6094,45.4664,15.7178,42.84,9.1595,12.8333
madrid,40.4375,-3.6875,2026-06-21 13:21:10,2026-07-01 23:59:59,35.8,19.0,0.0,53014.6875,23.5468,16.9926,51.48,10.0473,13.375
madrid,40.4375,-3.6875,2026-06-21 13:21:10,2026-07-02 23:59:59,35.75,20.75,0.0,53005.8789,61.0187,15.8829,40.32,9.0824,7.5833
madrid,40.4375,-3.6875,2026-06-21 13:21:10,2026-07-03 23:59:59,37.8,22.45,0.0,52995.1719,47.5719,17.2293,43.92,9.4269,7.625
madrid,40.4375,-3.6875,2026-06-21 13:21:10,2026-07-04 23:59:59,37.45,23.7,0.0,52982.5781,18.5011,16.5835,46.8,9.0638,6.625
london,51.5,-0.25,2026-06-21 13:21:10,2026-06-20 23:59:59,25.591,18.091,0.0,49757.457,227.0151,12.96,30.96,10.575,7.5
london,51.5,-0.25,2026-06-21 13:21:10,2026-06-21 23:59:59,29.441,20.541,0.0,56429.3359,78.0512,16.56,36.72,6.885,8.25
london,51.5,-0.25,2026-06-21 13:21:10,2026-06-22 23:59:59,28.541,18.341,0.0,45486.375,82.9381,19.08,42.48,14.31,1.0
london,51.5,-0.25,2026-06-21 13:21:10,2026-06-23 23:59:59,35.7545,20.791,0.95,55843.9102,81.8912,13.32,28.44,8.2125,1.25
london,51.5,-0.25,2026-06-21 13:21:10,2026-06-24 23:59:59,34.6545,25.7045,0.0,55857.0859,76.2377,18.0,38.16,8.595,3.0
london,51.5,-0.25,2026-06-21 13:21:10,2026-06-25 23:59:59,35.1045,20.8545,2.1,57525.0742,103.0719,18.72,40.32,14.58,1.75
london,51.5,-0.25,2026-06-21 13:21:10,2026-06-26 23:59:59,27.0045,20.7045,0.2,57836.8203,239.6294,14.04,28.8,12.06,4.5
london,51.5,-0.25,2026-06-21 13:21:10,2026-06-27 23:59:59,25.1045,18.6045,0.4,56342.0938,235.6297,17.28,36.72,12.8731,19.75
london,51.5,-0.25,2026-06-21 13:21:10,2026-06-28 23:59:59,25.35,18.3,19.4,50152.8672,217.8773,12.5807,32.04,7.1031,15.375
london,51.5,-0.25,2026-06-21 13:21:10,2026-06-29 23:59:59,22.4,17.3,0.4,55164.4727,253.617,14.7138,37.8,11.0141,22.0
london,51.5,-0.25,2026-06-21 13:21:10,2026-06-30 23:59:59,22.2,14.4,0.0,57131.6719,246.0856,13.1388,37.08,11.0504,17.0
london,51.5,-0.25,2026-06-21 13:21:10,2026-07-01 23:59:59,19.45,15.15,6.8,18265.8555,220.3843,19.5215,50.76,15.0848,13.25
london,51.5,-0.25,2026-06-21 13:21:10,2026-07-02 23:59:59,20.15,14.05,1.0,53058.3242,244.4185,18.1166,46.44,14.076,6.0
london,51.5,-0.25,2026-06-21 13:21:10,2026-07-03 23:59:59,20.5,12.75,0.0,57023.8672,254.79,15.5645,41.76,12.6914,6.5
london,51.5,-0.25,2026-06-21 13:21:10,2026-07-04 23:59:59,20.7,12.55,0.0,55637.9414,260.3647,13.8495,37.44,11.2124,13.625
amsterdam,52.366,4.901,2026-06-21 13:21:10,2026-06-20 23:59:59,27.6565,21.6565,1.0,45389.8633,227.5725,18.72,32.4,10.29,18.5833
amsterdam,52.366,4.901,2026-06-21 13:21:10,2026-06-21 23:59:59,27.8565,20.2565,0.0,47678.4023,51.4987,22.32,41.04,12.24,31.0833
amsterdam,52.366,4.901,2026-06-21 13:21:10,2026-06-22 23:59:59,26.9065,18.3065,0.0,48239.8203,42.6937,21.24,38.88,18.24,0.0
amsterdam,52.366,4.901,2026-06-21 13:21:10,2026-06-23 23:59:59,30.1565,17.6565,0.0,57032.2734,63.5051,16.92,34.56,11.7937,2.0417
amsterdam,52.366,4.901,2026-06-21 13:21:10,2026-06-24 23:59:59,34.45,20.35,0.0,58020.4258,112.0952,8.0357,21.24,5.0191,0.0
amsterdam,52.366,4.901,2026-06-21 13:21:10,2026-06-25 23:59:59,34.45,23.85,0.0,59598.1797,89.9516,12.9312,34.92,9.2669,0.0
amsterdam,52.366,4.901,2026-06-21 13:21:10,2026-06-26 23:59:59,32.6,24.45,0.0,59570.3086,220.539,12.7851,36.72,9.1564,1.7917
amsterdam,52.366,4.901,2026-06-21 13:21:10,2026-06-27 23:59:59,30.8,22.3,0.6,59536.4961,308.1637,12.881,38.16,8.1467,17.375
amsterdam,52.366,4.901,2026-06-21 13:21:10,2026-06-28 23:59:59,28.15,21.45,7.8,51983.5586,326.9762,26.013,61.2,10.4668,9.1667
amsterdam,52.366,4.901,2026-06-21 13:21:10,2026-06-29 23:59:59,23.6,18.7,0.0,59451.1641,256.6817,15.1414,34.56,12.4419,27.4583
amsterdam,52.366,4.901,2026-06-21 13:21:10,2026-06-30 23:59:59,21.65,17.05,0.0,59399.7148,256.1962,12.0439,36.0,8.9401,20.125
amsterdam,52.366,4.901,2026-06-21 13:21:10,2026-07-01 23:59:59,17.3,15.85,10.0,5028.1348,198.4904,12.1896,35.64,9.9303,13.7917
amsterdam,52.366,4.901,2026-06-21 13:21:10,2026-07-02 23:59:59,19.3,15.3,9.6,58055.2539,233.2206,18.9197,46.44,15.8548,16.1667
amsterdam,52.366,4.901,2026-06-21 13:21:10,2026-07-03 23:59:59,19.1,15.1,1.8,58525.875,237.4685,18.2547,45.72,12.8157,13.4167
amsterdam,52.366,4.901,2026-06-21 13:21:10,2026-07-04 23:59:59,18.6,13.95,6.0,58042.3789,249.8785,18.3609,45.0,10.6106,19.4583
paris,48.86,2.36,2026-06-21 13:21:10,2026-06-20 23:59:59,35.815,21.665,0.0,55413.1094,262.2553,15.48,42.84,7.0097,11.2083
paris,48.86,2.36,2026-06-21 13:21:10,2026-06-21 23:59:59,36.915,21.715,0.0,54181.4219,15.124,16.5639,36.0,6.5375,0.9583
paris,48.86,2.36,2026-06-21 13:21:10,2026-06-22 23:59:59,39.615,25.315,0.0,53513.2773,50.0595,15.946,31.68,8.1888,0.5833
paris,48.86,2.36,2026-06-21 13:21:10,2026-06-23 23:59:59,40.1995,26.365,0.0,52255.5625,122.3131,9.7267,24.12,7.2523,0.5
paris,48.86,2.36,2026-06-21 13:21:10,2026-06-24 23:59:59,40.7495,26.9495,0.3,46138.0703,16.376,11.9886,28.8,6.0083,1.4167
paris,48.86,2.36,2026-06-21 13:21:10,2026-06-25 23:59:59,39.5495,23.1995,0.0,55807.9297,68.3925,12.3139,30.96,8.6341,4.7917
paris,48.86,2.36,2026-06-21 13:21:10,2026-06-26 23:59:59,35.6995,25.2995,1.8,52446.7812,341.2144,14.0584,35.28,8.8058,4.0833
paris,48.86,2.36,2026-06-21 13:21:10,2026-06-27 23:59:59,32.5495,19.7995,1.5,47132.0938,341.9192,10.4648,29.16,7.0766,12.9167
paris,48.86,2.36,2026-06-21 13:21:10,2026-06-28 23:59:59,32.85,21.0995,1.05,46499.168,306.522,18.8657,56.16,11.489,21.8854
paris,48.86,2.36,2026-06-21 13:21:10,2026-06-29 23:59:59,23.25,18.55,4.2,56219.5156,319.3988,18.6758,45.36,11.1625,32.4167
paris,48.86,2.36,2026-06-21 13:21:10,2026-06-30 23:59:59,26.05,15.55,0.0,57109.8398,317.0583,11.1091,44.28,7.5764,23.4583
paris,48.86,2.36,2026-06-21 13:21:10,2026-07-01 23:59:59,26.55,16.05,0.0,57095.3438,285.8527,12.2876,40.68,8.2627,14.2917
paris,48.86,2.36,2026-06-21 13:21:10,2026-07-02 23:59:59,25.05,19.35,0.6,46407.1211,279.0618,17.6041,43.56,11.8837,10.1667
paris,48.86,2.36,2026-06-21 13:21:10,2026-07-03 23:59:59,23.3,16.7,0.0,45716.9453,277.411,12.7914,42.84,10.302,7.5417
paris,48.86,2.36,2026-06-21 13:21:10,2026-07-04 23:59:59,23.25,14.9,0.0,57035.6523,281.2816,12.4837,38.88,9.3055,11.375
prag,50.08,14.44,2026-06-21 13:21:10,2026-06-20 23:59:59,32.9985,21.9485,0.1,44450.7227,179.1932,13.2174,58.68,5.6828,6.9167
prag,50.08,14.44,2026-06-21 13:21:10,2026-06-21 23:59:59,33.6485,20.1485,0.0,45280.9766,335.6744,16.677,39.24,5.5226,4.125
prag,50.08,14.44,2026-06-21 13:21:10,2026-06-22 23:59:59,30.7985,21.6485,0.0,54002.3242,8.304,14.1549,31.68,8.2028,9.75
prag,50.08,14.44,2026-06-21 13:21:10,2026-06-23 23:59:59,28.946,19.6985,0.0,54114.7344,18.9486,9.8261,25.56,5.5344,1.125
prag,50.08,14.44,2026-06-21 13:21:10,2026-06-24 23:59:59,32.346,16.746,0.0,55243.9531,216.7143,3.9763,14.4,2.5523,0.0
prag,50.08,14.44,2026-06-21 13:21:10,2026-06-25 23:59:59,33.046,22.496,0.0,52143.2695,35.5377,11.5929,29.52,5.9407,0.7917
prag,50.08,14.44,2026-06-21 13:21:10,2026-06-26 23:59:59,31.496,20.896,0.0,57552.0859,95.4995,12.6616,27.72,8.0092,0.0
prag,50.08,14.44,2026-06-21 13:21:10,2026-06-27 23:59:59,33.446,18.596,0.0,46412.2812,122.0989,13.0049,28.44,7.2283,0.0
prag,50.08,14.44,2026-06-21 13:21:10,2026-06-28 23:59:59,39.8,21.496,1.8,47306.5312,165.1603,7.02,43.2,4.1054,9.6042
prag,50.08,14.44,2026-06-21 13:21:10,2026-06-29 23:59:59,39.9,27.4,0.0,57655.6953,143.0038,10.3041,34.2,6.3893,12.0
prag,50.08,14.44,2026-06-21 13:21:10,2026-06-30 23:59:59,30.7,22.4,5.4,57440.7422,319.1435,14.8104,48.6,10.2296,20.25
prag,50.08,14.44,2026-06-21 13:21:10,2026-07-01 23:59:59,28.4,21.05,1.6,57405.75,328.3675,12.1683,38.88,7.1881,24.5417
prag,50.08,14.44,2026-06-21 13:21:10,2026-07-02 23:59:59,28.35,19.95,1.4,50389.8359,288.0355,14.7314,42.48,8.9902,15.7083
prag,50.08,14.44,2026-06-21 13:21:10,2026-07-03 23:59:59,31.2,20.25,0.0,57541.6758,245.2086,13.61,38.52,9.5291,26.125
prag,50.08,14.44,2026-06-21 13:21:10,2026-07-04 23:59:59,29.65,20.35,0.0,57509.8438,301.7456,16.7931,42.48,9.207,20.2083
rome,41.875,12.5,2026-06-21 13:21:10,2026-06-20 23:59:59,34.4415,21.6915,0.0,49837.5742,226.2543,14.0584,34.92,6.0335,0.0
rome,41.875,12.5,2026-06-21 13:21:10,2026-06-21 23:59:59,36.1415,21.6415,0.0,49858.8125,249.5376,15.9379,38.52,6.2587,0.0
rome,41.875,12.5,2026-06-21 13:21:10,2026-06-22 23:59:59,35.6915,22.7415,0.4,44424.7695,232.5683,14.6896,36.72,4.5607,7.6667
rome,41.875,12.5,2026-06-21 13:21:10,2026-06-23 23:59:59,36.0915,23.5415,0.6,36130.8164,308.6598,10.6307,31.32,4.6932,5.8333
rome,41.875,12.5,2026-06-21 13:21:10,2026-06-24 23:59:59,35.4415,23.8915,0.9,48096.6914,259.6337,15.1884,39.96,5.5036,11.0
rome,41.875,12.5,2026-06-21 13:21:10,2026-06-25 23:59:59,35.4415,23.9415,0.0,52087.2617,249.59,16.7468,39.96,6.2444,3.5833
rome,41.875,12.5,2026-06-21 13:21:10,2026-06-26 23:59:59,36.985,22.9415,0.0,53300.4492,260.2961,18.4726,42.48,6.1214,0.0833
rome,41.875,12.5,2026-06-21 13:21:10,2026-06-27 23:59:59,37.685,20.535,0.0,53582.543,254.3577,17.8736,42.84,6.2133,0.0
rome,41.875,12.5,2026-06-21 13:21:10,2026-06-28 23:59:59,37.9,20.685,0.0,53221.7109,237.1534,11.8445,42.12,6.4434,0.6458
rome,41.875,12.5,2026-06-21 13:21:10,2026-06-29 23:59:59,36.95,26.3,0.0,53586.0469,223.5107,11.2035,33.84,6.2671,0.0
rome,41.875,12.5,2026-06-21 13:21:10,2026-06-30 23:59:59,35.5,26.3,0.0,53593.0195,232.5885,12.6321,38.88,6.9082,0.5
rome,41.875,12.5,2026-06-21 13:21:10,2026-07-01 23:59:59,35.25,26.3,0.0,53598.2539,243.1362,13.7462,41.04,4.9605,2.125
rome,41.875,12.5,2026-06-21 13:21:10,2026-07-02 23:59:59,34.45,25.85,1.2,53243.6602,259.1682,11.0036,40.32,5.6517,5.6667
rome,41.875,12.5,2026-06-21 13:21:10,2026-07-03 23:59:59,35.25,24.75,0.0,53246.7539,240.5143,13.2432,41.04,6.2438,7.625
rome,41.875,12.5,2026-06-21 13:21:10,2026-07-04 23:59:59,34.5,25.85,0.0,53248.875,220.7635,13.874,41.04,6.4963,14.125
zurich,47.38,8.54,2026-06-21 13:21:10,2026-06-20 23:59:59,32.522,18.222,0.0,50756.6523,176.4605,8.0498,16.56,3.7304,0.4583
zurich,47.38,8.54,2026-06-21 13:21:10,2026-06-21 23:59:59,34.272,19.872,0.0,46693.1953,91.1233,12.6411,31.68,3.4101,0.3333
zurich,47.38,8.54,2026-06-21 13:21:10,2026-06-22 23:59:59,34.672,20.672,0.0,52466.7969,19.4825,12.0694,30.6,4.1982,0.375
zurich,47.38,8.54,2026-06-21 13:21:10,2026-06-23 23:59:59,33.406,22.222,0.0,50490.9492,30.3476,9.3877,24.84,3.2867,0.375
zurich,47.38,8.54,2026-06-21 13:21:10,2026-06-24 23:59:59,35.306,19.706,0.0,51198.0508,76.2392,9.7931,25.56,4.4101,0.0
zurich,47.38,8.54,2026-06-21 13:21:10,2026-06-25 23:59:59,36.706,21.256,0.0,54931.4766,281.6336,6.6964,18.72,4.0388,0.0
zurich,47.38,8.54,2026-06-21 13:21:10,2026-06-26 23:59:59,36.0095,22.106,0.3,50854.2578,171.9114,8.6998,32.4,4.3552,0.4167
zurich,47.38,8.54,2026-06-21 13:21:10,2026-06-27 23:59:59,32.2095,21.3095,2.7,54551.8242,175.4261,9.0072,33.48,3.2738,9.375
zurich,47.38,8.54,2026-06-21 13:21:10,2026-06-28 23:59:59,36.05,21.2095,0.0,54773.543,184.4828,12.1443,34.92,5.6298,18.0729
zurich,47.38,8.54,2026-06-21 13:21:10,2026-06-29 23:59:59,32.25,20.45,4.6,54768.4336,279.9363,14.8977,52.92,7.253,20.1667
zurich,47.38,8.54,2026-06-21 13:21:10,2026-06-30 23:59:59,21.6,18.6,44.4,3065.9644,33.8551,7.6537,32.4,5.2052,42.6667
zurich,47.38,8.54,2026-06-21 13:21:10,2026-07-01 23:59:59,25.4,18.25,14.2,53162.4531,4.3755,7.8893,30.24,6.2174,33.625
zurich,47.38,8.54,2026-06-21 13:21:10,2026-07-02 23:59:59,25.25,18.65,0.4,55256.6875,222.4208,4.3237,27.36,3.4338,24.5833
zurich,47.38,8.54,2026-06-21 13:21:10,2026-07-03 23:59:59,24.4,19.05,0.0,54873.418,291.4052,8.6886,22.32,5.2943,23.5833
zurich,47.38,8.54,2026-06-21 13:21:10,2026-07-04 23:59:59,24.1,17.6,0.0,54900.4922,274.3604,8.4619,25.2,4.5566,17.2917
lisbon,38.75,-9.125,2026-06-21 13:21:10,2026-06-20 23:59:59,31.2415,19.2415,0.0,50373.2852,341.5876,20.3169,46.8,12.1232,0.0
lisbon,38.75,-9.125,2026-06-21 13:21:10,2026-06-21 23:59:59,32.9915,19.7915,0.0,47374.1992,336.9417,18.8751,43.2,6.9464,0.0
lisbon,38.75,-9.125,2026-06-21 13:21:10,2026-06-22 23:59:59,26.3915,20.6415,0.1,14431.2607,343.2015,15.6838,36.36,10.3219,0.25
lisbon,38.75,-9.125,2026-06-21 13:21:10,2026-06-23 23:59:59,28.2915,19.8915,0.0,34978.5391,329.4653,11.3042,34.92,6.8981,4.125
lisbon,38.75,-9.125,2026-06-21 13:21:10,2026-06-24 23:59:59,23.9915,19.0415,0.0,47844.9688,234.6952,16.5952,40.68,9.2954,1.5417
lisbon,38.75,-9.125,2026-06-21 13:21:10,2026-06-25 23:59:59,23.2915,18.8915,0.9,48055.9922,221.6714,17.3175,40.68,13.6085,0.0
lisbon,38.75,-9.125,2026-06-21 13:21:10,2026-06-26 23:59:59,24.9135,18.508,0.0,49401.2578,302.9783,17.9748,41.4,9.866,0.0
lisbon,38.75,-9.125,2026-06-21 13:21:10,2026-06-27 23:59:59,25.3135,17.5135,0.0,51173.6445,340.9505,20.3265,47.88,14.2462,0.5833
lisbon,38.75,-9.125,2026-06-21 13:21:10,2026-06-28 23:59:59,26.65,17.3635,0.0,50400.0,349.3332,22.7968,52.2,15.4582,2.1979
lisbon,38.75,-9.125,2026-06-21 13:21:10,2026-06-29 23:59:59,26.55,17.6,0.0,51199.4844,351.87,24.6278,55.8,21.2027,0.375
lisbon,38.75,-9.125,2026-06-21 13:21:10,2026-06-30 23:59:59,34.05,16.6,0.0,52784.4062,355.645,20.6255,54.36,15.4005,1.0417
lisbon,38.75,-9.125,2026-06-21 13:21:10,2026-07-01 23:59:59,32.45,18.0,0.0,52758.7773,350.6368,21.0076,48.24,15.002,2.1667
lisbon,38.75,-9.125,2026-06-21 13:21:10,2026-07-02 23:59:59,35.45,20.1,0.0,51234.4727,353.7762,20.3877,46.08,16.4369,2.0
lisbon,38.75,-9.125,2026-06-21 13:21:10,2026-07-03 23:59:59,29.6,18.4,0.0,51247.3633,351.8767,23.0576,52.56,18.2699,1.375
lisbon,38.75,-9.125,2026-06-21 13:21:10,2026-07-04 23:59:59,27.0,15.55,0.0,52671.8789,349.7973,21.3161,51.48,13.477,1.0
vienna,48.2,16.38,2026-06-21 13:21:10,2026-06-20 23:59:59,34.2215,20.9715,0.0,47235.8164,226.0491,24.3446,56.52,6.2476,5.6667
vienna,48.2,16.38,2026-06-21 13:21:10,2026-06-21 23:59:59,35.2715,23.1715,0.0,51566.8945,354.8866,15.5176,40.32,7.4244,0.7917
vienna,48.2,16.38,2026-06-21 13:21:10,2026-06-22 23:59:59,34.7215,24.0215,4.3,41723.9688,331.4987,15.8441,45.0,6.8326,15.4167
vienna,48.2,16.38,2026-06-21 13:21:10,2026-06-23 23:59:59,30.83,22.5715,0.0,47920.6172,349.609,13.1042,33.12,7.5843,2.4167
vienna,48.2,16.38,2026-06-21 13:21:10,2026-06-24 23:59:59,31.78,21.13,0.0,53562.8281,349.7089,9.1782,25.2,6.0809,0.8333
vienna,48.2,16.38,2026-06-21 13:21:10,2026-06-25 23:59:59,34.43,21.48,0.0,57074.7539,325.5815,5.5069,17.28,2.8683,0.0
vienna,48.2,16.38,2026-06-21 13:21:10,2026-06-26 23:59:59,32.763,24.063,0.0,57072.9609,16.4639,10.4834,26.28,6.7855,0.0
vienna,48.2,16.38,2026-06-21 13:21:10,2026-06-27 23:59:59,32.013,19.263,0.0,57057.918,138.6852,17.673,42.12,10.1755,0.0
vienna,48.2,16.38,2026-06-21 13:21:10,2026-06-28 23:59:59,38.8,21.013,0.0,57009.0547,137.0258,13.805,38.88,8.8912,2.8542
vienna,48.2,16.38,2026-06-21 13:21:10,2026-06-29 23:59:59,37.85,28.35,0.0,56956.5508,143.0047,15.6807,43.2,8.9752,4.25
vienna,48.2,16.38,2026-06-21 13:21:10,2026-06-30 23:59:59,36.5,26.3,0.0,56914.6797,278.4598,16.7487,48.96,10.8024,10.0
vienna,48.2,16.38,2026-06-21 13:21:10,2026-07-01 23:59:59,34.2,23.85,0.0,56684.0391,306.827,18.6819,42.84,10.3099,16.0
vienna,48.2,16.38,2026-06-21 13:21:10,2026-07-02 23:59:59,32.5,26.1,0.6,56816.6289,298.0768,19.9305,50.76,11.7536,13.9167
vienna,48.2,16.38,2026-06-21 13:21:10,2026-07-03 23:59:59,34.6,22.55,6.0,56759.8633,324.3074,12.8646,38.16,7.1626,13.625
vienna,48.2,16.38,2026-06-21 13:21:10,2026-07-04 23:59:59,27.8,20.85,7.2,56697.9727,300.9987,13.1042,37.8,9.0487,17.375
bergen,60.39,5.3183,2026-06-21 13:21:10,2026-06-20 23:59:59,17.061,11.711,32.2,835.8975,187.1612,25.92,45.36,14.235,73.75
bergen,60.39,5.3183,2026-06-21 13:21:10,2026-06-21 23:59:59,17.111,11.861,2.0,23362.5215,208.3421,15.48,29.16,11.49,46.6667
bergen,60.39,5.3183,2026-06-21 13:21:10,2026-06-22 23:59:59,17.311,12.211,0.6,43748.2344,287.1562,13.32,26.64,5.955,22.9167
bergen,60.39,5.3183,2026-06-21 13:21:10,2026-06-23 23:59:59,16.311,12.811,2.65,0.0,156.9818,18.0,34.56,14.0627,46.7083
bergen,60.39,5.3183,2026-06-21 13:21:10,2026-06-24 23:59:59,14.75,10.5,1.7,13130.2842,213.0515,11.914,28.08,8.8582,35.2083
bergen,60.39,5.3183,2026-06-21 13:21:10,2026-06-25 23:59:59,18.35,9.75,0.0,44633.8086,2.748,7.0912,25.56,3.8363,12.8333
bergen,60.39,5.3183,2026-06-21 13:21:10,2026-06-26 23:59:59,26.85,14.3,1.8,65887.7656,173.0,28.4206,64.44,19.3498,32.1667
bergen,60.39,5.3183,2026-06-21 13:21:10,2026-06-27 23:59:59,18.25,13.35,4.0,20236.8594,189.1362,23.8811,64.08,18.0084,43.0
bergen,60.39,5.3183,2026-06-21 13:21:10,2026-06-28 23:59:59,19.4,12.6,0.2,51196.3711,258.3051,6.8613,33.12,4.0905,30.125
bergen,60.39,5.3183,2026-06-21 13:21:10,2026-06-29 23:59:59,18.6,15.15,7.2,1814.083,167.8316,15.4842,39.96,8.6477,33.5
bergen,60.39,5.3183,2026-06-21 13:21:10,2026-06-30 23:59:59,16.3,12.35,6.4,66587.7031,195.8062,20.9914,57.24,18.361,45.1667
bergen,60.39,5.3183,2026-06-21 13:21:10,2026-07-01 23:59:59,14.65,11.45,12.6,0.0,158.3293,21.3473,51.48,16.5141,44.0
bergen,60.39,5.3183,2026-06-21 13:21:10,2026-07-02 23:59:59,16.6,12.45,20.0,50789.8828,202.7793,14.312,38.52,10.5438,52.75
bergen,60.39,5.3183,2026-06-21 13:21:10,2026-07-03 23:59:59,15.55,11.05,12.8,27828.7402,183.8852,7.9036,26.28,4.2082,60.4167
bergen,60.39,5.3183,2026-06-21 13:21:10,2026-07-04 23:59:59,17.1,10.55,2.8,34205.1953,340.2044,14.3289,34.2,7.7941,50.2083
stockholm,59.3289,18.0724,2026-06-21 13:21:10,2026-06-20 23:59:59,27.9675,17.4175,17.2,47243.8281,203.3138,23.4,48.96,14.52,21.3333
stockholm,59.3289,18.0724,2026-06-21 13:21:10,2026-06-21 23:59:59,26.0175,19.0175,0.0,60828.7969,268.3871,17.64,36.36,13.755,0.0
stockholm,59.3289,18.0724,2026-06-21 13:21:10,2026-06-22 23:59:59,22.0675,16.4175,0.0,55242.8477,99.5421,15.84,36.0,11.73,2.4167
stockholm,59.3289,18.0724,2026-06-21 13:21:10,2026-06-23 23:59:59,22.5675,15.0675,0.0,41320.4609,147.5623,15.48,33.84,11.8044,2.5833
stockholm,59.3289,18.0724,2026-06-21 13:21:10,2026-06-24 23:59:59,21.75,14.55,0.8,64869.3398,147.2157,10.6581,28.44,6.0039,19.5417
stockholm,59.3289,18.0724,2026-06-21 13:21:10,2026-06-25 23:59:59,23.7,14.65,0.0,64099.9219,13.431,12.5226,33.12,8.9038,12.1667
stockholm,59.3289,18.0724,2026-06-21 13:21:10,2026-06-26 23:59:59,25.3,14.4,0.0,64882.6992,199.0542,20.0221,48.24,14.3249,2.75
stockholm,59.3289,18.0724,2026-06-21 13:21:10,2026-06-27 23:59:59,30.15,19.95,0.0,65582.8594,239.9002,17.9928,50.04,16.232,4.8333
stockholm,59.3289,18.0724,2026-06-21 13:21:10,2026-06-28 23:59:59,26.0,17.7,1.2,65548.3828,273.7032,17.6041,38.16,11.6264,10.3333
stockholm,59.3289,18.0724,2026-06-21 13:21:10,2026-06-29 23:59:59,24.95,16.85,0.0,64879.9844,136.1744,12.6411,34.56,9.8219,4.0417
stockholm,59.3289,18.0724,2026-06-21 13:21:10,2026-06-30 23:59:59,24.9,18.5,0.0,52104.7617,213.1575,16.7642,35.64,13.6349,8.5833
stockholm,59.3289,18.0724,2026-06-21 13:21:10,2026-07-01 23:59:59,24.8,17.5,0.0,64861.7891,266.5941,14.6686,36.0,10.6473,17.5
stockholm,59.3289,18.0724,2026-06-21 13:21:10,2026-07-02 23:59:59,20.5,15.35,5.4,44675.3477,181.5129,11.914,34.56,8.7472,24.0
stockholm,59.3289,18.0724,2026-06-21 13:21:10,2026-07-03 23:59:59,19.75,15.2,3.0,64831.9219,214.6851,20.2514,48.96,13.6061,28.125
stockholm,59.3289,18.0724,2026-06-21 13:21:10,2026-07-04 23:59:59,21.2,15.5,1.2,64813.9023,226.7124,19.0222,46.44,13.747,28.5833
aachen,50.782,6.09,2026-06-22 16:35:16,2026-06-21 23:59:59,32.626,19.126,0.0,50400.0,8.6312,15.12,28.08,9.645,25.875
aachen,50.782,6.09,2026-06-22 16:35:16,2026-06-22 23:59:59,31.426,21.426,0.0,51644.8008,21.1961,12.6,29.16,8.895,0.5
aachen,50.782,6.09,2026-06-22 16:35:16,2026-06-23 23:59:59,32.676,20.526,0.0,54000.0,35.3038,10.44,25.92,7.77,0.0
aachen,50.782,6.09,2026-06-22 16:35:16,2026-06-24 23:59:59,38.176,25.026,0.0,54000.0,293.7572,11.52,24.84,6.5619,1.7917
aachen,50.782,6.09,2026-06-22 16:35:16,2026-06-25 23:59:59,35.65,22.25,0.0,55306.2266,91.0252,13.6907,32.4,8.2287,0.7917
aachen,50.782,6.09,2026-06-22 16:35:16,2026-06-26 23:59:59,36.85,25.9,0.0,57951.707,167.6595,13.5515,33.48,11.3169,5.6667
aachen,50.782,6.09,2026-06-22 16:35:16,2026-06-27 23:59:59,36.55,26.8,0.0,58503.707,204.3064,16.209,42.84,11.4361,10.2083
aachen,50.782,6.09,2026-06-22 16:35:16,2026-06-28 23:59:59,28.95,21.25,6.3,54258.6523,74.9269,8.655,40.68,5.5997,19.6667
aachen,50.782,6.09,2026-06-22 16:35:16,2026-06-29 23:59:59,26.4,20.2,0.0,57733.8203,258.5931,15.3095,40.68,11.1852,20.5833
aachen,50.782,6.09,2026-06-22 16:35:16,2026-06-30 23:59:59,24.95,17.55,0.0,53147.5547,270.3975,12.6051,38.16,7.7048,19.5
aachen,50.782,6.09,2026-06-22 16:35:16,2026-07-01 23:59:59,21.65,16.95,0.0,35296.9453,290.5139,12.925,36.72,9.7452,17.2917
aachen,50.782,6.09,2026-06-22 16:35:16,2026-07-02 23:59:59,24.2,16.55,2.2,49136.9102,212.7731,12.0815,38.16,6.3074,18.1667
aachen,50.782,6.09,2026-06-22 16:35:16,2026-07-03 23:59:59,20.85,15.15,6.2,55001.1641,232.5191,24.9837,66.6,19.6985,24.8333
aachen,50.782,6.09,2026-06-22 16:35:16,2026-07-04 23:59:59,17.1,13.2,21.0,55069.1211,240.0538,29.3637,62.28,22.2374,18.5417
aachen,50.782,6.09,2026-06-22 16:35:16,2026-07-05 23:59:59,18.55,11.95,5.4,26418.9238,239.5647,21.5316,51.12,16.0107,17.2917
munich,48.14,11.58,2026-06-22 16:35:16,2026-06-21 23:59:59,32.715,20.165,0.0,46345.6328,207.5527,15.3074,40.68,5.2077,0.8333
munich,48.14,11.58,2026-06-22 16:35:16,2026-06-22 23:59:59,32.815,18.815,0.0,52138.1211,69.4183,12.985,30.24,6.1173,4.1667
munich,48.14,11.58,2026-06-22 16:35:16,2026-06-23 23:59:59,32.765,20.115,0.0,53299.0547,3.8336,14.5299,31.68,5.8396,8.75
munich,48.14,11.58,2026-06-22 16:35:16,2026-06-24 23:59:59,30.5715,21.165,0.0,52404.8359,36.8555,7.9689,23.76,4.8368,0.5833
munich,48.14,11.58,2026-06-22 16:35:16,2026-06-25 23:59:59,32.5715,17.9215,0.0,54070.5,89.3396,11.6208,32.04,6.0836,0.0417
munich,48.14,11.58,2026-06-22 16:35:16,2026-06-26 23:59:59,33.9715,20.0215,0.0,56383.1367,91.0444,11.967,33.12,5.8538,0.0
munich,48.14,11.58,2026-06-22 16:35:16,2026-06-27 23:59:59,31.308,18.8215,0.3,50243.0938,248.8839,11.52,28.44,5.4434,5.0
munich,48.14,11.58,2026-06-22 16:35:16,2026-06-28 23:59:59,28.858,20.258,2.7,43655.6523,123.1262,7.5686,20.88,4.4551,20.6667
munich,48.14,11.58,2026-06-22 16:35:16,2026-06-29 23:59:59,28.45,20.158,7.5,42058.6562,237.1364,15.1585,45.72,8.1044,42.6771
munich,48.14,11.58,2026-06-22 16:35:16,2026-06-30 23:59:59,30.7,21.1,0.0,56275.6211,304.6952,10.7172,39.96,5.9822,29.125
munich,48.14,11.58,2026-06-22 16:35:16,2026-07-01 23:59:59,21.2,16.15,8.4,25283.5,266.6662,13.3649,41.4,11.2819,37.2083
munich,48.14,11.58,2026-06-22 16:35:16,2026-07-02 23:59:59,24.25,15.25,0.0,56221.4805,256.4047,11.3042,36.0,7.1217,25.625
munich,48.14,11.58,2026-06-22 16:35:16,2026-07-03 23:59:59,24.7,16.9,18.0,56192.5195,230.3619,14.7644,43.92,10.0437,25.5
munich,48.14,11.58,2026-06-22 16:35:16,2026-07-04 23:59:59,17.85,14.45,11.4,0.0,255.1977,17.4683,38.88,9.9196,22.2917
munich,48.14,11.58,2026-06-22 16:35:16,2026-07-05 23:59:59,17.8,13.8,5.4,39784.8516,255.3382,18.5015,41.04,12.921,25.0
hamburg,53.56,10.0,2026-06-22 16:35:16,2026-06-21 23:59:59,26.4735,18.8235,0.0,44216.5391,2.2086,10.2331,24.48,7.2027,1.0
hamburg,53.56,10.0,2026-06-22 16:35:16,2026-06-22 23:59:59,25.1735,16.5735,0.0,51338.5,13.594,13.2761,25.2,7.0404,0.0
hamburg,53.56,10.0,2026-06-22 16:35:16,2026-06-23 23:59:59,25.7235,15.8735,0.0,55117.7109,22.9248,10.0026,19.8,5.2311,0.0
hamburg,53.56,10.0,2026-06-22 16:35:16,2026-06-24 23:59:59,32.715,16.4735,0.0,54672.7227,218.5276,9.0,21.24,6.4735,0.0
hamburg,53.56,10.0,2026-06-22 16:35:16,2026-06-25 23:59:59,29.515,18.465,0.0,58788.1758,343.0906,9.3461,24.84,7.9001,0.0
hamburg,53.56,10.0,2026-06-22 16:35:16,2026-06-26 23:59:59,34.015,19.015,0.0,60357.5508,118.5952,14.0815,34.92,9.1779,0.0
hamburg,53.56,10.0,2026-06-22 16:35:16,2026-06-27 23:59:59,33.276,21.615,3.6,54631.3125,180.8654,14.2628,36.36,9.7516,10.2812
hamburg,53.56,10.0,2026-06-22 16:35:16,2026-06-28 23:59:59,30.476,20.226,2.0,57654.75,182.9659,11.8418,25.56,5.9935,20.2083
hamburg,53.56,10.0,2026-06-22 16:35:16,2026-06-29 23:59:59,24.9,18.65,15.55,55839.2734,283.5588,18.7338,44.28,13.4611,30.2812
hamburg,53.56,10.0,2026-06-22 16:35:16,2026-06-30 23:59:59,25.95,17.5,0.0,60172.5547,290.1314,9.9261,34.92,6.4615,14.0833
hamburg,53.56,10.0,2026-06-22 16:35:16,2026-07-01 23:59:59,20.25,17.35,6.6,53996.2617,27.7753,8.864,33.48,7.5013,15.3333
hamburg,53.56,10.0,2026-06-22 16:35:16,2026-07-02 23:59:59,22.65,15.05,0.4,59002.6445,286.3201,9.4735,26.28,7.0126,20.3333
hamburg,53.56,10.0,2026-06-22 16:35:16,2026-07-03 23:59:59,21.6,16.4,17.4,59970.6523,170.1203,10.8255,43.92,8.2978,24.125
hamburg,53.56,10.0,2026-06-22 16:35:16,2026-07-04 23:59:59,20.8,15.5,2.2,59890.0859,242.4561,15.4087,40.68,14.408,20.3333
hamburg,53.56,10.0,2026-06-22 16:35:16,2026-07-05 23:59:59,20.65,14.65,3.4,51550.3828,246.7537,17.4776,45.72,14.629,24.6667
freiburg,48.0,7.84,2026-06-22 16:35:16,2026-06-21 23:59:59,35.148,20.748,0.0,41703.5156,111.9149,17.4145,38.88,6.4921,0.5833
freiburg,48.0,7.84,2026-06-22 16:35:16,2026-06-22 23:59:59,35.498,20.848,0.0,54000.0,43.4276,11.9181,24.84,6.9485,0.0
freiburg,48.0,7.84,2026-06-22 16:35:16,2026-06-23 23:59:59,35.848,22.198,0.0,54000.0,28.5727,12.8646,28.44,7.7039,0.0
freiburg,48.0,7.84,2026-06-22 16:35:16,2026-06-24 23:59:59,36.081,22.998,0.0,54000.0,66.9587,11.8089,31.32,7.2015,0.375
freiburg,48.0,7.84,2026-06-22 16:35:16,2026-06-25 23:59:59,37.831,21.181,0.0,55299.1016,85.1605,11.7924,31.32,7.2139,0.0
freiburg,48.0,7.84,2026-06-22 16:35:16,2026-06-26 23:59:59,37.031,22.031,0.0,55028.3398,102.0948,6.49,18.72,4.3755,2.2917
freiburg,48.0,7.84,2026-06-22 16:35:16,2026-06-27 23:59:59,33.1155,22.7155,0.6,53588.8125,199.6516,16.9812,37.44,7.6339,3.1979
freiburg,48.0,7.84,2026-06-22 16:35:16,2026-06-28 23:59:59,35.4155,19.0655,4.5,48512.0898,88.9861,5.9591,21.96,3.9578,16.0833
freiburg,48.0,7.84,2026-06-22 16:35:16,2026-06-29 23:59:59,30.15,20.1655,7.2,37750.9023,146.169,9.6861,34.56,5.5986,39.4479
freiburg,48.0,7.84,2026-06-22 16:35:16,2026-06-30 23:59:59,30.1,21.1,2.2,56174.9141,309.9097,6.5224,27.0,4.0142,26.9167
freiburg,48.0,7.84,2026-06-22 16:35:16,2026-07-01 23:59:59,24.0,16.8,2.0,43387.5195,332.2619,17.973,43.2,8.5735,33.5417
freiburg,48.0,7.84,2026-06-22 16:35:16,2026-07-02 23:59:59,26.95,15.45,2.8,56592.7656,214.6603,17.2208,43.92,8.6269,15.5417
freiburg,48.0,7.84,2026-06-22 16:35:16,2026-07-03 23:59:59,23.4,17.4,8.6,52494.75,213.4356,19.7975,45.36,16.4479,16.625
freiburg,48.0,7.84,2026-06-22 16:35:16,2026-07-04 23:59:59,21.45,14.3,6.2,55188.1406,215.1343,16.7787,41.76,9.6217,13.2917
freiburg,48.0,7.84,2026-06-22 16:35:16,2026-07-05 23:59:59,20.45,14.35,0.4,49265.3398,211.8932,8.0277,24.84,5.672,18.2917
leipzig,51.34,12.38,2026-06-22 16:35:16,2026-06-21 23:59:59,29.663,20.963,0.0,51349.8594,12.0372,19.3866,51.84,6.7766,9.2917
leipzig,51.34,12.38,2026-06-22 16:35:16,2026-06-22 23:59:59,28.813,20.263,0.0,53029.9453,56.7914,10.1951,24.84,6.8168,7.5417
leipzig,51.34,12.38,2026-06-22 16:35:16,2026-06-23 23:59:59,29.213,19.213,0.0,53051.5195,60.3853,9.4221,22.32,6.3124,0.0
leipzig,51.34,12.38,2026-06-22 16:35:16,2026-06-24 23:59:59,31.065,19.513,0.0,54522.7227,231.6847,3.8773,12.6,2.2693,0.0
leipzig,51.34,12.38,2026-06-22 16:35:16,2026-06-25 23:59:59,33.865,21.665,0.0,54761.7266,341.7451,10.4834,29.88,5.8017,0.0
leipzig,51.34,12.38,2026-06-22 16:35:16,2026-06-26 23:59:59,33.465,19.315,0.0,58105.918,71.1233,10.594,29.88,7.1321,0.0
leipzig,51.34,12.38,2026-06-22 16:35:16,2026-06-27 23:59:59,37.426,20.515,0.6,56431.1172,109.324,13.237,32.04,6.5612,0.875
leipzig,51.34,12.38,2026-06-22 16:35:16,2026-06-28 23:59:59,30.526,22.376,0.0,51347.625,20.7436,10.384,26.64,7.2879,13.8333
leipzig,51.34,12.38,2026-06-22 16:35:16,2026-06-29 23:59:59,31.85,22.876,7.05,36324.3984,304.5927,13.0447,42.12,8.7134,45.6875
leipzig,51.34,12.38,2026-06-22 16:35:16,2026-06-30 23:59:59,30.85,22.1,3.4,57529.4531,90.9805,8.5817,28.44,5.9844,22.5417
leipzig,51.34,12.38,2026-06-22 16:35:16,2026-07-01 23:59:59,22.7,17.25,13.0,27841.3301,290.5462,12.6321,34.2,10.4235,24.7917
leipzig,51.34,12.38,2026-06-22 16:35:16,2026-07-02 23:59:59,22.85,15.55,18.2,49971.1211,316.694,14.7611,33.12,8.6311,18.4167
leipzig,51.34,12.38,2026-06-22 16:35:16,2026-07-03 23:59:59,22.75,17.35,5.6,48649.9062,211.4425,16.0685,45.36,13.8519,17.3333
leipzig,51.34,12.38,2026-06-22 16:35:16,2026-07-04 23:59:59,22.75,16.7,0.0,54606.5273,235.5383,11.5214,33.48,8.0933,15.9583
leipzig,51.34,12.38,2026-06-22 16:35:16,2026-07-05 23:59:59,21.05,14.95,0.6,58392.3047,254.3639,14.1561,38.52,11.667,17.1667
frankfurt,50.12,8.68,2026-06-22 16:35:16,2026-06-21 23:59:59,35.793,22.693,0.4,37523.2344,19.9191,14.9736,42.12,6.5402,3.9583
frankfurt,50.12,8.68,2026-06-22 16:35:16,2026-06-22 23:59:59,34.493,22.743,0.0,53372.3789,21.5779,13.0447,32.4,8.6932,0.4583
frankfurt,50.12,8.68,2026-06-22 16:35:16,2026-06-23 23:59:59,32.943,22.193,0.0,54000.0,21.2991,10.1887,27.0,8.3289,0.0
frankfurt,50.12,8.68,2026-06-22 16:35:16,2026-06-24 23:59:59,35.7975,22.493,0.0,54000.0,41.4324,6.2146,18.0,4.1727,0.0
frankfurt,50.12,8.68,2026-06-22 16:35:16,2026-06-25 23:59:59,37.7975,23.5475,0.0,54354.7031,37.1468,9.1074,28.08,4.7984,0.0
frankfurt,50.12,8.68,2026-06-22 16:35:16,2026-06-26 23:59:59,38.4975,23.5475,0.0,56795.4805,80.59,9.5857,30.24,7.0636,0.0
frankfurt,50.12,8.68,2026-06-22 16:35:16,2026-06-27 23:59:59,38.052,23.1975,0.9,51862.0859,309.5583,9.7267,29.52,6.05,3.1042
frankfurt,50.12,8.68,2026-06-22 16:35:16,2026-06-28 23:59:59,32.302,22.452,11.1,53031.1953,42.3974,5.816,38.16,4.1429,15.9167
frankfurt,50.12,8.68,2026-06-22 16:35:16,2026-06-29 23:59:59,30.7,20.402,4.95,50290.1055,316.5739,10.8665,36.36,6.2714,31.875
frankfurt,50.12,8.68,2026-06-22 16:35:16,2026-06-30 23:59:59,31.2,21.2,1.8,57285.9648,10.2221,8.6587,35.64,4.4728,27.8333
frankfurt,50.12,8.68,2026-06-22 16:35:16,2026-07-01 23:59:59,22.15,17.2,4.6,34339.707,276.4576,13.1412,36.0,7.4879,25.4583
frankfurt,50.12,8.68,2026-06-22 16:35:16,2026-07-02 23:59:59,26.65,16.15,0.6,57663.7852,207.4045,10.0945,29.52,5.4703,12.875
frankfurt,50.12,8.68,2026-06-22 16:35:16,2026-07-03 23:59:59,25.25,17.8,3.0,56651.0977,236.4076,20.0351,49.68,14.7138,16.0
frankfurt,50.12,8.68,2026-06-22 16:35:16,2026-07-04 23:59:59,21.65,15.6,6.4,57156.9023,236.7532,24.5652,57.96,13.3239,12.4583
frankfurt,50.12,8.68,2026-06-22 16:35:16,2026-07-05 23:59:59,22.2,14.05,2.8,55671.1875,252.0564,16.0775,39.6,11.7561,14.5
darmstadt,49.88,8.64,2026-06-22 16:35:16,2026-06-21 23:59:59,35.5045,21.6545,0.0,35608.0156,30.0441,16.172,38.16,5.7142,4.0833
darmstadt,49.88,8.64,2026-06-22 16:35:16,2026-06-22 23:59:59,35.2045,22.1545,0.0,51593.9375,34.1508,9.5043,30.6,5.9962,0.125
darmstadt,49.88,8.64,2026-06-22 16:35:16,2026-06-23 23:59:59,34.1045,21.4545,0.0,53955.5156,34.7999,9.1994,23.4,6.5099,0.125
darmstadt,49.88,8.64,2026-06-22 16:35:16,2026-06-24 23:59:59,35.9635,22.6545,0.0,54000.0,71.0891,5.5887,15.12,3.9734,0.375
darmstadt,49.88,8.64,2026-06-22 16:35:16,2026-06-25 23:59:59,37.7135,23.8135,0.0,52993.9609,75.5792,8.4351,25.56,4.1991,0.0
darmstadt,49.88,8.64,2026-06-22 16:35:16,2026-06-26 23:59:59,38.5635,23.5135,0.0,56833.125,89.379,8.4963,26.64,6.4344,2.125
darmstadt,49.88,8.64,2026-06-22 16:35:16,2026-06-27 23:59:59,37.4505,23.3635,2.4,52738.5898,212.0411,13.7838,35.28,6.4006,3.1458
darmstadt,49.88,8.64,2026-06-22 16:35:16,2026-06-28 23:59:59,31.8005,21.7005,9.9,55189.3359,68.5631,5.3153,34.56,3.3498,15.9167
darmstadt,49.88,8.64,2026-06-22 16:35:16,2026-06-29 23:59:59,30.9,19.6005,1.2,41405.8281,298.4286,11.7539,36.72,7.0588,31.875
darmstadt,49.88,8.64,2026-06-22 16:35:16,2026-06-30 23:59:59,29.85,22.1,1.8,57663.3828,34.8007,8.3385,28.44,4.9686,27.8333
darmstadt,49.88,8.64,2026-06-22 16:35:16,2026-07-01 23:59:59,22.3,17.7,0.6,36343.3477,285.0431,17.1634,47.16,10.3406,25.4583
darmstadt,49.88,8.64,2026-06-22 16:35:16,2026-07-02 23:59:59,27.6,16.8,1.2,57601.2656,214.0408,13.6195,38.88,8.2506,12.875
darmstadt,49.88,8.64,2026-06-22 16:35:16,2026-07-03 23:59:59,24.85,17.25,1.8,56627.3867,231.203,22.5719,54.72,16.0382,16.0
darmstadt,49.88,8.64,2026-06-22 16:35:16,2026-07-04 23:59:59,21.75,15.9,3.2,56550.3125,241.8879,24.6758,60.84,15.1687,12.4583
darmstadt,49.88,8.64,2026-06-22 16:35:16,2026-07-05 23:59:59,22.05,14.2,1.6,56144.1914,247.1101,15.7795,43.92,12.1688,14.5
berlin,52.52,13.4,2026-06-22 16:35:16,2026-06-21 23:59:59,28.652,20.152,45.5,37645.7852,19.3847,13.9799,51.84,5.7094,19.875
berlin,52.52,13.4,2026-06-22 16:35:16,2026-06-22 23:59:59,26.852,18.252,0.0,48188.793,33.4383,10.949,27.36,8.9975,0.0
berlin,52.52,13.4,2026-06-22 16:35:16,2026-06-23 23:59:59,27.802,17.652,0.0,49329.2812,33.6277,11.2006,22.68,5.3205,0.0
berlin,52.52,13.4,2026-06-22 16:35:16,2026-06-24 23:59:59,29.289,18.952,0.0,55338.0312,189.748,4.3944,12.6,2.8088,0.0
berlin,52.52,13.4,2026-06-22 16:35:16,2026-06-25 23:59:59,31.589,21.139,0.0,54290.9766,334.29,9.0288,25.2,6.3064,0.0
berlin,52.52,13.4,2026-06-22 16:35:16,2026-06-26 23:59:59,30.989,18.489,0.0,58746.5195,73.2173,8.8255,24.48,5.4528,0.0
berlin,52.52,13.4,2026-06-22 16:35:16,2026-06-27 23:59:59,33.826,20.339,0.0,52004.7344,120.5635,11.9832,30.96,8.4686,0.0
berlin,52.52,13.4,2026-06-22 16:35:16,2026-06-28 23:59:59,30.176,21.626,6.3,44491.5117,25.0416,10.5388,32.76,7.6892,9.125
berlin,52.52,13.4,2026-06-22 16:35:16,2026-06-29 23:59:59,35.8,21.676,17.85,33973.9531,277.7131,15.9419,72.36,10.3068,38.1562
berlin,52.52,13.4,2026-06-22 16:35:16,2026-06-30 23:59:59,29.15,21.05,0.0,58757.4102,11.9137,9.5688,33.84,5.8427,22.2083
berlin,52.52,13.4,2026-06-22 16:35:16,2026-07-01 23:59:59,22.95,17.55,10.4,14339.4287,35.1756,13.1843,35.64,9.8354,26.7917
berlin,52.52,13.4,2026-06-22 16:35:16,2026-07-02 23:59:59,23.3,15.8,10.6,44103.8828,323.4973,11.6055,32.4,7.7884,19.9167
berlin,52.52,13.4,2026-06-22 16:35:16,2026-07-03 23:59:59,24.7,17.95,2.4,55350.1836,195.6217,13.902,40.68,9.8628,18.0417
berlin,52.52,13.4,2026-06-22 16:35:16,2026-07-04 23:59:59,23.8,17.2,0.0,57834.7812,249.5355,11.2121,33.84,8.4834,18.1667
berlin,52.52,13.4,2026-06-22 16:35:16,2026-07-05 23:59:59,22.05,15.35,0.6,48851.707,264.2862,17.2142,42.12,13.2673,17.7917
valencia,39.5,-0.375,2026-06-22 16:35:16,2026-06-21 23:59:59,31.8325,21.5325,0.0,50400.0,63.5318,12.0748,29.52,6.0931,0.0
valencia,39.5,-0.375,2026-06-22 16:35:16,2026-06-22 23:59:59,33.3825,21.2825,0.0,50400.0,104.9817,10.83,27.72,5.2322,0.0
valencia,39.5,-0.375,2026-06-22 16:35:16,2026-06-23 23:59:59,33.0825,21.7825,0.0,50400.0,104.5967,13.3783,32.4,5.8016,0.0
valencia,39.5,-0.375,2026-06-22 16:35:16,2026-06-24 23:59:59,32.0825,22.5325,0.0,50400.0,99.7342,13.2076,32.4,6.156,0.0
valencia,39.5,-0.375,2026-06-22 16:35:16,2026-06-25 23:59:59,30.3825,22.4825,0.0,51958.4609,88.5073,14.0584,38.16,6.8528,0.0
valencia,39.5,-0.375,2026-06-22 16:35:16,2026-06-26 23:59:59,29.2325,22.7825,0.0,50990.2461,85.6253,14.76,37.08,7.6014,0.0
valencia,39.5,-0.375,2026-06-22 16:35:16,2026-06-27 23:59:59,29.8645,23.4315,0.0,48313.0195,75.8917,13.7226,35.28,6.5875,3.3542
valencia,39.5,-0.375,2026-06-22 16:35:16,2026-06-28 23:59:59,31.4145,23.9145,0.0,49167.3438,105.813,15.4967,37.08,5.657,2.375
valencia,39.5,-0.375,2026-06-22 16:35:16,2026-06-29 23:59:59,30.5573,23.5145,0.0,52210.5742,95.5979,13.9926,42.48,5.8197,1.0625
valencia,39.5,-0.375,2026-06-22 16:35:16,2026-06-30 23:59:59,31.75,24.6,0.0,52220.6094,94.1671,13.8962,40.68,6.8738,1.625
valencia,39.5,-0.375,2026-06-22 16:35:16,2026-07-01 23:59:59,31.1,25.85,0.0,52226.9258,54.198,17.2274,44.28,10.095,6.9583
valencia,39.5,-0.375,2026-06-22 16:35:16,2026-07-02 23:59:59,29.9,26.2,0.0,51592.7422,70.131,13.2027,43.56,10.2119,9.5833
valencia,39.5,-0.375,2026-06-22 16:35:16,2026-07-03 23:59:59,29.1,25.95,0.6,51957.5078,69.2369,14.7874,43.56,10.0526,4.4583
valencia,39.5,-0.375,2026-06-22 16:35:16,2026-07-04 23:59:59,26.8,24.6,0.0,42487.625,82.2769,17.4683,47.16,11.2573,1.7917
valencia,39.5,-0.375,2026-06-22 16:35:16,2026-07-05 23:59:59,26.95,22.8,1.2,52008.6875,119.1239,17.9062,50.4,8.4093,3.0
madrid,40.4375,-3.6875,2026-06-22 16:35:16,2026-06-21 23:59:59,38.0155,23.7655,0.1,52210.293,109.5954,16.7931,42.48,10.6939,0.5
madrid,40.4375,-3.6875,2026-06-22 16:35:16,2026-06-22 23:59:59,38.7155,24.0155,0.0,50400.0,104.6714,13.8962,38.52,9.5002,0.0
madrid,40.4375,-3.6875,2026-06-22 16:35:16,2026-06-23 23:59:59,39.2655,23.8655,0.0,52197.8789,103.3534,12.8646,32.4,7.772,0.0
madrid,40.4375,-3.6875,2026-06-22 16:35:16,2026-06-24 23:59:59,37.3655,25.1655,0.0,51156.9805,119.2779,15.8768,41.4,9.335,0.0
madrid,40.4375,-3.6875,2026-06-22 16:35:16,2026-06-25 23:59:59,29.5655,22.9655,0.0,52097.207,225.2058,15.3159,41.76,10.3371,6.5
madrid,40.4375,-3.6875,2026-06-22 16:35:16,2026-06-26 23:59:59,28.1655,19.6655,0.0,50454.3164,234.4125,15.0771,39.6,10.1654,0.0
madrid,40.4375,-3.6875,2026-06-22 16:35:16,2026-06-27 23:59:59,31.809,18.9981,0.0,53150.8398,263.653,7.0912,19.44,4.289,3.5417
madrid,40.4375,-3.6875,2026-06-22 16:35:16,2026-06-28 23:59:59,34.059,20.859,0.0,53044.2812,215.6398,7.6959,20.88,4.4033,4.5
madrid,40.4375,-3.6875,2026-06-22 16:35:16,2026-06-29 23:59:59,37.9,21.409,0.0,53026.3398,67.1826,16.3632,37.44,9.1677,4.3438
madrid,40.4375,-3.6875,2026-06-22 16:35:16,2026-06-30 23:59:59,38.6,25.4,0.0,53021.6094,171.3476,14.0285,48.6,8.0986,5.5417
madrid,40.4375,-3.6875,2026-06-22 16:35:16,2026-07-01 23:59:59,39.05,24.45,0.0,53014.6875,9.3808,16.6779,52.92,8.8531,12.8333
madrid,40.4375,-3.6875,2026-06-22 16:35:16,2026-07-02 23:59:59,38.15,23.1,0.0,53005.8789,13.3901,18.0763,43.92,9.913,9.7917
madrid,40.4375,-3.6875,2026-06-22 16:35:16,2026-07-03 23:59:59,37.4,25.0,0.0,52995.1719,24.0961,17.4711,51.48,10.2226,4.0
madrid,40.4375,-3.6875,2026-06-22 16:35:16,2026-07-04 23:59:59,30.8,16.55,0.0,52982.5781,42.2554,18.5225,53.28,15.9502,3.9167
madrid,40.4375,-3.6875,2026-06-22 16:35:16,2026-07-05 23:59:59,32.3,15.5,0.0,52968.1133,44.0705,16.177,43.92,11.5188,5.25
london,51.5,-0.25,2026-06-22 16:35:16,2026-06-21 23:59:59,29.591,20.541,0.0,52751.6797,83.6324,17.64,39.24,7.245,7.25
london,51.5,-0.25,2026-06-22 16:35:16,2026-06-22 23:59:59,28.291,17.941,0.0,45486.375,81.2271,24.12,53.28,13.275,0.25
london,51.5,-0.25,2026-06-22 16:35:16,2026-06-23 23:59:59,34.691,18.191,6.5,54000.0,79.9197,14.76,33.48,9.675,14.0
london,51.5,-0.25,2026-06-22 16:35:16,2026-06-24 23:59:59,35.3477,23.141,0.0,56153.7891,70.801,16.56,36.0,8.7863,1.5
london,51.5,-0.25,2026-06-22 16:35:16,2026-06-25 23:59:59,37.4045,22.6045,0.0,55867.4492,114.443,19.44,41.76,13.86,1.5
london,51.5,-0.25,2026-06-22 16:35:16,2026-06-26 23:59:59,31.2545,23.2545,0.0,56933.0156,223.6078,20.52,43.56,15.975,7.25
london,51.5,-0.25,2026-06-22 16:35:16,2026-06-27 23:59:59,26.6545,19.7045,0.0,55438.7656,224.0739,18.0,38.88,14.31,22.0
london,51.5,-0.25,2026-06-22 16:35:16,2026-06-28 23:59:59,24.6545,16.9045,0.0,55301.1445,238.6343,18.0,38.88,14.199,10.625
london,51.5,-0.25,2026-06-22 16:35:16,2026-06-29 23:59:59,24.55,16.3,0.0,57870.6016,245.4633,17.1917,48.24,14.5193,3.5
london,51.5,-0.25,2026-06-22 16:35:16,2026-06-30 23:59:59,23.65,15.45,0.0,45013.8008,272.7887,10.1584,41.04,7.9828,7.875
london,51.5,-0.25,2026-06-22 16:35:16,2026-07-01 23:59:59,23.3,17.2,1.2,56394.5469,215.4172,9.9016,42.84,5.1329,8.625
london,51.5,-0.25,2026-06-22 16:35:16,2026-07-02 23:59:59,21.3,15.6,6.6,42398.9375,213.7211,18.0476,44.28,12.6277,10.75
london,51.5,-0.25,2026-06-22 16:35:16,2026-07-03 23:59:59,16.85,13.4,14.2,46051.6406,271.271,18.5409,52.92,14.5391,9.25
london,51.5,-0.25,2026-06-22 16:35:16,2026-07-04 23:59:59,21.15,12.7,2.0,56740.7578,297.5608,13.8962,39.96,12.8843,5.875
london,51.5,-0.25,2026-06-22 16:35:16,2026-07-05 23:59:59,21.85,14.0,1.2,40360.6484,272.1046,16.0291,41.76,12.7961,2.25
amsterdam,52.366,4.901,2026-06-22 16:35:16,2026-06-21 23:59:59,27.8565,20.4065,0.0,45849.8828,56.6531,16.56,34.56,10.74,34.75
amsterdam,52.366,4.901,2026-06-22 16:35:16,2026-06-22 23:59:59,25.4565,17.9065,0.0,51513.1758,46.3913,20.52,39.24,17.52,0.0
amsterdam,52.366,4.901,2026-06-22 16:35:16,2026-06-23 23:59:59,28.7065,17.0565,0.0,51494.8828,67.8032,16.92,33.84,11.115,5.2917
amsterdam,52.366,4.901,2026-06-22 16:35:16,2026-06-24 23:59:59,37.6565,23.9565,0.0,55903.7734,145.7548,13.32,30.6,11.04,0.0
amsterdam,52.366,4.901,2026-06-22 16:35:16,2026-06-25 23:59:59,31.7,21.35,0.0,58032.8281,63.1865,16.4225,37.08,10.8887,0.0
amsterdam,52.366,4.901,2026-06-22 16:35:16,2026-06-26 23:59:59,35.35,23.2,0.0,59570.3086,129.903,12.0613,34.92,8.1874,1.2917
amsterdam,52.366,4.901,2026-06-22 16:35:16,2026-06-27 23:59:59,28.85,22.05,1.2,59536.4961,276.1848,20.8715,50.04,8.1845,8.5833
amsterdam,52.366,4.901,2026-06-22 16:35:16,2026-06-28 23:59:59,29.85,20.1,6.6,50379.0195,194.476,13.902,38.16,6.1496,17.4167
amsterdam,52.366,4.901,2026-06-22 16:35:16,2026-06-29 23:59:59,22.05,18.5,5.4,58538.5508,251.9001,20.4995,50.76,16.0636,16.9167
amsterdam,52.366,4.901,2026-06-22 16:35:16,2026-06-30 23:59:59,21.85,17.55,1.8,51168.8555,249.6344,10.3104,32.04,7.6804,11.625
amsterdam,52.366,4.901,2026-06-22 16:35:16,2026-07-01 23:59:59,21.6,15.55,4.2,45689.168,355.7916,8.102,28.8,6.4179,17.75
amsterdam,52.366,4.901,2026-06-22 16:35:16,2026-07-02 23:59:59,18.75,15.15,8.6,24634.1504,147.782,11.441,28.8,7.8762,20.2083
amsterdam,52.366,4.901,2026-06-22 16:35:16,2026-07-03 23:59:59,18.85,15.4,5.6,51028.4922,213.1442,20.052,52.2,16.4688,20.3333
amsterdam,52.366,4.901,2026-06-22 16:35:16,2026-07-04 23:59:59,18.65,14.2,4.2,43686.1445,300.0263,19.7385,49.32,13.1909,20.125
amsterdam,52.366,4.901,2026-06-22 16:35:16,2026-07-05 23:59:59,17.4,14.6,5.6,21837.2773,251.4434,16.5571,42.48,10.8854,21.375
paris,48.86,2.36,2026-06-22 16:35:16,2026-06-21 23:59:59,36.615,21.715,0.0,54181.4219,14.4463,13.2468,29.16,6.405,0.4583
paris,48.86,2.36,2026-06-22 16:35:16,2026-06-22 23:59:59,37.865,25.115,0.0,53513.2773,55.3311,16.2917,33.48,8.629,0.375
paris,48.86,2.36,2026-06-22 16:35:16,2026-06-23 23:59:59,39.615,25.715,0.0,55684.7734,83.3218,9.0288,19.8,5.521,0.4167
paris,48.86,2.36,2026-06-22 16:35:16,2026-06-24 23:59:59,39.7495,26.865,0.2,53842.0938,67.1725,10.1887,30.24,5.4149,3.375
paris,48.86,2.36,2026-06-22 16:35:16,2026-06-25 23:59:59,39.8995,23.6995,0.0,56989.9258,87.2995,16.8625,38.52,9.6204,0.75
paris,48.86,2.36,2026-06-22 16:35:16,2026-06-26 23:59:59,35.7495,26.4495,1.0,49334.4609,14.1782,10.3088,31.32,5.7557,7.5
paris,48.86,2.36,2026-06-22 16:35:16,2026-06-27 23:59:59,29.4495,21.5495,4.7,48781.3164,262.3554,12.0748,43.56,8.004,23.6979
paris,48.86,2.36,2026-06-22 16:35:16,2026-06-28 23:59:59,31.9495,20.4995,0.0,51600.375,278.8618,14.1686,34.2,7.1384,15.1667
paris,48.86,2.36,2026-06-22 16:35:16,2026-06-29 23:59:59,25.65,15.8995,0.0,57121.3828,304.3792,15.7908,36.0,10.1592,13.25
paris,48.86,2.36,2026-06-22 16:35:16,2026-06-30 23:59:59,25.2,16.45,0.0,55167.5859,321.0502,10.8255,32.76,8.5485,13.125
paris,48.86,2.36,2026-06-22 16:35:16,2026-07-01 23:59:59,25.6,16.0,0.6,47017.4375,308.409,9.836,30.96,6.7994,4.6667
paris,48.86,2.36,2026-06-22 16:35:16,2026-07-02 23:59:59,25.25,17.85,1.0,45672.7422,230.6763,19.2676,50.76,12.8617,7.125
paris,48.86,2.36,2026-06-22 16:35:16,2026-07-03 23:59:59,23.5,17.15,0.8,57058.2188,266.9021,20.6334,55.8,17.516,8.75
paris,48.86,2.36,2026-06-22 16:35:16,2026-07-04 23:59:59,22.0,14.45,1.2,37206.3984,296.7748,17.2837,46.8,14.2429,7.125
paris,48.86,2.36,2026-06-22 16:35:16,2026-07-05 23:59:59,21.3,15.1,0.0,22280.8613,272.759,15.6559,39.96,12.4892,4.2917
prag,50.08,14.44,2026-06-22 16:35:16,2026-06-21 23:59:59,33.4985,20.1485,0.8,36907.7461,290.3393,21.1421,46.8,4.4599,2.5417
prag,50.08,14.44,2026-06-22 16:35:16,2026-06-22 23:59:59,30.4985,19.8985,0.0,51673.332,6.4224,13.2027,30.6,6.7657,1.4167
prag,50.08,14.44,2026-06-22 16:35:16,2026-06-23 23:59:59,29.5985,20.2985,0.0,48110.2539,31.4965,13.5132,29.52,6.567,0.0
prag,50.08,14.44,2026-06-22 16:35:16,2026-06-24 23:59:59,30.246,18.8985,0.0,50244.3008,15.9088,7.209,19.8,3.7811,0.0
prag,50.08,14.44,2026-06-22 16:35:16,2026-06-25 23:59:59,33.496,17.846,0.0,55254.25,27.9794,6.8305,19.44,2.8514,0.0
prag,50.08,14.44,2026-06-22 16:35:16,2026-06-26 23:59:59,33.896,21.446,0.0,57543.7422,56.4939,8.6475,23.4,5.1118,0.0
prag,50.08,14.44,2026-06-22 16:35:16,2026-06-27 23:59:59,34.846,21.146,0.0,57525.4062,87.3982,8.4274,19.08,6.4001,0.0
prag,50.08,14.44,2026-06-22 16:35:16,2026-06-28 23:59:59,34.196,21.496,0.3,48202.1289,2.1816,13.8495,32.04,6.0782,7.9583
prag,50.08,14.44,2026-06-22 16:35:16,2026-06-29 23:59:59,31.8,22.046,11.55,45447.4023,271.0026,17.3118,49.68,7.8392,39.0938
prag,50.08,14.44,2026-06-22 16:35:16,2026-06-30 23:59:59,32.6,21.05,14.6,57440.7422,350.7335,7.3822,45.36,4.3652,26.5417
prag,50.08,14.44,2026-06-22 16:35:16,2026-07-01 23:59:59,22.6,18.0,27.6,46749.2695,243.5401,11.3757,27.72,5.6877,25.2083
prag,50.08,14.44,2026-06-22 16:35:16,2026-07-02 23:59:59,21.05,17.2,7.6,56334.7422,280.5488,13.6278,38.16,9.6538,25.25
prag,50.08,14.44,2026-06-22 16:35:16,2026-07-03 23:59:59,24.3,16.8,0.6,54875.6836,211.9313,13.8787,38.88,9.4306,20.4167
prag,50.08,14.44,2026-06-22 16:35:16,2026-07-04 23:59:59,19.8,14.85,6.0,9212.8076,242.1861,16.0755,37.08,9.8471,17.8333
prag,50.08,14.44,2026-06-22 16:35:16,2026-07-05 23:59:59,21.45,14.8,1.2,57238.582,255.3209,15.0964,38.16,8.5937,18.3333
rome,41.875,12.5,2026-06-22 16:35:16,2026-06-21 23:59:59,35.7415,21.6415,0.0,49858.8125,251.6305,14.5878,35.28,6.0897,0.0
rome,41.875,12.5,2026-06-22 16:35:16,2026-06-22 23:59:59,34.7915,22.9415,0.5,48159.8438,256.7596,11.8855,34.92,3.8616,10.9167
rome,41.875,12.5,2026-06-22 16:35:16,2026-06-23 23:59:59,35.8915,23.4415,0.9,44400.6211,305.2631,12.6,37.8,4.8022,5.2083
rome,41.875,12.5,2026-06-22 16:35:16,2026-06-24 23:59:59,35.4415,23.6915,0.8,37512.582,287.2718,14.7995,36.0,4.2996,9.625
rome,41.875,12.5,2026-06-22 16:35:16,2026-06-25 23:59:59,33.7915,24.1915,1.0,50517.8555,248.1985,9.3877,25.2,4.6749,7.3333
rome,41.875,12.5,2026-06-22 16:35:16,2026-06-26 23:59:59,34.8915,24.0415,0.0,53210.5078,264.0611,14.9172,37.08,5.9964,5.5
rome,41.875,12.5,2026-06-22 16:35:16,2026-06-27 23:59:59,37.185,23.8415,0.0,53312.8125,248.0735,17.1028,39.24,6.0654,0.125
rome,41.875,12.5,2026-06-22 16:35:16,2026-06-28 23:59:59,37.635,22.985,0.0,52822.2617,230.7377,14.4897,34.2,5.5543,0.0
rome,41.875,12.5,2026-06-22 16:35:16,2026-06-29 23:59:59,37.65,23.135,0.45,53230.7031,227.1568,12.2294,40.32,6.7119,0.5
rome,41.875,12.5,2026-06-22 16:35:16,2026-06-30 23:59:59,36.75,26.8,0.0,53593.0195,240.7513,11.8923,36.72,6.3581,1.4583
rome,41.875,12.5,2026-06-22 16:35:16,2026-07-01 23:59:59,33.3,27.55,0.0,53239.5,216.3127,9.2992,29.88,5.0554,1.5417
rome,41.875,12.5,2026-06-22 16:35:16,2026-07-02 23:59:59,33.7,26.7,0.0,53243.6602,179.781,16.225,44.64,12.2855,2.2083
rome,41.875,12.5,2026-06-22 16:35:16,2026-07-03 23:59:59,33.7,25.45,0.0,53246.7539,198.8065,14.5121,42.12,7.3059,6.0
rome,41.875,12.5,2026-06-22 16:35:16,2026-07-04 23:59:59,31.6,25.5,0.0,53248.875,192.7625,17.3492,47.88,11.3429,8.3333
rome,41.875,12.5,2026-06-22 16:35:16,2026-07-05 23:59:59,32.3,24.4,0.0,53249.7148,206.5396,12.4317,37.8,8.9608,10.5833
zurich,47.38,8.54,2026-06-22 16:35:16,2026-06-21 23:59:59,34.172,19.872,0.0,44176.8438,67.6938,11.7704,27.36,3.4568,0.125
zurich,47.38,8.54,2026-06-22 16:35:16,2026-06-22 23:59:59,34.522,19.872,0.0,51733.2383,6.1978,10.949,25.56,3.8326,0.3333
zurich,47.38,8.54,2026-06-22 16:35:16,2026-06-23 23:59:59,34.122,21.822,0.0,53391.7148,3.2821,17.9928,41.04,4.5378,0.9583
zurich,47.38,8.54,2026-06-22 16:35:16,2026-06-24 23:59:59,33.006,21.672,0.0,54000.0,42.249,12.682,30.96,6.3568,0.0
zurich,47.38,8.54,2026-06-22 16:35:16,2026-06-25 23:59:59,34.506,19.306,0.0,54000.0,62.7042,17.3884,40.68,7.3459,0.0
zurich,47.38,8.54,2026-06-22 16:35:16,2026-06-26 23:59:59,34.756,20.456,0.0,51658.2656,173.7366,8.64,21.96,3.9618,3.375
zurich,47.38,8.54,2026-06-22 16:35:16,2026-06-27 23:59:59,32.0595,22.456,0.3,46883.125,264.7111,9.6933,27.36,5.2864,4.5938
zurich,47.38,8.54,2026-06-22 16:35:16,2026-06-28 23:59:59,33.4095,20.4095,0.3,46561.582,37.5192,14.5299,40.68,5.0403,17.375
zurich,47.38,8.54,2026-06-22 16:35:16,2026-06-29 23:59:59,29.0,20.3095,5.1,42350.668,274.9973,9.9571,37.08,5.4635,42.1562
zurich,47.38,8.54,2026-06-22 16:35:16,2026-06-30 23:59:59,31.4,21.6,7.6,55624.1133,251.5649,6.2406,33.12,3.2927,26.1667
zurich,47.38,8.54,2026-06-22 16:35:16,2026-07-01 23:59:59,20.7,17.25,8.6,19907.1641,220.3822,7.8893,32.04,5.6395,38.2083
zurich,47.38,8.54,2026-06-22 16:35:16,2026-07-02 23:59:59,24.85,15.8,0.0,56205.8008,37.875,4.5537,20.52,2.6313,23.2917
zurich,47.38,8.54,2026-06-22 16:35:16,2026-07-03 23:59:59,23.4,18.45,4.8,54656.5,285.1204,16.5952,45.36,8.6044,19.4583
zurich,47.38,8.54,2026-06-22 16:35:16,2026-07-04 23:59:59,17.8,15.15,12.6,28177.248,209.9705,13.0049,41.76,6.3292,17.875
zurich,47.38,8.54,2026-06-22 16:35:16,2026-07-05 23:59:59,19.35,14.4,0.6,36716.0586,270.8967,10.8673,28.08,6.0878,19.0
lisbon,38.75,-9.125,2026-06-22 16:35:16,2026-06-21 23:59:59,33.8415,19.7915,0.0,49906.7383,332.3462,18.441,41.4,6.6337,0.0
lisbon,38.75,-9.125,2026-06-22 16:35:16,2026-06-22 23:59:59,27.6915,20.4415,0.0,37853.8164,339.6923,14.8824,34.2,8.1433,0.125
lisbon,38.75,-9.125,2026-06-22 16:35:16,2026-06-23 23:59:59,28.3915,20.3915,0.0,37615.2344,300.7931,15.3074,36.72,6.9408,2.375
lisbon,38.75,-9.125,2026-06-22 16:35:16,2026-06-24 23:59:59,24.5915,18.8915,0.0,49876.4492,233.7036,17.1482,41.76,8.9878,0.375
lisbon,38.75,-9.125,2026-06-22 16:35:16,2026-06-25 23:59:59,22.5415,18.6915,1.1,47865.9805,213.9686,19.8621,47.16,14.0713,6.4583
lisbon,38.75,-9.125,2026-06-22 16:35:16,2026-06-26 23:59:59,24.7915,19.0415,0.6,38217.7422,274.899,15.3074,36.36,10.4975,2.75
lisbon,38.75,-9.125,2026-06-22 16:35:16,2026-06-27 23:59:59,25.5635,16.9455,0.0,51422.7656,328.8236,18.1613,41.4,10.8353,0.0
lisbon,38.75,-9.125,2026-06-22 16:35:16,2026-06-28 23:59:59,28.5635,16.8135,0.0,51184.0938,350.6911,21.6749,48.96,13.9255,0.0
lisbon,38.75,-9.125,2026-06-22 16:35:16,2026-06-29 23:59:59,29.2,17.7135,0.0,52195.5391,352.3797,16.5169,40.68,10.4333,0.0
lisbon,38.75,-9.125,2026-06-22 16:35:16,2026-06-30 23:59:59,29.35,17.6,0.0,47672.2422,348.3281,19.6892,45.72,13.3318,0.0
lisbon,38.75,-9.125,2026-06-22 16:35:16,2026-07-01 23:59:59,31.8,18.1,0.0,52758.7773,355.5667,25.6644,59.04,20.908,0.5
lisbon,38.75,-9.125,2026-06-22 16:35:16,2026-07-02 23:59:59,31.7,18.85,0.0,51234.4727,357.3965,25.4215,58.32,20.058,0.5
lisbon,38.75,-9.125,2026-06-22 16:35:16,2026-07-03 23:59:59,28.15,16.25,0.0,51247.3633,353.3737,27.9006,59.76,19.5628,1.5417
lisbon,38.75,-9.125,2026-06-22 16:35:16,2026-07-04 23:59:59,33.2,15.7,0.0,52671.8789,351.6232,27.6076,59.76,20.6487,0.5
lisbon,38.75,-9.125,2026-06-22 16:35:16,2026-07-05 23:59:59,33.9,22.3,0.0,52628.5547,13.8427,17.1766,53.28,13.3178,1.6667
vienna,48.2,16.38,2026-06-22 16:35:16,2026-06-21 23:59:59,34.7715,23.1715,0.0,49722.0781,344.44,15.5176,40.32,7.2597,0.5417
vienna,48.2,16.38,2026-06-22 16:35:16,2026-06-22 23:59:59,31.8215,23.9715,0.9,37380.2188,316.0229,21.8416,54.72,8.2861,5.8333
vienna,48.2,16.38,2026-06-22 16:35:16,2026-06-23 23:59:59,32.0215,22.7215,0.0,47575.6328,3.9127,11.8089,35.64,6.8577,0.625
vienna,48.2,16.38,2026-06-22 16:35:16,2026-06-24 23:59:59,31.03,21.7715,0.0,52738.4102,359.9997,11.1658,28.8,6.5592,0.0
vienna,48.2,16.38,2026-06-22 16:35:16,2026-06-25 23:59:59,33.23,20.63,0.0,55509.3281,358.8148,8.8913,24.84,5.1622,0.0
vienna,48.2,16.38,2026-06-22 16:35:16,2026-06-26 23:59:59,35.38,23.18,0.0,57052.1562,88.0251,5.192,15.48,3.164,0.0
vienna,48.2,16.38,2026-06-22 16:35:16,2026-06-27 23:59:59,37.063,24.63,0.0,57045.4492,113.3902,10.8837,27.36,5.378,0.0
vienna,48.2,16.38,2026-06-22 16:35:16,2026-06-28 23:59:59,37.913,24.113,0.0,57025.5469,114.1142,7.3866,19.44,4.155,0.0
vienna,48.2,16.38,2026-06-22 16:35:16,2026-06-29 23:59:59,38.2,24.963,0.3,56971.918,254.0322,18.6862,57.6,9.4768,7.9167
vienna,48.2,16.38,2026-06-22 16:35:16,2026-06-30 23:59:59,35.5,25.1,2.4,56914.6797,298.1921,15.725,45.72,7.869,9.625
vienna,48.2,16.38,2026-06-22 16:35:16,2026-07-01 23:59:59,28.35,18.85,6.6,53416.8672,286.0316,20.1761,48.24,11.7168,17.625
vienna,48.2,16.38,2026-06-22 16:35:16,2026-07-02 23:59:59,24.4,16.7,8.4,53317.3164,283.955,22.4272,55.8,16.7886,16.5833
vienna,48.2,16.38,2026-06-22 16:35:16,2026-07-03 23:59:59,30.3,17.6,4.4,56759.8633,150.6941,10.0945,36.0,6.4735,17.8333
vienna,48.2,16.38,2026-06-22 16:35:16,2026-07-04 23:59:59,25.6,15.6,9.4,54345.4727,304.1555,27.051,65.16,13.3585,15.75
vienna,48.2,16.38,2026-06-22 16:35:16,2026-07-05 23:59:59,22.9,15.1,0.6,56631.1289,295.0892,20.0674,65.88,14.7433,19.9167
bergen,60.39,5.3183,2026-06-22 16:35:16,2026-06-21 23:59:59,17.011,11.861,2.0,25901.6465,210.7027,15.48,29.16,11.61,47.7917
bergen,60.39,5.3183,2026-06-22 16:35:16,2026-06-22 23:59:59,17.711,11.811,1.4,39941.7578,295.9486,12.6,26.28,6.705,12.0833
bergen,60.39,5.3183,2026-06-22 16:35:16,2026-06-23 23:59:59,17.711,12.861,0.3,10457.7432,166.0565,21.6,39.96,15.39,32.25
bergen,60.39,5.3183,2026-06-22 16:35:16,2026-06-24 23:59:59,16.961,10.8527,1.4,23504.4492,195.8294,19.44,34.2,11.6712,35.375
bergen,60.39,5.3183,2026-06-22 16:35:16,2026-06-25 23:59:59,16.35,9.2,0.0,6648.124,224.5818,8.0498,20.16,3.1193,8.2083
bergen,60.39,5.3183,2026-06-22 16:35:16,2026-06-26 23:59:59,21.25,11.75,55.8,44569.4219,160.4117,19.8988,51.48,11.2608,52.4583
bergen,60.39,5.3183,2026-06-22 16:35:16,2026-06-27 23:59:59,23.65,15.95,17.1,53762.7773,167.2165,19.4508,46.44,12.8529,44.0
bergen,60.39,5.3183,2026-06-22 16:35:16,2026-06-28 23:59:59,21.4,16.05,6.9,52991.9336,185.8633,18.6133,48.96,15.1247,38.1667
bergen,60.39,5.3183,2026-06-22 16:35:16,2026-06-29 23:59:59,19.0,14.0,6.2,46007.0664,186.7854,15.2756,46.44,11.9626,61.8333
bergen,60.39,5.3183,2026-06-22 16:35:16,2026-06-30 23:59:59,14.05,10.25,5.8,26338.6328,308.5227,17.5156,38.88,13.4687,57.2917
bergen,60.39,5.3183,2026-06-22 16:35:16,2026-07-01 23:59:59,17.05,8.95,0.0,66571.0547,334.2744,16.5962,42.12,12.9992,39.6667
bergen,60.39,5.3183,2026-06-22 16:35:16,2026-07-02 23:59:59,18.15,9.5,0.0,44591.3711,329.9696,9.9065,36.72,6.3235,53.7083
bergen,60.39,5.3183,2026-06-22 16:35:16,2026-07-03 23:59:59,18.8,11.2,1.2,61638.7734,300.2834,10.4957,28.8,5.996,54.125
bergen,60.39,5.3183,2026-06-22 16:35:16,2026-07-04 23:59:59,15.75,9.95,0.0,33612.5195,319.9558,16.5541,43.92,11.3914,47.5
bergen,60.39,5.3183,2026-06-22 16:35:16,2026-07-05 23:59:59,16.75,8.75,3.2,64159.5859,214.8557,15.7436,34.92,8.5365,47.125
stockholm,59.3289,18.0724,2026-06-22 16:35:16,2026-06-21 23:59:59,25.2175,19.0175,0.0,60460.3516,264.9407,15.84,35.28,13.635,0.0
stockholm,59.3289,18.0724,2026-06-22 16:35:16,2026-06-22 23:59:59,21.9175,16.1175,0.0,60319.8242,69.3812,16.2,36.36,12.12,0.5
stockholm,59.3289,18.0724,2026-06-22 16:35:16,2026-06-23 23:59:59,21.6175,15.7675,0.0,34874.0938,172.8058,16.56,34.2,11.91,2.7083
stockholm,59.3289,18.0724,2026-06-22 16:35:16,2026-06-24 23:59:59,23.9175,16.5169,0.025,40102.1328,232.5182,14.76,29.52,10.3688,19.9167
stockholm,59.3289,18.0724,2026-06-22 16:35:16,2026-06-25 23:59:59,22.75,14.9,1.0,62324.1992,94.2262,10.0864,28.08,6.5408,12.625
stockholm,59.3289,18.0724,2026-06-22 16:35:16,2026-06-26 23:59:59,24.3,15.0,0.0,64882.6992,188.0882,16.7709,41.4,11.9953,1.9167
stockholm,59.3289,18.0724,2026-06-22 16:35:16,2026-06-27 23:59:59,30.35,18.95,0.0,64885.1602,212.2931,16.5463,38.88,12.4042,1.3333
stockholm,59.3289,18.0724,2026-06-22 16:35:16,2026-06-28 23:59:59,31.3,22.1,0.6,64884.2031,251.7824,17.3996,43.56,13.7812,9.75
stockholm,59.3289,18.0724,2026-06-22 16:35:16,2026-06-29 23:59:59,29.95,21.95,0.8,65477.4766,238.2143,13.32,34.92,11.9699,7.6667
stockholm,59.3289,18.0724,2026-06-22 16:35:16,2026-06-30 23:59:59,24.6,19.1,0.4,64872.7969,259.2302,23.6787,56.88,17.6294,12.9167
stockholm,59.3289,18.0724,2026-06-22 16:35:16,2026-07-01 23:59:59,22.35,16.1,0.0,64861.7891,64.3262,13.1252,38.88,10.2915,16.625
stockholm,59.3289,18.0724,2026-06-22 16:35:16,2026-07-02 23:59:59,21.6,14.1,6.2,28011.9707,27.1281,11.9317,28.8,8.8418,20.4583
stockholm,59.3289,18.0724,2026-06-22 16:35:16,2026-07-03 23:59:59,18.45,13.85,5.2,23868.0566,313.7751,15.2502,43.2,11.2693,26.0
stockholm,59.3289,18.0724,2026-06-22 16:35:16,2026-07-04 23:59:59,23.4,15.2,0.4,64813.9023,188.1623,13.1597,35.28,9.6819,29.875
stockholm,59.3289,18.0724,2026-06-22 16:35:16,2026-07-05 23:59:59,18.1,15.85,10.6,64358.5859,228.185,10.815,29.52,4.0147,28.8333
aachen,50.782,6.09,2026-06-22 17:36:07,2026-06-22 23:59:59,31.976,21.426,0.0,54000.0,33.6983,13.68,29.16,8.91,0.5
aachen,50.782,6.09,2026-06-22 17:36:07,2026-06-23 23:59:59,33.026,21.026,0.0,54000.0,55.1221,10.8,28.08,8.16,0.0
aachen,50.782,6.09,2026-06-22 17:36:07,2026-06-24 23:59:59,38.426,24.776,0.0,54000.0,85.9425,12.6,29.52,7.2811,1.7917
aachen,50.782,6.09,2026-06-22 17:36:07,2026-06-25 23:59:59,35.65,22.25,0.0,55306.2266,92.3825,13.6907,32.4,8.4065,0.7917
munich,48.14,11.58,2026-06-22 17:36:07,2026-06-22 23:59:59,32.815,18.815,0.0,52138.1211,69.4183,12.985,30.24,6.1173,2.875
munich,48.14,11.58,2026-06-22 17:36:07,2026-06-23 23:59:59,32.765,20.115,0.0,53299.0547,3.8336,14.5299,31.68,5.8396,8.7083
munich,48.14,11.58,2026-06-22 17:36:07,2026-06-24 23:59:59,30.5715,21.165,0.0,52404.8359,36.8555,7.9689,23.76,4.8368,0.0
munich,48.14,11.58,2026-06-22 17:36:07,2026-06-25 23:59:59,32.5715,17.9215,0.0,54070.5,89.3396,11.6208,32.04,6.0836,0.0
munich,48.14,11.58,2026-06-22 17:36:07,2026-06-27 23:59:59,31.308,18.8215,0.3,50243.0938,248.8839,11.52,28.44,5.4434,5.0208
hamburg,53.56,10.0,2026-06-22 17:36:07,2026-06-27 23:59:59,33.276,21.615,3.6,54631.3125,180.8654,14.2628,36.36,9.7516,9.25
freiburg,48.0,7.84,2026-06-22 17:36:07,2026-06-24 23:59:59,36.081,22.998,0.0,54000.0,66.9587,11.8089,31.32,7.2015,0.0
freiburg,48.0,7.84,2026-06-22 17:36:07,2026-06-26 23:59:59,37.031,22.031,0.0,55028.3398,102.0948,6.49,18.72,4.3755,0.7917
freiburg,48.0,7.84,2026-06-22 17:36:07,2026-06-27 23:59:59,33.1155,22.7155,0.6,53588.8125,199.6516,16.9812,37.44,7.6339,2.6667
leipzig,51.34,12.38,2026-06-22 17:36:07,2026-06-22 23:59:59,28.813,20.263,0.0,53029.9453,56.7914,10.1951,24.84,6.8168,7.4167
leipzig,51.34,12.38,2026-06-22 17:36:07,2026-06-23 23:59:59,29.213,19.213,0.0,53051.5195,60.3853,9.4221,22.32,6.3124,0.25
frankfurt,50.12,8.68,2026-06-22 17:36:07,2026-06-22 23:59:59,34.493,22.743,0.0,53372.3789,21.5779,13.0447,32.4,8.6932,0.25
frankfurt,50.12,8.68,2026-06-22 17:36:07,2026-06-27 23:59:59,38.052,23.1975,0.9,51862.0859,309.5583,9.7267,29.52,6.05,2.2188
darmstadt,49.88,8.64,2026-06-22 17:36:07,2026-06-22 23:59:59,35.2045,22.1545,0.0,51593.9375,34.1508,9.5043,30.6,5.9962,0.0
darmstadt,49.88,8.64,2026-06-22 17:36:07,2026-06-24 23:59:59,35.9635,22.6545,0.0,54000.0,71.0891,5.5887,15.12,3.9734,0.0
darmstadt,49.88,8.64,2026-06-22 17:36:07,2026-06-26 23:59:59,38.5635,23.5135,0.0,56833.125,89.379,8.4963,26.64,6.4344,0.7917
darmstadt,49.88,8.64,2026-06-22 17:36:07,2026-06-27 23:59:59,37.4505,23.3635,2.4,52738.5898,212.0411,13.7838,35.28,6.4006,2.2188
berlin,52.52,13.4,2026-06-22 17:36:07,2026-06-23 23:59:59,27.802,17.652,0.0,49329.2812,33.6277,11.2006,22.68,5.3205,0.125
valencia,39.5,-0.375,2026-06-22 17:36:07,2026-06-27 23:59:59,29.8645,23.4315,0.0,48313.0195,75.8917,13.7226,35.28,6.5875,2.1458
madrid,40.4375,-3.6875,2026-06-22 17:36:07,2026-06-25 23:59:59,29.5655,22.9655,0.0,52097.207,225.2058,15.3159,41.76,10.3371,7.8333
madrid,40.4375,-3.6875,2026-06-22 17:36:07,2026-06-26 23:59:59,28.1655,19.6655,0.0,50454.3164,234.4125,15.0771,39.6,10.1654,0.1667
madrid,40.4375,-3.6875,2026-06-22 17:36:07,2026-06-27 23:59:59,31.809,18.9981,0.0,53150.8398,263.653,7.0912,19.44,4.289,5.0104
london,51.5,-0.25,2026-06-22 17:36:07,2026-06-22 23:59:59,28.441,17.941,0.0,56286.375,81.4909,19.44,41.76,13.68,0.25
london,51.5,-0.25,2026-06-22 17:36:07,2026-06-23 23:59:59,34.691,18.191,9.6,54000.0,86.8781,15.84,34.56,10.935,14.0
amsterdam,52.366,4.901,2026-06-22 17:36:07,2026-06-22 23:59:59,25.7065,17.9065,0.0,51238.1719,47.6879,21.6,40.68,17.46,0.0
amsterdam,52.366,4.901,2026-06-22 17:36:07,2026-06-23 23:59:59,27.8565,16.7565,0.2,48465.8359,65.599,22.32,48.96,12.0,5.2917
amsterdam,52.366,4.901,2026-06-22 17:36:07,2026-06-24 23:59:59,36.6065,23.4065,0.0,55621.0703,142.5338,14.04,32.04,11.5238,0.0
amsterdam,52.366,4.901,2026-06-22 17:36:07,2026-06-25 23:59:59,31.7,21.35,0.0,58032.8281,62.8438,16.4225,37.08,10.9421,0.0
paris,48.86,2.36,2026-06-22 17:36:07,2026-06-22 23:59:59,37.865,25.115,0.0,53513.2773,55.3311,16.2917,33.48,8.629,0.125
paris,48.86,2.36,2026-06-22 17:36:07,2026-06-23 23:59:59,39.615,25.715,0.0,55684.7734,83.3218,9.0288,19.8,5.521,0.5833
paris,48.86,2.36,2026-06-22 17:36:07,2026-06-24 23:59:59,39.7495,26.865,0.2,53842.0938,67.1725,10.1887,30.24,5.4149,3.9583
paris,48.86,2.36,2026-06-22 17:36:07,2026-06-25 23:59:59,39.8995,23.6995,0.0,56989.9258,87.2995,16.8625,38.52,9.6204,0.0417
paris,48.86,2.36,2026-06-22 17:36:07,2026-06-26 23:59:59,35.7495,26.4495,1.0,49334.4609,14.1782,10.3088,31.32,5.7557,6.9583
paris,48.86,2.36,2026-06-22 17:36:07,2026-06-27 23:59:59,29.4495,21.5495,4.7,48781.3164,262.3554,12.0748,43.56,8.004,18.3854
prag,50.08,14.44,2026-06-22 17:36:07,2026-06-22 23:59:59,30.4985,19.8985,0.0,51673.332,6.4224,13.2027,30.6,6.7657,2.1667
prag,50.08,14.44,2026-06-22 17:36:07,2026-06-25 23:59:59,33.496,17.846,0.0,55254.25,27.9794,6.8305,19.44,2.8514,0.7917
rome,41.875,12.5,2026-06-22 17:36:07,2026-06-22 23:59:59,34.7915,22.9415,0.5,48159.8438,256.7596,11.8855,34.92,3.8616,9.875
rome,41.875,12.5,2026-06-22 17:36:07,2026-06-23 23:59:59,35.8915,23.4415,0.9,44400.6211,305.2631,12.6,37.8,4.8022,6.7083
rome,41.875,12.5,2026-06-22 17:36:07,2026-06-24 23:59:59,35.4415,23.6915,0.8,37512.582,287.2718,14.7995,36.0,4.2996,11.5
rome,41.875,12.5,2026-06-22 17:36:07,2026-06-25 23:59:59,33.7915,24.1915,1.0,50517.8555,248.1985,9.3877,25.2,4.6749,11.125
rome,41.875,12.5,2026-06-22 17:36:07,2026-06-26 23:59:59,34.8915,24.0415,0.0,53210.5078,264.0611,14.9172,37.08,5.9964,4.9167
rome,41.875,12.5,2026-06-22 17:36:07,2026-06-27 23:59:59,37.185,23.8415,0.0,53312.8125,248.0735,17.1028,39.24,6.0654,0.0833
zurich,47.38,8.54,2026-06-22 17:36:07,2026-06-22 23:59:59,34.522,19.872,0.0,51733.2383,6.1978,10.949,25.56,3.8326,0.0
zurich,47.38,8.54,2026-06-22 17:36:07,2026-06-23 23:59:59,34.122,21.822,0.0,53391.7148,3.2821,17.9928,41.04,4.5378,1.0833
zurich,47.38,8.54,2026-06-22 17:36:07,2026-06-26 23:59:59,34.756,20.456,0.0,51658.2656,173.7366,8.64,21.96,3.9618,0.7917
zurich,47.38,8.54,2026-06-22 17:36:07,2026-06-27 23:59:59,32.0595,22.456,0.3,46883.125,264.7111,9.6933,27.36,5.2864,4.1875
lisbon,38.75,-9.125,2026-06-22 17:36:07,2026-06-23 23:59:59,28.3915,20.3915,0.0,37615.2344,300.7931,15.3074,36.72,6.9408,2.0417
lisbon,38.75,-9.125,2026-06-22 17:36:07,2026-06-24 23:59:59,24.5915,18.8915,0.0,49876.4492,233.7036,17.1482,41.76,8.9878,0.75
lisbon,38.75,-9.125,2026-06-22 17:36:07,2026-06-25 23:59:59,22.5415,18.6915,1.1,47865.9805,213.9686,19.8621,47.16,14.0713,9.4167
lisbon,38.75,-9.125,2026-06-22 17:36:07,2026-06-26 23:59:59,24.7915,19.0415,0.6,38217.7422,274.899,15.3074,36.36,10.4975,2.8333
vienna,48.2,16.38,2026-06-22 17:36:07,2026-06-22 23:59:59,31.8215,23.9715,0.9,37380.2188,316.0229,21.8416,54.72,8.2861,6.1667
vienna,48.2,16.38,2026-06-22 17:36:07,2026-06-23 23:59:59,32.0215,22.7215,0.0,47575.6328,3.9127,11.8089,35.64,6.8577,0.125
bergen,60.39,5.3183,2026-06-22 17:36:07,2026-06-22 23:59:59,17.611,11.811,1.4,39941.7578,295.9486,12.6,26.28,6.705,12.0833
bergen,60.39,5.3183,2026-06-22 17:36:07,2026-06-23 23:59:59,17.711,12.811,0.3,10457.7432,166.0565,21.6,39.96,15.39,32.25
bergen,60.39,5.3183,2026-06-22 17:36:07,2026-06-24 23:59:59,16.911,10.8652,1.4,23504.4492,195.8294,19.44,34.2,11.6712,35.375
stockholm,59.3289,18.0724,2026-06-22 17:36:07,2026-06-23 23:59:59,21.7175,15.9675,0.0,34874.0938,172.8058,16.56,34.2,11.91,2.7083
stockholm,59.3289,18.0724,2026-06-22 17:36:07,2026-06-24 23:59:59,24.1175,16.5294,0.025,40102.1328,232.5182,14.76,29.52,10.3688,19.9167
aachen,50.782,6.09,2026-06-22 18:52:54,2026-06-22 23:59:59,32.026,21.426,0.0,54000.0,22.8639,13.68,30.96,9.3,0.5
aachen,50.782,6.09,2026-06-22 18:52:54,2026-06-23 23:59:59,34.026,20.776,0.0,54000.0,32.165,11.16,28.44,8.385,0.0
aachen,50.782,6.09,2026-06-22 18:52:54,2026-06-24 23:59:59,38.776,24.826,0.0,54000.0,19.8981,11.88,29.52,7.38,1.7917
aachen,50.782,6.09,2026-06-22 18:52:54,2026-06-25 23:59:59,35.65,22.25,0.0,55306.2266,90.8136,13.6907,32.4,8.4739,0.7917
munich,48.14,11.58,2026-06-22 18:52:54,2026-06-24 23:59:59,30.0215,21.165,0.0,53575.5547,46.6085,8.2172,24.48,4.6572,0.0
munich,48.14,11.58,2026-06-22 18:52:54,2026-06-25 23:59:59,32.3215,17.7715,0.0,54070.5,79.768,12.7686,33.84,5.6506,0.0
munich,48.14,11.58,2026-06-22 18:52:54,2026-06-26 23:59:59,32.9715,20.5215,0.0,56383.1367,84.9663,12.4343,33.84,6.0687,0.0
munich,48.14,11.58,2026-06-22 18:52:54,2026-06-27 23:59:59,34.408,19.6215,0.6,56287.8594,185.251,4.8299,14.58,2.3957,1.0521
munich,48.14,11.58,2026-06-22 18:52:54,2026-06-28 23:59:59,32.408,21.058,10.0,49410.8945,230.0397,11.1832,35.28,7.0531,11.7917
munich,48.14,11.58,2026-06-22 18:52:54,2026-06-29 23:59:59,26.158,20.058,14.9,36282.043,316.4149,9.0288,20.52,6.5429,48.6979
munich,48.14,11.58,2026-06-22 18:52:54,2026-06-30 23:59:59,30.7,20.329,0.0,56275.6211,315.6962,10.7172,39.96,6.0082,30.0521
hamburg,53.56,10.0,2026-06-22 18:52:54,2026-06-24 23:59:59,31.465,16.4735,0.0,53059.8945,213.6736,7.5686,20.52,5.9381,0.0
hamburg,53.56,10.0,2026-06-22 18:52:54,2026-06-25 23:59:59,28.915,19.865,0.0,56874.3594,341.7748,10.1887,27.0,7.9914,0.0
hamburg,53.56,10.0,2026-06-22 18:52:54,2026-06-26 23:59:59,32.665,18.515,0.0,60357.5508,106.2788,12.6411,30.96,8.0631,0.0
hamburg,53.56,10.0,2026-06-22 18:52:54,2026-06-27 23:59:59,38.376,21.215,0.0,56892.8516,141.0778,13.0594,32.76,9.448,1.9167
hamburg,53.56,10.0,2026-06-22 18:52:54,2026-06-28 23:59:59,31.326,19.626,0.9,50333.7812,296.3582,20.073,47.88,12.0931,14.0833
hamburg,53.56,10.0,2026-06-22 18:52:54,2026-06-29 23:59:59,25.426,17.626,0.0,60203.9492,302.8173,15.2777,34.2,9.883,30.0938
hamburg,53.56,10.0,2026-06-22 18:52:54,2026-06-30 23:59:59,25.95,17.4565,0.0,60172.5547,282.4443,9.9261,32.76,6.4284,14.1146
freiburg,48.0,7.84,2026-06-22 18:52:54,2026-06-24 23:59:59,35.831,22.998,0.0,54000.0,37.5492,12.1816,32.04,7.1794,0.0
freiburg,48.0,7.84,2026-06-22 18:52:54,2026-06-25 23:59:59,37.481,21.131,0.0,54882.1016,81.0072,11.441,31.32,7.3143,0.0
freiburg,48.0,7.84,2026-06-22 18:52:54,2026-06-26 23:59:59,37.431,21.631,0.0,55028.3398,210.4655,7.7295,24.12,5.2084,0.7917
freiburg,48.0,7.84,2026-06-22 18:52:54,2026-06-27 23:59:59,36.7155,23.631,0.45,54630.6172,201.2101,11.9233,28.98,6.0202,2.5417
freiburg,48.0,7.84,2026-06-22 18:52:54,2026-06-28 23:59:59,31.7655,21.1655,2.7,34113.6523,200.381,16.3751,34.56,8.1801,14.0833
freiburg,48.0,7.84,2026-06-22 18:52:54,2026-06-29 23:59:59,30.5155,18.8155,0.3,54237.2852,24.8469,14.6852,34.2,8.9023,32.5521
freiburg,48.0,7.84,2026-06-22 18:52:54,2026-06-30 23:59:59,30.1,20.3328,2.2,56174.9141,310.6287,6.5224,27.0,4.1144,27.2396
leipzig,51.34,12.38,2026-06-22 18:52:54,2026-06-24 23:59:59,31.715,19.513,0.0,54522.7227,336.8852,4.335,14.76,2.5715,0.0
leipzig,51.34,12.38,2026-06-22 18:52:54,2026-06-25 23:59:59,33.765,21.965,0.0,53126.543,358.2376,10.2395,28.8,5.4277,0.0
leipzig,51.34,12.38,2026-06-22 18:52:54,2026-06-26 23:59:59,32.915,18.815,0.0,58105.918,59.492,9.9571,28.08,6.6164,0.0
leipzig,51.34,12.38,2026-06-22 18:52:54,2026-06-27 23:59:59,36.526,19.815,0.0,58072.0352,115.6903,9.8261,25.56,7.0421,0.0
leipzig,51.34,12.38,2026-06-22 18:52:54,2026-06-28 23:59:59,34.976,23.076,9.6,43065.3203,240.8463,13.3637,38.16,8.4982,10.7083
leipzig,51.34,12.38,2026-06-22 18:52:54,2026-06-29 23:59:59,25.876,20.426,2.1,43391.5781,346.3302,11.458,29.52,8.9863,37.5833
leipzig,51.34,12.38,2026-06-22 18:52:54,2026-06-30 23:59:59,30.85,21.288,3.4,57529.4531,92.8074,8.5817,28.44,5.8998,23.0729
frankfurt,50.12,8.68,2026-06-22 18:52:54,2026-06-24 23:59:59,35.3475,22.493,0.0,54000.0,35.6671,6.9154,20.52,4.4512,0.0
frankfurt,50.12,8.68,2026-06-22 18:52:54,2026-06-25 23:59:59,37.4975,22.7475,0.0,53891.6445,27.6244,12.98,32.76,5.8272,0.0
frankfurt,50.12,8.68,2026-06-22 18:52:54,2026-06-26 23:59:59,38.0975,23.2975,0.0,57237.1367,54.246,8.6998,23.4,6.2119,0.0
frankfurt,50.12,8.68,2026-06-22 18:52:54,2026-06-27 23:59:59,40.052,23.5975,0.0,57383.8477,158.7945,9.7798,28.8,6.1932,0.0
frankfurt,50.12,8.68,2026-06-22 18:52:54,2026-06-28 23:59:59,32.602,22.052,7.8,53854.9219,267.4853,9.5857,34.92,5.5067,12.0
frankfurt,50.12,8.68,2026-06-22 18:52:54,2026-06-29 23:59:59,27.852,19.202,0.0,57995.1562,8.9943,9.0216,26.64,5.8669,31.9688
frankfurt,50.12,8.68,2026-06-22 18:52:54,2026-06-30 23:59:59,31.2,21.076,1.8,57285.9648,9.7031,8.6587,35.64,4.5664,28.0
darmstadt,49.88,8.64,2026-06-22 18:52:54,2026-06-24 23:59:59,35.8135,22.6545,0.0,54000.0,53.0429,7.788,22.68,4.6207,0.0
darmstadt,49.88,8.64,2026-06-22 18:52:54,2026-06-25 23:59:59,37.6135,23.9135,0.0,55311.0547,45.6779,12.4967,33.48,4.8524,0.0
darmstadt,49.88,8.64,2026-06-22 18:52:54,2026-06-26 23:59:59,37.9135,22.4135,0.0,56833.957,69.3255,8.4963,25.92,7.0335,0.7917
darmstadt,49.88,8.64,2026-06-22 18:52:54,2026-06-27 23:59:59,39.6505,23.5635,0.0,57284.0156,171.0959,10.08,29.16,5.9983,0.0
darmstadt,49.88,8.64,2026-06-22 18:52:54,2026-06-28 23:59:59,32.4005,21.6505,6.0,50803.918,245.4169,11.2121,44.64,7.8827,12.0
darmstadt,49.88,8.64,2026-06-22 18:52:54,2026-06-29 23:59:59,28.4005,18.5005,0.0,57499.4258,3.1893,9.3392,26.64,6.087,31.9688
darmstadt,49.88,8.64,2026-06-22 18:52:54,2026-06-30 23:59:59,29.85,20.9002,1.8,57663.3828,33.4729,8.3385,28.44,4.8873,28.0
berlin,52.52,13.4,2026-06-22 18:52:54,2026-06-24 23:59:59,29.789,18.952,0.0,56074.4375,240.3013,3.6713,11.88,2.341,0.0
berlin,52.52,13.4,2026-06-22 18:52:54,2026-06-25 23:59:59,31.789,21.989,0.0,54709.0234,353.1747,9.6933,26.28,5.5709,0.0
berlin,52.52,13.4,2026-06-22 18:52:54,2026-06-26 23:59:59,30.389,17.939,0.0,58746.5195,61.748,9.1782,24.12,5.4906,0.0
berlin,52.52,13.4,2026-06-22 18:52:54,2026-06-27 23:59:59,34.126,20.339,0.0,58747.1641,124.906,12.476,32.76,9.8519,0.0
berlin,52.52,13.4,2026-06-22 18:52:54,2026-06-28 23:59:59,36.926,22.126,6.4,45990.0586,191.7174,12.2294,34.92,8.4359,5.5
berlin,52.52,13.4,2026-06-22 18:52:54,2026-06-29 23:59:59,26.826,20.326,1.7,48179.2266,326.9439,11.458,30.6,9.0014,37.625
berlin,52.52,13.4,2026-06-22 18:52:54,2026-06-30 23:59:59,29.15,20.613,0.0,58757.4102,13.1916,9.5688,24.84,5.6754,21.9167
valencia,39.5,-0.375,2026-06-22 18:52:54,2026-06-22 23:59:59,33.1825,21.2825,0.0,50400.0,106.6994,10.9667,28.44,5.2942,0.0
valencia,39.5,-0.375,2026-06-22 18:52:54,2026-06-23 23:59:59,32.2325,21.6825,0.0,50400.0,98.0132,12.5743,31.32,5.8092,0.0
valencia,39.5,-0.375,2026-06-22 18:52:54,2026-06-24 23:59:59,32.0825,22.1325,0.0,50400.0,101.2633,13.4411,32.76,6.1434,0.0
valencia,39.5,-0.375,2026-06-22 18:52:54,2026-06-25 23:59:59,30.6325,22.1825,0.0,51617.0508,91.1197,14.5878,35.28,7.158,0.0
valencia,39.5,-0.375,2026-06-22 18:52:54,2026-06-26 23:59:59,28.8825,23.1825,0.0,49966.707,78.3985,14.4718,34.56,8.3412,0.0
valencia,39.5,-0.375,2026-06-22 18:52:54,2026-06-27 23:59:59,30.1645,23.8825,0.0,47103.2109,92.0639,16.2439,38.88,6.8349,0.5833
valencia,39.5,-0.375,2026-06-22 18:52:54,2026-06-28 23:59:59,30.6645,23.0645,0.0,49175.9844,85.7427,15.2268,36.36,6.468,4.0417
valencia,39.5,-0.375,2026-06-22 18:52:54,2026-06-29 23:59:59,32.5145,22.1645,0.0,48434.1016,103.9615,14.6188,34.92,6.0496,5.6458
valencia,39.5,-0.375,2026-06-22 18:52:54,2026-06-30 23:59:59,31.75,24.6,0.0,52220.6094,95.2696,13.8962,40.68,6.9243,1.7188
madrid,40.4375,-3.6875,2026-06-22 18:52:54,2026-06-22 23:59:59,38.4655,24.0155,0.0,49784.0039,104.5658,14.2553,36.72,9.4996,0.0
madrid,40.4375,-3.6875,2026-06-22 18:52:54,2026-06-23 23:59:59,39.3155,23.8655,0.0,51161.7617,97.7086,10.384,29.52,7.019,0.0
madrid,40.4375,-3.6875,2026-06-22 18:52:54,2026-06-24 23:59:59,37.6655,25.0155,0.0,52192.7539,117.4323,15.4842,37.8,9.0329,0.0
madrid,40.4375,-3.6875,2026-06-22 18:52:54,2026-06-25 23:59:59,30.2155,23.5155,0.2,51572.2812,216.4328,16.18,44.28,10.3685,7.8333
madrid,40.4375,-3.6875,2026-06-22 18:52:54,2026-06-26 23:59:59,30.2655,21.0155,0.0,53128.5352,238.1229,11.3842,33.84,7.2755,0.1667
madrid,40.4375,-3.6875,2026-06-22 18:52:54,2026-06-27 23:59:59,31.209,20.4655,0.0,53044.457,247.4497,14.0584,36.0,7.5109,5.9271
madrid,40.4375,-3.6875,2026-06-22 18:52:54,2026-06-28 23:59:59,34.559,20.509,0.0,53044.2812,314.0532,7.209,19.8,4.5202,11.9167
madrid,40.4375,-3.6875,2026-06-22 18:52:54,2026-06-29 23:59:59,37.059,23.059,0.0,53041.8633,92.3257,9.4221,24.84,5.2389,4.5521
madrid,40.4375,-3.6875,2026-06-22 18:52:54,2026-06-30 23:59:59,38.6,25.4,0.0,53021.6094,165.6454,12.9396,48.6,7.9261,5.3958
london,51.5,-0.25,2026-06-22 18:52:54,2026-06-22 23:59:59,28.341,17.941,0.0,45486.375,81.8674,18.36,41.04,13.5,0.25
london,51.5,-0.25,2026-06-22 18:52:54,2026-06-23 23:59:59,35.991,20.091,0.1,56144.2734,89.5696,15.48,33.48,11.205,14.0
london,51.5,-0.25,2026-06-22 18:52:54,2026-06-24 23:59:59,37.891,25.041,0.0,56153.7891,66.5404,16.02,35.19,8.8538,1.5
amsterdam,52.366,4.901,2026-06-22 18:52:54,2026-06-22 23:59:59,25.3065,17.9065,0.0,51513.1758,48.0092,20.88,39.6,17.205,0.0
amsterdam,52.366,4.901,2026-06-22 18:52:54,2026-06-23 23:59:59,29.0065,17.0065,0.0,47638.7031,70.2163,19.8,36.36,11.13,5.2917
amsterdam,52.366,4.901,2026-06-22 18:52:54,2026-06-24 23:59:59,37.4065,23.9565,0.0,55621.0703,137.3486,16.2,30.24,11.025,0.0
amsterdam,52.366,4.901,2026-06-22 18:52:54,2026-06-25 23:59:59,31.7,21.35,0.0,58032.8281,62.6073,16.4225,37.08,11.1786,0.0
paris,48.86,2.36,2026-06-22 18:52:54,2026-06-24 23:59:59,39.6995,26.865,0.0,53970.3984,76.88,14.8432,32.76,5.2542,3.9583
paris,48.86,2.36,2026-06-22 18:52:54,2026-06-25 23:59:59,39.6995,23.7995,0.0,56989.9258,73.6,16.5639,37.44,10.5694,0.0417
paris,48.86,2.36,2026-06-22 18:52:54,2026-06-26 23:59:59,37.2995,26.7495,1.2,54544.7031,6.9528,10.2395,28.08,5.8579,6.9583
paris,48.86,2.36,2026-06-22 18:52:54,2026-06-27 23:59:59,34.4995,23.6995,0.9,54544.3086,330.7684,14.278,32.49,9.1383,9.4896
paris,48.86,2.36,2026-06-22 18:52:54,2026-06-28 23:59:59,28.9995,19.4995,0.0,50146.0352,286.365,17.5959,39.6,12.4212,10.9167
paris,48.86,2.36,2026-06-22 18:52:54,2026-06-29 23:59:59,29.1995,15.2995,0.0,57096.6094,11.3995,9.2205,24.12,7.1962,14.8125
paris,48.86,2.36,2026-06-22 18:52:54,2026-06-30 23:59:59,25.2,16.45,0.0,55167.5859,315.0694,10.8255,32.76,8.4968,13.0729
prag,50.08,14.44,2026-06-22 18:52:54,2026-06-24 23:59:59,30.446,18.8985,0.0,54460.0195,13.4685,6.8495,19.08,3.3609,0.0
prag,50.08,14.44,2026-06-22 18:52:54,2026-06-25 23:59:59,32.546,18.296,0.0,54386.1562,20.3765,7.1003,20.16,2.9242,0.7917
prag,50.08,14.44,2026-06-22 18:52:54,2026-06-26 23:59:59,33.446,20.596,0.0,57543.7422,49.3277,8.5571,23.04,5.2527,0.0
prag,50.08,14.44,2026-06-22 18:52:54,2026-06-27 23:59:59,34.246,19.796,0.0,57517.0742,89.281,14.4942,30.96,7.8639,0.0
prag,50.08,14.44,2026-06-22 18:52:54,2026-06-28 23:59:59,36.546,19.196,4.3,53988.2773,166.9666,13.5706,30.6,8.4673,4.5
prag,50.08,14.44,2026-06-22 18:52:54,2026-06-29 23:59:59,24.246,19.696,21.8,0.0,320.535,14.373,29.16,8.8054,35.7188
prag,50.08,14.44,2026-06-22 18:52:54,2026-06-30 23:59:59,32.6,21.05,14.6,57440.7422,351.1545,7.3822,45.36,4.3536,27.125
rome,41.875,12.5,2026-06-22 18:52:54,2026-06-22 23:59:59,34.7915,22.9415,0.7,45381.2891,313.0908,11.3042,30.96,3.7746,9.875
rome,41.875,12.5,2026-06-22 18:52:54,2026-06-23 23:59:59,35.8915,23.5915,0.8,47795.1094,304.4391,11.7924,37.08,4.7243,6.7083
rome,41.875,12.5,2026-06-22 18:52:54,2026-06-24 23:59:59,35.0415,23.9415,0.5,34033.4023,310.5487,10.4957,27.0,3.6982,11.5
rome,41.875,12.5,2026-06-22 18:52:54,2026-06-25 23:59:59,33.5415,24.1415,1.1,44578.5938,243.1837,8.7887,24.12,4.2628,11.125
rome,41.875,12.5,2026-06-22 18:52:54,2026-06-26 23:59:59,35.1415,23.9915,0.3,53159.4258,271.4751,10.8837,28.08,5.3986,4.9167
rome,41.875,12.5,2026-06-22 18:52:54,2026-06-27 23:59:59,36.385,23.7915,0.0,53222.9023,249.2923,14.8126,33.84,5.764,0.0833
rome,41.875,12.5,2026-06-22 18:52:54,2026-06-28 23:59:59,38.935,22.535,0.0,53233.7266,240.8487,16.9238,39.24,5.8194,0.0
rome,41.875,12.5,2026-06-22 18:52:54,2026-06-29 23:59:59,38.885,24.585,0.0,46410.5938,222.9453,7.2449,25.92,3.6298,0.0104
rome,41.875,12.5,2026-06-22 18:52:54,2026-06-30 23:59:59,36.75,26.7213,0.0,53593.0195,240.7519,11.8923,36.72,6.181,1.4583
zurich,47.38,8.54,2026-06-22 18:52:54,2026-06-24 23:59:59,32.856,21.672,0.0,54000.0,43.2521,14.5655,34.92,6.9269,0.0
zurich,47.38,8.54,2026-06-22 18:52:54,2026-06-25 23:59:59,34.206,19.156,0.0,54000.0,62.6903,16.7506,40.32,7.7,0.0
zurich,47.38,8.54,2026-06-22 18:52:54,2026-06-26 23:59:59,34.656,19.956,0.0,54738.8711,73.9509,5.6349,15.84,3.2785,0.7917
zurich,47.38,8.54,2026-06-22 18:52:54,2026-06-27 23:59:59,34.3095,21.406,0.9,50031.1016,196.0923,6.7638,25.92,3.6012,5.5833
zurich,47.38,8.54,2026-06-22 18:52:54,2026-06-28 23:59:59,29.0095,20.7095,12.9,29402.2578,235.9408,13.3249,36.36,7.0192,16.5417
zurich,47.38,8.54,2026-06-22 18:52:54,2026-06-29 23:59:59,26.6095,19.3595,5.1,41472.6836,65.5617,13.2027,36.72,7.3338,35.3021
zurich,47.38,8.54,2026-06-22 18:52:54,2026-06-30 23:59:59,31.4,21.5899,7.6,55624.1133,251.9104,6.2406,33.12,3.33,26.7083
lisbon,38.75,-9.125,2026-06-22 18:52:54,2026-06-22 23:59:59,28.7915,20.4415,0.0,32134.6875,340.217,16.1198,37.8,8.474,0.125
lisbon,38.75,-9.125,2026-06-22 18:52:54,2026-06-23 23:59:59,28.6915,20.4915,0.0,43200.0,324.9505,12.4135,39.6,6.8891,2.0417
lisbon,38.75,-9.125,2026-06-22 18:52:54,2026-06-24 23:59:59,23.8415,18.9415,0.0,42964.5195,234.209,15.576,38.52,8.5329,0.75
lisbon,38.75,-9.125,2026-06-22 18:52:54,2026-06-25 23:59:59,22.9415,18.5415,1.4,48548.3594,213.9123,19.1749,46.08,12.2467,9.4167
lisbon,38.75,-9.125,2026-06-22 18:52:54,2026-06-26 23:59:59,23.8415,18.7415,0.0,38312.0117,237.7089,17.0763,41.04,10.4897,2.8333
lisbon,38.75,-9.125,2026-06-22 18:52:54,2026-06-27 23:59:59,25.9635,18.4415,0.0,51166.5273,321.1227,17.0725,39.24,9.6563,0.0
lisbon,38.75,-9.125,2026-06-22 18:52:54,2026-06-28 23:59:59,29.5635,17.6635,0.0,51184.0938,350.0845,18.1613,40.68,11.9026,0.5833
lisbon,38.75,-9.125,2026-06-22 18:52:54,2026-06-29 23:59:59,30.4635,18.1135,0.0,52195.5391,328.3055,14.278,34.56,7.2733,2.9688
lisbon,38.75,-9.125,2026-06-22 18:52:54,2026-06-30 23:59:59,29.35,17.6,0.0,47672.2422,347.8753,19.6892,45.72,13.0771,0.0938
vienna,48.2,16.38,2026-06-22 18:52:54,2026-06-24 23:59:59,30.83,21.7715,0.0,53225.4609,357.7908,11.2121,29.88,6.5049,0.0
vienna,48.2,16.38,2026-06-22 18:52:54,2026-06-25 23:59:59,33.23,20.58,0.0,55509.3281,356.6645,9.8261,25.92,5.5592,0.0
vienna,48.2,16.38,2026-06-22 18:52:54,2026-06-26 23:59:59,34.78,23.13,0.0,57052.1562,22.1903,8.2172,21.96,4.5638,0.0
vienna,48.2,16.38,2026-06-22 18:52:54,2026-06-27 23:59:59,35.613,23.83,0.0,57041.293,115.8887,11.1441,28.26,6.1753,0.0
vienna,48.2,16.38,2026-06-22 18:52:54,2026-06-28 23:59:59,36.013,22.663,0.0,57025.5469,144.119,20.5925,47.16,13.1039,0.5417
vienna,48.2,16.38,2026-06-22 18:52:54,2026-06-29 23:59:59,29.713,23.313,0.6,51432.4883,307.1007,19.8294,45.0,16.5816,5.7812
vienna,48.2,16.38,2026-06-22 18:52:54,2026-06-30 23:59:59,35.5,24.9565,2.4,56914.6797,301.0433,14.5789,45.72,7.7007,9.8854
bergen,60.39,5.3183,2026-06-22 18:52:54,2026-06-22 23:59:59,17.611,11.811,1.4,40556.9453,294.8549,11.88,26.28,6.72,12.0833
bergen,60.39,5.3183,2026-06-22 18:52:54,2026-06-23 23:59:59,17.961,13.211,0.9,9512.3242,163.598,21.6,38.88,15.78,32.25
bergen,60.39,5.3183,2026-06-22 18:52:54,2026-06-24 23:59:59,16.411,12.411,1.1,15317.3027,188.4152,19.44,35.28,11.61,35.375
bergen,60.39,5.3183,2026-06-22 18:52:54,2026-06-25 23:59:59,16.35,9.2,0.0,6648.124,222.4525,8.0498,20.16,3.2281,8.2083
stockholm,59.3289,18.0724,2026-06-22 18:52:54,2026-06-22 23:59:59,21.9175,16.1175,0.0,59114.9531,67.9496,16.2,36.36,12.03,0.5
stockholm,59.3289,18.0724,2026-06-22 18:52:54,2026-06-23 23:59:59,21.6675,15.7675,0.0,41748.8594,162.0829,15.84,34.92,11.685,2.7083
stockholm,59.3289,18.0724,2026-06-22 18:52:54,2026-06-24 23:59:59,25.0675,17.5175,0.0,38329.8945,234.77,14.04,30.6,11.46,19.9167
stockholm,59.3289,18.0724,2026-06-22 18:52:54,2026-06-25 23:59:59,22.75,14.9,1.0,62324.1992,97.3715,10.7204,28.08,6.8241,12.625
aachen,50.782,6.09,2026-06-22 21:10:08,2026-06-22 23:59:59,32.026,21.426,0.0,54000.0,24.4325,12.6,29.88,9.12,0.5
aachen,50.782,6.09,2026-06-22 21:10:08,2026-06-23 23:59:59,33.626,20.976,0.0,54000.0,32.7863,12.6,30.96,8.625,0.0
aachen,50.782,6.09,2026-06-22 21:10:08,2026-06-24 23:59:59,38.526,24.326,0.0,54000.0,29.0743,11.88,28.8,6.84,1.7917
aachen,50.782,6.09,2026-06-22 21:10:08,2026-06-25 23:59:59,35.65,23.6565,0.0,55301.9336,87.7985,13.6907,32.4,8.6134,0.7917
munich,48.14,11.58,2026-06-22 21:10:08,2026-06-22 23:59:59,32.815,18.815,0.0,50400.0,69.2058,12.3978,26.28,5.6806,2.875
munich,48.14,11.58,2026-06-22 21:10:08,2026-06-23 23:59:59,32.165,21.365,0.0,48828.8711,29.9251,11.5425,44.28,5.307,8.7083
munich,48.14,11.58,2026-06-22 21:10:08,2026-06-24 23:59:59,31.0683,21.315,0.0,53575.5547,56.1406,13.1831,25.02,4.6447,0.0
hamburg,53.56,10.0,2026-06-22 21:10:08,2026-06-22 23:59:59,25.2735,16.5735,0.0,53866.6484,10.6739,13.2761,25.92,6.9191,0.0
hamburg,53.56,10.0,2026-06-22 21:10:08,2026-06-23 23:59:59,25.4735,16.1735,0.0,54112.5273,19.6404,8.5344,18.0,5.3731,0.0
hamburg,53.56,10.0,2026-06-22 21:10:08,2026-06-24 23:59:59,31.3546,16.3235,0.0,54005.2656,187.3916,7.6747,20.52,5.995,0.0
freiburg,48.0,7.84,2026-06-22 21:10:08,2026-06-22 23:59:59,35.498,20.848,0.0,54000.0,42.4704,12.0748,23.4,6.8537,0.0
freiburg,48.0,7.84,2026-06-22 21:10:08,2026-06-23 23:59:59,35.548,21.898,0.0,54000.0,21.0376,13.4411,30.24,6.8369,0.0
freiburg,48.0,7.84,2026-06-22 21:10:08,2026-06-24 23:59:59,35.9853,21.648,0.0,54000.0,39.4686,14.3398,34.74,7.0907,0.0
leipzig,51.34,12.38,2026-06-22 21:10:08,2026-06-22 23:59:59,28.863,20.263,0.0,52781.918,50.3857,10.1441,24.12,6.9288,7.4167
leipzig,51.34,12.38,2026-06-22 21:10:08,2026-06-23 23:59:59,29.313,19.413,0.0,51974.0781,57.4897,9.086,23.4,6.0457,0.25
leipzig,51.34,12.38,2026-06-22 21:10:08,2026-06-24 23:59:59,31.852,19.213,0.0,54522.7227,304.3104,6.12,14.76,2.8849,0.0
frankfurt,50.12,8.68,2026-06-22 21:10:08,2026-06-22 23:59:59,34.293,22.743,0.0,51532.1641,20.9951,12.98,32.4,8.8128,0.25
frankfurt,50.12,8.68,2026-06-22 21:10:08,2026-06-23 23:59:59,32.243,22.043,0.0,54000.0,21.4677,11.6097,29.16,8.6596,0.0
frankfurt,50.12,8.68,2026-06-22 21:10:08,2026-06-24 23:59:59,35.4964,21.943,0.0,54000.0,36.8991,6.9154,20.52,3.8654,0.0
darmstadt,49.88,8.64,2026-06-22 21:10:08,2026-06-22 23:59:59,35.2045,22.1545,0.0,51387.4023,31.6648,10.9903,30.24,6.253,0.0
darmstadt,49.88,8.64,2026-06-22 21:10:08,2026-06-23 23:59:59,33.0045,21.4045,0.0,54000.0,37.2735,8.8913,22.68,6.5719,0.125
darmstadt,49.88,8.64,2026-06-22 21:10:08,2026-06-24 23:59:59,35.9112,22.0045,0.0,54000.0,59.2203,7.788,22.68,4.6349,0.0
berlin,52.52,13.4,2026-06-22 21:10:08,2026-06-22 23:59:59,27.202,18.252,0.0,50381.4297,32.2489,10.949,27.36,9.1323,0.0
berlin,52.52,13.4,2026-06-22 21:10:08,2026-06-23 23:59:59,27.652,17.502,0.0,43522.0234,28.4601,9.7267,21.24,5.034,0.125
berlin,52.52,13.4,2026-06-22 21:10:08,2026-06-24 23:59:59,30.3455,19.152,0.0,54255.6484,243.8693,4.5537,13.32,2.5196,0.0
valencia,39.5,-0.375,2026-06-22 21:10:08,2026-06-22 23:59:59,33.1825,21.2825,0.0,50400.0,107.8444,10.9667,28.44,5.1924,0.0
valencia,39.5,-0.375,2026-06-22 21:10:08,2026-06-23 23:59:59,32.3325,21.5325,0.0,50400.0,97.6884,12.5743,31.32,5.8653,0.0
madrid,40.4375,-3.6875,2026-06-22 21:10:08,2026-06-22 23:59:59,38.4655,24.0155,0.0,49784.0039,102.4925,12.476,33.84,9.1848,0.0
madrid,40.4375,-3.6875,2026-06-22 21:10:08,2026-06-23 23:59:59,39.2155,23.8155,0.0,50471.0195,105.7261,13.2076,33.84,7.7634,0.0
london,51.5,-0.25,2026-06-22 21:10:08,2026-06-22 23:59:59,27.991,17.941,0.0,56286.375,83.9476,19.44,44.28,13.905,0.25
london,51.5,-0.25,2026-06-22 21:10:08,2026-06-23 23:59:59,35.991,19.841,0.0,56144.2734,87.3076,12.24,27.36,10.62,14.0
amsterdam,52.366,4.901,2026-06-22 21:10:08,2026-06-22 23:59:59,25.5065,17.9065,0.0,51513.1758,48.2024,20.52,39.24,16.92,0.0
amsterdam,52.366,4.901,2026-06-22 21:10:08,2026-06-23 23:59:59,28.5065,17.3565,0.1,44038.7031,68.5835,17.64,35.28,10.575,5.2917
amsterdam,52.366,4.901,2026-06-22 21:10:08,2026-06-24 23:59:59,36.9565,23.6565,0.0,55346.8906,129.8951,13.32,31.68,10.965,0.0
amsterdam,52.366,4.901,2026-06-22 21:10:08,2026-06-25 23:59:59,31.7,21.0282,0.0,57923.4297,60.6427,16.4225,37.08,11.9851,0.0
paris,48.86,2.36,2026-06-22 21:10:08,2026-06-22 23:59:59,37.765,25.115,0.0,53513.2773,56.5036,15.7826,32.04,8.9524,0.125
paris,48.86,2.36,2026-06-22 21:10:08,2026-06-23 23:59:59,38.915,25.015,0.0,56031.1484,82.9347,11.6097,25.2,6.3436,0.5833
paris,48.86,2.36,2026-06-22 21:10:08,2026-06-24 23:59:59,39.9159,26.415,0.0,53970.3984,78.2768,14.8432,32.76,5.2435,3.9583
prag,50.08,14.44,2026-06-22 21:10:08,2026-06-22 23:59:59,30.4985,19.8985,0.0,49647.3008,5.7544,15.1414,33.12,6.8448,2.1667
prag,50.08,14.44,2026-06-22 21:10:08,2026-06-23 23:59:59,29.1985,20.3485,0.0,51516.1445,32.8509,13.6088,29.52,6.79,0.0
prag,50.08,14.44,2026-06-22 21:10:08,2026-06-24 23:59:59,30.7723,19.1485,0.0,54460.0195,33.5643,6.8495,19.08,3.0741,0.0
rome,41.875,12.5,2026-06-22 21:10:08,2026-06-22 23:59:59,34.7915,22.9415,0.7,47011.2188,236.646,11.3042,30.96,3.9549,9.875
rome,41.875,12.5,2026-06-22 21:10:08,2026-06-23 23:59:59,35.7915,23.5915,0.5,48647.0977,286.3303,11.7539,33.84,5.2759,6.7083
zurich,47.38,8.54,2026-06-22 21:10:08,2026-06-22 23:59:59,34.222,19.872,0.0,51259.9453,11.6185,11.5256,25.2,3.8738,0.0
zurich,47.38,8.54,2026-06-22 21:10:08,2026-06-23 23:59:59,32.722,22.222,0.0,54000.0,13.8113,14.5789,46.8,4.4684,1.0833
zurich,47.38,8.54,2026-06-22 21:10:08,2026-06-24 23:59:59,33.489,21.222,0.0,54000.0,41.6594,13.8626,34.92,6.6306,0.0
lisbon,38.75,-9.125,2026-06-22 21:10:08,2026-06-22 23:59:59,28.7915,20.4415,0.0,29913.6016,339.9787,15.576,35.64,8.1334,0.125
lisbon,38.75,-9.125,2026-06-22 21:10:08,2026-06-23 23:59:59,28.7915,20.1415,0.0,43412.2148,314.1385,13.2761,39.96,6.3987,2.0417
vienna,48.2,16.38,2026-06-22 21:10:08,2026-06-22 23:59:59,31.8215,23.9715,10.5,39494.1328,323.1634,17.31,49.68,7.4465,6.1667
vienna,48.2,16.38,2026-06-22 21:10:08,2026-06-23 23:59:59,31.7715,22.4215,0.0,47322.918,6.7682,13.2761,36.72,7.3437,0.125
vienna,48.2,16.38,2026-06-22 21:10:08,2026-06-24 23:59:59,31.4757,21.4215,0.0,53225.4609,359.0278,10.1061,28.35,6.5557,0.0
bergen,60.39,5.3183,2026-06-22 21:10:08,2026-06-22 23:59:59,17.611,11.811,1.4,40556.9453,295.5197,11.88,26.28,6.705,12.0833
bergen,60.39,5.3183,2026-06-22 21:10:08,2026-06-23 23:59:59,17.211,12.611,0.9,9705.9941,163.368,21.96,39.6,15.795,32.25
bergen,60.39,5.3183,2026-06-22 21:10:08,2026-06-24 23:59:59,15.861,12.211,1.0,15317.3027,188.6164,19.44,35.28,11.64,35.375
bergen,60.39,5.3183,2026-06-22 21:10:08,2026-06-25 23:59:59,16.35,10.4527,0.0,6648.124,216.606,8.0498,20.16,3.5348,8.2083
stockholm,59.3289,18.0724,2026-06-22 21:10:08,2026-06-22 23:59:59,21.9175,16.1175,0.0,59114.9531,70.6328,16.2,36.36,12.15,0.5
stockholm,59.3289,18.0724,2026-06-22 21:10:08,2026-06-23 23:59:59,21.7175,15.7175,0.0,45647.5195,150.212,15.84,35.64,11.85,2.7083
stockholm,59.3289,18.0724,2026-06-22 21:10:08,2026-06-24 23:59:59,24.7175,17.2675,0.0,38559.0703,234.3192,14.4,30.6,11.19,19.9167
stockholm,59.3289,18.0724,2026-06-22 21:10:08,2026-06-25 23:59:59,22.75,15.65,1.0,59640.5469,95.6404,10.0864,28.08,7.1784,12.625
aachen,50.782,6.09,2026-06-22 22:10:16,2026-06-22 23:59:59,32.026,21.426,0.0,54000.0,23.0826,12.6,29.88,8.91,0.5
aachen,50.782,6.09,2026-06-22 22:10:16,2026-06-23 23:59:59,32.126,20.576,0.0,54000.0,32.9067,11.52,27.0,7.74,0.0
aachen,50.782,6.09,2026-06-22 22:10:16,2026-06-24 23:59:59,37.026,23.926,0.0,54000.0,37.0858,11.52,28.44,7.035,1.7917
aachen,50.782,6.09,2026-06-22 22:10:16,2026-06-25 23:59:59,35.0,25.988,0.0,55757.0156,75.7173,14.4472,33.12,8.5875,0.7917
aachen,50.782,6.09,2026-06-22 22:10:16,2026-06-26 23:59:59,37.2,26.2,0.0,56806.7734,170.2986,14.0584,31.68,10.0322,5.6667
aachen,50.782,6.09,2026-06-22 22:10:16,2026-06-27 23:59:59,38.45,26.35,0.0,58503.707,191.0617,10.4725,25.92,7.1452,10.2083
aachen,50.782,6.09,2026-06-22 22:10:16,2026-06-28 23:59:59,37.4,24.2,3.6,56543.5625,197.7306,16.9286,39.6,11.6984,19.6667
aachen,50.782,6.09,2026-06-22 22:10:16,2026-06-29 23:59:59,27.85,20.45,0.0,57280.7344,313.8567,21.9939,49.32,13.2305,20.5833
aachen,50.782,6.09,2026-06-22 22:10:16,2026-06-30 23:59:59,25.95,18.75,0.4,39964.3125,47.159,15.841,48.24,13.8276,19.5
aachen,50.782,6.09,2026-06-22 22:10:16,2026-07-01 23:59:59,27.45,18.25,2.6,52674.293,53.569,15.841,38.16,14.1109,17.2917
aachen,50.782,6.09,2026-06-22 22:10:16,2026-07-02 23:59:59,31.7,19.6,0.0,58183.7969,72.7875,10.2236,32.76,7.2076,18.1667
aachen,50.782,6.09,2026-06-22 22:10:16,2026-07-03 23:59:59,28.2,21.7,7.2,56797.6055,214.7338,9.2992,51.84,6.3651,24.8333
aachen,50.782,6.09,2026-06-22 22:10:16,2026-07-04 23:59:59,25.5,20.0,5.2,44319.293,289.0547,10.2616,29.88,8.4607,18.5417
aachen,50.782,6.09,2026-06-22 22:10:16,2026-07-05 23:59:59,24.35,18.0,2.0,27496.3867,18.5209,10.8956,25.92,8.0647,17.2917
munich,48.14,11.58,2026-06-22 22:10:16,2026-06-22 23:59:59,32.815,18.815,0.0,50400.0,69.9956,12.3978,26.28,5.5083,2.875
munich,48.14,11.58,2026-06-22 22:10:16,2026-06-23 23:59:59,32.115,21.365,0.0,52238.1211,26.8219,13.0447,34.2,5.8475,8.7083
munich,48.14,11.58,2026-06-22 22:10:16,2026-06-24 23:59:59,32.565,21.365,0.0,53575.5547,51.4648,10.3088,24.48,4.3689,0.0
munich,48.14,11.58,2026-06-22 22:10:16,2026-06-29 23:59:59,26.158,20.058,14.9,36282.043,315.8,9.0288,20.52,6.5391,48.6979
munich,48.14,11.58,2026-06-22 22:10:16,2026-06-30 23:59:59,31.8,21.479,0.6,56275.6211,329.0489,8.5571,33.12,6.0771,30.0521
munich,48.14,11.58,2026-06-22 22:10:16,2026-07-01 23:59:59,34.1,22.2,1.0,56249.1719,342.8447,8.7777,33.48,5.2855,37.2083
munich,48.14,11.58,2026-06-22 22:10:16,2026-07-02 23:59:59,34.95,22.4,0.2,56221.4805,48.8142,12.5355,31.32,5.5948,25.625
munich,48.14,11.58,2026-06-22 22:10:16,2026-07-03 23:59:59,34.35,23.3,0.0,56192.5195,316.342,9.7433,51.12,5.9286,25.5
munich,48.14,11.58,2026-06-22 22:10:16,2026-07-04 23:59:59,29.5,20.5,9.6,49742.9336,286.3776,11.1904,44.28,8.9924,22.2917
munich,48.14,11.58,2026-06-22 22:10:16,2026-07-05 23:59:59,25.95,18.85,12.2,54767.2188,292.495,9.3963,23.76,7.0747,25.0
hamburg,53.56,10.0,2026-06-22 22:10:16,2026-06-22 23:59:59,25.2735,16.5735,0.0,54666.4492,10.9872,13.2761,24.12,6.8993,0.0
hamburg,53.56,10.0,2026-06-22 22:10:16,2026-06-23 23:59:59,25.9735,16.5235,0.0,53249.4219,19.7054,8.4963,18.36,5.417,0.0
hamburg,53.56,10.0,2026-06-22 22:10:16,2026-06-24 23:59:59,30.9964,16.9735,0.0,54005.2656,240.4682,8.4402,21.24,5.4221,0.0
hamburg,53.56,10.0,2026-06-22 22:10:16,2026-06-29 23:59:59,25.426,17.626,0.0,60203.9492,303.345,15.2777,34.2,9.9592,30.0938
hamburg,53.56,10.0,2026-06-22 22:10:16,2026-06-30 23:59:59,24.9,17.55,0.0,36878.4102,20.4386,12.3625,40.32,9.1018,14.1146
hamburg,53.56,10.0,2026-06-22 22:10:16,2026-07-01 23:59:59,26.7,19.3,0.0,60111.8672,27.5546,10.2616,31.68,9.0019,15.3333
hamburg,53.56,10.0,2026-06-22 22:10:16,2026-07-02 23:59:59,29.35,19.2,0.0,60044.6445,56.3099,12.1683,33.48,7.5639,20.3333
hamburg,53.56,10.0,2026-06-22 22:10:16,2026-07-03 23:59:59,33.4,21.8,12.4,59944.6406,118.0603,10.4725,36.36,7.6704,24.125
hamburg,53.56,10.0,2026-06-22 22:10:16,2026-07-04 23:59:59,27.65,21.5,15.2,51891.8477,327.2647,9.5417,24.12,5.1547,20.3333
hamburg,53.56,10.0,2026-06-22 22:10:16,2026-07-05 23:59:59,26.85,20.7,1.2,53763.8047,316.7753,9.0,24.12,6.7703,24.6667
freiburg,48.0,7.84,2026-06-22 22:10:16,2026-06-22 23:59:59,35.498,20.848,0.0,54000.0,39.6369,12.0748,23.4,6.8409,0.0
freiburg,48.0,7.84,2026-06-22 22:10:16,2026-06-23 23:59:59,35.998,22.198,0.0,54000.0,31.4405,13.0844,29.16,7.0446,0.0
freiburg,48.0,7.84,2026-06-22 22:10:16,2026-06-24 23:59:59,36.848,21.398,0.0,54000.0,29.1941,15.9419,37.44,7.0774,0.0
freiburg,48.0,7.84,2026-06-22 22:10:16,2026-06-29 23:59:59,30.5155,18.8155,0.35,54237.2852,24.8312,14.6852,34.2,8.8999,32.5521
freiburg,48.0,7.84,2026-06-22 22:10:16,2026-06-30 23:59:59,26.7,19.6577,2.05,54675.9297,355.0686,6.5199,29.52,4.8213,27.2396
freiburg,48.0,7.84,2026-06-22 22:10:16,2026-07-01 23:59:59,28.05,20.1,0.6,55111.1953,326.7251,6.0374,27.36,3.2141,33.5417
freiburg,48.0,7.84,2026-06-22 22:10:16,2026-07-02 23:59:59,29.0,20.65,0.0,55135.832,90.8952,9.9016,27.0,4.2919,15.5417
freiburg,48.0,7.84,2026-06-22 22:10:16,2026-07-03 23:59:59,28.45,20.3,8.8,54747.5,149.1288,7.8893,20.52,5.0018,16.625
freiburg,48.0,7.84,2026-06-22 22:10:16,2026-07-04 23:59:59,27.8,19.65,7.6,55598.4688,304.2868,6.12,24.84,3.083,13.2917
freiburg,48.0,7.84,2026-06-22 22:10:16,2026-07-05 23:59:59,26.55,19.3,2.2,55330.6602,18.0836,5.5069,25.2,2.7519,18.2917
leipzig,51.34,12.38,2026-06-22 22:10:16,2026-06-22 23:59:59,28.863,20.263,0.0,52285.8555,49.8828,10.6307,25.92,6.9091,7.4167
leipzig,51.34,12.38,2026-06-22 22:10:16,2026-06-23 23:59:59,29.113,19.263,0.0,49860.0625,65.5133,10.8539,23.76,6.4741,0.25
leipzig,51.34,12.38,2026-06-22 22:10:16,2026-06-24 23:59:59,32.263,20.113,0.0,55429.0664,337.8383,8.2172,15.84,3.1693,0.0
leipzig,51.34,12.38,2026-06-22 22:10:16,2026-06-29 23:59:59,25.876,20.426,2.1,43391.5781,346.5875,11.458,29.52,9.0183,37.5833
leipzig,51.34,12.38,2026-06-22 22:10:16,2026-06-30 23:59:59,29.3,21.5,0.0,58454.3203,356.5284,19.3807,46.8,13.9778,23.0729
leipzig,51.34,12.38,2026-06-22 22:10:16,2026-07-01 23:59:59,30.4,19.05,0.0,58668.0391,13.8398,16.1208,45.72,12.8189,24.7917
leipzig,51.34,12.38,2026-06-22 22:10:16,2026-07-02 23:59:59,34.0,21.7,0.0,58608.0352,39.4582,12.1016,38.88,8.4671,18.4167
leipzig,51.34,12.38,2026-06-22 22:10:16,2026-07-03 23:59:59,36.05,25.2,0.0,58358.3633,117.6588,10.1441,38.52,7.6116,17.3333
leipzig,51.34,12.38,2026-06-22 22:10:16,2026-07-04 23:59:59,30.6,22.6,3.6,57404.1211,301.2908,8.9368,51.84,5.2043,15.9583
leipzig,51.34,12.38,2026-06-22 22:10:16,2026-07-05 23:59:59,29.25,22.0,1.8,44568.1523,312.0395,12.0075,38.88,9.99,17.1667
frankfurt,50.12,8.68,2026-06-22 22:10:16,2026-06-22 23:59:59,34.293,22.743,0.0,53372.3789,20.4165,12.98,32.4,8.7395,0.25
frankfurt,50.12,8.68,2026-06-22 22:10:16,2026-06-23 23:59:59,32.543,22.443,0.0,53305.9688,19.3486,11.6208,30.24,8.38,0.0
frankfurt,50.12,8.68,2026-06-22 22:10:16,2026-06-24 23:59:59,36.093,22.143,0.0,54000.0,33.8671,7.7492,21.6,4.2731,0.0
frankfurt,50.12,8.68,2026-06-22 22:10:16,2026-06-29 23:59:59,27.852,19.202,0.0,57995.1562,8.9018,9.0216,26.64,5.932,31.9688
frankfurt,50.12,8.68,2026-06-22 22:10:16,2026-06-30 23:59:59,26.2,20.2,8.8,54170.9766,22.4183,12.4837,33.48,11.2289,28.0
frankfurt,50.12,8.68,2026-06-22 22:10:16,2026-07-01 23:59:59,28.3,19.3,0.2,55145.5,24.2042,14.0596,37.08,12.5376,25.4583
frankfurt,50.12,8.68,2026-06-22 22:10:16,2026-07-02 23:59:59,31.05,20.65,0.0,57854.5586,22.4157,12.5601,32.4,9.977,12.875
frankfurt,50.12,8.68,2026-06-22 22:10:16,2026-07-03 23:59:59,32.05,22.6,4.6,57191.5469,13.5622,7.0108,29.52,4.1126,16.0
frankfurt,50.12,8.68,2026-06-22 22:10:16,2026-07-04 23:59:59,28.9,20.6,6.2,45694.7188,267.1149,7.9036,45.72,3.9213,12.4583
frankfurt,50.12,8.68,2026-06-22 22:10:16,2026-07-05 23:59:59,27.95,20.75,4.2,47310.7695,6.2034,10.9859,32.4,7.0768,14.5
darmstadt,49.88,8.64,2026-06-22 22:10:16,2026-06-22 23:59:59,35.2045,22.1545,0.0,51830.6484,30.5559,10.4648,30.24,6.1582,0.0
darmstadt,49.88,8.64,2026-06-22 22:10:16,2026-06-23 23:59:59,33.3045,21.8045,0.0,54000.0,39.6177,9.6933,25.56,6.6724,0.125
darmstadt,49.88,8.64,2026-06-22 22:10:16,2026-06-24 23:59:59,36.2545,22.2545,0.0,54000.0,56.8188,8.4691,22.32,4.6383,0.0
darmstadt,49.88,8.64,2026-06-22 22:10:16,2026-06-29 23:59:59,28.4005,18.5005,0.0,57499.4258,2.7825,9.3392,26.64,6.056,31.9688
darmstadt,49.88,8.64,2026-06-22 22:10:16,2026-06-30 23:59:59,27.05,19.5503,8.2,52035.9258,39.7815,12.2612,31.32,9.6804,28.0
darmstadt,49.88,8.64,2026-06-22 22:10:16,2026-07-01 23:59:59,28.5,19.5,0.2,57069.5352,30.1464,13.5814,34.2,12.0214,25.4583
darmstadt,49.88,8.64,2026-06-22 22:10:16,2026-07-02 23:59:59,31.15,20.55,0.0,57734.0117,27.3908,13.8307,29.16,9.8146,12.875
darmstadt,49.88,8.64,2026-06-22 22:10:16,2026-07-03 23:59:59,31.75,22.7,4.2,57567.6484,345.1413,7.7484,32.4,4.4399,16.0
darmstadt,49.88,8.64,2026-06-22 22:10:16,2026-07-04 23:59:59,28.4,20.5,3.6,51720.082,278.2294,7.9282,38.52,6.124,12.4583
darmstadt,49.88,8.64,2026-06-22 22:10:16,2026-07-05 23:59:59,27.75,21.05,2.4,46258.5039,5.7937,11.2309,30.24,7.1234,14.5
berlin,52.52,13.4,2026-06-22 22:10:16,2026-06-22 23:59:59,27.202,18.252,0.0,50381.4297,32.2935,10.949,27.36,9.0687,0.0
berlin,52.52,13.4,2026-06-22 22:10:16,2026-06-23 23:59:59,28.052,18.052,0.1,43200.0,40.9716,9.6866,20.88,4.9947,0.125
berlin,52.52,13.4,2026-06-22 22:10:16,2026-06-24 23:59:59,31.152,19.652,0.0,56074.4375,74.7413,7.2894,16.56,2.9781,0.0
berlin,52.52,13.4,2026-06-22 22:10:16,2026-06-29 23:59:59,26.826,20.326,1.7,48179.2266,326.7836,11.458,30.6,9.0205,37.625
berlin,52.52,13.4,2026-06-22 22:10:16,2026-06-30 23:59:59,29.7,21.15,0.0,59142.082,10.9054,15.3771,41.4,12.4303,21.9167
berlin,52.52,13.4,2026-06-22 22:10:16,2026-07-01 23:59:59,31.1,19.0,0.0,59122.7031,29.2312,14.9833,36.72,11.2455,26.7917
berlin,52.52,13.4,2026-06-22 22:10:16,2026-07-02 23:59:59,33.4,20.0,0.0,59100.0898,47.7046,11.4311,36.0,8.398,19.9167
berlin,52.52,13.4,2026-06-22 22:10:16,2026-07-03 23:59:59,35.35,24.35,0.0,59074.2734,85.3376,14.9573,41.04,12.1578,18.0417
berlin,52.52,13.4,2026-06-22 22:10:16,2026-07-04 23:59:59,36.4,25.45,0.0,59045.3203,92.2377,11.1658,35.64,9.5471,18.1667
berlin,52.52,13.4,2026-06-22 22:10:16,2026-07-05 23:59:59,35.4,26.15,0.0,58326.5586,25.9771,20.5705,49.32,8.943,17.7917
valencia,39.5,-0.375,2026-06-22 22:10:16,2026-06-29 23:59:59,32.5145,22.1645,0.0,48434.1016,103.9847,14.6188,34.92,6.0587,5.6458
valencia,39.5,-0.375,2026-06-22 22:10:16,2026-06-30 23:59:59,30.25,25.05,0.0,52220.6094,71.802,15.7908,43.2,8.65,1.7188
valencia,39.5,-0.375,2026-06-22 22:10:16,2026-07-01 23:59:59,27.25,20.75,39.2,41024.9453,42.9055,21.5286,59.04,16.5843,6.9583
valencia,39.5,-0.375,2026-06-22 22:10:16,2026-07-02 23:59:59,24.05,19.4,92.2,37170.6289,21.8593,12.2876,42.48,8.2273,9.5833
valencia,39.5,-0.375,2026-06-22 22:10:16,2026-07-03 23:59:59,26.65,20.7,0.0,52034.0195,170.2334,9.8853,30.96,5.651,4.4583
valencia,39.5,-0.375,2026-06-22 22:10:16,2026-07-04 23:59:59,27.8,21.0,0.0,52022.2617,96.6838,10.7187,31.32,6.539,1.7917
valencia,39.5,-0.375,2026-06-22 22:10:16,2026-07-05 23:59:59,27.8,22.25,0.0,52008.6875,43.2152,11.1032,31.32,6.8708,3.0
madrid,40.4375,-3.6875,2026-06-22 22:10:16,2026-06-29 23:59:59,37.059,23.059,0.0,53041.8633,90.7251,9.4221,24.84,5.2324,4.5521
madrid,40.4375,-3.6875,2026-06-22 22:10:16,2026-06-30 23:59:59,36.3,22.4,0.0,53021.6094,32.951,13.7897,49.32,6.752,5.3958
madrid,40.4375,-3.6875,2026-06-22 22:10:16,2026-07-01 23:59:59,30.15,21.2,0.0,53014.6875,44.1927,21.3321,56.16,17.9561,12.8333
madrid,40.4375,-3.6875,2026-06-22 22:10:16,2026-07-02 23:59:59,29.4,16.5,0.0,53005.8789,48.83,18.4594,52.56,13.0837,9.7917
madrid,40.4375,-3.6875,2026-06-22 22:10:16,2026-07-03 23:59:59,32.95,18.65,0.0,52995.1719,87.4267,10.6307,45.0,5.7687,4.0
madrid,40.4375,-3.6875,2026-06-22 22:10:16,2026-07-04 23:59:59,35.25,22.4,0.0,52982.5781,257.6193,10.6261,35.28,6.82,3.9167
madrid,40.4375,-3.6875,2026-06-22 22:10:16,2026-07-05 23:59:59,32.8,23.8,0.0,52968.1133,221.7773,14.455,48.6,8.0783,5.25
london,51.5,-0.25,2026-06-22 22:10:16,2026-06-22 23:59:59,27.991,17.941,0.0,56286.375,82.9364,22.68,49.32,13.86,0.25
london,51.5,-0.25,2026-06-22 22:10:16,2026-06-23 23:59:59,34.691,19.791,0.1,55088.5117,94.7491,15.12,33.12,10.125,14.0
london,51.5,-0.25,2026-06-22 22:10:16,2026-06-24 23:59:59,37.741,26.391,0.0,56153.7891,82.4061,15.84,34.56,7.2787,1.5
london,51.5,-0.25,2026-06-22 22:10:16,2026-06-25 23:59:59,37.4045,22.6045,0.0,55716.7539,114.443,19.44,41.76,13.86,1.5
london,51.5,-0.25,2026-06-22 22:10:16,2026-06-26 23:59:59,31.2545,23.2545,0.0,54000.0,223.6078,20.52,43.56,15.975,7.25
london,51.5,-0.25,2026-06-22 22:10:16,2026-06-27 23:59:59,26.6545,19.7045,0.0,56944.3164,224.0739,18.0,38.88,14.31,22.0
london,51.5,-0.25,2026-06-22 22:10:16,2026-06-28 23:59:59,24.6545,16.9045,0.0,48751.8867,241.7722,18.0,38.88,14.1967,10.625
london,51.5,-0.25,2026-06-22 22:10:16,2026-06-29 23:59:59,25.55,15.75,0.0,57569.9219,295.617,14.3124,33.48,7.5935,3.5
london,51.5,-0.25,2026-06-22 22:10:16,2026-06-30 23:59:59,24.0,18.4,0.0,6181.0615,64.7771,15.2363,38.88,10.5573,7.875
london,51.5,-0.25,2026-06-22 22:10:16,2026-07-01 23:59:59,26.7,15.6,0.0,56994.75,51.6785,13.0807,38.52,12.3681,8.625
london,51.5,-0.25,2026-06-22 22:10:16,2026-07-02 23:59:59,28.65,18.45,1.4,47428.2461,60.6729,8.7481,31.68,5.2952,10.75
london,51.5,-0.25,2026-06-22 22:10:16,2026-07-03 23:59:59,23.45,20.5,2.8,12416.3604,97.2941,5.2694,27.0,3.828,9.25
london,51.5,-0.25,2026-06-22 22:10:16,2026-07-04 23:59:59,27.1,18.15,0.2,54797.6211,103.9284,6.899,29.52,4.5861,5.875
london,51.5,-0.25,2026-06-22 22:10:16,2026-07-05 23:59:59,29.3,19.2,0.4,55414.7578,125.7975,9.0967,36.72,6.116,2.25
amsterdam,52.366,4.901,2026-06-22 22:10:16,2026-06-22 23:59:59,25.5065,17.9065,0.0,51256.1328,48.398,20.52,37.8,16.515,0.0
amsterdam,52.366,4.901,2026-06-22 22:10:16,2026-06-23 23:59:59,28.8565,17.1565,0.0,47638.7031,69.9223,17.64,34.2,11.04,5.2917
amsterdam,52.366,4.901,2026-06-22 22:10:16,2026-06-24 23:59:59,36.9565,23.8565,0.0,55346.8906,150.0522,13.68,31.32,10.86,0.0
amsterdam,52.366,4.901,2026-06-22 22:10:16,2026-06-25 23:59:59,30.6,20.3032,0.0,57814.0312,52.7764,14.1789,32.4,11.8124,0.0
amsterdam,52.366,4.901,2026-06-22 22:10:16,2026-06-26 23:59:59,35.65,22.35,0.0,58043.1328,122.3853,11.2309,30.6,7.4633,1.2917
amsterdam,52.366,4.901,2026-06-22 22:10:16,2026-06-27 23:59:59,37.3,22.75,0.0,59536.4961,77.4998,10.8792,26.28,5.0216,8.5833
amsterdam,52.366,4.901,2026-06-22 22:10:16,2026-06-28 23:59:59,34.25,22.25,0.0,59496.7695,267.4776,12.6475,41.76,7.4703,17.4167
amsterdam,52.366,4.901,2026-06-22 22:10:16,2026-06-29 23:59:59,26.1,18.6,0.6,59451.1641,338.615,12.4876,38.52,9.477,16.9167
amsterdam,52.366,4.901,2026-06-22 22:10:16,2026-06-30 23:59:59,24.35,16.95,0.0,59399.7148,42.8389,18.33,43.2,13.3327,11.625
amsterdam,52.366,4.901,2026-06-22 22:10:16,2026-07-01 23:59:59,25.05,17.4,0.0,52373.1016,45.7549,20.5563,50.04,17.4696,17.75
amsterdam,52.366,4.901,2026-06-22 22:10:16,2026-07-02 23:59:59,29.3,17.45,0.0,59279.2461,64.1955,12.2836,44.64,10.7731,20.2083
amsterdam,52.366,4.901,2026-06-22 22:10:16,2026-07-03 23:59:59,27.55,21.85,2.4,59002.0469,37.1135,9.0592,32.04,5.9433,20.3333
amsterdam,52.366,4.901,2026-06-22 22:10:16,2026-07-04 23:59:59,26.7,18.8,0.0,58993.2148,354.7233,13.3783,39.24,9.7648,20.125
amsterdam,52.366,4.901,2026-06-22 22:10:16,2026-07-05 23:59:59,25.2,17.4,0.0,59051.6953,20.272,11.9521,33.84,9.4652,21.375
paris,48.86,2.36,2026-06-22 22:10:16,2026-06-22 23:59:59,37.765,25.115,0.0,53513.2773,56.3953,15.7826,32.04,8.7211,0.125
paris,48.86,2.36,2026-06-22 22:10:16,2026-06-23 23:59:59,38.915,24.965,0.0,53449.25,81.208,10.4648,20.52,6.1071,0.5833
paris,48.86,2.36,2026-06-22 22:10:16,2026-06-24 23:59:59,40.365,26.415,0.0,54128.3047,90.6186,14.8432,32.76,5.7176,3.9583
paris,48.86,2.36,2026-06-22 22:10:16,2026-06-29 23:59:59,29.1995,15.2995,0.0,57096.6094,11.5222,9.2205,24.12,7.212,14.8125
paris,48.86,2.36,2026-06-22 22:10:16,2026-06-30 23:59:59,28.6,17.75,7.0,57109.8398,6.2179,13.5491,43.92,8.7924,13.0729
paris,48.86,2.36,2026-06-22 22:10:16,2026-07-01 23:59:59,25.0,18.2,9.0,26268.4922,7.5946,12.9825,34.2,9.9673,4.6667
paris,48.86,2.36,2026-06-22 22:10:16,2026-07-02 23:59:59,29.05,20.8,11.0,57078.1328,6.1917,6.5521,34.2,4.1308,7.125
paris,48.86,2.36,2026-06-22 22:10:16,2026-07-03 23:59:59,26.7,20.2,18.0,31722.5449,280.3942,3.8857,35.64,2.3245,8.75
paris,48.86,2.36,2026-06-22 22:10:16,2026-07-04 23:59:59,24.5,19.8,1.8,26461.3848,342.5809,9.4444,29.88,8.0975,7.125
paris,48.86,2.36,2026-06-22 22:10:16,2026-07-05 23:59:59,25.8,17.75,1.8,56995.082,9.1084,9.1782,21.96,5.9339,4.2917
prag,50.08,14.44,2026-06-22 22:10:16,2026-06-22 23:59:59,30.4985,19.8985,0.0,50168.5234,5.7105,11.1658,31.32,6.4713,2.1667
prag,50.08,14.44,2026-06-22 22:10:16,2026-06-23 23:59:59,29.1485,20.4485,0.0,52126.7422,34.5554,12.7279,28.08,6.8912,0.0
prag,50.08,14.44,2026-06-22 22:10:16,2026-06-24 23:59:59,31.1985,19.3985,0.0,54025.6562,47.427,7.3426,18.0,3.4098,0.0
prag,50.08,14.44,2026-06-22 22:10:16,2026-06-29 23:59:59,24.246,19.696,21.8,0.0,320.6338,14.373,29.16,8.9014,35.7188
prag,50.08,14.44,2026-06-22 22:10:16,2026-06-30 23:59:59,35.25,22.098,0.6,57628.75,351.1194,16.2848,45.72,11.2358,27.125
prag,50.08,14.44,2026-06-22 22:10:16,2026-07-01 23:59:59,36.6,23.7,0.6,57405.75,5.4449,12.0721,48.24,9.1017,25.2083
prag,50.08,14.44,2026-06-22 22:10:16,2026-07-02 23:59:59,32.25,23.25,3.6,56349.4375,60.1991,12.1083,45.0,6.6224,25.25
prag,50.08,14.44,2026-06-22 22:10:16,2026-07-03 23:59:59,35.0,22.55,0.0,57541.6758,38.2465,8.8913,31.68,5.8936,20.4167
prag,50.08,14.44,2026-06-22 22:10:16,2026-07-04 23:59:59,34.75,26.5,0.0,57284.4375,324.5861,11.6124,37.44,7.0789,17.8333
prag,50.08,14.44,2026-06-22 22:10:16,2026-07-05 23:59:59,34.65,24.3,4.8,57238.582,337.7028,13.3698,39.24,9.3747,18.3333
rome,41.875,12.5,2026-06-22 22:10:16,2026-06-29 23:59:59,38.885,24.585,0.0,46410.5938,222.528,7.2449,25.92,3.6408,0.0104
rome,41.875,12.5,2026-06-22 22:10:16,2026-06-30 23:59:59,35.95,26.8338,0.0,53560.707,223.2994,9.5417,31.68,5.006,1.4583
rome,41.875,12.5,2026-06-22 22:10:16,2026-07-01 23:59:59,35.0,26.5,0.0,52513.2812,260.7984,7.7734,32.4,4.7438,1.5417
rome,41.875,12.5,2026-06-22 22:10:16,2026-07-02 23:59:59,34.5,27.1,0.0,53589.2969,267.683,7.38,28.44,3.9616,2.2083
rome,41.875,12.5,2026-06-22 22:10:16,2026-07-03 23:59:59,34.2,26.45,0.6,53246.7539,222.6356,10.5833,38.52,5.4674,6.0
rome,41.875,12.5,2026-06-22 22:10:16,2026-07-04 23:59:59,32.4,24.4,9.0,41527.543,158.448,9.1959,41.04,4.5255,8.3333
rome,41.875,12.5,2026-06-22 22:10:16,2026-07-05 23:59:59,35.95,22.6,0.0,53249.7148,5.1427,5.8769,33.84,3.8958,10.5833
zurich,47.38,8.54,2026-06-22 22:10:16,2026-06-22 23:59:59,34.222,19.872,0.0,52443.1758,9.508,11.5256,25.2,3.6906,0.0
zurich,47.38,8.54,2026-06-22 22:10:16,2026-06-23 23:59:59,34.072,23.022,0.0,51685.5742,19.4767,12.4135,46.44,4.4987,1.0833
zurich,47.38,8.54,2026-06-22 22:10:16,2026-06-24 23:59:59,34.922,21.672,0.0,54000.0,37.3892,12.682,30.42,6.2604,0.0
zurich,47.38,8.54,2026-06-22 22:10:16,2026-06-29 23:59:59,26.6095,19.3595,5.1,41472.6836,67.7091,13.2027,36.72,7.3598,35.3021
zurich,47.38,8.54,2026-06-22 22:10:16,2026-06-30 23:59:59,30.05,20.35,0.0,45087.418,47.5182,6.4625,36.72,4.9018,26.7083
zurich,47.38,8.54,2026-06-22 22:10:16,2026-07-01 23:59:59,32.3,21.75,0.6,54826.1992,349.6242,6.6891,25.2,4.5076,38.2083
zurich,47.38,8.54,2026-06-22 22:10:16,2026-07-02 23:59:59,31.65,21.9,0.0,54227.957,235.5563,7.1662,24.84,4.7205,23.2917
zurich,47.38,8.54,2026-06-22 22:10:16,2026-07-03 23:59:59,28.25,22.3,3.4,54873.793,244.2465,9.9587,36.36,6.4613,19.4583
zurich,47.38,8.54,2026-06-22 22:10:16,2026-07-04 23:59:59,28.65,19.65,10.8,54656.2539,188.1611,7.5793,25.2,4.3063,17.875
zurich,47.38,8.54,2026-06-22 22:10:16,2026-07-05 23:59:59,27.35,19.95,3.6,54396.7227,18.6508,11.6389,27.0,4.7331,19.0
lisbon,38.75,-9.125,2026-06-22 22:10:16,2026-06-29 23:59:59,30.4635,18.1135,0.0,52195.5391,328.2603,14.278,34.56,7.2847,2.9688
lisbon,38.75,-9.125,2026-06-22 22:10:16,2026-06-30 23:59:59,30.0,19.7,0.0,51210.6953,346.0934,23.1438,54.0,15.7774,0.0938
lisbon,38.75,-9.125,2026-06-22 22:10:16,2026-07-01 23:59:59,29.15,17.6,0.0,51222.2734,344.1184,25.1053,57.24,18.5516,0.5
lisbon,38.75,-9.125,2026-06-22 22:10:16,2026-07-02 23:59:59,32.9,21.15,0.0,52731.5547,359.1398,23.5697,55.8,17.2182,0.5
lisbon,38.75,-9.125,2026-06-22 22:10:16,2026-07-03 23:59:59,31.1,18.8,0.0,52702.5625,346.8442,19.4508,52.56,9.6904,1.5417
lisbon,38.75,-9.125,2026-06-22 22:10:16,2026-07-04 23:59:59,26.75,17.4,0.0,47594.8516,333.4537,20.2985,48.96,10.4041,0.5
lisbon,38.75,-9.125,2026-06-22 22:10:16,2026-07-05 23:59:59,23.7,17.5,0.0,42772.5742,332.3388,19.4483,47.52,15.4699,1.6667
vienna,48.2,16.38,2026-06-22 22:10:16,2026-06-22 23:59:59,31.8215,23.9715,10.5,39494.1328,330.491,17.31,49.68,7.8523,6.1667
vienna,48.2,16.38,2026-06-22 22:10:16,2026-06-23 23:59:59,32.0715,22.8215,0.0,49923.8828,15.8646,14.8432,37.44,7.695,0.125
vienna,48.2,16.38,2026-06-22 22:10:16,2026-06-24 23:59:59,32.6215,21.6215,0.0,52415.1094,5.0045,11.52,30.24,6.4626,0.0
vienna,48.2,16.38,2026-06-22 22:10:16,2026-06-29 23:59:59,29.713,23.313,0.6,51432.4883,306.8522,19.8294,45.0,16.4948,5.7812
vienna,48.2,16.38,2026-06-22 22:10:16,2026-06-30 23:59:59,39.75,26.1815,0.0,56914.6797,281.725,11.7828,33.84,6.289,9.8854
vienna,48.2,16.38,2026-06-22 22:10:16,2026-07-01 23:59:59,39.4,28.2,0.0,56868.1641,14.263,16.7748,45.0,7.3747,17.625
vienna,48.2,16.38,2026-06-22 22:10:16,2026-07-02 23:59:59,39.0,26.6,0.6,56816.6289,357.1986,10.5649,53.28,7.8707,16.5833
vienna,48.2,16.38,2026-06-22 22:10:16,2026-07-03 23:59:59,37.0,27.3,1.2,56759.8633,26.6929,7.8954,41.4,4.8637,17.8333
vienna,48.2,16.38,2026-06-22 22:10:16,2026-07-04 23:59:59,35.8,26.8,0.0,56697.9727,296.3389,20.3806,52.92,8.7324,15.75
vienna,48.2,16.38,2026-06-22 22:10:16,2026-07-05 23:59:59,35.7,24.8,0.0,56631.1289,303.01,19.695,47.16,13.7284,19.9167
bergen,60.39,5.3183,2026-06-22 22:10:16,2026-06-23 23:59:59,17.261,12.761,0.9,9705.9941,163.368,21.96,39.6,15.795,32.25
bergen,60.39,5.3183,2026-06-22 22:10:16,2026-06-24 23:59:59,15.861,12.261,1.0,15317.3027,188.6164,19.44,35.28,11.64,35.375
bergen,60.39,5.3183,2026-06-22 22:10:16,2026-06-25 23:59:59,16.05,11.35,0.5,2816.1465,195.9147,9.8013,23.76,5.952,8.2083
bergen,60.39,5.3183,2026-06-22 22:10:16,2026-06-26 23:59:59,18.45,11.15,35.3,35646.8047,154.2257,10.3104,31.32,5.9922,52.4583
bergen,60.39,5.3183,2026-06-22 22:10:16,2026-06-27 23:59:59,22.7,14.15,5.5,62105.9688,176.9536,24.896,58.32,14.2375,44.0
bergen,60.39,5.3183,2026-06-22 22:10:16,2026-06-28 23:59:59,24.9,15.75,3.3,65880.7266,160.8103,19.2069,49.68,13.803,38.1667
bergen,60.39,5.3183,2026-06-22 22:10:16,2026-06-29 23:59:59,17.8,12.1,0.6,56565.4219,242.1028,13.661,33.48,10.7468,61.8333
bergen,60.39,5.3183,2026-06-22 22:10:16,2026-06-30 23:59:59,16.35,10.9,0.6,65232.9062,322.6314,13.1412,34.56,7.825,57.2917
bergen,60.39,5.3183,2026-06-22 22:10:16,2026-07-01 23:59:59,18.55,9.9,0.0,66571.0547,317.3842,11.1904,31.68,9.1837,39.6667
bergen,60.39,5.3183,2026-06-22 22:10:16,2026-07-02 23:59:59,20.15,11.55,0.0,51638.1602,167.1573,18.9548,46.44,15.0258,53.7083
bergen,60.39,5.3183,2026-06-22 22:10:16,2026-07-03 23:59:59,18.8,13.95,0.0,48054.5312,173.0752,12.1443,36.36,8.7561,54.125
bergen,60.39,5.3183,2026-06-22 22:10:16,2026-07-04 23:59:59,17.05,12.15,1.8,32629.0957,195.2469,10.83,37.8,7.3045,47.5
bergen,60.39,5.3183,2026-06-22 22:10:16,2026-07-05 23:59:59,20.3,10.55,0.0,55157.5508,196.2122,10.1903,28.44,6.438,47.125
stockholm,59.3289,18.0724,2026-06-22 22:10:16,2026-06-23 23:59:59,21.6675,15.4675,0.0,45647.5195,150.212,15.84,35.64,11.85,2.7083
stockholm,59.3289,18.0724,2026-06-22 22:10:16,2026-06-24 23:59:59,24.6675,17.2175,0.0,38559.0703,234.3192,14.4,30.6,11.19,19.9167
stockholm,59.3289,18.0724,2026-06-22 22:10:16,2026-06-25 23:59:59,23.0,15.3338,6.3,59341.4062,113.1736,9.72,19.8,6.366,12.625
stockholm,59.3289,18.0724,2026-06-22 22:10:16,2026-06-26 23:59:59,22.5,14.85,0.0,63437.1406,162.0644,14.9443,37.08,9.5062,1.9167
stockholm,59.3289,18.0724,2026-06-22 22:10:16,2026-06-27 23:59:59,30.1,17.55,0.0,63053.2305,237.1164,14.4416,32.76,11.1832,1.3333
stockholm,59.3289,18.0724,2026-06-22 22:10:16,2026-06-28 23:59:59,29.4,22.0,0.0,64368.4844,264.7674,16.5208,35.28,10.6964,9.75
stockholm,59.3289,18.0724,2026-06-22 22:10:16,2026-06-29 23:59:59,29.2,21.75,0.0,64879.9844,176.8551,12.6064,41.76,9.2787,7.6667
stockholm,59.3289,18.0724,2026-06-22 22:10:16,2026-06-30 23:59:59,24.65,17.7,0.0,64872.7969,2.4516,13.6729,34.92,12.0132,12.9167
stockholm,59.3289,18.0724,2026-06-22 22:10:16,2026-07-01 23:59:59,24.6,16.35,0.0,64861.7891,23.0312,12.881,38.88,8.8172,16.625
stockholm,59.3289,18.0724,2026-06-22 22:10:16,2026-07-02 23:59:59,24.0,15.65,0.0,64848.2344,86.1925,10.4834,30.96,6.958,20.4583
stockholm,59.3289,18.0724,2026-06-22 22:10:16,2026-07-03 23:59:59,25.7,17.55,0.0,64831.9219,95.8631,12.4135,34.56,7.0589,26.0
stockholm,59.3289,18.0724,2026-06-22 22:10:16,2026-07-04 23:59:59,25.75,17.75,0.0,64813.9023,105.7808,11.632,35.64,7.5971,29.875
stockholm,59.3289,18.0724,2026-06-22 22:10:16,2026-07-05 23:59:59,24.1,16.75,0.0,64792.8516,80.3412,13.0559,36.36,8.8275,28.8333
aachen,50.782,6.09,2026-06-23 11:45:46,2026-06-22 23:59:59,32.026,21.426,0.0,54000.0,23.6914,12.6,29.88,8.715,0.3333
aachen,50.782,6.09,2026-06-23 11:45:46,2026-06-23 23:59:59,32.426,21.076,0.0,54000.0,16.9848,11.52,27.72,7.305,0.0
aachen,50.782,6.09,2026-06-23 11:45:46,2026-06-24 23:59:59,37.826,24.276,0.0,54000.0,20.8862,13.32,30.24,8.1,0.0
aachen,50.782,6.09,2026-06-23 11:45:46,2026-06-25 23:59:59,39.126,27.226,0.0,55748.4297,76.9381,17.28,38.88,10.2919,0.3333
aachen,50.782,6.09,2026-06-23 11:45:46,2026-06-26 23:59:59,37.2,26.2,0.0,56806.7734,170.2986,14.0584,31.68,10.0322,1.0833
aachen,50.782,6.09,2026-06-23 11:45:46,2026-06-27 23:59:59,38.45,26.35,0.0,58503.707,191.0617,10.4725,25.92,7.1452,4.2083
aachen,50.782,6.09,2026-06-23 11:45:46,2026-06-28 23:59:59,37.4,24.2,3.6,56543.5625,197.7306,16.9286,39.6,11.6984,20.7917
aachen,50.782,6.09,2026-06-23 11:45:46,2026-06-29 23:59:59,27.85,20.45,0.0,57280.7344,313.8567,21.9939,49.32,13.2305,18.5417
aachen,50.782,6.09,2026-06-23 11:45:46,2026-06-30 23:59:59,25.95,18.75,0.4,39964.3125,47.159,15.841,48.24,13.8276,23.2917
aachen,50.782,6.09,2026-06-23 11:45:46,2026-07-01 23:59:59,27.45,18.25,2.6,52674.293,53.569,15.841,38.16,14.1109,16.8333
aachen,50.782,6.09,2026-06-23 11:45:46,2026-07-02 23:59:59,31.7,19.6,0.0,58183.7969,72.7875,10.2236,32.76,7.2076,12.75
aachen,50.782,6.09,2026-06-23 11:45:46,2026-07-03 23:59:59,28.2,21.7,7.2,56797.6055,214.7338,9.2992,51.84,6.3651,16.0417
aachen,50.782,6.09,2026-06-23 11:45:46,2026-07-04 23:59:59,25.5,20.0,5.2,44319.293,289.0547,10.2616,29.88,8.4607,20.9167
aachen,50.782,6.09,2026-06-23 11:45:46,2026-07-05 23:59:59,24.35,18.0,2.0,27496.3867,18.5209,10.8956,25.92,8.0647,21.5833
aachen,50.782,6.09,2026-06-23 11:45:46,2026-07-06 23:59:59,26.3,19.15,0.0,57704.4141,33.4409,10.2157,31.68,7.0927,24.5833
munich,48.14,11.58,2026-06-23 11:45:46,2026-06-22 23:59:59,32.815,18.815,0.0,50400.0,68.9272,12.3978,26.28,5.4632,3.125
munich,48.14,11.58,2026-06-23 11:45:46,2026-06-23 23:59:59,31.865,19.965,0.0,50655.8359,350.443,12.0748,29.88,5.7699,2.6667
munich,48.14,11.58,2026-06-23 11:45:46,2026-06-24 23:59:59,32.765,20.915,0.0,54000.0,71.0753,10.949,25.2,6.0673,0.0
munich,48.14,11.58,2026-06-23 11:45:46,2026-06-25 23:59:59,32.1215,20.3416,0.0,54070.5,80.5101,12.24,34.2,5.7031,0.0
munich,48.14,11.58,2026-06-23 11:45:46,2026-06-26 23:59:59,33.2215,19.4715,0.0,54069.8242,71.7729,11.1135,31.32,5.3506,0.0
munich,48.14,11.58,2026-06-23 11:45:46,2026-06-27 23:59:59,34.9715,18.2715,0.0,56358.3047,175.9945,5.5953,20.52,2.8194,0.75
munich,48.14,11.58,2026-06-23 11:45:46,2026-06-28 23:59:59,32.558,20.908,2.4,50233.5078,214.9702,12.5226,38.88,5.838,10.5104
munich,48.14,11.58,2026-06-23 11:45:46,2026-06-29 23:59:59,29.408,19.908,6.0,35492.0078,359.9999,14.76,40.68,4.5017,54.0833
munich,48.14,11.58,2026-06-23 11:45:46,2026-06-30 23:59:59,31.8,20.008,0.6,44826.4883,316.5413,8.3385,33.12,4.7666,49.0417
munich,48.14,11.58,2026-06-23 11:45:46,2026-07-01 23:59:59,34.1,22.2,1.0,56249.1719,342.8447,8.7777,33.48,5.2855,44.6667
munich,48.14,11.58,2026-06-23 11:45:46,2026-07-02 23:59:59,34.95,22.4,0.2,56221.4805,48.8142,12.5355,31.32,5.5948,29.4583
munich,48.14,11.58,2026-06-23 11:45:46,2026-07-03 23:59:59,34.35,23.3,0.0,56192.5195,316.342,9.7433,51.12,5.9286,14.875
munich,48.14,11.58,2026-06-23 11:45:46,2026-07-04 23:59:59,29.5,20.5,9.6,49742.9336,286.3776,11.1904,44.28,8.9924,18.375
munich,48.14,11.58,2026-06-23 11:45:46,2026-07-05 23:59:59,25.95,18.85,12.2,54767.2188,292.495,9.3963,23.76,7.0747,21.7917
munich,48.14,11.58,2026-06-23 11:45:46,2026-07-06 23:59:59,26.65,18.8,4.0,53236.7422,17.1525,7.6896,32.76,4.7702,20.375
hamburg,53.56,10.0,2026-06-23 11:45:46,2026-06-22 23:59:59,25.2735,16.5735,0.0,54666.4492,10.8402,13.2761,24.12,6.8845,0.0
hamburg,53.56,10.0,2026-06-23 11:45:46,2026-06-23 23:59:59,26.1235,15.8735,0.0,55117.7109,26.2193,9.1782,18.72,5.2065,0.0
hamburg,53.56,10.0,2026-06-23 11:45:46,2026-06-24 23:59:59,30.7235,16.7735,0.0,55508.8047,264.5597,10.4957,23.76,5.5867,0.0
hamburg,53.56,10.0,2026-06-23 11:45:46,2026-06-25 23:59:59,29.915,20.2839,0.0,54461.5,347.4052,9.36,25.56,6.5077,0.0
hamburg,53.56,10.0,2026-06-23 11:45:46,2026-06-26 23:59:59,35.315,18.815,0.0,58354.3086,128.8211,11.3042,32.76,7.6817,0.0
hamburg,53.56,10.0,2026-06-23 11:45:46,2026-06-27 23:59:59,37.315,23.415,1.125,56454.3164,201.6754,8.4043,27.0,7.3801,7.4583
hamburg,53.56,10.0,2026-06-23 11:45:46,2026-06-28 23:59:59,29.626,21.226,6.525,59718.2969,315.67,14.5121,47.25,9.8449,20.9896
hamburg,53.56,10.0,2026-06-23 11:45:46,2026-06-29 23:59:59,29.276,18.176,0.0,56805.9414,343.8671,9.3392,24.12,4.9412,18.2917
hamburg,53.56,10.0,2026-06-23 11:45:46,2026-06-30 23:59:59,25.3315,19.726,0.9,37079.082,51.1653,11.7828,29.88,7.0209,15.3333
hamburg,53.56,10.0,2026-06-23 11:45:46,2026-07-01 23:59:59,26.7,19.3,0.0,60111.8672,27.5546,10.2616,31.68,9.0019,15.125
hamburg,53.56,10.0,2026-06-23 11:45:46,2026-07-02 23:59:59,29.35,19.2,0.0,60044.6445,56.3099,12.1683,33.48,7.5639,13.0
hamburg,53.56,10.0,2026-06-23 11:45:46,2026-07-03 23:59:59,33.4,21.8,12.4,59944.6406,118.0603,10.4725,36.36,7.6704,11.75
hamburg,53.56,10.0,2026-06-23 11:45:46,2026-07-04 23:59:59,27.65,21.5,15.2,51891.8477,327.2647,9.5417,24.12,5.1547,23.9167
hamburg,53.56,10.0,2026-06-23 11:45:46,2026-07-05 23:59:59,26.85,20.7,1.2,53763.8047,316.7753,9.0,24.12,6.7703,24.5417
hamburg,53.56,10.0,2026-06-23 11:45:46,2026-07-06 23:59:59,27.4,19.3,0.0,59710.0664,27.0293,9.5536,22.32,5.6402,24.875
freiburg,48.0,7.84,2026-06-23 11:45:46,2026-06-22 23:59:59,35.498,20.848,0.0,54000.0,41.3085,12.0748,23.76,6.921,0.0
freiburg,48.0,7.84,2026-06-23 11:45:46,2026-06-23 23:59:59,35.848,21.098,0.0,51831.3164,29.683,12.6462,29.16,7.4097,0.0
freiburg,48.0,7.84,2026-06-23 11:45:46,2026-06-24 23:59:59,36.298,21.698,0.0,54000.0,11.6243,16.874,39.96,7.9172,0.0
freiburg,48.0,7.84,2026-06-23 11:45:46,2026-06-25 23:59:59,36.881,22.0187,0.0,54000.0,66.3157,12.0962,30.24,6.7007,0.0
freiburg,48.0,7.84,2026-06-23 11:45:46,2026-06-26 23:59:59,37.231,21.431,0.0,53842.332,44.6442,7.4216,17.28,4.9058,0.0
freiburg,48.0,7.84,2026-06-23 11:45:46,2026-06-27 23:59:59,38.431,22.931,0.0,54622.9922,206.5351,12.5588,34.56,6.2227,5.125
freiburg,48.0,7.84,2026-06-23 11:45:46,2026-06-28 23:59:59,35.8655,22.1655,2.1,53373.707,78.3359,15.5468,37.8,7.3526,4.75
freiburg,48.0,7.84,2026-06-23 11:45:46,2026-06-29 23:59:59,31.9655,20.5155,1.5,44608.582,53.781,10.8539,35.28,5.3287,30.875
freiburg,48.0,7.84,2026-06-23 11:45:46,2026-06-30 23:59:59,30.0155,21.0155,1.35,55077.9961,34.7805,7.2278,29.52,5.0004,43.3542
freiburg,48.0,7.84,2026-06-23 11:45:46,2026-07-01 23:59:59,28.05,20.1,0.6,55111.1953,326.7251,6.0374,27.36,3.2141,34.625
freiburg,48.0,7.84,2026-06-23 11:45:46,2026-07-02 23:59:59,29.0,20.65,0.0,55135.832,90.8952,9.9016,27.0,4.2919,16.7083
freiburg,48.0,7.84,2026-06-23 11:45:46,2026-07-03 23:59:59,28.45,20.3,8.8,54747.5,149.1288,7.8893,20.52,5.0018,11.4583
freiburg,48.0,7.84,2026-06-23 11:45:46,2026-07-04 23:59:59,27.8,19.65,7.6,55598.4688,304.2868,6.12,24.84,3.083,13.7083
freiburg,48.0,7.84,2026-06-23 11:45:46,2026-07-05 23:59:59,26.55,19.3,2.2,55330.6602,18.0836,5.5069,25.2,2.7519,18.0417
freiburg,48.0,7.84,2026-06-23 11:45:46,2026-07-06 23:59:59,27.4,19.65,0.0,55657.9805,25.4077,5.8299,23.76,3.4325,15.0417
leipzig,51.34,12.38,2026-06-23 11:45:46,2026-06-22 23:59:59,28.863,20.263,0.0,52285.8555,50.2295,10.6307,25.92,6.8426,7.4167
leipzig,51.34,12.38,2026-06-23 11:45:46,2026-06-23 23:59:59,29.663,19.713,0.0,50023.5547,65.6954,9.8327,21.96,6.0373,0.0
leipzig,51.34,12.38,2026-06-23 11:45:46,2026-06-24 23:59:59,32.313,20.463,0.0,54975.8945,343.7639,8.5344,20.88,4.1558,0.0
leipzig,51.34,12.38,2026-06-23 11:45:46,2026-06-25 23:59:59,33.615,21.7635,0.0,55079.6758,346.8612,7.1003,27.36,4.1626,0.0
leipzig,51.34,12.38,2026-06-23 11:45:46,2026-06-26 23:59:59,34.615,20.115,0.0,56130.5234,76.0079,8.6699,24.48,5.1505,0.0
leipzig,51.34,12.38,2026-06-23 11:45:46,2026-06-27 23:59:59,37.865,22.365,0.0,58079.2422,164.3036,6.8495,23.04,5.0588,0.0
leipzig,51.34,12.38,2026-06-23 11:45:46,2026-06-28 23:59:59,37.476,24.826,1.5,48084.0,298.1973,14.9346,52.56,7.5855,6.4167
leipzig,51.34,12.38,2026-06-23 11:45:46,2026-06-29 23:59:59,30.126,22.976,3.0,35431.5625,71.565,8.4043,29.16,5.9965,42.625
leipzig,51.34,12.38,2026-06-23 11:45:46,2026-06-30 23:59:59,29.3,21.5,1.2,58467.9297,8.6533,19.3807,46.8,10.4037,27.9167
leipzig,51.34,12.38,2026-06-23 11:45:46,2026-07-01 23:59:59,30.4,19.05,0.0,58668.0391,13.8398,16.1208,45.72,12.8189,22.6667
leipzig,51.34,12.38,2026-06-23 11:45:46,2026-07-02 23:59:59,34.0,21.7,0.0,58608.0352,39.4582,12.1016,38.88,8.4671,12.5833
leipzig,51.34,12.38,2026-06-23 11:45:46,2026-07-03 23:59:59,36.05,25.2,0.0,58358.3633,117.6588,10.1441,38.52,7.6116,3.5
leipzig,51.34,12.38,2026-06-23 11:45:46,2026-07-04 23:59:59,30.6,22.6,3.6,57404.1211,301.2908,8.9368,51.84,5.2043,14.1667
leipzig,51.34,12.38,2026-06-23 11:45:46,2026-07-05 23:59:59,29.25,22.0,1.8,44568.1523,312.0395,12.0075,38.88,9.99,16.5417
leipzig,51.34,12.38,2026-06-23 11:45:46,2026-07-06 23:59:59,31.6,21.15,0.0,47286.5156,327.2491,8.655,29.88,7.2652,15.7083
frankfurt,50.12,8.68,2026-06-23 11:45:46,2026-06-22 23:59:59,34.293,22.743,0.0,53372.3789,20.3579,12.98,32.4,8.7211,0.25
frankfurt,50.12,8.68,2026-06-23 11:45:46,2026-06-23 23:59:59,32.493,22.393,0.0,54000.0,22.6364,11.6208,29.16,8.1454,0.4583
frankfurt,50.12,8.68,2026-06-23 11:45:46,2026-06-24 23:59:59,35.443,22.693,0.0,54000.0,22.8632,10.4834,26.28,7.1413,0.0
frankfurt,50.12,8.68,2026-06-23 11:45:46,2026-06-25 23:59:59,36.4975,23.2941,0.0,54000.0,31.7555,11.4862,30.24,7.4853,0.0
frankfurt,50.12,8.68,2026-06-23 11:45:46,2026-06-26 23:59:59,38.3475,22.2475,0.0,55236.5898,88.9878,8.2093,24.48,5.6051,0.0
frankfurt,50.12,8.68,2026-06-23 11:45:46,2026-06-27 23:59:59,40.2475,23.6475,0.0,57248.8086,104.5196,8.2172,24.12,4.484,0.2083
frankfurt,50.12,8.68,2026-06-23 11:45:46,2026-06-28 23:59:59,33.202,25.402,1.5,40949.7383,324.3658,8.3966,25.92,5.4138,10.2396
frankfurt,50.12,8.68,2026-06-23 11:45:46,2026-06-29 23:59:59,34.052,23.002,0.3,49784.1797,40.1559,11.2468,32.04,5.7253,33.7083
frankfurt,50.12,8.68,2026-06-23 11:45:46,2026-06-30 23:59:59,26.5755,20.2,11.8,32293.7695,20.9757,12.3034,33.48,7.259,40.1562
frankfurt,50.12,8.68,2026-06-23 11:45:46,2026-07-01 23:59:59,28.3,19.3,0.2,55145.5,24.2042,14.0596,37.08,12.5376,19.6667
frankfurt,50.12,8.68,2026-06-23 11:45:46,2026-07-02 23:59:59,31.05,20.65,0.0,57854.5586,22.4157,12.5601,32.4,9.977,10.9583
frankfurt,50.12,8.68,2026-06-23 11:45:46,2026-07-03 23:59:59,32.05,22.6,4.6,57191.5469,13.5622,7.0108,29.52,4.1126,6.9583
frankfurt,50.12,8.68,2026-06-23 11:45:46,2026-07-04 23:59:59,28.9,20.6,6.2,45694.7188,267.1149,7.9036,45.72,3.9213,14.5
frankfurt,50.12,8.68,2026-06-23 11:45:46,2026-07-05 23:59:59,27.95,20.75,4.2,47310.7695,6.2034,10.9859,32.4,7.0768,11.75
frankfurt,50.12,8.68,2026-06-23 11:45:46,2026-07-06 23:59:59,28.05,20.75,0.0,57503.8008,23.7198,11.3343,29.16,9.6108,12.25
darmstadt,49.88,8.64,2026-06-23 11:45:46,2026-06-23 23:59:59,33.1045,21.9045,0.0,54000.0,38.3278,9.5857,25.56,6.117,0.3333
darmstadt,49.88,8.64,2026-06-23 11:45:46,2026-06-24 23:59:59,35.8045,22.4545,0.0,54000.0,41.9428,8.7072,21.96,5.9716,0.0
darmstadt,49.88,8.64,2026-06-23 11:45:46,2026-06-25 23:59:59,36.8135,23.0693,0.0,54000.0,49.9117,12.4967,30.6,8.0025,0.0
darmstadt,49.88,8.64,2026-06-23 11:45:46,2026-06-26 23:59:59,37.8635,22.1635,0.0,55249.3594,111.4677,7.9689,20.52,5.8832,0.0
darmstadt,49.88,8.64,2026-06-23 11:45:46,2026-06-27 23:59:59,39.9135,23.7135,0.0,56845.6406,160.375,6.49,24.12,4.6156,0.7917
darmstadt,49.88,8.64,2026-06-23 11:45:46,2026-06-28 23:59:59,33.5005,24.3505,0.9,40266.4531,326.1312,10.806,29.88,6.9195,9.6667
darmstadt,49.88,8.64,2026-06-23 11:45:46,2026-06-29 23:59:59,34.1005,21.8505,0.3,40748.0859,47.8735,12.0318,30.96,6.1767,33.7083
darmstadt,49.88,8.64,2026-06-23 11:45:46,2026-06-30 23:59:59,27.0626,20.3,9.85,34385.3359,43.6957,12.2612,29.16,6.7843,40.1562
darmstadt,49.88,8.64,2026-06-23 11:45:46,2026-07-01 23:59:59,28.5,19.5,0.2,57069.5352,30.1464,13.5814,34.2,12.0214,19.6667
darmstadt,49.88,8.64,2026-06-23 11:45:46,2026-07-02 23:59:59,31.15,20.55,0.0,57734.0117,27.3908,13.8307,29.16,9.8146,10.9583
darmstadt,49.88,8.64,2026-06-23 11:45:46,2026-07-03 23:59:59,31.75,22.7,4.2,57567.6484,345.1413,7.7484,32.4,4.4399,6.9583
darmstadt,49.88,8.64,2026-06-23 11:45:46,2026-07-04 23:59:59,28.4,20.5,3.6,51720.082,278.2294,7.9282,38.52,6.124,14.5
darmstadt,49.88,8.64,2026-06-23 11:45:46,2026-07-05 23:59:59,27.75,21.05,2.4,46258.5039,5.7937,11.2309,30.24,7.1234,11.75
darmstadt,49.88,8.64,2026-06-23 11:45:46,2026-07-06 23:59:59,28.75,20.6,0.0,57041.6367,34.3461,12.3625,28.8,9.9673,12.25
berlin,52.52,13.4,2026-06-23 11:45:46,2026-06-22 23:59:59,27.202,18.252,0.0,50381.4297,31.7594,10.949,27.36,9.0164,0.0
berlin,52.52,13.4,2026-06-23 11:45:46,2026-06-23 23:59:59,27.552,17.152,0.0,47026.5664,42.7335,8.4043,21.96,5.2881,0.125
berlin,52.52,13.4,2026-06-23 11:45:46,2026-06-24 23:59:59,31.202,19.702,0.0,56565.0859,356.5891,7.7546,19.8,3.9415,0.0
berlin,52.52,13.4,2026-06-23 11:45:46,2026-06-25 23:59:59,32.089,22.5362,0.0,54459.9922,352.1537,7.7713,26.28,4.8706,0.0
berlin,52.52,13.4,2026-06-23 11:45:46,2026-06-26 23:59:59,32.739,18.639,0.0,57079.7656,63.1086,7.9933,23.04,5.3261,0.0
berlin,52.52,13.4,2026-06-23 11:45:46,2026-06-27 23:59:59,37.489,21.139,0.0,58264.0039,146.7411,7.9527,24.12,6.5271,0.0
berlin,52.52,13.4,2026-06-23 11:45:46,2026-06-28 23:59:59,34.226,25.076,0.6,50971.6484,327.9944,11.3042,32.04,6.4691,3.5
berlin,52.52,13.4,2026-06-23 11:45:46,2026-06-29 23:59:59,32.176,22.176,0.0,57789.1641,40.9004,6.84,20.88,4.3397,30.7083
berlin,52.52,13.4,2026-06-23 11:45:46,2026-06-30 23:59:59,29.926,21.15,0.45,59142.082,46.8024,15.3771,41.4,10.2358,21.8333
berlin,52.52,13.4,2026-06-23 11:45:46,2026-07-01 23:59:59,31.1,19.0,0.0,59122.7031,29.2312,14.9833,36.72,11.2455,17.4167
berlin,52.52,13.4,2026-06-23 11:45:46,2026-07-02 23:59:59,33.4,20.0,0.0,59100.0898,47.7046,11.4311,36.0,8.398,11.375
berlin,52.52,13.4,2026-06-23 11:45:46,2026-07-03 23:59:59,35.35,24.35,0.0,59074.2734,85.3376,14.9573,41.04,12.1578,6.9583
berlin,52.52,13.4,2026-06-23 11:45:46,2026-07-04 23:59:59,36.4,25.45,0.0,59045.3203,92.2377,11.1658,35.64,9.5471,12.3333
berlin,52.52,13.4,2026-06-23 11:45:46,2026-07-05 23:59:59,35.4,26.15,0.0,58326.5586,25.9771,20.5705,49.32,8.943,18.7083
berlin,52.52,13.4,2026-06-23 11:45:46,2026-07-06 23:59:59,34.6,23.2,0.0,58978.1602,19.0521,15.1884,47.88,9.3129,14.125
valencia,39.5,-0.375,2026-06-23 11:45:46,2026-06-22 23:59:59,33.1825,21.2825,0.0,50400.0,106.7361,10.9667,28.44,5.3038,0.0
valencia,39.5,-0.375,2026-06-23 11:45:46,2026-06-23 23:59:59,32.7825,21.7825,0.0,50400.0,109.3165,13.0497,32.04,6.2738,0.0
valencia,39.5,-0.375,2026-06-23 11:45:46,2026-06-24 23:59:59,31.6825,22.0825,0.0,50400.0,92.6629,13.0844,32.04,6.1639,0.0
valencia,39.5,-0.375,2026-06-23 11:45:46,2026-06-25 23:59:59,31.1325,22.3325,0.0,50400.0,90.1796,14.9346,36.0,7.1374,0.0
valencia,39.5,-0.375,2026-06-23 11:45:46,2026-06-26 23:59:59,28.9825,22.4825,0.0,50922.0703,83.3805,14.3323,33.84,7.9085,0.0
valencia,39.5,-0.375,2026-06-23 11:45:46,2026-06-27 23:59:59,29.6325,24.1825,0.0,50334.7539,93.0376,15.3792,37.44,7.158,0.0
valencia,39.5,-0.375,2026-06-23 11:45:46,2026-06-28 23:59:59,30.3145,23.2645,0.0,49908.1172,85.0901,13.5515,33.48,6.0142,1.4688
valencia,39.5,-0.375,2026-06-23 11:45:46,2026-06-29 23:59:59,32.9145,23.1645,0.0,52098.1992,93.4681,15.5843,37.08,6.1888,1.4167
valencia,39.5,-0.375,2026-06-23 11:45:46,2026-06-30 23:59:59,32.5234,22.2145,0.0,52218.5547,70.615,15.7908,43.2,8.5514,2.8542
valencia,39.5,-0.375,2026-06-23 11:45:46,2026-07-01 23:59:59,27.25,20.75,39.2,41024.9453,42.9055,21.5286,59.04,16.5843,12.9167
valencia,39.5,-0.375,2026-06-23 11:45:46,2026-07-02 23:59:59,24.05,19.4,92.2,37170.6289,21.8593,12.2876,42.48,8.2273,10.9583
valencia,39.5,-0.375,2026-06-23 11:45:46,2026-07-03 23:59:59,26.65,20.7,0.0,52034.0195,170.2334,9.8853,30.96,5.651,4.9167
valencia,39.5,-0.375,2026-06-23 11:45:46,2026-07-04 23:59:59,27.8,21.0,0.0,52022.2617,96.6838,10.7187,31.32,6.539,3.2917
valencia,39.5,-0.375,2026-06-23 11:45:46,2026-07-05 23:59:59,27.8,22.25,0.0,52008.6875,43.2152,11.1032,31.32,6.8708,4.7917
valencia,39.5,-0.375,2026-06-23 11:45:46,2026-07-06 23:59:59,27.9,21.9,0.0,51993.2852,78.1003,11.3071,34.2,6.4934,5.5417
madrid,40.4375,-3.6875,2026-06-23 11:45:46,2026-06-22 23:59:59,38.4655,24.0155,0.0,49784.0039,101.3317,11.9886,33.84,9.1176,0.0
madrid,40.4375,-3.6875,2026-06-23 11:45:46,2026-06-23 23:59:59,38.6655,23.6155,0.0,47561.7617,91.3131,9.2905,25.56,6.1503,0.0
madrid,40.4375,-3.6875,2026-06-23 11:45:46,2026-06-24 23:59:59,37.5655,24.6655,0.0,50400.0,116.2502,14.4,34.2,8.772,0.0
madrid,40.4375,-3.6875,2026-06-23 11:45:46,2026-06-25 23:59:59,30.6655,24.0155,0.0,51498.1133,209.1383,18.4726,46.44,10.5978,11.3333
madrid,40.4375,-3.6875,2026-06-23 11:45:46,2026-06-26 23:59:59,30.8655,21.7655,0.0,53039.4414,229.3708,10.9667,32.04,7.1546,0.0
madrid,40.4375,-3.6875,2026-06-23 11:45:46,2026-06-27 23:59:59,31.7155,22.3655,0.0,53041.4258,236.9069,11.3042,29.88,5.8141,0.7083
madrid,40.4375,-3.6875,2026-06-23 11:45:46,2026-06-28 23:59:59,32.509,20.959,0.0,53044.2812,87.1819,9.7931,25.92,4.4399,13.1771
madrid,40.4375,-3.6875,2026-06-23 11:45:46,2026-06-29 23:59:59,34.809,21.809,0.0,53041.8633,53.6803,8.6699,22.32,4.9999,12.3333
madrid,40.4375,-3.6875,2026-06-23 11:45:46,2026-06-30 23:59:59,36.3,24.009,0.0,53021.6094,58.8519,13.7084,49.32,5.8369,8.9375
madrid,40.4375,-3.6875,2026-06-23 11:45:46,2026-07-01 23:59:59,30.15,21.2,0.0,53014.6875,44.1927,21.3321,56.16,17.9561,15.5
madrid,40.4375,-3.6875,2026-06-23 11:45:46,2026-07-02 23:59:59,29.4,16.5,0.0,53005.8789,48.83,18.4594,52.56,13.0837,7.6667
madrid,40.4375,-3.6875,2026-06-23 11:45:46,2026-07-03 23:59:59,32.95,18.65,0.0,52995.1719,87.4267,10.6307,45.0,5.7687,6.0417
madrid,40.4375,-3.6875,2026-06-23 11:45:46,2026-07-04 23:59:59,35.25,22.4,0.0,52982.5781,257.6193,10.6261,35.28,6.82,3.2917
madrid,40.4375,-3.6875,2026-06-23 11:45:46,2026-07-05 23:59:59,32.8,23.8,0.0,52968.1133,221.7773,14.455,48.6,8.0783,4.625
madrid,40.4375,-3.6875,2026-06-23 11:45:46,2026-07-06 23:59:59,33.45,22.3,0.0,52951.7539,186.7197,8.2093,38.88,5.8003,3.0
london,51.5,-0.25,2026-06-23 11:45:46,2026-06-22 23:59:59,27.991,17.941,0.0,56286.375,81.4241,19.44,43.92,13.41,0.0
london,51.5,-0.25,2026-06-23 11:45:46,2026-06-23 23:59:59,34.791,19.041,1.0,54485.2188,103.8502,15.48,35.28,11.16,35.625
london,51.5,-0.25,2026-06-23 11:45:46,2026-06-24 23:59:59,36.391,23.841,0.0,56153.7891,52.1845,15.48,35.64,9.765,0.0
london,51.5,-0.25,2026-06-23 11:45:46,2026-06-25 23:59:59,31.7045,21.391,0.0,55940.3984,82.4001,18.0,37.8,15.5025,0.0
london,51.5,-0.25,2026-06-23 11:45:46,2026-06-26 23:59:59,32.1045,25.9045,0.6,54000.0,223.9536,14.04,30.6,10.575,8.875
london,51.5,-0.25,2026-06-23 11:45:46,2026-06-27 23:59:59,31.2045,22.8045,1.8,56944.3164,229.5188,9.36,23.76,6.93,10.125
london,51.5,-0.25,2026-06-23 11:45:46,2026-06-28 23:59:59,26.3545,20.7545,0.9,48751.8867,256.8629,18.72,39.6,13.5,14.75
london,51.5,-0.25,2026-06-23 11:45:46,2026-06-29 23:59:59,24.7545,15.7545,0.0,57569.9219,281.9147,14.04,28.8,9.1195,5.375
london,51.5,-0.25,2026-06-23 11:45:46,2026-06-30 23:59:59,24.0,18.4,0.0,6181.0615,68.695,15.2363,38.88,10.6633,17.5
london,51.5,-0.25,2026-06-23 11:45:46,2026-07-01 23:59:59,26.7,15.6,0.0,56994.75,51.6785,13.0807,38.52,12.3681,8.875
london,51.5,-0.25,2026-06-23 11:45:46,2026-07-02 23:59:59,28.65,18.45,1.4,47428.2461,60.6729,8.7481,31.68,5.2952,4.0
london,51.5,-0.25,2026-06-23 11:45:46,2026-07-03 23:59:59,23.45,20.5,2.8,12416.3604,97.2941,5.2694,27.0,3.828,9.125
london,51.5,-0.25,2026-06-23 11:45:46,2026-07-04 23:59:59,27.1,18.15,0.2,54797.6211,103.9284,6.899,29.52,4.5861,11.625
london,51.5,-0.25,2026-06-23 11:45:46,2026-07-05 23:59:59,29.3,19.2,0.4,55414.7578,125.7975,9.0967,36.72,6.116,10.5
london,51.5,-0.25,2026-06-23 11:45:46,2026-07-06 23:59:59,29.15,20.05,0.0,56775.8828,98.5798,12.2215,37.44,6.5653,11.5
amsterdam,52.366,4.901,2026-06-23 11:45:46,2026-06-22 23:59:59,25.5065,17.9065,0.0,51513.1758,47.7146,20.52,37.8,15.855,0.0
amsterdam,52.366,4.901,2026-06-23 11:45:46,2026-06-23 23:59:59,28.9065,17.2565,0.0,51745.4766,69.9944,18.0,33.48,10.785,1.625
amsterdam,52.366,4.901,2026-06-23 11:45:46,2026-06-24 23:59:59,36.1565,23.5065,0.0,55346.8906,100.1404,15.84,33.84,10.275,0.0
amsterdam,52.366,4.901,2026-06-23 11:45:46,2026-06-25 23:59:59,31.9565,21.2065,0.0,57595.2344,45.88,19.08,37.08,14.7722,0.0
amsterdam,52.366,4.901,2026-06-23 11:45:46,2026-06-26 23:59:59,35.65,22.35,0.0,58043.1328,122.3853,11.2309,30.6,7.4633,0.5
amsterdam,52.366,4.901,2026-06-23 11:45:46,2026-06-27 23:59:59,37.3,22.75,0.0,59536.4961,77.4998,10.8792,26.28,5.0216,3.3333
amsterdam,52.366,4.901,2026-06-23 11:45:46,2026-06-28 23:59:59,34.25,22.25,0.0,59496.7695,267.4776,12.6475,41.76,7.4703,18.0417
amsterdam,52.366,4.901,2026-06-23 11:45:46,2026-06-29 23:59:59,26.1,18.6,0.6,59451.1641,338.615,12.4876,38.52,9.477,12.75
amsterdam,52.366,4.901,2026-06-23 11:45:46,2026-06-30 23:59:59,24.35,16.95,0.0,59399.7148,42.8389,18.33,43.2,13.3327,10.25
amsterdam,52.366,4.901,2026-06-23 11:45:46,2026-07-01 23:59:59,25.05,17.4,0.0,52373.1016,45.7549,20.5563,50.04,17.4696,11.9167
amsterdam,52.366,4.901,2026-06-23 11:45:46,2026-07-02 23:59:59,29.3,17.45,0.0,59279.2461,64.1955,12.2836,44.64,10.7731,12.4167
amsterdam,52.366,4.901,2026-06-23 11:45:46,2026-07-03 23:59:59,27.55,21.85,2.4,59002.0469,37.1135,9.0592,32.04,5.9433,14.2917
amsterdam,52.366,4.901,2026-06-23 11:45:46,2026-07-04 23:59:59,26.7,18.8,0.0,58993.2148,354.7233,13.3783,39.24,9.7648,16.5417
amsterdam,52.366,4.901,2026-06-23 11:45:46,2026-07-05 23:59:59,25.2,17.4,0.0,59051.6953,20.272,11.9521,33.84,9.4652,27.4583
amsterdam,52.366,4.901,2026-06-23 11:45:46,2026-07-06 23:59:59,26.1,15.9,0.0,58963.9141,36.2795,13.0894,32.4,9.641,16.2083
paris,48.86,2.36,2026-06-23 11:45:46,2026-06-22 23:59:59,37.765,25.115,0.0,53513.2773,56.565,15.7826,32.04,8.7547,0.125
paris,48.86,2.36,2026-06-23 11:45:46,2026-06-23 23:59:59,36.815,25.115,0.0,54224.8594,70.3079,16.7816,38.52,8.6082,0.5417
paris,48.86,2.36,2026-06-23 11:45:46,2026-06-24 23:59:59,39.115,25.315,0.0,56072.9297,117.4743,14.04,27.72,6.4398,2.5833
paris,48.86,2.36,2026-06-23 11:45:46,2026-06-25 23:59:59,39.4495,26.6323,0.0,55807.9297,84.0828,16.5756,38.52,9.1805,0.0
paris,48.86,2.36,2026-06-23 11:45:46,2026-06-26 23:59:59,37.6995,26.6495,1.3,56692.668,32.6609,11.1774,36.36,7.822,10.3333
paris,48.86,2.36,2026-06-23 11:45:46,2026-06-27 23:59:59,35.0495,22.9495,0.0,53331.6758,337.6919,12.3034,32.04,6.6947,7.625
paris,48.86,2.36,2026-06-23 11:45:46,2026-06-28 23:59:59,32.7495,22.1995,0.0,55925.1055,358.2151,15.2735,33.48,8.8403,15.9167
paris,48.86,2.36,2026-06-23 11:45:46,2026-06-29 23:59:59,32.3495,20.3495,0.0,56643.1094,359.7259,16.9468,37.8,12.6851,18.5833
paris,48.86,2.36,2026-06-23 11:45:46,2026-06-30 23:59:59,28.6,18.5995,7.0,54915.2344,359.704,13.5491,43.92,9.6816,19.8438
paris,48.86,2.36,2026-06-23 11:45:46,2026-07-01 23:59:59,25.0,18.2,9.0,26268.4922,7.5946,12.9825,34.2,9.9673,5.625
paris,48.86,2.36,2026-06-23 11:45:46,2026-07-02 23:59:59,29.05,20.8,11.0,57078.1328,6.1917,6.5521,34.2,4.1308,3.1667
paris,48.86,2.36,2026-06-23 11:45:46,2026-07-03 23:59:59,26.7,20.2,18.0,31722.5449,280.3942,3.8857,35.64,2.3245,7.125
paris,48.86,2.36,2026-06-23 11:45:46,2026-07-04 23:59:59,24.5,19.8,1.8,26461.3848,342.5809,9.4444,29.88,8.0975,9.2917
paris,48.86,2.36,2026-06-23 11:45:46,2026-07-05 23:59:59,25.8,17.75,1.8,56995.082,9.1084,9.1782,21.96,5.9339,9.125
paris,48.86,2.36,2026-06-23 11:45:46,2026-07-06 23:59:59,28.75,18.6,0.0,56920.8828,41.1174,10.3041,29.52,8.1643,8.5833
prag,50.08,14.44,2026-06-23 11:45:46,2026-06-22 23:59:59,30.4985,19.8985,0.0,50168.5234,5.4101,11.1658,31.32,6.4448,2.1667
prag,50.08,14.44,2026-06-23 11:45:46,2026-06-23 23:59:59,29.0985,18.9485,0.0,53677.7812,30.4137,12.9049,28.8,6.3437,0.0
prag,50.08,14.44,2026-06-23 11:45:46,2026-06-24 23:59:59,31.2985,18.4485,0.0,51384.2461,24.2037,8.4734,24.48,3.6614,0.0
prag,50.08,14.44,2026-06-23 11:45:46,2026-06-25 23:59:59,32.646,20.3604,0.0,53583.4297,15.6691,7.3426,21.24,2.9323,0.0
prag,50.08,14.44,2026-06-23 11:45:46,2026-06-26 23:59:59,34.096,19.896,0.0,55265.3633,65.1046,8.2093,23.76,4.2223,0.0
prag,50.08,14.44,2026-06-23 11:45:46,2026-06-27 23:59:59,36.196,21.196,0.0,57517.0742,128.7111,8.4043,25.2,4.4597,0.0
prag,50.08,14.44,2026-06-23 11:45:46,2026-06-28 23:59:59,38.546,20.396,0.3,56716.8477,350.1539,8.5571,36.0,4.3234,2.2917
prag,50.08,14.44,2026-06-23 11:45:46,2026-06-29 23:59:59,28.896,23.546,1.5,9561.8818,335.5114,13.7979,34.92,8.4655,32.4167
prag,50.08,14.44,2026-06-23 11:45:46,2026-06-30 23:59:59,35.25,21.396,7.5,38591.6875,1.7734,16.2848,45.72,8.6617,36.0104
prag,50.08,14.44,2026-06-23 11:45:46,2026-07-01 23:59:59,36.6,23.7,0.6,57405.75,5.4449,12.0721,48.24,9.1017,27.25
prag,50.08,14.44,2026-06-23 11:45:46,2026-07-02 23:59:59,32.25,23.25,3.6,56349.4375,60.1991,12.1083,45.0,6.6224,15.4583
prag,50.08,14.44,2026-06-23 11:45:46,2026-07-03 23:59:59,35.0,22.55,0.0,57541.6758,38.2465,8.8913,31.68,5.8936,7.9167
prag,50.08,14.44,2026-06-23 11:45:46,2026-07-04 23:59:59,34.75,26.5,0.0,57284.4375,324.5861,11.6124,37.44,7.0789,13.5
prag,50.08,14.44,2026-06-23 11:45:46,2026-07-05 23:59:59,34.65,24.3,4.8,57238.582,337.7028,13.3698,39.24,9.3747,19.75
prag,50.08,14.44,2026-06-23 11:45:46,2026-07-06 23:59:59,33.75,23.1,0.0,57190.2148,339.7572,8.7887,32.4,6.1591,13.3333
rome,41.875,12.5,2026-06-23 11:45:46,2026-06-22 23:59:59,34.7915,22.9415,0.7,47011.2188,245.0373,11.3042,30.96,3.6691,9.875
rome,41.875,12.5,2026-06-23 11:45:46,2026-06-23 23:59:59,35.6915,22.9415,0.3,49269.25,285.9455,14.1686,37.08,5.5045,2.9583
rome,41.875,12.5,2026-06-23 11:45:46,2026-06-24 23:59:59,35.1415,23.3915,0.6,38065.4375,282.1187,10.949,30.24,4.5344,7.4583
rome,41.875,12.5,2026-06-23 11:45:46,2026-06-25 23:59:59,33.8415,23.9415,0.9,43240.7969,222.614,10.2963,25.2,4.7439,11.4583
rome,41.875,12.5,2026-06-23 11:45:46,2026-06-26 23:59:59,35.0915,23.5915,0.3,52208.8789,258.2748,12.3034,32.04,5.3307,2.625
rome,41.875,12.5,2026-06-23 11:45:46,2026-06-27 23:59:59,35.8915,23.8415,0.0,53222.9023,258.4477,15.63,38.52,5.8697,0.8333
rome,41.875,12.5,2026-06-23 11:45:46,2026-06-28 23:59:59,39.085,23.135,0.0,53233.7266,244.0055,17.0687,39.96,6.2987,0.0
rome,41.875,12.5,2026-06-23 11:45:46,2026-06-29 23:59:59,38.035,23.735,0.0,53242.7109,230.2953,15.0384,34.56,5.6827,0.0
rome,41.875,12.5,2026-06-23 11:45:46,2026-06-30 23:59:59,36.3838,22.985,0.0,53205.5391,250.8214,10.9018,31.68,4.6794,1.4583
rome,41.875,12.5,2026-06-23 11:45:46,2026-07-01 23:59:59,35.0,26.5,0.0,52513.2812,260.7984,7.7734,32.4,4.7438,5.2917
rome,41.875,12.5,2026-06-23 11:45:46,2026-07-02 23:59:59,34.5,27.1,0.0,53589.2969,267.683,7.38,28.44,3.9616,9.625
rome,41.875,12.5,2026-06-23 11:45:46,2026-07-03 23:59:59,34.2,26.45,0.6,53246.7539,222.6356,10.5833,38.52,5.4674,11.125
rome,41.875,12.5,2026-06-23 11:45:46,2026-07-04 23:59:59,32.4,24.4,9.0,41527.543,158.448,9.1959,41.04,4.5255,12.5417
rome,41.875,12.5,2026-06-23 11:45:46,2026-07-05 23:59:59,35.95,22.6,0.0,53249.7148,5.1427,5.8769,33.84,3.8958,11.0417
rome,41.875,12.5,2026-06-23 11:45:46,2026-07-06 23:59:59,35.35,25.05,0.0,53249.4453,262.9174,11.8418,34.92,6.5071,8.375
zurich,47.38,8.54,2026-06-23 11:45:46,2026-06-22 23:59:59,34.222,19.872,0.0,52443.1758,9.6955,11.5256,25.2,3.6607,0.0
zurich,47.38,8.54,2026-06-23 11:45:46,2026-06-23 23:59:59,33.972,22.022,0.0,50400.0,15.9112,12.2294,27.0,4.3952,0.3333
zurich,47.38,8.54,2026-06-23 11:45:46,2026-06-24 23:59:59,35.122,22.372,0.0,54000.0,32.9864,11.967,28.8,6.348,0.0
zurich,47.38,8.54,2026-06-23 11:45:46,2026-06-25 23:59:59,33.906,21.464,0.0,51188.7422,51.8123,15.6838,37.8,7.9357,0.0
zurich,47.38,8.54,2026-06-23 11:45:46,2026-06-26 23:59:59,34.556,19.506,0.0,53495.9336,62.7307,7.6368,20.16,3.527,0.0
zurich,47.38,8.54,2026-06-23 11:45:46,2026-06-27 23:59:59,35.456,21.356,0.3,54725.6758,178.0169,6.7254,20.88,4.6467,3.25
zurich,47.38,8.54,2026-06-23 11:45:46,2026-06-28 23:59:59,35.8095,21.6595,0.6,53045.9453,206.2988,9.6866,28.08,5.1759,7.5625
zurich,47.38,8.54,2026-06-23 11:45:46,2026-06-29 23:59:59,31.5595,20.5095,2.1,41323.2969,70.3838,15.8277,42.12,5.6257,37.9583
zurich,47.38,8.54,2026-06-23 11:45:46,2026-06-30 23:59:59,30.5274,20.8595,0.0,48799.6641,90.6372,6.4625,36.72,3.0522,47.4271
zurich,47.38,8.54,2026-06-23 11:45:46,2026-07-01 23:59:59,32.3,21.75,0.6,54826.1992,349.6242,6.6891,25.2,4.5076,39.875
zurich,47.38,8.54,2026-06-23 11:45:46,2026-07-02 23:59:59,31.65,21.9,0.0,54227.957,235.5563,7.1662,24.84,4.7205,19.9167
zurich,47.38,8.54,2026-06-23 11:45:46,2026-07-03 23:59:59,28.25,22.3,3.4,54873.793,244.2465,9.9587,36.36,6.4613,18.1667
zurich,47.38,8.54,2026-06-23 11:45:46,2026-07-04 23:59:59,28.65,19.65,10.8,54656.2539,188.1611,7.5793,25.2,4.3063,19.5417
zurich,47.38,8.54,2026-06-23 11:45:46,2026-07-05 23:59:59,27.35,19.95,3.6,54396.7227,18.6508,11.6389,27.0,4.7331,19.5417
zurich,47.38,8.54,2026-06-23 11:45:46,2026-07-06 23:59:59,28.55,19.65,1.4,51018.8281,11.3419,9.5824,25.92,5.511,17.625
lisbon,38.75,-9.125,2026-06-23 11:45:46,2026-06-22 23:59:59,28.7915,20.4415,0.0,29913.6016,337.7724,14.2006,35.64,7.1908,0.125
lisbon,38.75,-9.125,2026-06-23 11:45:46,2026-06-23 23:59:59,28.9415,20.4915,0.0,42291.1406,251.5648,13.6847,36.36,6.1217,4.4583
lisbon,38.75,-9.125,2026-06-23 11:45:46,2026-06-24 23:59:59,24.5415,18.8415,0.0,45981.5156,233.7097,16.0997,39.96,9.0906,0.125
lisbon,38.75,-9.125,2026-06-23 11:45:46,2026-06-25 23:59:59,23.1915,18.6415,2.2,44592.0195,211.8963,17.5811,43.92,12.2086,24.2083
lisbon,38.75,-9.125,2026-06-23 11:45:46,2026-06-26 23:59:59,23.3415,19.4915,1.0,50230.9062,220.0219,17.1482,42.84,12.8662,7.5417
lisbon,38.75,-9.125,2026-06-23 11:45:46,2026-06-27 23:59:59,24.9415,19.4915,0.6,44687.0312,270.0244,15.3792,33.48,9.9322,3.875
lisbon,38.75,-9.125,2026-06-23 11:45:46,2026-06-28 23:59:59,27.6635,18.8135,0.0,50920.6172,348.0289,16.4225,37.8,11.4793,0.0
lisbon,38.75,-9.125,2026-06-23 11:45:46,2026-06-29 23:59:59,28.3635,18.6135,0.0,52195.5391,344.9451,19.08,43.56,11.9692,0.0
lisbon,38.75,-9.125,2026-06-23 11:45:46,2026-06-30 23:59:59,30.0,18.5635,0.0,49069.9922,346.1707,23.1438,54.0,14.7921,0.0
lisbon,38.75,-9.125,2026-06-23 11:45:46,2026-07-01 23:59:59,29.15,17.6,0.0,51222.2734,344.1184,25.1053,57.24,18.5516,2.125
lisbon,38.75,-9.125,2026-06-23 11:45:46,2026-07-02 23:59:59,32.9,21.15,0.0,52731.5547,359.1398,23.5697,55.8,17.2182,2.375
lisbon,38.75,-9.125,2026-06-23 11:45:46,2026-07-04 23:59:59,26.75,17.4,0.0,47594.8516,333.4537,20.2985,48.96,10.4041,1.5417
lisbon,38.75,-9.125,2026-06-23 11:45:46,2026-07-05 23:59:59,23.7,17.5,0.0,42772.5742,332.3388,19.4483,47.52,15.4699,1.0833
lisbon,38.75,-9.125,2026-06-23 11:45:46,2026-07-06 23:59:59,21.55,16.2,1.2,51264.4648,290.2081,13.9102,44.64,10.4656,2.1667
vienna,48.2,16.38,2026-06-23 11:45:46,2026-06-22 23:59:59,31.8215,23.9715,10.5,39494.1328,331.2727,17.31,49.68,7.8969,7.125
vienna,48.2,16.38,2026-06-23 11:45:46,2026-06-23 23:59:59,31.8715,23.0215,0.0,49612.9062,9.876,11.7924,34.2,7.7147,0.2083
vienna,48.2,16.38,2026-06-23 11:45:46,2026-06-24 23:59:59,32.0715,21.4715,0.0,49974.7148,20.034,11.9832,30.24,6.1048,0.0
vienna,48.2,16.38,2026-06-23 11:45:46,2026-06-25 23:59:59,33.28,22.4236,0.0,53335.0156,12.615,9.6933,26.28,5.5004,0.0
vienna,48.2,16.38,2026-06-23 11:45:46,2026-06-26 23:59:59,34.88,22.33,0.0,55520.6719,26.565,7.1458,17.28,4.3651,0.0
vienna,48.2,16.38,2026-06-23 11:45:46,2026-06-27 23:59:59,36.63,24.23,0.0,57024.6953,135.2328,13.6088,33.12,6.5955,0.0
vienna,48.2,16.38,2026-06-23 11:45:46,2026-06-28 23:59:59,38.663,22.013,0.0,57013.1172,148.3059,10.4957,27.0,6.3965,0.0
vienna,48.2,16.38,2026-06-23 11:45:46,2026-06-29 23:59:59,38.513,26.613,0.0,56988.3555,295.4168,16.0997,37.8,6.9134,2.875
vienna,48.2,16.38,2026-06-23 11:45:46,2026-06-30 23:59:59,39.75,25.313,0.0,56929.9961,284.1521,7.2449,32.4,4.5529,13.0208
vienna,48.2,16.38,2026-06-23 11:45:46,2026-07-01 23:59:59,39.4,28.2,0.0,56868.1641,14.263,16.7748,45.0,7.3747,19.2917
vienna,48.2,16.38,2026-06-23 11:45:46,2026-07-02 23:59:59,39.0,26.6,0.6,56816.6289,357.1986,10.5649,53.28,7.8707,20.0
vienna,48.2,16.38,2026-06-23 11:45:46,2026-07-03 23:59:59,37.0,27.3,1.2,56759.8633,26.6929,7.8954,41.4,4.8637,11.9167
vienna,48.2,16.38,2026-06-23 11:45:46,2026-07-04 23:59:59,35.8,26.8,0.0,56697.9727,296.3389,20.3806,52.92,8.7324,10.0417
vienna,48.2,16.38,2026-06-23 11:45:46,2026-07-05 23:59:59,35.7,24.8,0.0,56631.1289,303.01,19.695,47.16,13.7284,18.375
vienna,48.2,16.38,2026-06-23 11:45:46,2026-07-06 23:59:59,36.05,24.65,0.0,56559.457,310.6012,15.8829,39.24,11.3288,14.4167
bergen,60.39,5.3183,2026-06-23 11:45:46,2026-06-22 23:59:59,17.611,11.811,1.4,40556.9453,294.5194,11.88,26.28,6.645,11.9167
bergen,60.39,5.3183,2026-06-23 11:45:46,2026-06-23 23:59:59,14.961,11.661,0.3,1645.8728,157.8772,24.48,43.92,17.1,45.7917
bergen,60.39,5.3183,2026-06-23 11:45:46,2026-06-24 23:59:59,15.111,12.111,1.9,4362.8804,188.0841,22.32,41.4,10.68,35.3333
bergen,60.39,5.3183,2026-06-23 11:45:46,2026-06-25 23:59:59,15.361,11.511,0.2,1152.6282,156.3974,10.08,20.16,6.5571,15.0417
bergen,60.39,5.3183,2026-06-23 11:45:46,2026-06-26 23:59:59,18.45,11.15,35.3,35646.8047,154.2257,10.3104,31.32,5.9922,40.9583
bergen,60.39,5.3183,2026-06-23 11:45:46,2026-06-27 23:59:59,22.7,14.15,5.5,62105.9688,176.9536,24.896,58.32,14.2375,42.2083
bergen,60.39,5.3183,2026-06-23 11:45:46,2026-06-28 23:59:59,24.9,15.75,3.3,65880.7266,160.8103,19.2069,49.68,13.803,41.4167
bergen,60.39,5.3183,2026-06-23 11:45:46,2026-06-29 23:59:59,17.8,12.1,0.6,56565.4219,242.1028,13.661,33.48,10.7468,57.125
bergen,60.39,5.3183,2026-06-23 11:45:46,2026-06-30 23:59:59,16.35,10.9,0.6,65232.9062,322.6314,13.1412,34.56,7.825,38.875
bergen,60.39,5.3183,2026-06-23 11:45:46,2026-07-01 23:59:59,18.55,9.9,0.0,66571.0547,317.3842,11.1904,31.68,9.1837,31.9167
bergen,60.39,5.3183,2026-06-23 11:45:46,2026-07-02 23:59:59,20.15,11.55,0.0,51638.1602,167.1573,18.9548,46.44,15.0258,54.875
bergen,60.39,5.3183,2026-06-23 11:45:46,2026-07-03 23:59:59,18.8,13.95,0.0,48054.5312,173.0752,12.1443,36.36,8.7561,56.8333
bergen,60.39,5.3183,2026-06-23 11:45:46,2026-07-04 23:59:59,17.05,12.15,1.8,32629.0957,195.2469,10.83,37.8,7.3045,41.2917
bergen,60.39,5.3183,2026-06-23 11:45:46,2026-07-05 23:59:59,20.3,10.55,0.0,55157.5508,196.2122,10.1903,28.44,6.438,40.4583
bergen,60.39,5.3183,2026-06-23 11:45:46,2026-07-06 23:59:59,17.6,12.8,1.8,24920.0391,193.5479,10.83,29.16,7.9381,41.0417
stockholm,59.3289,18.0724,2026-06-23 11:45:46,2026-06-22 23:59:59,21.9175,15.7675,0.0,59114.9531,69.8189,16.2,36.36,12.075,0.0
stockholm,59.3289,18.0724,2026-06-23 11:45:46,2026-06-23 23:59:59,23.8175,14.7675,0.0,51322.2031,176.4546,21.24,42.48,13.845,0.25
stockholm,59.3289,18.0724,2026-06-23 11:45:46,2026-06-24 23:59:59,23.0175,17.1675,0.8,25116.1328,267.063,13.32,28.44,10.875,29.9583
stockholm,59.3289,18.0724,2026-06-23 11:45:46,2026-06-25 23:59:59,22.7675,15.7,6.15,55101.1133,88.9364,12.96,28.08,8.9817,35.4583
stockholm,59.3289,18.0724,2026-06-23 11:45:46,2026-06-26 23:59:59,22.5,14.85,0.0,63437.1406,162.0644,14.9443,37.08,9.5062,4.4583
stockholm,59.3289,18.0724,2026-06-23 11:45:46,2026-06-27 23:59:59,30.1,17.55,0.0,63053.2305,237.1164,14.4416,32.76,11.1832,3.5417
stockholm,59.3289,18.0724,2026-06-23 11:45:46,2026-06-28 23:59:59,29.4,22.0,0.0,64368.4844,264.7674,16.5208,35.28,10.6964,7.2917
stockholm,59.3289,18.0724,2026-06-23 11:45:46,2026-06-29 23:59:59,29.2,21.75,0.0,64879.9844,176.8551,12.6064,41.76,9.2787,9.4583
stockholm,59.3289,18.0724,2026-06-23 11:45:46,2026-06-30 23:59:59,24.65,17.7,0.0,64872.7969,2.4516,13.6729,34.92,12.0132,10.2083
stockholm,59.3289,18.0724,2026-06-23 11:45:46,2026-07-01 23:59:59,24.6,16.35,0.0,64861.7891,23.0312,12.881,38.88,8.8172,12.125
stockholm,59.3289,18.0724,2026-06-23 11:45:46,2026-07-02 23:59:59,24.0,15.65,0.0,64848.2344,86.1925,10.4834,30.96,6.958,22.25
stockholm,59.3289,18.0724,2026-06-23 11:45:46,2026-07-03 23:59:59,25.7,17.55,0.0,64831.9219,95.8631,12.4135,34.56,7.0589,27.5
stockholm,59.3289,18.0724,2026-06-23 11:45:46,2026-07-04 23:59:59,25.75,17.75,0.0,64813.9023,105.7808,11.632,35.64,7.5971,26.2083
stockholm,59.3289,18.0724,2026-06-23 11:45:46,2026-07-05 23:59:59,24.1,16.75,0.0,64792.8516,80.3412,13.0559,36.36,8.8275,20.5417
stockholm,59.3289,18.0724,2026-06-23 11:45:46,2026-07-06 23:59:59,26.1,17.4,0.0,64299.5859,132.8606,9.735,30.24,4.6873,24.5417
aachen,50.782,6.09,2026-06-23 12:00:43,2026-03-25 23:59:59,,,,,,,,,
aachen,50.782,6.09,2026-06-23 12:00:43,2026-04-16 23:59:59,16.9,9.95,,,,14.1332,29.16,,
aachen,50.782,6.09,2026-06-23 12:00:43,2026-04-17 23:59:59,18.1,7.9,0.0,43769.5625,235.954,9.9065,23.04,5.8207,
aachen,50.782,6.09,2026-06-23 12:00:43,2026-04-18 23:59:59,17.6,9.05,0.7,43200.0,254.2466,12.352,29.16,7.4402,
aachen,50.782,6.09,2026-06-23 12:00:43,2026-04-19 23:59:59,13.2,5.8,4.4,46800.0,328.3839,14.8137,34.92,10.4092,
aachen,50.782,6.09,2026-06-23 12:00:43,2026-04-20 23:59:59,11.35,3.35,0.8,46933.9688,10.4892,11.7055,28.44,7.3938,
aachen,50.782,6.09,2026-06-23 12:00:43,2026-04-21 23:59:59,12.1,3.55,0.6,47268.2148,51.8785,17.8236,41.4,11.6824,
aachen,50.782,6.09,2026-06-23 12:00:43,2026-04-22 23:59:59,14.7,4.25,0.0,47985.125,73.3574,16.0997,37.44,12.0626,
aachen,50.782,6.09,2026-06-23 12:00:43,2026-04-23 23:59:59,16.65,5.0,0.0,48593.4883,38.902,9.3756,23.04,7.1876,
aachen,50.782,6.09,2026-06-23 12:00:43,2026-04-24 23:59:59,15.8,2.75,0.0,49261.6758,2.5129,10.6215,20.88,5.2444,0.0
aachen,50.782,6.09,2026-06-23 12:00:43,2026-04-25 23:59:59,16.626,3.75,0.0,46800.0,345.1045,12.24,21.6,4.9802,0.0
aachen,50.782,6.09,2026-06-23 12:00:43,2026-04-26 23:59:59,18.076,6.626,0.0,46800.0,39.2329,10.8,24.12,7.65,0.0
aachen,50.782,6.09,2026-06-23 12:00:43,2026-04-27 23:59:59,19.576,7.876,0.0,46800.0,44.2044,11.16,25.56,6.435,0.0
aachen,50.782,6.09,2026-06-23 12:00:43,2026-04-28 23:59:59,21.176,8.576,0.0,45844.6719,55.2828,19.8,39.96,12.165,0.0
aachen,50.782,6.09,2026-06-23 12:00:43,2026-04-29 23:59:59,19.676,8.276,0.0,47436.2383,78.2039,18.36,41.4,15.03,0.0
aachen,50.782,6.09,2026-06-23 12:00:43,2026-04-30 23:59:59,19.476,7.976,0.0,47701.0586,99.0193,21.6,45.72,15.78,0.0
aachen,50.782,6.09,2026-06-23 12:00:43,2026-05-01 23:59:59,24.576,10.976,0.0,47759.3516,126.3315,14.04,30.6,10.92,0.0
aachen,50.782,6.09,2026-06-23 12:00:43,2026-05-02 23:59:59,25.226,14.376,9.3,31566.8711,213.4678,16.2,32.04,10.245,27.9583
aachen,50.782,6.09,2026-06-23 12:00:43,2026-05-03 23:59:59,18.526,13.676,0.7,12232.8896,203.5563,14.4,30.24,10.74,27.375
aachen,50.782,6.09,2026-06-23 12:00:43,2026-05-04 23:59:59,17.726,12.526,6.6,7798.7969,211.0715,12.96,23.76,6.675,43.875
aachen,50.782,6.09,2026-06-23 12:00:43,2026-05-05 23:59:59,14.376,10.226,8.9,1093.6754,0.2368,11.52,22.68,6.09,79.2917
aachen,50.782,6.09,2026-06-23 12:00:43,2026-05-06 23:59:59,9.926,8.026,19.9,0.0,330.4225,11.16,20.88,8.34,86.875
aachen,50.782,6.09,2026-06-23 12:00:43,2026-05-07 23:59:59,16.576,7.576,0.0,41697.9531,334.0215,8.64,22.32,5.985,4.6667
aachen,50.782,6.09,2026-06-23 12:00:43,2026-05-08 23:59:59,18.176,8.826,0.0,40588.2109,78.9331,9.0,23.4,4.92,0.0
aachen,50.782,6.09,2026-06-23 12:00:43,2026-05-09 23:59:59,21.626,9.576,0.0,52329.7344,60.3423,10.8,24.84,6.645,0.0
aachen,50.782,6.09,2026-06-23 12:00:43,2026-05-10 23:59:59,19.576,11.426,0.5,40499.3203,21.2937,16.2,32.04,8.865,10.8333
aachen,50.782,6.09,2026-06-23 12:00:43,2026-05-11 23:59:59,11.276,5.376,19.7,17773.3711,315.0037,20.52,38.88,11.775,88.3333
aachen,50.782,6.09,2026-06-23 12:00:43,2026-05-12 23:59:59,11.976,4.126,0.9,31299.9609,255.1106,18.72,37.44,13.98,48.0833
aachen,50.782,6.09,2026-06-23 12:00:43,2026-05-13 23:59:59,13.276,7.076,12.5,19698.6484,232.4651,21.96,44.28,15.03,79.0417
aachen,50.782,6.09,2026-06-23 12:00:43,2026-05-14 23:59:59,12.526,6.376,3.6,29015.4883,262.5995,18.72,36.36,13.14,70.9583
aachen,50.782,6.09,2026-06-23 12:00:43,2026-05-15 23:59:59,13.176,4.776,1.5,38531.5742,280.1368,20.88,41.4,9.405,47.8333
aachen,50.782,6.09,2026-06-23 12:00:43,2026-05-16 23:59:59,14.526,5.426,2.3,34560.8555,241.516,12.6,26.28,10.065,25.4167
aachen,50.782,6.09,2026-06-23 12:00:43,2026-05-17 23:59:59,14.826,7.876,0.5,20095.5527,201.9222,15.48,30.24,10.875,50.8333
aachen,50.782,6.09,2026-06-23 12:00:43,2026-05-18 23:59:59,16.226,9.676,5.2,25705.8008,255.5505,13.32,28.8,8.175,59.7083
aachen,50.782,6.09,2026-06-23 12:00:43,2026-05-19 23:59:59,18.226,8.176,1.6,27502.1094,196.8967,14.4,34.92,10.455,27.6667
aachen,50.782,6.09,2026-06-23 12:00:43,2026-05-20 23:59:59,17.776,13.026,3.1,31200.7891,239.7437,18.36,35.64,13.8,70.4167
aachen,50.782,6.09,2026-06-23 12:00:43,2026-05-21 23:59:59,21.476,12.626,0.0,51679.4023,252.7325,16.2,30.24,8.94,0.2083
aachen,50.782,6.09,2026-06-23 12:00:43,2026-05-22 23:59:59,27.976,13.776,0.0,52492.5703,218.4586,8.28,21.24,4.83,0.0
aachen,50.782,6.09,2026-06-23 12:00:43,2026-05-23 23:59:59,30.226,16.826,0.0,54000.0,251.2377,9.72,23.04,7.065,0.0
aachen,50.782,6.09,2026-06-23 12:00:43,2026-05-24 23:59:59,29.226,19.376,0.0,52275.2969,11.8534,11.88,26.64,7.47,0.0
aachen,50.782,6.09,2026-06-23 12:00:43,2026-05-25 23:59:59,29.426,17.526,0.0,54000.0,31.5223,10.44,25.56,6.18,0.0
aachen,50.782,6.09,2026-06-23 12:00:43,2026-05-26 23:59:59,32.026,18.076,0.0,54000.0,29.3572,12.24,29.52,6.195,0.0
aachen,50.782,6.09,2026-06-23 12:00:43,2026-05-27 23:59:59,28.276,19.476,0.0,54000.0,26.8553,14.76,33.48,9.57,0.0
aachen,50.782,6.09,2026-06-23 12:00:43,2026-05-28 23:59:59,27.526,16.076,0.0,54000.0,43.4679,11.16,26.64,7.605,0.0
aachen,50.782,6.09,2026-06-23 12:00:43,2026-05-29 23:59:59,32.026,19.326,0.0,40752.0273,219.3574,15.84,33.12,8.55,26.0417
aachen,50.782,6.09,2026-06-23 12:00:43,2026-05-30 23:59:59,27.926,19.076,7.9,33869.5352,251.1254,18.72,40.68,5.94,32.75
aachen,50.782,6.09,2026-06-23 12:00:43,2026-05-31 23:59:59,22.776,17.726,0.7,14188.0918,244.0695,21.6,46.8,14.445,25.0
aachen,50.782,6.09,2026-06-23 12:00:43,2026-06-01 23:59:59,24.526,13.676,2.2,54000.0,248.101,14.4,28.8,7.965,15.0
aachen,50.782,6.09,2026-06-23 12:00:43,2026-06-02 23:59:59,23.126,14.176,5.5,14575.0293,205.5986,18.0,37.08,11.7,49.875
aachen,50.782,6.09,2026-06-23 12:00:43,2026-06-03 23:59:59,18.926,12.626,2.1,27026.8301,220.0215,19.44,38.88,15.615,63.75
aachen,50.782,6.09,2026-06-23 12:00:43,2026-06-04 23:59:59,16.826,13.226,2.8,10595.5713,216.8624,24.12,48.6,16.575,71.375
aachen,50.782,6.09,2026-06-23 12:00:43,2026-06-05 23:59:59,18.726,12.276,2.9,30450.7422,232.2124,19.08,37.8,13.095,41.2917
aachen,50.782,6.09,2026-06-23 12:00:43,2026-06-06 23:59:59,21.426,11.176,0.9,32916.7188,199.1963,16.92,32.4,9.36,32.4167
aachen,50.782,6.09,2026-06-23 12:00:43,2026-06-07 23:59:59,20.376,11.526,0.0,40110.6367,244.8692,20.16,40.68,12.93,2.7083
aachen,50.782,6.09,2026-06-23 12:00:43,2026-06-08 23:59:59,23.026,12.976,8.0,22840.5684,208.9741,20.88,39.96,8.82,25.4583
aachen,50.782,6.09,2026-06-23 12:00:43,2026-06-09 23:59:59,17.176,11.726,4.3,23202.7168,239.7902,18.36,38.16,14.58,56.5417
aachen,50.782,6.09,2026-06-23 12:00:43,2026-06-10 23:59:59,17.226,10.126,1.2,42422.6719,236.2155,22.68,48.96,11.595,35.4167
munich,48.14,11.58,2026-06-23 12:00:43,2026-04-16 23:59:59,16.25,9.15,,,,10.6093,27.72,,
munich,48.14,11.58,2026-06-23 12:00:43,2026-04-17 23:59:59,19.1,5.85,0.0,47191.8047,78.2034,12.236,29.88,6.9237,
munich,48.14,11.58,2026-06-23 12:00:43,2026-04-18 23:59:59,19.9,7.9,0.0,47492.3711,119.8498,8.8273,24.84,5.4555,
munich,48.14,11.58,2026-06-23 12:00:43,2026-04-19 23:59:59,15.8,6.9,3.4,28439.0,268.5324,21.5286,48.96,12.7383,
munich,48.14,11.58,2026-06-23 12:00:43,2026-04-20 23:59:59,12.6,3.65,0.2,47387.1602,313.6277,13.2468,33.84,7.702,
munich,48.14,11.58,2026-06-23 12:00:43,2026-04-21 23:59:59,9.4,2.75,0.9,47837.5234,37.3596,12.852,33.48,8.0908,
munich,48.14,11.58,2026-06-23 12:00:43,2026-04-22 23:59:59,12.9,1.75,0.0,49070.7188,73.4247,15.8441,40.68,9.4311,
munich,48.14,11.58,2026-06-23 12:00:43,2026-04-23 23:59:59,17.05,0.7,0.0,49023.8164,279.9171,11.7387,30.96,6.5467,
munich,48.14,11.58,2026-06-23 12:00:43,2026-04-24 23:59:59,19.458,1.658,0.0,48609.4297,277.9666,12.3873,28.44,7.3452,0.0
munich,48.14,11.58,2026-06-23 12:00:43,2026-04-25 23:59:59,20.608,2.758,0.0,48922.9727,277.6638,12.5588,28.44,7.2699,0.0
munich,48.14,11.58,2026-06-23 12:00:43,2026-04-26 23:59:59,18.758,5.158,0.0,39025.6016,353.191,11.1774,25.56,5.707,0.0
munich,48.14,11.58,2026-06-23 12:00:43,2026-04-27 23:59:59,19.365,6.015,0.0,48116.875,36.7476,9.1782,22.32,4.852,0.0
munich,48.14,11.58,2026-06-23 12:00:43,2026-04-28 23:59:59,19.565,7.565,0.0,39634.3672,76.3287,15.5968,37.08,8.4509,0.0
munich,48.14,11.58,2026-06-23 12:00:43,2026-04-29 23:59:59,17.065,9.215,0.0,41422.8828,72.8738,17.9062,40.32,13.6852,0.0
munich,48.14,11.58,2026-06-23 12:00:43,2026-04-30 23:59:59,14.915,3.215,0.0,49806.7266,84.9494,19.063,46.08,15.2465,0.0
munich,48.14,11.58,2026-06-23 12:00:43,2026-05-01 23:59:59,20.065,4.015,0.0,49769.3555,90.3331,14.2052,35.28,10.4306,0.0
munich,48.14,11.58,2026-06-23 12:00:43,2026-05-02 23:59:59,24.615,5.915,0.0,49629.7578,97.3442,8.5344,18.72,4.7252,0.0
munich,48.14,11.58,2026-06-23 12:00:43,2026-05-03 23:59:59,26.615,9.615,0.0,44117.2852,293.7204,13.1042,29.88,5.3113,2.25
munich,48.14,11.58,2026-06-23 12:00:43,2026-05-04 23:59:59,23.965,13.565,0.4,35891.6094,0.6535,17.5774,33.84,8.5877,4.1667
munich,48.14,11.58,2026-06-23 12:00:43,2026-05-05 23:59:59,23.515,12.015,2.4,39496.2656,271.2246,14.2644,42.12,7.3069,14.5833
munich,48.14,11.58,2026-06-23 12:00:43,2026-05-06 23:59:59,19.765,10.465,3.3,35329.4844,246.5265,20.3169,67.32,8.1873,22.5417
munich,48.14,11.58,2026-06-23 12:00:43,2026-05-07 23:59:59,15.065,9.215,0.8,31991.9902,279.7891,17.0269,43.56,11.0617,13.0
munich,48.14,11.58,2026-06-23 12:00:43,2026-05-08 23:59:59,18.465,7.165,0.0,49456.6016,59.6508,10.0026,23.4,6.1928,0.0
munich,48.14,11.58,2026-06-23 12:00:43,2026-05-09 23:59:59,21.565,9.515,0.0,39600.0,83.1253,14.0815,32.04,7.1312,5.0417
munich,48.14,11.58,2026-06-23 12:00:43,2026-05-10 23:59:59,22.965,10.015,11.5,45873.6836,93.6914,16.2798,56.52,9.1753,26.1667
munich,48.14,11.58,2026-06-23 12:00:43,2026-05-11 23:59:59,16.665,8.365,8.9,9974.1016,254.064,21.9954,58.68,14.0932,34.0417
munich,48.14,11.58,2026-06-23 12:00:43,2026-05-12 23:59:59,9.665,3.765,3.9,36920.4219,278.3506,19.5629,48.6,13.7665,26.0
munich,48.14,11.58,2026-06-23 12:00:43,2026-05-13 23:59:59,14.265,4.165,0.2,36321.3477,255.096,20.1889,46.08,11.3339,0.75
munich,48.14,11.58,2026-06-23 12:00:43,2026-05-14 23:59:59,13.065,7.565,0.5,11228.0,247.93,16.168,48.96,11.7409,29.9583
munich,48.14,11.58,2026-06-23 12:00:43,2026-05-15 23:59:59,14.165,6.315,18.1,32486.8691,248.1083,15.3074,39.96,5.9825,31.375
munich,48.14,11.58,2026-06-23 12:00:43,2026-05-16 23:59:59,11.815,6.315,5.8,20964.9199,277.511,16.8086,40.68,9.542,48.9583
munich,48.14,11.58,2026-06-23 12:00:43,2026-05-17 23:59:59,15.115,4.365,0.0,47067.7031,205.0018,7.2449,20.52,4.5749,0.625
munich,48.14,11.58,2026-06-23 12:00:43,2026-05-18 23:59:59,18.365,4.215,1.9,39719.5703,263.5555,15.3286,39.24,6.7059,19.1667
munich,48.14,11.58,2026-06-23 12:00:43,2026-05-19 23:59:59,18.265,8.665,5.3,39756.1797,209.4071,10.7036,26.28,5.995,13.0
munich,48.14,11.58,2026-06-23 12:00:43,2026-05-20 23:59:59,17.865,12.365,7.8,21388.3203,258.0952,15.1756,42.12,8.7789,43.7917
munich,48.14,11.58,2026-06-23 12:00:43,2026-05-21 23:59:59,20.365,11.965,0.0,45112.4609,298.5279,10.1377,24.84,6.6698,1.0417
munich,48.14,11.58,2026-06-23 12:00:43,2026-05-22 23:59:59,24.165,9.715,0.0,51282.8047,89.4707,11.441,27.72,7.3095,0.0
munich,48.14,11.58,2026-06-23 12:00:43,2026-05-23 23:59:59,27.015,12.065,0.0,51647.5898,95.7523,12.24,29.16,7.2933,0.0
munich,48.14,11.58,2026-06-23 12:00:43,2026-05-24 23:59:59,29.165,13.415,0.0,50400.0,342.6236,10.0284,21.96,4.5051,0.0
munich,48.14,11.58,2026-06-23 12:00:43,2026-05-25 23:59:59,29.115,16.415,0.0,51593.6797,356.3086,9.8853,20.88,4.4777,0.0
munich,48.14,11.58,2026-06-23 12:00:43,2026-05-26 23:59:59,30.565,14.015,0.0,51963.0156,329.7197,8.4043,18.0,4.8102,0.0
munich,48.14,11.58,2026-06-23 12:00:43,2026-05-27 23:59:59,29.565,17.015,0.0,49294.168,304.439,17.0725,41.4,8.731,0.0
munich,48.14,11.58,2026-06-23 12:00:43,2026-05-28 23:59:59,25.115,15.615,0.0,52708.0742,355.6013,11.632,29.16,6.6105,0.0
munich,48.14,11.58,2026-06-23 12:00:43,2026-05-29 23:59:59,27.165,13.315,0.0,53083.7109,356.8202,8.4043,18.72,3.8727,0.0
munich,48.14,11.58,2026-06-23 12:00:43,2026-05-30 23:59:59,28.265,14.615,0.0,46377.5781,277.0639,14.5789,37.8,7.807,1.625
munich,48.14,11.58,2026-06-23 12:00:43,2026-05-31 23:59:59,29.315,16.915,2.3,33329.5586,251.3519,19.7705,63.72,8.8351,35.4583
munich,48.14,11.58,2026-06-23 12:00:43,2026-06-01 23:59:59,22.515,14.915,1.1,33630.0664,274.1022,15.6175,34.92,9.3778,37.0833
munich,48.14,11.58,2026-06-23 12:00:43,2026-06-02 23:59:59,25.915,12.365,2.2,32657.957,205.9307,21.6479,53.28,8.4615,19.375
munich,48.14,11.58,2026-06-23 12:00:43,2026-06-03 23:59:59,16.915,12.865,8.1,21529.8594,248.5303,14.04,41.4,10.2222,39.5417
munich,48.14,11.58,2026-06-23 12:00:43,2026-06-04 23:59:59,24.115,11.265,3.9,37892.0469,239.3269,16.8625,53.64,7.6743,21.0833
munich,48.14,11.58,2026-06-23 12:00:43,2026-06-05 23:59:59,18.465,10.715,9.1,31427.2539,243.5154,13.9799,35.64,8.8524,34.125
munich,48.14,11.58,2026-06-23 12:00:43,2026-06-06 23:59:59,23.015,9.965,0.0,51461.9062,233.746,12.1016,28.8,6.7895,2.5
munich,48.14,11.58,2026-06-23 12:00:43,2026-06-07 23:59:59,23.415,15.965,0.0,43895.5547,276.8842,11.2121,30.96,7.2149,0.4583
munich,48.14,11.58,2026-06-23 12:00:43,2026-06-08 23:59:59,27.665,12.665,0.0,46845.3477,263.2641,13.2076,41.04,6.3286,5.5833
munich,48.14,11.58,2026-06-23 12:00:43,2026-06-09 23:59:59,18.115,13.315,5.5,0.0,235.5039,14.3323,36.0,8.7542,73.4583
munich,48.14,11.58,2026-06-23 12:00:43,2026-06-10 23:59:59,13.465,10.015,22.2,166.2179,298.2015,12.7686,28.8,5.4546,89.4583
munich,48.14,11.58,2026-06-23 12:00:43,2026-06-25 23:59:59,32.7715,20.3541,0.0,54070.5,81.2189,12.5588,34.56,6.0975,0.0
munich,48.14,11.58,2026-06-23 12:00:43,2026-06-26 23:59:59,33.5715,19.1715,0.0,54069.8242,72.8858,11.1135,31.68,5.6771,0.0
munich,48.14,11.58,2026-06-23 12:00:43,2026-06-27 23:59:59,35.4215,19.3215,0.0,56358.3047,242.5924,6.12,15.84,3.0042,0.75
munich,48.14,11.58,2026-06-23 12:00:43,2026-06-28 23:59:59,32.558,22.4215,2.4,50233.5078,221.9975,12.5226,38.88,6.0651,10.5104
hamburg,53.56,10.0,2026-06-23 12:00:43,2026-04-16 23:59:59,17.65,9.1,,,,14.8104,33.84,,
hamburg,53.56,10.0,2026-06-23 12:00:43,2026-04-17 23:59:59,18.4,6.5,0.0,33740.1406,106.8498,12.4291,25.92,6.0553,
hamburg,53.56,10.0,2026-06-23 12:00:43,2026-04-18 23:59:59,18.4,10.35,0.9,35912.9453,180.886,11.9032,26.28,8.4904,
hamburg,53.56,10.0,2026-06-23 12:00:43,2026-04-19 23:59:59,11.95,7.6,1.3,4420.6758,324.72,15.7178,36.36,12.7062,
hamburg,53.56,10.0,2026-06-23 12:00:43,2026-04-20 23:59:59,11.4,2.5,12.1,28800.0,23.8263,21.02,48.96,16.6135,
hamburg,53.56,10.0,2026-06-23 12:00:43,2026-04-21 23:59:59,11.65,2.9,0.0,49667.7422,45.3901,14.5299,36.36,11.7261,
hamburg,53.56,10.0,2026-06-23 12:00:43,2026-04-22 23:59:59,15.25,1.7,0.0,49762.8594,304.6444,13.4411,29.88,8.2402,
hamburg,53.56,10.0,2026-06-23 12:00:43,2026-04-23 23:59:59,13.35,4.85,0.0,49895.043,293.1387,21.7941,47.88,17.0348,
hamburg,53.56,10.0,2026-06-23 12:00:43,2026-04-24 23:59:59,10.926,6.526,0.0,27084.1699,294.4816,19.5232,46.8,17.0098,0.0
hamburg,53.56,10.0,2026-06-23 12:00:43,2026-04-25 23:59:59,11.076,6.126,0.0,32000.502,292.0576,23.9339,57.24,18.8237,0.0
hamburg,53.56,10.0,2026-06-23 12:00:43,2026-04-26 23:59:59,14.276,2.826,0.0,49561.5,305.795,12.6,35.28,6.5034,0.0
hamburg,53.56,10.0,2026-06-23 12:00:43,2026-04-27 23:59:59,13.8235,2.9235,0.0,44176.9688,13.8407,12.3873,26.28,7.4791,1.3333
hamburg,53.56,10.0,2026-06-23 12:00:43,2026-04-28 23:59:59,15.0735,5.3235,0.0,49672.7344,56.5388,17.2837,37.8,11.8347,0.0
hamburg,53.56,10.0,2026-06-23 12:00:43,2026-04-29 23:59:59,15.9235,4.8735,0.0,50865.6328,60.5702,13.6847,29.16,8.1526,0.0
hamburg,53.56,10.0,2026-06-23 12:00:43,2026-04-30 23:59:59,19.2735,6.7735,0.0,50818.3945,107.464,9.1145,20.16,4.5752,0.0
hamburg,53.56,10.0,2026-06-23 12:00:43,2026-05-01 23:59:59,22.5735,8.1235,0.0,51192.6016,142.9312,13.0447,27.72,6.9751,0.0
hamburg,53.56,10.0,2026-06-23 12:00:43,2026-05-02 23:59:59,26.2735,11.3735,0.0,50400.0,199.3912,15.9785,36.0,9.8864,0.0
hamburg,53.56,10.0,2026-06-23 12:00:43,2026-05-03 23:59:59,25.0735,14.1235,2.4,38025.5195,220.9503,20.1889,42.48,9.0736,13.0833
hamburg,53.56,10.0,2026-06-23 12:00:43,2026-05-04 23:59:59,17.4235,11.9735,0.0,43200.0,290.8085,16.5208,32.4,11.5296,0.3333
hamburg,53.56,10.0,2026-06-23 12:00:43,2026-05-05 23:59:59,13.3235,8.4735,6.7,1299.8412,37.3869,11.8855,25.56,9.5796,34.5833
hamburg,53.56,10.0,2026-06-23 12:00:43,2026-05-06 23:59:59,12.7235,9.1235,2.8,0.0,46.7801,14.0215,30.6,11.7086,62.0
hamburg,53.56,10.0,2026-06-23 12:00:43,2026-05-07 23:59:59,15.3235,7.5235,0.0,46011.2227,68.6056,14.4942,30.24,11.9468,2.4167
hamburg,53.56,10.0,2026-06-23 12:00:43,2026-05-08 23:59:59,16.4735,6.2735,0.0,51310.1797,86.4476,14.1458,31.32,9.3704,0.0
hamburg,53.56,10.0,2026-06-23 12:00:43,2026-05-09 23:59:59,16.3235,6.9235,0.0,41377.9727,116.565,10.7398,22.68,7.6078,0.0
hamburg,53.56,10.0,2026-06-23 12:00:43,2026-05-10 23:59:59,18.1235,10.4235,0.0,30593.2676,42.9229,12.2241,25.92,5.921,0.5417
hamburg,53.56,10.0,2026-06-23 12:00:43,2026-05-11 23:59:59,11.8735,6.5735,6.7,6764.5181,315.1887,18.3459,46.8,12.428,27.0
hamburg,53.56,10.0,2026-06-23 12:00:43,2026-05-12 23:59:59,10.9235,5.0735,3.9,12050.4609,286.5892,20.9914,44.64,10.7769,17.0833
hamburg,53.56,10.0,2026-06-23 12:00:43,2026-05-13 23:59:59,13.2735,7.0235,4.6,42853.1172,250.9659,23.5766,45.0,11.6384,50.9583
hamburg,53.56,10.0,2026-06-23 12:00:43,2026-05-14 23:59:59,12.1735,7.0735,3.1,12270.8525,251.0914,11.9018,28.8,6.2724,42.75
hamburg,53.56,10.0,2026-06-23 12:00:43,2026-05-15 23:59:59,14.3735,4.3235,1.1,44124.5547,236.1721,16.0876,40.32,9.4304,12.0417
hamburg,53.56,10.0,2026-06-23 12:00:43,2026-05-16 23:59:59,12.1735,6.6735,2.8,36553.4102,244.0594,21.243,45.0,12.7068,22.4583
hamburg,53.56,10.0,2026-06-23 12:00:43,2026-05-17 23:59:59,16.1235,6.4735,0.2,22794.1113,182.9886,13.7791,32.76,8.0869,5.75
hamburg,53.56,10.0,2026-06-23 12:00:43,2026-05-18 23:59:59,19.1235,11.4735,5.6,21629.1133,168.2195,15.8441,35.64,8.4264,44.0
hamburg,53.56,10.0,2026-06-23 12:00:43,2026-05-19 23:59:59,18.7735,9.4235,0.0,37734.8984,202.6772,12.0694,25.56,7.6464,9.5
hamburg,53.56,10.0,2026-06-23 12:00:43,2026-05-20 23:59:59,17.9235,12.6235,10.0,11997.8457,213.7858,14.3865,38.16,8.8248,54.0833
hamburg,53.56,10.0,2026-06-23 12:00:43,2026-05-21 23:59:59,19.2235,12.8735,0.0,25966.9922,261.9168,15.1243,32.4,8.7765,0.7083
hamburg,53.56,10.0,2026-06-23 12:00:43,2026-05-22 23:59:59,22.5735,12.6235,0.0,42104.1172,264.9576,7.4216,17.64,4.4364,0.0
hamburg,53.56,10.0,2026-06-23 12:00:43,2026-05-23 23:59:59,27.7735,13.4735,0.0,52437.0234,198.0479,9.36,22.68,6.468,0.0
hamburg,53.56,10.0,2026-06-23 12:00:43,2026-05-24 23:59:59,22.8235,16.1235,1.0,51764.1719,333.5885,16.18,34.2,10.1674,0.0
hamburg,53.56,10.0,2026-06-23 12:00:43,2026-05-25 23:59:59,25.2735,13.3735,0.0,54000.0,305.126,13.494,28.44,6.4874,0.0
hamburg,53.56,10.0,2026-06-23 12:00:43,2026-05-26 23:59:59,29.6235,15.4235,0.0,54393.3398,273.9249,16.204,35.64,9.9334,0.0
hamburg,53.56,10.0,2026-06-23 12:00:43,2026-05-27 23:59:59,20.0235,11.5235,0.0,54833.6406,324.6753,16.8317,36.36,13.2897,0.0
hamburg,53.56,10.0,2026-06-23 12:00:43,2026-05-28 23:59:59,20.3735,8.6735,0.0,54808.4688,317.7563,10.5879,24.12,7.8055,0.0
hamburg,53.56,10.0,2026-06-23 12:00:43,2026-05-29 23:59:59,27.1235,11.0235,4.2,47584.5312,201.7757,18.7096,65.88,8.5834,6.2083
hamburg,53.56,10.0,2026-06-23 12:00:43,2026-05-30 23:59:59,21.3235,13.4735,0.0,52362.332,297.7795,18.0036,42.12,13.4387,0.0
hamburg,53.56,10.0,2026-06-23 12:00:43,2026-05-31 23:59:59,22.2735,11.5735,0.0,42993.8828,343.9821,11.9181,23.76,5.3673,0.6667
hamburg,53.56,10.0,2026-06-23 12:00:43,2026-06-01 23:59:59,21.9235,13.4735,0.0,43237.6641,275.2168,12.0748,27.36,5.6616,0.0
hamburg,53.56,10.0,2026-06-23 12:00:43,2026-06-02 23:59:59,25.1235,14.4235,1.5,35520.75,150.0835,16.172,34.2,11.0769,5.7083
hamburg,53.56,10.0,2026-06-23 12:00:43,2026-06-03 23:59:59,20.5735,15.5735,12.3,41334.9727,225.7022,21.4857,43.2,13.0024,28.125
hamburg,53.56,10.0,2026-06-23 12:00:43,2026-06-04 23:59:59,19.6235,14.8735,13.0,4864.9502,191.4299,17.7863,48.6,13.3351,47.875
hamburg,53.56,10.0,2026-06-23 12:00:43,2026-06-05 23:59:59,18.7235,13.0235,2.9,32753.2676,234.2355,18.0,36.36,11.4226,24.6667
hamburg,53.56,10.0,2026-06-23 12:00:43,2026-06-06 23:59:59,21.7735,12.5735,1.9,35445.9688,165.0345,13.3783,34.56,7.56,15.0
hamburg,53.56,10.0,2026-06-23 12:00:43,2026-06-07 23:59:59,18.4735,15.0235,1.4,8150.9561,235.5338,20.9914,43.56,11.9884,25.5833
hamburg,53.56,10.0,2026-06-23 12:00:43,2026-06-08 23:59:59,22.7235,12.3235,0.0,28484.5781,159.541,13.5563,28.44,7.6019,0.0
hamburg,53.56,10.0,2026-06-23 12:00:43,2026-06-09 23:59:59,18.3735,13.1735,4.8,26235.1035,250.8931,17.6106,48.24,13.3328,45.0
hamburg,53.56,10.0,2026-06-23 12:00:43,2026-06-10 23:59:59,18.9735,10.1735,2.6,44357.5664,241.1166,20.8707,46.44,9.8194,21.1667
hamburg,53.56,10.0,2026-06-23 12:00:43,2026-06-25 23:59:59,30.065,20.0839,0.0,54461.5,345.3862,9.2556,24.84,6.4413,0.0
hamburg,53.56,10.0,2026-06-23 12:00:43,2026-06-26 23:59:59,35.015,18.565,0.0,58354.3086,124.5835,12.8898,33.48,8.3766,0.0
hamburg,53.56,10.0,2026-06-23 12:00:43,2026-06-27 23:59:59,37.715,22.765,0.9,56454.3164,169.3237,9.4496,30.24,7.1193,7.4583
hamburg,53.56,10.0,2026-06-23 12:00:43,2026-06-28 23:59:59,29.626,21.226,6.3,59718.2969,322.1324,14.5121,33.57,9.6052,20.9896
freiburg,48.0,7.84,2026-06-23 12:00:43,2026-04-16 23:59:59,18.8,5.9,,,,7.1322,20.16,,
freiburg,48.0,7.84,2026-06-23 12:00:43,2026-04-17 23:59:59,19.6,6.8,0.0,46800.0,156.9032,10.0945,20.16,4.3573,
freiburg,48.0,7.84,2026-06-23 12:00:43,2026-04-18 23:59:59,21.75,8.6,0.0,46800.0,279.4622,6.4248,16.56,3.1435,
freiburg,48.0,7.84,2026-06-23 12:00:43,2026-04-19 23:59:59,16.3,7.55,1.0,46216.3125,11.5065,14.6509,33.48,7.2964,
freiburg,48.0,7.84,2026-06-23 12:00:43,2026-04-20 23:59:59,15.3,4.25,0.0,46800.0,14.5247,14.6697,33.84,6.2223,
freiburg,48.0,7.84,2026-06-23 12:00:43,2026-04-21 23:59:59,14.6,3.1,0.0,46800.0,23.8705,18.0333,42.48,9.6212,
freiburg,48.0,7.84,2026-06-23 12:00:43,2026-04-22 23:59:59,17.05,3.15,0.0,47034.2344,36.7569,14.7962,33.84,9.3397,
freiburg,48.0,7.84,2026-06-23 12:00:43,2026-04-23 23:59:59,18.4,2.0,0.0,46979.332,358.341,16.9238,36.72,6.9648,
freiburg,48.0,7.84,2026-06-23 12:00:43,2026-04-24 23:59:59,21.5155,2.4655,0.0,46914.7461,14.3311,11.9018,24.84,5.6115,0.0
freiburg,48.0,7.84,2026-06-23 12:00:43,2026-04-25 23:59:59,21.7655,3.9155,0.0,46863.8359,38.0061,10.3088,20.88,4.6291,0.0
freiburg,48.0,7.84,2026-06-23 12:00:43,2026-04-26 23:59:59,21.8155,4.3155,0.0,46800.0,11.9536,16.9468,33.12,7.5305,0.0
freiburg,48.0,7.84,2026-06-23 12:00:43,2026-04-27 23:59:59,21.898,6.848,0.0,46800.0,348.7894,11.3842,26.64,5.1307,0.0
freiburg,48.0,7.84,2026-06-23 12:00:43,2026-04-28 23:59:59,21.598,9.198,0.0,34125.3203,146.6337,7.4216,18.36,4.743,0.0
freiburg,48.0,7.84,2026-06-23 12:00:43,2026-04-29 23:59:59,22.848,9.298,0.0,43317.5508,61.5279,20.5232,43.92,9.0482,0.0
freiburg,48.0,7.84,2026-06-23 12:00:43,2026-04-30 23:59:59,21.048,9.898,0.0,47772.5898,94.9295,25.0711,55.8,14.2515,0.0
freiburg,48.0,7.84,2026-06-23 12:00:43,2026-05-01 23:59:59,22.948,6.098,0.0,48058.2383,103.9248,22.4069,52.2,6.5475,0.0
freiburg,48.0,7.84,2026-06-23 12:00:43,2026-05-02 23:59:59,26.298,10.498,0.0,46900.7227,179.3969,9.2205,23.04,5.8704,1.625
freiburg,48.0,7.84,2026-06-23 12:00:43,2026-05-03 23:59:59,24.298,14.348,0.0,28520.3164,201.529,19.8098,47.52,8.2535,2.625
freiburg,48.0,7.84,2026-06-23 12:00:43,2026-05-04 23:59:59,20.148,14.048,0.8,19564.9258,179.3013,11.4862,27.0,6.1197,10.0833
freiburg,48.0,7.84,2026-06-23 12:00:43,2026-05-05 23:59:59,18.298,11.598,2.2,6850.0654,196.154,13.3589,33.84,6.2163,29.9583
freiburg,48.0,7.84,2026-06-23 12:00:43,2026-05-06 23:59:59,15.348,10.648,10.9,15441.877,198.7232,18.8751,47.16,11.2867,39.0833
freiburg,48.0,7.84,2026-06-23 12:00:43,2026-05-07 23:59:59,15.348,10.098,7.6,32905.9805,244.9574,14.2416,39.24,6.4604,43.5417
freiburg,48.0,7.84,2026-06-23 12:00:43,2026-05-08 23:59:59,20.348,6.298,0.0,48483.3477,353.956,10.1377,23.76,5.0217,0.2083
freiburg,48.0,7.84,2026-06-23 12:00:43,2026-05-09 23:59:59,23.798,10.248,0.0,48012.6367,0.7117,12.0748,27.72,5.6095,0.2083
freiburg,48.0,7.84,2026-06-23 12:00:43,2026-05-10 23:59:59,20.148,10.548,0.3,26527.082,206.1103,16.7816,41.4,6.2912,13.9583
freiburg,48.0,7.84,2026-06-23 12:00:43,2026-05-11 23:59:59,15.948,7.748,27.3,5019.4771,217.4259,21.6749,52.2,14.0791,48.125
freiburg,48.0,7.84,2026-06-23 12:00:43,2026-05-12 23:59:59,13.598,5.648,1.1,48350.6016,302.0853,11.2698,33.48,7.5049,20.3333
freiburg,48.0,7.84,2026-06-23 12:00:43,2026-05-13 23:59:59,15.398,3.698,1.9,28332.3438,216.5211,18.5984,46.44,12.3405,7.1667
freiburg,48.0,7.84,2026-06-23 12:00:43,2026-05-14 23:59:59,13.498,7.748,4.4,30129.0859,214.1777,16.7506,47.52,13.3186,36.875
freiburg,48.0,7.84,2026-06-23 12:00:43,2026-05-15 23:59:59,11.998,6.598,4.0,25512.7832,240.1729,10.3902,34.92,5.5723,62.1667
freiburg,48.0,7.84,2026-06-23 12:00:43,2026-05-16 23:59:59,13.398,5.198,0.6,35929.3828,208.2663,10.6854,27.0,5.7106,26.875
freiburg,48.0,7.84,2026-06-23 12:00:43,2026-05-17 23:59:59,17.698,4.998,0.0,52124.1367,198.5831,10.3088,23.76,7.1823,0.125
freiburg,48.0,7.84,2026-06-23 12:00:43,2026-05-18 23:59:59,16.648,9.398,2.3,32490.5918,191.7736,13.0447,34.92,8.4705,46.7083
freiburg,48.0,7.84,2026-06-23 12:00:43,2026-05-19 23:59:59,18.148,7.298,0.1,45242.5508,201.1343,12.7228,30.96,6.7279,4.0417
freiburg,48.0,7.84,2026-06-23 12:00:43,2026-05-20 23:59:59,19.148,13.298,1.2,26918.8047,213.1113,16.642,41.4,10.097,14.5
freiburg,48.0,7.84,2026-06-23 12:00:43,2026-05-21 23:59:59,24.248,10.898,0.0,50605.7812,29.0545,12.1443,30.6,7.7481,0.0
freiburg,48.0,7.84,2026-06-23 12:00:43,2026-05-22 23:59:59,27.048,13.048,0.0,53821.8164,2.2025,9.8261,23.04,6.3619,0.0
freiburg,48.0,7.84,2026-06-23 12:00:43,2026-05-23 23:59:59,29.048,13.898,0.0,54000.0,10.7438,12.6462,29.52,7.0019,0.0
freiburg,48.0,7.84,2026-06-23 12:00:43,2026-05-24 23:59:59,31.348,15.798,0.0,51221.8711,8.4984,17.4145,39.96,8.138,0.0
freiburg,48.0,7.84,2026-06-23 12:00:43,2026-05-25 23:59:59,31.048,16.348,0.0,52053.9727,17.908,12.3716,28.44,6.6619,0.0
freiburg,48.0,7.84,2026-06-23 12:00:43,2026-05-26 23:59:59,31.998,16.398,0.0,53872.3086,182.7263,9.1994,21.24,5.0498,0.0
freiburg,48.0,7.84,2026-06-23 12:00:43,2026-05-27 23:59:59,31.298,18.198,0.0,54000.0,30.916,11.88,27.0,7.4623,0.0
freiburg,48.0,7.84,2026-06-23 12:00:43,2026-05-28 23:59:59,28.198,16.048,0.0,54000.0,11.1546,15.1884,32.4,7.7612,0.0
freiburg,48.0,7.84,2026-06-23 12:00:43,2026-05-29 23:59:59,29.498,14.948,0.0,54000.0,20.6437,13.0099,32.04,7.5652,0.0
freiburg,48.0,7.84,2026-06-23 12:00:43,2026-05-30 23:59:59,30.648,17.698,0.0,47007.043,85.2366,10.3088,22.32,6.0549,0.0
freiburg,48.0,7.84,2026-06-23 12:00:43,2026-05-31 23:59:59,28.648,17.098,7.9,33947.0039,213.1228,16.172,45.72,8.3509,34.0833
freiburg,48.0,7.84,2026-06-23 12:00:43,2026-06-01 23:59:59,24.448,16.798,0.6,48951.1797,207.4075,8.6998,18.72,4.5004,5.7083
freiburg,48.0,7.84,2026-06-23 12:00:43,2026-06-02 23:59:59,25.798,14.698,4.5,25787.3574,200.761,21.0284,57.6,9.2265,24.9583
freiburg,48.0,7.84,2026-06-23 12:00:43,2026-06-03 23:59:59,19.898,13.998,2.2,27802.9062,211.2028,16.7468,41.04,13.2643,9.5
freiburg,48.0,7.84,2026-06-23 12:00:43,2026-06-04 23:59:59,20.948,14.548,7.4,5643.5059,208.9002,20.8085,49.32,15.4356,29.0417
freiburg,48.0,7.84,2026-06-23 12:00:43,2026-06-05 23:59:59,20.098,13.048,0.2,40089.6406,210.0369,14.3369,35.28,7.9486,4.2083
freiburg,48.0,7.84,2026-06-23 12:00:43,2026-06-06 23:59:59,23.698,10.148,0.0,42840.8516,213.1113,13.281,33.48,7.2561,2.375
freiburg,48.0,7.84,2026-06-23 12:00:43,2026-06-07 23:59:59,23.548,15.598,0.0,52387.8438,217.3584,10.7036,28.08,7.2716,0.375
freiburg,48.0,7.84,2026-06-23 12:00:43,2026-06-08 23:59:59,27.498,12.198,0.9,33264.2656,216.3844,16.7042,41.04,5.897,20.5
freiburg,48.0,7.84,2026-06-23 12:00:43,2026-06-09 23:59:59,20.348,14.698,1.1,14869.3867,225.4511,13.0497,33.84,7.8571,19.9167
freiburg,48.0,7.84,2026-06-23 12:00:43,2026-06-10 23:59:59,16.998,12.398,0.9,17413.1699,200.7641,12.7686,41.4,5.598,23.4167
freiburg,48.0,7.84,2026-06-23 12:00:43,2026-06-25 23:59:59,37.231,22.0812,0.0,54000.0,62.0809,11.682,29.88,6.3674,0.0
freiburg,48.0,7.84,2026-06-23 12:00:43,2026-06-26 23:59:59,37.681,22.431,0.0,53842.332,26.8472,6.5694,19.44,4.6534,0.0
freiburg,48.0,7.84,2026-06-23 12:00:43,2026-06-27 23:59:59,38.031,24.031,0.6,54622.9922,203.7415,12.5588,34.2,6.7449,5.125
freiburg,48.0,7.84,2026-06-23 12:00:43,2026-06-28 23:59:59,35.8655,23.4155,2.1,53373.707,160.2144,15.9791,37.8,7.8369,4.75
leipzig,51.34,12.38,2026-06-23 12:00:43,2026-04-16 23:59:59,19.05,8.6,,,,11.1832,27.0,,
leipzig,51.34,12.38,2026-06-23 12:00:43,2026-04-17 23:59:59,19.35,7.35,0.0,45055.6133,50.1326,12.273,23.4,6.2742,
leipzig,51.34,12.38,2026-06-23 12:00:43,2026-04-18 23:59:59,21.7,9.85,1.9,30612.7148,164.6822,20.0221,43.2,7.45,
leipzig,51.34,12.38,2026-06-23 12:00:43,2026-04-19 23:59:59,13.25,6.4,21.2,8133.8179,305.3565,26.0111,55.08,12.8404,
leipzig,51.34,12.38,2026-06-23 12:00:43,2026-04-20 23:59:59,6.65,4.0,7.4,0.0,299.7448,21.3009,45.0,16.5443,
leipzig,51.34,12.38,2026-06-23 12:00:43,2026-04-21 23:59:59,12.0,2.6,0.1,44584.4414,17.0762,13.888,34.2,9.8919,
leipzig,51.34,12.38,2026-06-23 12:00:43,2026-04-22 23:59:59,13.85,1.6,0.0,50013.2969,326.8651,12.3481,30.24,8.4729,
leipzig,51.34,12.38,2026-06-23 12:00:43,2026-04-23 23:59:59,15.25,4.95,0.0,50135.6016,300.2919,16.9286,41.76,12.5356,
leipzig,51.34,12.38,2026-06-23 12:00:43,2026-04-24 23:59:59,14.176,3.826,0.0,35235.6211,304.1269,13.8962,28.8,9.4479,0.0
leipzig,51.34,12.38,2026-06-23 12:00:43,2026-04-25 23:59:59,17.176,4.576,0.0,38987.2656,297.5198,17.2086,35.64,10.3233,0.0
leipzig,51.34,12.38,2026-06-23 12:00:43,2026-04-26 23:59:59,13.376,3.526,0.0,46800.0,330.3639,15.2735,34.92,6.352,0.0
leipzig,51.34,12.38,2026-06-23 12:00:43,2026-04-27 23:59:59,16.613,4.363,0.0,46257.4648,7.3263,9.0288,18.72,4.0928,0.0
leipzig,51.34,12.38,2026-06-23 12:00:43,2026-04-28 23:59:59,16.063,5.613,0.0,45854.4844,55.1369,14.278,35.64,10.4729,0.0
leipzig,51.34,12.38,2026-06-23 12:00:43,2026-04-29 23:59:59,14.213,3.563,0.0,50400.0,71.6831,16.4855,43.56,11.7426,0.0
leipzig,51.34,12.38,2026-06-23 12:00:43,2026-04-30 23:59:59,16.863,2.513,0.0,50400.0,94.5264,9.1074,25.56,4.2888,0.0
leipzig,51.34,12.38,2026-06-23 12:00:43,2026-05-01 23:59:59,21.563,6.863,0.0,50400.0,122.0573,7.6368,19.8,3.2288,0.0
leipzig,51.34,12.38,2026-06-23 12:00:43,2026-05-02 23:59:59,26.513,10.363,0.0,50400.0,172.7421,9.7798,26.28,6.7523,0.0
leipzig,51.34,12.38,2026-06-23 12:00:43,2026-05-03 23:59:59,27.863,13.563,0.0,46156.4688,205.9743,10.9667,25.92,6.7319,1.0833
leipzig,51.34,12.38,2026-06-23 12:00:43,2026-05-04 23:59:59,22.463,15.713,1.8,37787.4297,263.1057,9.0288,25.2,5.6694,5.4167
leipzig,51.34,12.38,2026-06-23 12:00:43,2026-05-05 23:59:59,19.863,14.163,4.9,10423.0352,17.2943,10.2963,26.64,6.0971,38.7917
leipzig,51.34,12.38,2026-06-23 12:00:43,2026-05-06 23:59:59,18.663,12.313,12.8,18161.8027,39.9575,14.0215,36.36,7.8434,54.2917
leipzig,51.34,12.38,2026-06-23 12:00:43,2026-05-07 23:59:59,11.613,8.013,30.6,0.0,32.1469,11.682,27.72,8.2306,84.6667
leipzig,51.34,12.38,2026-06-23 12:00:43,2026-05-08 23:59:59,11.763,8.163,0.0,525.1351,47.3718,7.4911,19.08,5.4879,0.7083
leipzig,51.34,12.38,2026-06-23 12:00:43,2026-05-09 23:59:59,16.963,10.013,0.0,33023.1445,83.1137,10.6307,26.64,6.535,0.125
leipzig,51.34,12.38,2026-06-23 12:00:43,2026-05-10 23:59:59,21.963,8.913,0.0,40139.082,93.6705,8.7666,21.96,4.601,2.625
leipzig,51.34,12.38,2026-06-23 12:00:43,2026-05-11 23:59:59,18.263,7.663,2.5,9938.5215,270.3183,16.2917,45.36,11.0923,18.2083
leipzig,51.34,12.38,2026-06-23 12:00:43,2026-05-12 23:59:59,8.213,5.263,5.3,15050.7598,261.6761,19.2019,51.48,12.6364,40.7917
leipzig,51.34,12.38,2026-06-23 12:00:43,2026-05-13 23:59:59,13.313,6.613,3.2,21108.8848,230.0215,17.4628,41.76,11.2349,53.5833
leipzig,51.34,12.38,2026-06-23 12:00:43,2026-05-14 23:59:59,14.663,8.263,4.5,30646.3008,226.0781,14.4942,45.72,9.1634,50.5417
leipzig,51.34,12.38,2026-06-23 12:00:43,2026-05-15 23:59:59,14.363,3.763,1.3,37980.0938,277.8604,13.3394,27.36,4.8284,10.4583
leipzig,51.34,12.38,2026-06-23 12:00:43,2026-05-16 23:59:59,14.013,5.113,0.1,50400.0,261.329,12.4343,33.48,7.3337,1.2083
leipzig,51.34,12.38,2026-06-23 12:00:43,2026-05-17 23:59:59,17.613,6.463,5.8,48798.7109,200.216,9.7267,25.56,5.5844,0.875
leipzig,51.34,12.38,2026-06-23 12:00:43,2026-05-18 23:59:59,20.963,8.313,0.0,46778.6055,189.0114,9.3669,29.16,5.2736,1.5
leipzig,51.34,12.38,2026-06-23 12:00:43,2026-05-19 23:59:59,20.313,9.163,0.0,44298.4414,267.6627,8.6699,24.84,5.776,2.875
leipzig,51.34,12.38,2026-06-23 12:00:43,2026-05-20 23:59:59,19.913,13.913,2.0,25626.7266,231.9366,16.3948,37.08,8.3644,33.5833
leipzig,51.34,12.38,2026-06-23 12:00:43,2026-05-21 23:59:59,20.363,13.063,0.3,39194.8906,272.7554,10.0284,35.64,6.3814,0.7083
leipzig,51.34,12.38,2026-06-23 12:00:43,2026-05-22 23:59:59,24.713,13.063,0.0,52477.8594,7.5947,7.0912,14.76,4.1005,0.0
leipzig,51.34,12.38,2026-06-23 12:00:43,2026-05-23 23:59:59,28.313,15.313,0.0,52877.1367,6.7095,7.7043,16.2,3.8434,0.0
leipzig,51.34,12.38,2026-06-23 12:00:43,2026-05-24 23:59:59,28.763,17.513,0.0,53137.918,309.8767,13.8962,36.36,7.8691,0.0
leipzig,51.34,12.38,2026-06-23 12:00:43,2026-05-25 23:59:59,26.163,14.413,0.0,52972.9727,351.8993,8.0498,19.44,4.4182,0.0
leipzig,51.34,12.38,2026-06-23 12:00:43,2026-05-26 23:59:59,29.163,15.063,0.0,53590.1953,274.2678,6.12,15.12,3.3114,0.0
leipzig,51.34,12.38,2026-06-23 12:00:43,2026-05-27 23:59:59,23.063,15.463,0.0,54272.6328,328.8524,14.6543,36.36,9.7365,0.0
leipzig,51.34,12.38,2026-06-23 12:00:43,2026-05-28 23:59:59,21.413,9.963,0.0,54685.0273,329.6926,10.2963,27.72,6.3954,0.0
leipzig,51.34,12.38,2026-06-23 12:00:43,2026-05-29 23:59:59,26.913,10.963,0.0,53716.6914,230.5853,14.0215,33.12,4.5877,0.2083
leipzig,51.34,12.38,2026-06-23 12:00:43,2026-05-30 23:59:59,23.963,16.813,2.3,45986.9531,305.3732,17.2387,40.68,10.088,6.4583
leipzig,51.34,12.38,2026-06-23 12:00:43,2026-05-31 23:59:59,22.563,14.613,9.4,28957.7168,270.4244,15.5968,35.28,5.4522,35.0
leipzig,51.34,12.38,2026-06-23 12:00:43,2026-06-01 23:59:59,23.113,15.563,0.8,41613.1445,295.5061,11.5929,30.24,7.2064,9.3333
leipzig,51.34,12.38,2026-06-23 12:00:43,2026-06-02 23:59:59,26.263,15.163,0.1,47432.8867,153.8433,16.9238,37.44,7.2295,0.9583
leipzig,51.34,12.38,2026-06-23 12:00:43,2026-06-03 23:59:59,21.063,15.713,1.5,24404.2148,246.1342,14.0815,39.96,11.142,11.125
leipzig,51.34,12.38,2026-06-23 12:00:43,2026-06-04 23:59:59,23.213,14.563,0.9,11954.0439,206.565,15.4087,42.84,11.891,19.8333
leipzig,51.34,12.38,2026-06-23 12:00:43,2026-06-05 23:59:59,21.663,14.363,0.4,39939.9883,248.2556,15.6838,39.6,9.2846,6.25
leipzig,51.34,12.38,2026-06-23 12:00:43,2026-06-06 23:59:59,24.663,12.663,0.0,49907.7891,186.0576,11.967,26.28,4.6618,0.9583
leipzig,51.34,12.38,2026-06-23 12:00:43,2026-06-07 23:59:59,21.663,14.363,2.5,53320.3906,265.5853,15.9053,42.48,10.3512,10.625
leipzig,51.34,12.38,2026-06-23 12:00:43,2026-06-08 23:59:59,26.463,13.763,0.0,40110.2734,146.853,10.7036,24.48,5.6783,0.125
leipzig,51.34,12.38,2026-06-23 12:00:43,2026-06-09 23:59:59,20.413,16.213,0.7,29421.0078,261.007,17.4628,46.8,10.1409,13.125
leipzig,51.34,12.38,2026-06-23 12:00:43,2026-06-10 23:59:59,20.163,12.463,0.0,36879.3945,246.6147,13.237,36.0,7.3953,5.7917
leipzig,51.34,12.38,2026-06-23 12:00:43,2026-06-25 23:59:59,33.615,21.876,0.0,55079.6758,350.6493,6.5694,20.52,4.0887,0.0
leipzig,51.34,12.38,2026-06-23 12:00:43,2026-06-26 23:59:59,35.115,20.415,0.0,56130.5234,75.9637,7.9527,24.48,5.1554,0.0
leipzig,51.34,12.38,2026-06-23 12:00:43,2026-06-27 23:59:59,37.915,22.115,0.0,58079.2422,154.6786,6.9899,22.32,5.344,0.0
leipzig,51.34,12.38,2026-06-23 12:00:43,2026-06-28 23:59:59,37.476,24.465,1.5,48084.0,299.9917,14.9346,52.56,7.6737,6.4167
frankfurt,50.12,8.68,2026-06-23 12:00:43,2026-04-16 23:59:59,19.55,8.8,,,,10.2616,26.28,,
frankfurt,50.12,8.68,2026-06-23 12:00:43,2026-04-17 23:59:59,22.05,8.5,0.0,43981.375,54.6105,7.0935,19.08,4.1281,
frankfurt,50.12,8.68,2026-06-23 12:00:43,2026-04-18 23:59:59,22.55,9.7,0.0,45187.8906,14.1948,12.5743,25.56,5.8029,
frankfurt,50.12,8.68,2026-06-23 12:00:43,2026-04-19 23:59:59,15.55,8.65,2.4,39600.0,334.1678,17.8264,41.04,10.6287,
frankfurt,50.12,8.68,2026-06-23 12:00:43,2026-04-20 23:59:59,13.6,5.5,0.0,45029.1523,359.823,12.5807,27.72,7.6872,
frankfurt,50.12,8.68,2026-06-23 12:00:43,2026-04-21 23:59:59,14.25,6.05,0.4,45198.1133,40.7759,17.8209,44.28,13.8212,
frankfurt,50.12,8.68,2026-06-23 12:00:43,2026-04-22 23:59:59,16.5,4.2,0.0,47599.2969,33.6425,12.842,30.6,10.231,
frankfurt,50.12,8.68,2026-06-23 12:00:43,2026-04-23 23:59:59,21.0,4.25,0.0,47911.3242,1.304,13.2468,29.88,6.357,
frankfurt,50.12,8.68,2026-06-23 12:00:43,2026-04-24 23:59:59,19.152,4.702,0.0,47109.7031,331.4264,11.0901,24.84,7.521,0.0
frankfurt,50.12,8.68,2026-06-23 12:00:43,2026-04-25 23:59:59,19.202,5.452,0.0,47055.9883,325.792,13.0447,30.24,7.4738,0.0
frankfurt,50.12,8.68,2026-06-23 12:00:43,2026-04-26 23:59:59,17.102,5.302,0.0,47380.8906,31.081,8.4043,20.52,5.8555,0.0
frankfurt,50.12,8.68,2026-06-23 12:00:43,2026-04-27 23:59:59,19.693,5.943,0.0,46944.3203,31.7014,8.2878,20.52,6.0967,0.0
frankfurt,50.12,8.68,2026-06-23 12:00:43,2026-04-28 23:59:59,22.043,9.393,0.0,44147.332,42.0965,18.3353,47.88,11.5866,0.0
frankfurt,50.12,8.68,2026-06-23 12:00:43,2026-04-29 23:59:59,19.643,6.893,0.0,48069.2109,45.4329,18.1184,44.28,13.2327,0.0
frankfurt,50.12,8.68,2026-06-23 12:00:43,2026-04-30 23:59:59,18.893,5.643,0.0,48362.4336,71.3572,15.1884,38.52,11.0439,0.0
frankfurt,50.12,8.68,2026-06-23 12:00:43,2026-05-01 23:59:59,23.993,8.093,0.0,48661.7148,94.7529,10.788,28.08,7.5838,0.0
frankfurt,50.12,8.68,2026-06-23 12:00:43,2026-05-02 23:59:59,26.693,10.493,0.0,48616.2812,155.4542,8.09,22.68,4.5359,0.125
frankfurt,50.12,8.68,2026-06-23 12:00:43,2026-05-03 23:59:59,24.243,13.393,0.2,21284.8574,218.892,14.8432,38.88,7.0218,3.9583
frankfurt,50.12,8.68,2026-06-23 12:00:43,2026-05-04 23:59:59,22.893,11.943,0.1,31993.2793,251.372,9.086,24.12,5.3027,9.5833
frankfurt,50.12,8.68,2026-06-23 12:00:43,2026-05-05 23:59:59,21.243,14.493,3.0,18923.3242,275.8065,9.5043,26.64,4.3268,45.2917
frankfurt,50.12,8.68,2026-06-23 12:00:43,2026-05-06 23:59:59,18.293,12.243,3.9,30125.1406,229.7267,13.2761,39.6,9.0334,20.25
frankfurt,50.12,8.68,2026-06-23 12:00:43,2026-05-07 23:59:59,14.743,10.393,5.0,3916.5164,328.6098,8.7147,21.24,5.2287,1.2917
frankfurt,50.12,8.68,2026-06-23 12:00:43,2026-05-08 23:59:59,18.243,7.093,0.0,42615.832,33.4615,9.2275,22.32,6.5038,0.0
frankfurt,50.12,8.68,2026-06-23 12:00:43,2026-05-09 23:59:59,21.393,7.993,0.0,50874.5117,33.3106,9.9831,24.84,7.1001,0.0
frankfurt,50.12,8.68,2026-06-23 12:00:43,2026-05-10 23:59:59,24.043,11.543,5.7,39938.832,23.4249,12.7584,34.92,8.4077,19.7083
frankfurt,50.12,8.68,2026-06-23 12:00:43,2026-05-11 23:59:59,14.593,8.243,8.5,129.4274,266.2944,12.1016,33.84,8.5129,52.6667
frankfurt,50.12,8.68,2026-06-23 12:00:43,2026-05-12 23:59:59,12.443,4.443,0.1,33390.2969,265.2791,14.4718,42.12,10.6493,8.625
frankfurt,50.12,8.68,2026-06-23 12:00:43,2026-05-13 23:59:59,14.893,7.943,6.1,18621.2344,225.2938,15.7785,48.96,12.5273,45.875
frankfurt,50.12,8.68,2026-06-23 12:00:43,2026-05-14 23:59:59,14.093,7.743,1.8,41887.0469,228.7257,16.5639,39.24,10.7006,56.0833
frankfurt,50.12,8.68,2026-06-23 12:00:43,2026-05-15 23:59:59,14.243,7.293,3.1,25219.5898,317.3533,12.4967,31.68,3.7965,28.7917
frankfurt,50.12,8.68,2026-06-23 12:00:43,2026-05-16 23:59:59,14.593,6.693,2.8,27077.2129,234.7921,11.0901,33.12,5.5356,3.375
frankfurt,50.12,8.68,2026-06-23 12:00:43,2026-05-17 23:59:59,17.693,6.343,0.1,29199.5566,212.6828,11.458,33.12,6.4784,0.3333
frankfurt,50.12,8.68,2026-06-23 12:00:43,2026-05-18 23:59:59,16.793,9.643,1.5,26101.748,227.3468,12.8646,37.08,5.6333,31.125
frankfurt,50.12,8.68,2026-06-23 12:00:43,2026-05-19 23:59:59,18.443,8.793,1.4,19336.8242,205.7156,10.44,26.64,5.1875,11.3333
frankfurt,50.12,8.68,2026-06-23 12:00:43,2026-05-20 23:59:59,20.693,12.993,2.3,18304.2402,230.4224,15.9866,40.32,10.0052,19.0833
frankfurt,50.12,8.68,2026-06-23 12:00:43,2026-05-21 23:59:59,23.993,13.943,0.0,35567.2773,246.5713,11.6208,28.44,6.2322,0.0
frankfurt,50.12,8.68,2026-06-23 12:00:43,2026-05-22 23:59:59,27.593,12.793,0.0,54000.0,68.0455,8.3112,16.56,4.6215,0.0
frankfurt,50.12,8.68,2026-06-23 12:00:43,2026-05-23 23:59:59,30.093,14.193,0.0,54000.0,32.7843,7.5686,16.2,3.3738,0.0
frankfurt,50.12,8.68,2026-06-23 12:00:43,2026-05-24 23:59:59,31.493,15.893,0.0,44239.7148,5.1231,12.5743,32.4,5.0629,0.0
frankfurt,50.12,8.68,2026-06-23 12:00:43,2026-05-25 23:59:59,29.793,16.543,0.0,53591.2266,25.6811,9.0,22.68,7.0907,0.0
frankfurt,50.12,8.68,2026-06-23 12:00:43,2026-05-26 23:59:59,31.393,17.943,0.0,54000.0,24.8531,8.655,21.24,5.6949,0.0
frankfurt,50.12,8.68,2026-06-23 12:00:43,2026-05-27 23:59:59,29.593,17.593,0.0,54000.0,14.608,14.2052,34.92,8.5018,0.5417
frankfurt,50.12,8.68,2026-06-23 12:00:43,2026-05-28 23:59:59,25.743,13.493,0.0,53224.4492,22.8929,9.7931,25.2,7.8151,0.0
frankfurt,50.12,8.68,2026-06-23 12:00:43,2026-05-29 23:59:59,30.743,13.543,1.1,50400.0,24.3994,25.7721,56.16,4.7521,0.0
frankfurt,50.12,8.68,2026-06-23 12:00:43,2026-05-30 23:59:59,28.293,18.043,2.0,41932.3789,265.2501,15.0771,41.4,7.1278,18.4583
frankfurt,50.12,8.68,2026-06-23 12:00:43,2026-05-31 23:59:59,25.343,18.593,2.6,19390.1211,260.9268,13.7838,34.2,7.191,22.625
frankfurt,50.12,8.68,2026-06-23 12:00:43,2026-06-01 23:59:59,23.943,15.893,0.0,51429.5938,250.8663,7.8625,20.52,4.9574,0.4583
frankfurt,50.12,8.68,2026-06-23 12:00:43,2026-06-02 23:59:59,25.243,14.193,4.2,31127.5645,216.4277,17.0573,49.68,8.0072,30.25
frankfurt,50.12,8.68,2026-06-23 12:00:43,2026-06-03 23:59:59,20.543,11.893,0.5,28463.6934,222.0566,15.8564,42.12,10.335,19.0
frankfurt,50.12,8.68,2026-06-23 12:00:43,2026-06-04 23:59:59,19.993,13.393,12.0,0.0,208.2959,15.6465,48.96,12.4079,33.5
frankfurt,50.12,8.68,2026-06-23 12:00:43,2026-06-05 23:59:59,21.243,11.293,0.0,42305.4531,239.1773,12.7686,36.72,7.9531,13.5417
frankfurt,50.12,8.68,2026-06-23 12:00:43,2026-06-06 23:59:59,23.943,10.593,0.4,33054.7891,213.8931,17.3772,38.88,6.4836,6.875
frankfurt,50.12,8.68,2026-06-23 12:00:43,2026-06-07 23:59:59,22.593,13.443,0.0,50665.457,240.772,14.7995,37.44,8.0173,0.0
frankfurt,50.12,8.68,2026-06-23 12:00:43,2026-06-08 23:59:59,25.093,12.393,0.2,34026.3828,196.4021,14.04,33.84,6.7467,4.1667
frankfurt,50.12,8.68,2026-06-23 12:00:43,2026-06-09 23:59:59,21.043,14.393,1.7,38410.9648,249.0012,18.8373,43.56,9.8737,18.5417
frankfurt,50.12,8.68,2026-06-23 12:00:43,2026-06-10 23:59:59,17.993,11.543,0.3,30870.4922,250.2188,12.6616,41.4,6.1754,27.0
frankfurt,50.12,8.68,2026-06-23 12:00:43,2026-06-25 23:59:59,36.1975,23.3941,0.0,54000.0,31.6324,12.0962,32.04,7.4873,0.0
frankfurt,50.12,8.68,2026-06-23 12:00:43,2026-06-26 23:59:59,38.2475,22.1475,0.0,55236.5898,89.002,9.6933,28.44,5.5946,0.0
frankfurt,50.12,8.68,2026-06-23 12:00:43,2026-06-27 23:59:59,39.9975,23.9475,0.0,57248.8086,178.0909,9.8327,26.64,4.4141,0.2083
frankfurt,50.12,8.68,2026-06-23 12:00:43,2026-06-28 23:59:59,33.202,25.402,1.5,40949.7383,321.4813,8.3966,25.92,5.4745,10.2396
darmstadt,49.88,8.64,2026-06-23 12:00:43,2026-04-16 23:59:59,19.7,9.4,,,,12.2849,28.8,,
darmstadt,49.88,8.64,2026-06-23 12:00:43,2026-04-17 23:59:59,22.05,8.7,0.0,46093.4609,139.8305,7.7713,17.64,2.5533,
darmstadt,49.88,8.64,2026-06-23 12:00:43,2026-04-18 23:59:59,21.7,10.05,0.0,44828.1289,347.2888,9.9408,25.92,5.4093,
darmstadt,49.88,8.64,2026-06-23 12:00:43,2026-04-19 23:59:59,15.65,9.2,3.8,43200.0,326.5717,18.5409,43.2,11.2163,
darmstadt,49.88,8.64,2026-06-23 12:00:43,2026-04-20 23:59:59,13.7,5.6,0.0,42850.9531,359.2074,12.3991,26.64,8.1876,
darmstadt,49.88,8.64,2026-06-23 12:00:43,2026-04-21 23:59:59,14.8,5.4,0.2,43656.1836,48.5493,17.2875,42.48,13.514,
darmstadt,49.88,8.64,2026-06-23 12:00:43,2026-04-22 23:59:59,17.15,3.95,0.0,47614.7109,57.9778,12.8306,33.12,11.2387,
darmstadt,49.88,8.64,2026-06-23 12:00:43,2026-04-23 23:59:59,20.7,4.55,0.0,47920.4062,15.0614,13.2468,29.16,7.2098,
darmstadt,49.88,8.64,2026-06-23 12:00:43,2026-04-24 23:59:59,20.9005,4.1505,0.0,47118.5508,316.5765,9.9831,23.04,4.8854,0.0
darmstadt,49.88,8.64,2026-06-23 12:00:43,2026-04-25 23:59:59,21.1005,4.1505,0.0,47065.2812,310.6791,12.5381,28.08,4.8853,0.0
darmstadt,49.88,8.64,2026-06-23 12:00:43,2026-04-26 23:59:59,17.6505,4.5505,0.0,47388.5156,36.0275,10.6915,25.2,6.115,0.0
darmstadt,49.88,8.64,2026-06-23 12:00:43,2026-04-27 23:59:59,20.0045,6.1045,0.0,46935.043,50.0132,7.788,20.52,6.2469,0.0
darmstadt,49.88,8.64,2026-06-23 12:00:43,2026-04-28 23:59:59,22.4545,10.2545,0.0,45468.2422,62.4866,13.4796,36.36,11.0354,0.0
darmstadt,49.88,8.64,2026-06-23 12:00:43,2026-04-29 23:59:59,19.5045,7.5545,0.0,48086.4961,60.5697,16.2679,39.96,12.9813,0.0
darmstadt,49.88,8.64,2026-06-23 12:00:43,2026-04-30 23:59:59,18.7545,6.0545,0.0,48378.4297,78.9836,15.5468,39.24,10.9826,0.0
darmstadt,49.88,8.64,2026-06-23 12:00:43,2026-05-01 23:59:59,24.0545,7.6545,0.0,48293.0234,100.0453,11.2985,28.8,8.4765,0.0
darmstadt,49.88,8.64,2026-06-23 12:00:43,2026-05-02 23:59:59,26.6545,9.7545,0.0,48433.1055,197.1917,7.788,20.52,4.1946,0.0
darmstadt,49.88,8.64,2026-06-23 12:00:43,2026-05-03 23:59:59,24.4545,15.8545,0.5,23354.6211,208.3671,11.967,33.84,8.4626,4.5833
darmstadt,49.88,8.64,2026-06-23 12:00:43,2026-05-04 23:59:59,22.0045,12.6545,0.1,27854.043,239.1535,7.7043,21.6,5.1034,5.7083
darmstadt,49.88,8.64,2026-06-23 12:00:43,2026-05-05 23:59:59,20.4545,13.8045,8.5,15433.3545,217.4568,10.6611,26.64,4.6868,44.5833
darmstadt,49.88,8.64,2026-06-23 12:00:43,2026-05-06 23:59:59,18.6045,11.0045,3.7,35417.3906,234.4495,11.9886,34.2,9.5543,19.5833
darmstadt,49.88,8.64,2026-06-23 12:00:43,2026-05-07 23:59:59,14.4045,9.7545,0.9,11992.5723,265.9433,8.0498,21.96,5.5223,3.1667
darmstadt,49.88,8.64,2026-06-23 12:00:43,2026-05-08 23:59:59,18.1045,7.0545,0.0,47670.2383,65.6653,8.225,22.32,6.0193,0.0
darmstadt,49.88,8.64,2026-06-23 12:00:43,2026-05-09 23:59:59,22.1545,8.6545,0.0,49634.8867,64.3252,8.5571,23.04,7.4686,0.0
darmstadt,49.88,8.64,2026-06-23 12:00:43,2026-05-10 23:59:59,24.8545,11.3545,7.0,39376.7148,73.3769,13.7084,36.72,7.7639,20.0417
darmstadt,49.88,8.64,2026-06-23 12:00:43,2026-05-11 23:59:59,15.3045,7.5545,8.0,5487.958,254.5536,14.8694,40.68,9.7245,49.8333
darmstadt,49.88,8.64,2026-06-23 12:00:43,2026-05-12 23:59:59,11.8045,3.7045,0.3,35679.918,246.1837,15.1114,42.12,9.3624,10.75
darmstadt,49.88,8.64,2026-06-23 12:00:43,2026-05-13 23:59:59,14.0045,7.8045,6.8,7995.6387,217.2126,14.7775,44.28,11.4219,48.2083
darmstadt,49.88,8.64,2026-06-23 12:00:43,2026-05-14 23:59:59,13.3545,7.6045,5.5,36571.832,214.559,13.4796,37.08,10.3181,55.3333
darmstadt,49.88,8.64,2026-06-23 12:00:43,2026-05-15 23:59:59,13.5545,7.0045,4.6,27830.2305,267.0941,12.0318,30.6,4.5235,45.7917
darmstadt,49.88,8.64,2026-06-23 12:00:43,2026-05-16 23:59:59,14.2045,5.4045,0.9,22141.8789,236.0702,10.009,32.76,5.5483,6.0833
darmstadt,49.88,8.64,2026-06-23 12:00:43,2026-05-17 23:59:59,17.0545,7.0045,0.2,31306.998,202.2491,10.0864,32.04,6.7711,0.125
darmstadt,49.88,8.64,2026-06-23 12:00:43,2026-05-18 23:59:59,16.3545,9.1045,2.3,27835.3555,226.7013,11.9018,36.72,5.8089,33.4167
darmstadt,49.88,8.64,2026-06-23 12:00:43,2026-05-19 23:59:59,18.3545,9.0545,1.6,21619.8223,203.8165,9.9831,32.04,6.6987,10.125
darmstadt,49.88,8.64,2026-06-23 12:00:43,2026-05-20 23:59:59,18.7045,13.2045,3.7,6983.1895,222.8073,15.9906,36.36,10.0627,23.2917
darmstadt,49.88,8.64,2026-06-23 12:00:43,2026-05-21 23:59:59,23.1545,13.4045,0.0,39021.9219,226.6537,8.7666,24.12,5.3622,0.0
darmstadt,49.88,8.64,2026-06-23 12:00:43,2026-05-22 23:59:59,27.2545,11.5545,0.0,54000.0,85.4,7.2359,21.6,4.734,0.0
darmstadt,49.88,8.64,2026-06-23 12:00:43,2026-05-23 23:59:59,29.8545,13.0045,0.0,54000.0,20.3442,5.6003,14.04,3.764,0.0
darmstadt,49.88,8.64,2026-06-23 12:00:43,2026-05-24 23:59:59,31.4045,14.3045,0.0,44689.6094,356.9751,11.1193,27.0,5.2156,0.0
darmstadt,49.88,8.64,2026-06-23 12:00:43,2026-05-25 23:59:59,30.0045,14.6545,0.0,54000.0,44.2669,8.6475,22.32,6.1348,0.0
darmstadt,49.88,8.64,2026-06-23 12:00:43,2026-05-26 23:59:59,32.0045,16.5045,0.0,54000.0,51.7889,7.5686,20.88,4.9381,0.0
darmstadt,49.88,8.64,2026-06-23 12:00:43,2026-05-27 23:59:59,30.1045,17.0045,0.0,54000.0,23.3678,12.7584,40.68,7.8058,0.2083
darmstadt,49.88,8.64,2026-06-23 12:00:43,2026-05-28 23:59:59,26.3045,13.3045,0.0,53433.0781,34.6952,8.2093,21.96,6.5749,0.0
darmstadt,49.88,8.64,2026-06-23 12:00:43,2026-05-29 23:59:59,29.7545,11.8545,0.0,50400.0,320.4403,15.63,51.84,3.6429,0.0
darmstadt,49.88,8.64,2026-06-23 12:00:43,2026-05-30 23:59:59,26.7545,18.2045,0.0,35094.3516,250.123,14.2416,36.0,7.2924,10.9583
darmstadt,49.88,8.64,2026-06-23 12:00:43,2026-05-31 23:59:59,24.9545,18.1545,7.3,16149.0254,251.8007,12.2876,38.16,6.9601,21.9167
darmstadt,49.88,8.64,2026-06-23 12:00:43,2026-06-01 23:59:59,24.4545,15.0545,0.0,53199.7812,238.2048,7.5942,21.96,5.0714,0.6667
darmstadt,49.88,8.64,2026-06-23 12:00:43,2026-06-02 23:59:59,25.2545,13.6045,11.3,30328.2988,219.5163,14.7995,47.16,7.0823,26.9583
darmstadt,49.88,8.64,2026-06-23 12:00:43,2026-06-03 23:59:59,19.4545,12.5545,4.2,32455.8555,215.2013,13.2761,37.8,10.3342,16.0833
darmstadt,49.88,8.64,2026-06-23 12:00:43,2026-06-04 23:59:59,19.4545,13.9545,4.4,0.0,201.3289,15.3792,45.72,12.699,28.2083
darmstadt,49.88,8.64,2026-06-23 12:00:43,2026-06-05 23:59:59,20.5045,12.0045,0.1,38294.9414,227.4502,12.2453,33.48,7.8384,14.8333
darmstadt,49.88,8.64,2026-06-23 12:00:43,2026-06-06 23:59:59,24.3045,11.2045,0.1,37879.875,215.5378,11.9181,32.4,5.3337,7.75
darmstadt,49.88,8.64,2026-06-23 12:00:43,2026-06-07 23:59:59,22.4545,13.8045,0.0,53196.1406,239.3038,13.7084,34.92,7.5702,0.0
darmstadt,49.88,8.64,2026-06-23 12:00:43,2026-06-08 23:59:59,24.9045,12.5045,0.6,31350.1797,206.5649,12.5743,30.6,5.7454,8.75
darmstadt,49.88,8.64,2026-06-23 12:00:43,2026-06-09 23:59:59,20.8045,14.5045,2.2,37597.3281,250.3144,16.5952,39.96,9.7291,20.5
darmstadt,49.88,8.64,2026-06-23 12:00:43,2026-06-10 23:59:59,17.3545,11.9545,2.3,24666.3496,242.6502,16.9812,38.52,6.5533,32.2083
darmstadt,49.88,8.64,2026-06-23 12:00:43,2026-06-25 23:59:59,36.5135,23.0693,0.0,54000.0,47.2441,11.5256,32.04,7.6362,0.0
darmstadt,49.88,8.64,2026-06-23 12:00:43,2026-06-26 23:59:59,38.1135,22.0635,0.0,55249.3594,115.5138,7.9689,24.12,6.0928,0.0
darmstadt,49.88,8.64,2026-06-23 12:00:43,2026-06-27 23:59:59,39.6135,23.6635,0.0,56845.6406,167.8378,6.9528,23.04,5.0931,0.7917
darmstadt,49.88,8.64,2026-06-23 12:00:43,2026-06-28 23:59:59,33.5005,25.4505,0.9,40266.4531,311.4674,10.806,29.88,7.6502,9.6667
berlin,52.52,13.4,2026-06-23 12:00:43,2026-04-16 23:59:59,19.8,7.65,,,,10.6093,29.16,,
berlin,52.52,13.4,2026-06-23 12:00:43,2026-04-17 23:59:59,20.25,7.3,0.0,49787.7344,5.8325,13.3795,32.76,7.3731,
berlin,52.52,13.4,2026-06-23 12:00:43,2026-04-18 23:59:59,21.6,7.8,0.2,41134.0469,89.6649,10.4725,22.68,6.303,
berlin,52.52,13.4,2026-06-23 12:00:43,2026-04-19 23:59:59,16.9,4.4,27.3,23872.8359,320.453,27.3606,55.8,13.9498,
berlin,52.52,13.4,2026-06-23 12:00:43,2026-04-20 23:59:59,11.6,3.65,8.5,11871.4766,357.6785,17.6959,38.88,13.5031,
berlin,52.52,13.4,2026-06-23 12:00:43,2026-04-21 23:59:59,13.0,2.05,0.0,50309.293,31.278,14.6421,36.0,11.2438,
berlin,52.52,13.4,2026-06-23 12:00:43,2026-04-22 23:59:59,16.4,1.45,0.0,50400.0,323.6386,15.63,36.72,10.7104,
berlin,52.52,13.4,2026-06-23 12:00:43,2026-04-23 23:59:59,14.8,4.55,0.0,50400.0,293.2814,15.6465,38.52,12.98,
berlin,52.52,13.4,2026-06-23 12:00:43,2026-04-24 23:59:59,14.726,6.126,0.0,33624.9727,291.2103,12.7838,32.76,11.1707,0.0
berlin,52.52,13.4,2026-06-23 12:00:43,2026-04-25 23:59:59,15.876,5.576,0.0,40207.7266,286.7364,20.0892,50.4,15.8083,0.0
berlin,52.52,13.4,2026-06-23 12:00:43,2026-04-26 23:59:59,13.876,3.726,0.0,46800.0,324.9452,15.4842,43.92,8.7157,0.0
berlin,52.52,13.4,2026-06-23 12:00:43,2026-04-27 23:59:59,16.602,4.952,0.0,38499.4922,350.5891,14.7995,32.4,7.9982,0.0
berlin,52.52,13.4,2026-06-23 12:00:43,2026-04-28 23:59:59,14.602,4.602,0.0,49187.4375,57.5009,18.0898,38.88,12.1125,0.0
berlin,52.52,13.4,2026-06-23 12:00:43,2026-04-29 23:59:59,13.802,4.252,0.0,50400.0,68.8164,15.4842,44.28,9.6536,0.0
berlin,52.52,13.4,2026-06-23 12:00:43,2026-04-30 23:59:59,19.552,5.352,0.0,50400.0,0.0,9.9049,21.96,5.5992,0.0
berlin,52.52,13.4,2026-06-23 12:00:43,2026-05-01 23:59:59,23.552,9.202,0.0,50400.0,333.1837,7.517,16.56,3.9903,0.0
berlin,52.52,13.4,2026-06-23 12:00:43,2026-05-02 23:59:59,26.052,10.352,0.0,50400.0,181.0891,13.4411,31.68,8.416,0.0
berlin,52.52,13.4,2026-06-23 12:00:43,2026-05-03 23:59:59,28.452,12.752,0.0,50317.3828,218.562,15.282,36.0,7.7725,2.5417
berlin,52.52,13.4,2026-06-23 12:00:43,2026-05-04 23:59:59,22.202,16.652,0.4,36720.7109,281.7893,15.4087,36.0,9.5688,2.7083
berlin,52.52,13.4,2026-06-23 12:00:43,2026-05-05 23:59:59,19.102,12.602,0.8,12110.584,32.6099,12.7686,30.6,7.7523,35.5833
berlin,52.52,13.4,2026-06-23 12:00:43,2026-05-06 23:59:59,12.752,9.502,16.0,2222.8774,34.8836,14.1869,30.96,10.5074,48.7083
berlin,52.52,13.4,2026-06-23 12:00:43,2026-05-07 23:59:59,11.102,7.352,0.1,0.0,50.1682,12.985,29.88,9.1317,30.7083
berlin,52.52,13.4,2026-06-23 12:00:43,2026-05-08 23:59:59,13.902,7.252,0.1,13551.3672,48.841,8.5344,20.16,6.1519,2.3333
berlin,52.52,13.4,2026-06-23 12:00:43,2026-05-09 23:59:59,16.552,8.552,0.0,33239.4688,84.753,7.4216,20.16,5.2364,0.0
berlin,52.52,13.4,2026-06-23 12:00:43,2026-05-10 23:59:59,20.752,8.252,0.0,43200.0,93.9258,10.1887,23.4,6.2246,0.0
berlin,52.52,13.4,2026-06-23 12:00:43,2026-05-11 23:59:59,16.652,8.852,1.5,11335.2939,244.6741,19.2457,46.8,12.3754,18.5833
berlin,52.52,13.4,2026-06-23 12:00:43,2026-05-12 23:59:59,12.402,5.802,8.3,33226.3438,263.7883,18.5146,45.36,11.5328,36.875
berlin,52.52,13.4,2026-06-23 12:00:43,2026-05-13 23:59:59,13.002,6.302,2.0,26546.2012,233.3832,15.1884,43.92,11.0275,39.375
berlin,52.52,13.4,2026-06-23 12:00:43,2026-05-14 23:59:59,13.652,7.652,4.7,28713.6934,222.0868,15.1414,38.52,9.5496,51.125
berlin,52.52,13.4,2026-06-23 12:00:43,2026-05-15 23:59:59,15.402,5.202,0.0,38752.3242,286.9493,9.5857,21.96,5.568,2.2083
berlin,52.52,13.4,2026-06-23 12:00:43,2026-05-16 23:59:59,14.352,6.452,0.0,51431.832,264.9412,15.5843,36.36,9.5078,0.0
berlin,52.52,13.4,2026-06-23 12:00:43,2026-05-17 23:59:59,18.402,6.152,0.0,43848.3281,176.4568,9.72,26.64,6.0707,0.375
berlin,52.52,13.4,2026-06-23 12:00:43,2026-05-18 23:59:59,19.152,8.452,0.0,51539.7422,110.9998,13.7462,33.48,8.6858,0.0
berlin,52.52,13.4,2026-06-23 12:00:43,2026-05-19 23:59:59,20.252,10.052,0.0,45059.3828,254.2243,11.7208,24.12,6.5998,0.8333
berlin,52.52,13.4,2026-06-23 12:00:43,2026-05-20 23:59:59,19.602,14.102,9.7,17821.5723,221.0508,15.6838,39.6,7.5348,20.5
berlin,52.52,13.4,2026-06-23 12:00:43,2026-05-21 23:59:59,20.552,11.702,0.2,38904.2656,280.5863,11.1658,35.28,8.0565,0.125
berlin,52.52,13.4,2026-06-23 12:00:43,2026-05-22 23:59:59,23.602,12.602,0.0,48851.7461,289.8852,9.3461,24.48,5.548,0.0
berlin,52.52,13.4,2026-06-23 12:00:43,2026-05-23 23:59:59,28.002,14.502,0.0,53397.4414,125.0959,8.6699,20.52,4.9435,0.0
berlin,52.52,13.4,2026-06-23 12:00:43,2026-05-24 23:59:59,27.902,17.252,0.0,53268.0586,313.4876,15.8277,39.24,9.2295,0.0
berlin,52.52,13.4,2026-06-23 12:00:43,2026-05-25 23:59:59,26.252,14.002,0.0,53090.5625,307.9001,9.3392,24.12,6.4569,0.0
berlin,52.52,13.4,2026-06-23 12:00:43,2026-05-26 23:59:59,29.752,15.752,0.0,54519.3516,270.0,14.6896,33.84,9.1689,0.0
berlin,52.52,13.4,2026-06-23 12:00:43,2026-05-27 23:59:59,21.952,14.252,0.0,55386.668,333.0625,15.9379,37.44,12.7937,0.0
berlin,52.52,13.4,2026-06-23 12:00:43,2026-05-28 23:59:59,21.102,10.002,0.0,53725.6484,326.3765,11.3671,27.36,7.8335,0.0
berlin,52.52,13.4,2026-06-23 12:00:43,2026-05-29 23:59:59,26.852,11.952,0.0,52587.6562,242.3099,13.0844,27.72,5.6504,1.0
berlin,52.52,13.4,2026-06-23 12:00:43,2026-05-30 23:59:59,22.502,17.802,0.0,44250.2305,302.5756,17.9351,41.04,13.2239,8.7917
berlin,52.52,13.4,2026-06-23 12:00:43,2026-05-31 23:59:59,22.802,13.752,2.3,31670.8828,308.1402,12.3139,31.32,6.9567,1.0833
berlin,52.52,13.4,2026-06-23 12:00:43,2026-06-01 23:59:59,22.302,13.352,0.0,47707.4492,332.1028,12.7686,31.32,7.9691,0.0
berlin,52.52,13.4,2026-06-23 12:00:43,2026-06-02 23:59:59,26.252,15.052,0.0,33678.4844,136.5034,12.5588,28.08,8.4476,0.0
berlin,52.52,13.4,2026-06-23 12:00:43,2026-06-03 23:59:59,20.702,16.102,4.8,11150.6133,233.3708,15.3918,36.36,9.9089,18.2083
berlin,52.52,13.4,2026-06-23 12:00:43,2026-06-04 23:59:59,23.702,13.802,2.0,14689.2041,208.3006,21.639,42.84,11.3557,26.0
berlin,52.52,13.4,2026-06-23 12:00:43,2026-06-05 23:59:59,21.202,15.102,0.3,37066.125,247.8271,15.282,36.36,10.2308,9.2917
berlin,52.52,13.4,2026-06-23 12:00:43,2026-06-06 23:59:59,24.702,12.102,0.0,45500.125,177.1376,11.1774,28.8,5.6186,0.125
berlin,52.52,13.4,2026-06-23 12:00:43,2026-06-07 23:59:59,20.652,15.952,0.6,37465.8398,267.3113,20.1921,45.36,11.8162,12.4167
berlin,52.52,13.4,2026-06-23 12:00:43,2026-06-08 23:59:59,25.702,13.052,0.0,49030.1172,174.4189,12.4812,27.0,7.1308,1.375
berlin,52.52,13.4,2026-06-23 12:00:43,2026-06-09 23:59:59,21.152,14.702,0.5,24489.4727,256.0958,28.7324,58.68,13.7459,11.3333
berlin,52.52,13.4,2026-06-23 12:00:43,2026-06-10 23:59:59,19.702,11.252,0.6,24485.707,144.5666,16.9544,37.8,6.2487,12.2083
berlin,52.52,13.4,2026-06-23 12:00:43,2026-06-25 23:59:59,32.239,22.3737,0.0,54459.9922,3.7681,7.8625,22.32,4.7851,0.0
berlin,52.52,13.4,2026-06-23 12:00:43,2026-06-26 23:59:59,33.189,19.789,0.0,57079.7656,64.8172,9.0072,23.76,5.5281,0.0
berlin,52.52,13.4,2026-06-23 12:00:43,2026-06-27 23:59:59,37.339,21.489,0.0,58264.0039,138.253,8.2093,23.76,7.2051,0.0
berlin,52.52,13.4,2026-06-23 12:00:43,2026-06-28 23:59:59,34.226,24.989,0.6,50971.6484,331.3709,11.3042,32.04,6.9452,3.5
valencia,39.5,-0.375,2026-06-23 12:00:43,2026-03-29 23:59:59,,,,,,,,,0.0
valencia,39.5,-0.375,2026-06-23 12:00:43,2026-04-12 23:59:59,,,,,,,,,54.5833
valencia,39.5,-0.375,2026-06-23 12:00:43,2026-04-13 23:59:59,,,,,,,,,14.9583
valencia,39.5,-0.375,2026-06-23 12:00:43,2026-04-16 23:59:59,21.35,11.55,,,,13.6907,36.36,,0.0
valencia,39.5,-0.375,2026-06-23 12:00:43,2026-04-17 23:59:59,21.85,11.65,0.0,43511.9766,53.3438,10.7111,29.88,6.8426,0.0
valencia,39.5,-0.375,2026-06-23 12:00:43,2026-04-18 23:59:59,22.7,13.15,0.0,43591.2344,53.5836,13.5383,35.28,6.9085,3.2917
valencia,39.5,-0.375,2026-06-23 12:00:43,2026-04-19 23:59:59,23.4,13.6,0.0,43983.9414,52.9926,11.7553,32.04,6.7301,7.375
valencia,39.5,-0.375,2026-06-23 12:00:43,2026-04-20 23:59:59,25.05,13.9,0.0,44222.1602,66.5549,11.2078,35.28,6.7873,0.0
valencia,39.5,-0.375,2026-06-23 12:00:43,2026-04-21 23:59:59,22.5,13.9,0.0,44461.6562,53.4632,11.6792,33.84,7.6655,0.9167
valencia,39.5,-0.375,2026-06-23 12:00:43,2026-04-22 23:59:59,26.65,14.6,0.0,40513.1172,75.1098,16.4195,37.08,7.8595,5.25
valencia,39.5,-0.375,2026-06-23 12:00:43,2026-04-23 23:59:59,20.15,16.2645,0.4,43768.6172,45.1461,23.3175,57.24,16.9795,0.875
valencia,39.5,-0.375,2026-06-23 12:00:43,2026-04-24 23:59:59,20.5645,15.0145,0.0,24119.7617,69.0992,14.2644,31.68,7.2871,1.8333
valencia,39.5,-0.375,2026-06-23 12:00:43,2026-04-25 23:59:59,22.2645,14.6645,0.0,39469.9062,137.5548,14.3369,32.04,6.1546,3.9167
valencia,39.5,-0.375,2026-06-23 12:00:43,2026-04-26 23:59:59,23.0645,9.7145,0.0,48017.7695,115.0169,15.1756,34.2,6.5719,0.0
valencia,39.5,-0.375,2026-06-23 12:00:43,2026-04-27 23:59:59,23.0145,8.6645,0.0,48692.4688,102.4544,15.282,34.92,6.416,0.0
valencia,39.5,-0.375,2026-06-23 12:00:43,2026-04-28 23:59:59,21.2825,11.5325,0.0,41464.793,71.3126,11.1658,28.8,5.6382,0.2083
valencia,39.5,-0.375,2026-06-23 12:00:43,2026-04-29 23:59:59,22.0325,14.5325,0.0,39641.1641,55.823,15.7168,37.44,8.1575,1.0417
valencia,39.5,-0.375,2026-06-23 12:00:43,2026-04-30 23:59:59,22.7325,16.0825,0.0,44831.6523,78.3621,15.1371,35.28,7.6686,0.0
valencia,39.5,-0.375,2026-06-23 12:00:43,2026-05-01 23:59:59,20.2825,17.2825,3.1,15383.6631,38.4215,13.281,30.24,8.2402,28.9167
valencia,39.5,-0.375,2026-06-23 12:00:43,2026-05-02 23:59:59,20.2325,16.4825,1.3,10935.8486,76.4345,12.6616,30.6,7.578,19.5
valencia,39.5,-0.375,2026-06-23 12:00:43,2026-05-03 23:59:59,20.1825,17.0325,0.8,10929.4395,83.8535,12.965,28.8,7.6089,15.2083
valencia,39.5,-0.375,2026-06-23 12:00:43,2026-05-04 23:59:59,21.2825,16.3825,8.2,31123.9121,63.5538,13.5324,30.96,5.6904,23.1667
valencia,39.5,-0.375,2026-06-23 12:00:43,2026-05-05 23:59:59,26.0825,15.8825,0.0,43253.457,28.3007,20.4219,43.56,8.749,0.7083
valencia,39.5,-0.375,2026-06-23 12:00:43,2026-05-06 23:59:59,21.6825,13.8825,0.1,46711.5547,102.4029,14.373,34.56,8.0201,3.5417
valencia,39.5,-0.375,2026-06-23 12:00:43,2026-05-07 23:59:59,20.6825,12.9825,1.3,27055.7695,50.7626,13.7791,31.32,6.5694,16.5417
valencia,39.5,-0.375,2026-06-23 12:00:43,2026-05-08 23:59:59,20.5325,12.2825,0.0,31429.6855,80.6366,14.4045,32.76,6.9445,1.5
valencia,39.5,-0.375,2026-06-23 12:00:43,2026-05-09 23:59:59,19.3325,16.1825,10.9,18170.7148,44.6623,11.8089,45.0,6.9044,39.9167
valencia,39.5,-0.375,2026-06-23 12:00:43,2026-05-10 23:59:59,23.0825,13.2825,0.0,50351.6484,211.357,16.4185,46.8,8.0159,1.125
valencia,39.5,-0.375,2026-06-23 12:00:43,2026-05-11 23:59:59,27.0825,14.8825,0.0,50400.0,256.2915,19.1647,42.12,13.5882,0.0
valencia,39.5,-0.375,2026-06-23 12:00:43,2026-05-12 23:59:59,27.0325,15.5825,0.2,50400.0,271.117,22.3229,50.76,10.9736,2.0833
valencia,39.5,-0.375,2026-06-23 12:00:43,2026-05-13 23:59:59,26.7825,15.7825,0.0,50400.0,272.7263,15.3159,36.36,10.6896,0.375
valencia,39.5,-0.375,2026-06-23 12:00:43,2026-05-14 23:59:59,25.3325,14.2325,0.0,50400.0,78.9247,19.2726,45.36,7.8695,0.0
valencia,39.5,-0.375,2026-06-23 12:00:43,2026-05-15 23:59:59,20.1325,14.5825,3.3,15350.7451,313.245,15.6175,32.76,6.4595,20.6667
valencia,39.5,-0.375,2026-06-23 12:00:43,2026-05-16 23:59:59,22.4825,10.1325,0.0,50400.0,172.4054,16.8317,38.16,8.6967,0.0
valencia,39.5,-0.375,2026-06-23 12:00:43,2026-05-17 23:59:59,21.9825,11.9325,0.0,46543.7617,111.066,13.5276,32.4,6.1832,2.875
valencia,39.5,-0.375,2026-06-23 12:00:43,2026-05-18 23:59:59,22.9325,13.4325,0.0,43536.1992,85.1208,15.6175,35.64,7.083,0.0
valencia,39.5,-0.375,2026-06-23 12:00:43,2026-05-19 23:59:59,30.8825,15.4825,0.0,50400.0,235.7843,15.4967,42.84,7.9013,0.0
valencia,39.5,-0.375,2026-06-23 12:00:43,2026-05-20 23:59:59,23.3825,15.5325,0.0,50400.0,64.1835,14.2644,33.84,7.3862,0.0
valencia,39.5,-0.375,2026-06-23 12:00:43,2026-05-21 23:59:59,28.0325,15.9325,0.0,50400.0,118.8607,13.9799,33.12,5.9677,0.0
valencia,39.5,-0.375,2026-06-23 12:00:43,2026-05-22 23:59:59,29.0825,15.7325,0.0,50400.0,116.0682,13.7791,33.12,5.6557,0.0
valencia,39.5,-0.375,2026-06-23 12:00:43,2026-05-23 23:59:59,28.4325,15.8825,0.0,50400.0,124.3803,12.9049,30.96,5.7333,0.0
valencia,39.5,-0.375,2026-06-23 12:00:43,2026-05-24 23:59:59,28.1825,16.5825,0.0,50400.0,108.2577,13.3783,32.04,5.7626,0.0
valencia,39.5,-0.375,2026-06-23 12:00:43,2026-05-25 23:59:59,27.1325,16.3825,0.0,50400.0,87.604,13.0844,32.4,6.3217,0.0
valencia,39.5,-0.375,2026-06-23 12:00:43,2026-05-26 23:59:59,27.9825,16.2325,0.0,50400.0,119.9058,14.3323,34.92,6.1439,0.0
valencia,39.5,-0.375,2026-06-23 12:00:43,2026-05-27 23:59:59,29.2825,16.6325,0.0,50400.0,145.5238,13.5515,32.76,6.897,0.0
valencia,39.5,-0.375,2026-06-23 12:00:43,2026-05-28 23:59:59,30.3825,16.4825,0.0,50400.0,134.9999,12.7686,31.68,5.9994,0.0
valencia,39.5,-0.375,2026-06-23 12:00:43,2026-05-29 23:59:59,33.9325,19.4825,0.0,50400.0,146.8887,16.3235,38.16,8.1948,0.0
valencia,39.5,-0.375,2026-06-23 12:00:43,2026-05-30 23:59:59,27.2325,20.9825,0.0,40756.7891,60.6287,16.454,38.52,8.0862,0.0
valencia,39.5,-0.375,2026-06-23 12:00:43,2026-05-31 23:59:59,27.6325,19.7325,0.0,47941.3594,100.4692,13.2027,32.04,5.5792,0.0
valencia,39.5,-0.375,2026-06-23 12:00:43,2026-06-01 23:59:59,26.4825,19.4825,0.0,48729.7148,71.0675,14.418,34.92,7.5315,0.0
valencia,39.5,-0.375,2026-06-23 12:00:43,2026-06-02 23:59:59,27.1325,19.6325,0.0,50400.0,83.056,15.3286,36.0,6.5206,0.0
valencia,39.5,-0.375,2026-06-23 12:00:43,2026-06-03 23:59:59,26.7825,21.9825,0.0,48208.25,97.5121,18.668,42.84,10.5667,1.75
valencia,39.5,-0.375,2026-06-23 12:00:43,2026-06-04 23:59:59,30.3325,19.7325,0.0,50400.0,83.8037,22.148,52.92,10.8579,0.0
valencia,39.5,-0.375,2026-06-23 12:00:43,2026-06-05 23:59:59,23.6825,19.9325,0.2,15105.5107,62.4068,25.2129,58.32,13.5653,6.2083
valencia,39.5,-0.375,2026-06-23 12:00:43,2026-06-06 23:59:59,26.3325,18.8325,0.0,39994.2266,119.012,14.9736,34.92,7.221,0.0
valencia,39.5,-0.375,2026-06-23 12:00:43,2026-06-07 23:59:59,25.6825,19.2825,0.0,45577.4492,82.4387,15.1927,37.44,6.6912,0.125
valencia,39.5,-0.375,2026-06-23 12:00:43,2026-06-08 23:59:59,26.8825,19.0825,0.0,50400.0,112.8685,14.5789,36.0,7.2041,0.0
valencia,39.5,-0.375,2026-06-23 12:00:43,2026-06-09 23:59:59,26.4325,20.7825,0.0,47154.9062,63.0495,15.1884,37.8,9.1163,0.0
valencia,39.5,-0.375,2026-06-23 12:00:43,2026-06-10 23:59:59,24.2825,21.0325,0.0,34524.3203,68.8817,14.3323,34.56,9.7188,0.0
valencia,39.5,-0.375,2026-06-23 12:00:43,2026-06-23 23:59:59,33.3325,21.7825,0.0,50400.0,109.8853,13.0497,32.4,6.1995,0.0
valencia,39.5,-0.375,2026-06-23 12:00:43,2026-06-24 23:59:59,31.7825,22.3825,0.0,50400.0,92.6425,13.1388,32.4,6.2295,0.0
valencia,39.5,-0.375,2026-06-23 12:00:43,2026-06-25 23:59:59,31.2325,22.1325,0.0,50400.0,90.1831,15.034,36.36,7.2828,0.0
valencia,39.5,-0.375,2026-06-23 12:00:43,2026-06-26 23:59:59,29.1325,22.6825,0.0,50922.0703,83.004,14.3323,35.28,7.7355,0.0
valencia,39.5,-0.375,2026-06-23 12:00:43,2026-06-27 23:59:59,29.4825,23.4825,0.0,50334.7539,92.9579,15.0427,37.44,6.9205,0.0
valencia,39.5,-0.375,2026-06-23 12:00:43,2026-06-28 23:59:59,30.3145,23.369,0.0,49908.1172,83.4391,13.5515,33.48,5.9392,1.4688
madrid,40.4375,-3.6875,2026-06-23 12:00:43,2026-04-07 23:59:59,,,,,,,,,10.0833
madrid,40.4375,-3.6875,2026-06-23 12:00:43,2026-04-08 23:59:59,,,,,,,,,30.6667
madrid,40.4375,-3.6875,2026-06-23 12:00:43,2026-04-09 23:59:59,,,,,,,,,0.3333
madrid,40.4375,-3.6875,2026-06-23 12:00:43,2026-04-11 23:59:59,,,,,,,,,1.375
madrid,40.4375,-3.6875,2026-06-23 12:00:43,2026-04-12 23:59:59,,,,,,,,,28.4167
madrid,40.4375,-3.6875,2026-06-23 12:00:43,2026-04-13 23:59:59,,,,,,,,,0.0417
madrid,40.4375,-3.6875,2026-06-23 12:00:43,2026-04-16 23:59:59,25.55,10.85,,,,10.0864,30.6,,0.0
madrid,40.4375,-3.6875,2026-06-23 12:00:43,2026-04-17 23:59:59,26.2,11.6,0.0,46266.25,254.3828,9.086,29.16,5.2042,0.0
madrid,40.4375,-3.6875,2026-06-23 12:00:43,2026-04-18 23:59:59,27.1,14.05,0.0,46327.9961,242.8403,9.836,29.52,4.3423,0.75
madrid,40.4375,-3.6875,2026-06-23 12:00:43,2026-04-19 23:59:59,27.3,14.5,0.0,46389.7656,262.6811,12.4343,34.92,6.6958,0.0833
madrid,40.4375,-3.6875,2026-06-23 12:00:43,2026-04-20 23:59:59,27.45,12.85,0.0,45808.5586,256.982,9.9392,29.16,5.6155,0.0
madrid,40.4375,-3.6875,2026-06-23 12:00:43,2026-04-21 23:59:59,27.75,13.2,0.6,35431.8672,99.6889,20.3909,50.76,5.4923,3.5
madrid,40.4375,-3.6875,2026-06-23 12:00:43,2026-04-22 23:59:59,23.4,14.15,0.0,46633.2891,233.5092,16.0846,36.72,9.2316,0.0
madrid,40.4375,-3.6875,2026-06-23 12:00:43,2026-04-23 23:59:59,27.6,13.55,0.9,39740.9609,98.9484,11.8418,33.48,6.3883,15.25
madrid,40.4375,-3.6875,2026-06-23 12:00:43,2026-04-24 23:59:59,21.459,12.209,4.7,35650.4766,78.6901,9.5654,21.96,4.9643,27.5417
madrid,40.4375,-3.6875,2026-06-23 12:00:43,2026-04-25 23:59:59,21.809,13.659,0.9,39576.25,73.5622,11.2985,27.0,5.3218,8.875
madrid,40.4375,-3.6875,2026-06-23 12:00:43,2026-04-26 23:59:59,24.659,12.809,0.0,48274.1875,94.2168,8.9422,21.96,5.1916,1.625
madrid,40.4375,-3.6875,2026-06-23 12:00:43,2026-04-27 23:59:59,25.7155,12.209,0.0,48238.6211,118.1928,8.4351,21.24,5.0287,0.0
madrid,40.4375,-3.6875,2026-06-23 12:00:43,2026-04-28 23:59:59,24.6655,12.5655,0.0,44910.2344,139.5141,14.0446,34.92,6.1094,1.125
madrid,40.4375,-3.6875,2026-06-23 12:00:43,2026-04-29 23:59:59,18.8155,13.8155,21.4,7855.1353,186.3815,12.5743,45.72,7.5387,80.4583
madrid,40.4375,-3.6875,2026-06-23 12:00:43,2026-04-30 23:59:59,21.3655,11.7655,0.0,44559.4922,212.7068,6.2871,22.68,4.5392,1.0833
madrid,40.4375,-3.6875,2026-06-23 12:00:43,2026-05-01 23:59:59,24.4155,11.7655,0.0,47144.9219,162.9621,16.3116,43.2,5.4748,0.0
madrid,40.4375,-3.6875,2026-06-23 12:00:43,2026-05-02 23:59:59,18.6155,14.5155,7.0,13503.8848,159.8765,12.4812,42.84,7.4109,48.7917
madrid,40.4375,-3.6875,2026-06-23 12:00:43,2026-05-03 23:59:59,19.2655,12.6155,3.9,31904.1172,230.4404,15.4591,47.88,6.9411,32.5
madrid,40.4375,-3.6875,2026-06-23 12:00:43,2026-05-04 23:59:59,19.7655,11.2155,0.8,47683.8125,247.083,15.2565,45.36,8.7584,12.4583
madrid,40.4375,-3.6875,2026-06-23 12:00:43,2026-05-05 23:59:59,19.1655,10.5655,0.0,46139.1953,278.4181,13.32,38.52,7.5578,6.2917
madrid,40.4375,-3.6875,2026-06-23 12:00:43,2026-05-06 23:59:59,19.7655,6.8155,0.0,49543.8555,57.6056,6.4096,21.24,3.5175,0.0
madrid,40.4375,-3.6875,2026-06-23 12:00:43,2026-05-07 23:59:59,17.7155,10.8655,2.0,31815.8438,74.8115,10.4648,35.28,6.3173,26.625
madrid,40.4375,-3.6875,2026-06-23 12:00:43,2026-05-08 23:59:59,18.0655,10.0155,2.5,25488.8828,93.4832,7.9036,39.96,5.3419,30.375
madrid,40.4375,-3.6875,2026-06-23 12:00:43,2026-05-09 23:59:59,17.1655,12.0655,11.6,23067.9004,156.7564,14.2006,51.12,9.5663,57.25
madrid,40.4375,-3.6875,2026-06-23 12:00:43,2026-05-10 23:59:59,14.3655,10.5655,8.4,32840.5547,202.2573,13.8962,45.0,9.4005,60.6667
madrid,40.4375,-3.6875,2026-06-23 12:00:43,2026-05-11 23:59:59,17.9655,9.1655,0.0,48777.1172,223.3852,12.476,36.72,6.8204,0.6667
madrid,40.4375,-3.6875,2026-06-23 12:00:43,2026-05-12 23:59:59,16.1155,10.4655,3.8,41871.6914,249.59,13.8495,39.96,7.0506,35.5417
madrid,40.4375,-3.6875,2026-06-23 12:00:43,2026-05-13 23:59:59,20.0155,9.9655,0.4,47860.1172,259.839,12.0694,37.8,7.6336,18.25
madrid,40.4375,-3.6875,2026-06-23 12:00:43,2026-05-14 23:59:59,21.8155,11.1655,0.0,50142.1641,285.3215,14.1137,41.04,8.3448,0.4167
madrid,40.4375,-3.6875,2026-06-23 12:00:43,2026-05-15 23:59:59,16.5155,10.0655,1.1,35532.5742,322.0152,12.8646,37.8,9.3126,6.8333
madrid,40.4375,-3.6875,2026-06-23 12:00:43,2026-05-16 23:59:59,20.1655,6.2655,0.0,47565.9922,234.2457,6.6185,18.36,3.8537,0.0
madrid,40.4375,-3.6875,2026-06-23 12:00:43,2026-05-17 23:59:59,21.5655,10.7655,0.4,43813.9414,2.2311,10.5879,35.28,5.5481,6.625
madrid,40.4375,-3.6875,2026-06-23 12:00:43,2026-05-18 23:59:59,23.1655,10.3155,0.0,44964.0977,239.3956,12.98,38.16,6.636,0.0
madrid,40.4375,-3.6875,2026-06-23 12:00:43,2026-05-19 23:59:59,26.0155,12.2155,0.0,50400.0,232.7468,7.9689,23.76,4.7248,0.0
madrid,40.4375,-3.6875,2026-06-23 12:00:43,2026-05-20 23:59:59,29.4155,13.1155,0.0,50400.0,83.5893,6.8778,21.96,4.2691,0.0
madrid,40.4375,-3.6875,2026-06-23 12:00:43,2026-05-21 23:59:59,30.9655,15.0655,0.0,50400.0,103.8641,7.8625,24.12,5.7059,0.0
madrid,40.4375,-3.6875,2026-06-23 12:00:43,2026-05-22 23:59:59,31.7155,16.0155,0.0,50400.0,109.2153,11.5256,32.76,6.4733,0.0
madrid,40.4375,-3.6875,2026-06-23 12:00:43,2026-05-23 23:59:59,31.4155,16.9155,0.0,50400.0,90.3105,8.0498,24.48,6.2522,0.0
madrid,40.4375,-3.6875,2026-06-23 12:00:43,2026-05-24 23:59:59,31.8155,17.6655,0.0,45056.9531,104.2945,11.7539,32.4,7.1137,0.0
madrid,40.4375,-3.6875,2026-06-23 12:00:43,2026-05-25 23:59:59,31.1655,18.0155,0.0,50562.3906,106.0144,10.9726,29.88,7.9941,0.0
madrid,40.4375,-3.6875,2026-06-23 12:00:43,2026-05-26 23:59:59,31.8655,17.4155,0.0,50539.4102,111.5291,7.2,21.96,4.6585,0.0
madrid,40.4375,-3.6875,2026-06-23 12:00:43,2026-05-27 23:59:59,33.8655,17.4155,0.0,50400.0,64.8798,11.3042,30.6,4.849,0.0
madrid,40.4375,-3.6875,2026-06-23 12:00:43,2026-05-28 23:59:59,33.4655,17.4655,0.0,50833.2148,31.1224,5.0142,14.04,3.2869,0.0
madrid,40.4375,-3.6875,2026-06-23 12:00:43,2026-05-29 23:59:59,34.5155,18.7655,0.0,50811.7461,127.0566,6.2974,20.52,4.3758,0.0
madrid,40.4375,-3.6875,2026-06-23 12:00:43,2026-05-30 23:59:59,34.7155,20.2155,0.0,50450.668,277.6789,12.3873,36.0,5.784,0.375
madrid,40.4375,-3.6875,2026-06-23 12:00:43,2026-05-31 23:59:59,33.4155,19.5155,0.0,44862.1445,246.2796,14.8824,39.96,6.7762,0.0
madrid,40.4375,-3.6875,2026-06-23 12:00:43,2026-06-01 23:59:59,33.8655,19.5155,0.0,49863.5938,272.2545,15.576,38.88,8.5518,0.0
madrid,40.4375,-3.6875,2026-06-23 12:00:43,2026-06-02 23:59:59,29.7155,20.2655,0.0,51071.668,287.1962,16.9468,45.36,8.4345,0.0
madrid,40.4375,-3.6875,2026-06-23 12:00:43,2026-06-03 23:59:59,29.9155,15.5155,0.0,50400.0,213.0849,12.682,34.56,5.9976,0.0
madrid,40.4375,-3.6875,2026-06-23 12:00:43,2026-06-04 23:59:59,27.8655,18.8655,0.0,50692.6641,292.5452,15.5427,41.76,8.8425,0.0
madrid,40.4375,-3.6875,2026-06-23 12:00:43,2026-06-05 23:59:59,27.2655,13.1655,0.0,50674.8516,27.9102,13.7556,36.0,8.1703,0.0
madrid,40.4375,-3.6875,2026-06-23 12:00:43,2026-06-06 23:59:59,29.2155,16.3655,0.0,41058.8438,144.6888,6.7925,20.88,3.9629,0.0
madrid,40.4375,-3.6875,2026-06-23 12:00:43,2026-06-07 23:59:59,31.3655,18.0155,0.0,50984.7812,91.3322,8.225,23.04,4.842,0.0
madrid,40.4375,-3.6875,2026-06-23 12:00:43,2026-06-08 23:59:59,32.7155,19.0155,0.0,51313.2852,215.0959,13.3976,37.08,6.9548,0.0
madrid,40.4375,-3.6875,2026-06-23 12:00:43,2026-06-09 23:59:59,31.7655,17.5155,0.0,50954.9805,23.9238,14.0215,37.44,8.2508,0.0
madrid,40.4375,-3.6875,2026-06-23 12:00:43,2026-06-10 23:59:59,29.7655,16.3155,0.0,51630.0391,42.8347,14.3369,37.8,8.3514,0.0
madrid,40.4375,-3.6875,2026-06-23 12:00:43,2026-06-23 23:59:59,38.7155,23.6155,0.0,47561.7617,91.2221,9.2905,25.56,6.5214,0.0
madrid,40.4375,-3.6875,2026-06-23 12:00:43,2026-06-24 23:59:59,37.6155,24.8655,0.0,50400.0,114.6823,15.3074,37.8,9.1161,0.0
madrid,40.4375,-3.6875,2026-06-23 12:00:43,2026-06-25 23:59:59,29.7155,23.4655,0.0,51498.1133,209.1383,16.9238,43.2,10.8827,11.3333
madrid,40.4375,-3.6875,2026-06-23 12:00:43,2026-06-26 23:59:59,29.9655,20.6155,0.0,53039.4414,232.2099,11.4806,32.4,7.3581,0.0
madrid,40.4375,-3.6875,2026-06-23 12:00:43,2026-06-27 23:59:59,31.8655,21.8655,0.0,53041.4258,243.8099,13.0049,35.64,7.0045,0.7083
madrid,40.4375,-3.6875,2026-06-23 12:00:43,2026-06-28 23:59:59,32.509,20.3856,0.0,53044.2812,54.5102,9.7931,25.92,4.5735,13.1771
london,51.5,-0.25,2026-06-23 12:00:43,2026-04-16 23:59:59,17.35,10.15,,,,17.8236,43.2,,
london,51.5,-0.25,2026-06-23 12:00:43,2026-04-17 23:59:59,17.65,10.85,0.8,34517.3672,207.4074,20.257,48.96,12.6146,
london,51.5,-0.25,2026-06-23 12:00:43,2026-04-18 23:59:59,16.8,9.55,0.1,49946.8945,284.9314,12.6884,34.2,9.8949,
london,51.5,-0.25,2026-06-23 12:00:43,2026-04-19 23:59:59,15.7,6.5,0.0,47367.4102,351.5289,12.1443,32.4,9.4372,
london,51.5,-0.25,2026-06-23 12:00:43,2026-04-20 23:59:59,13.4,5.75,0.0,35086.918,53.3771,15.4265,38.16,9.559,
london,51.5,-0.25,2026-06-23 12:00:43,2026-04-21 23:59:59,14.1,5.9,0.0,50499.1875,58.0219,22.3961,55.08,15.4359,
london,51.5,-0.25,2026-06-23 12:00:43,2026-04-22 23:59:59,16.5,6.7,0.0,50598.4531,70.4683,21.256,54.0,15.9332,
london,51.5,-0.25,2026-06-23 12:00:43,2026-04-23 23:59:59,18.05,7.2,0.0,50697.5469,67.9748,14.8224,39.6,13.1134,
london,51.5,-0.25,2026-06-23 12:00:43,2026-04-24 23:59:59,19.2,4.7,0.0,50796.3984,70.5309,12.6013,34.92,10.1708,0.0
london,51.5,-0.25,2026-06-23 12:00:43,2026-04-25 23:59:59,21.6,4.65,0.0,50894.9688,66.6074,8.9095,23.4,4.7884,0.0
london,51.5,-0.25,2026-06-23 12:00:43,2026-04-26 23:59:59,19.45,7.5,0.0,50739.8945,88.7586,14.4,31.68,8.6912,0.0
london,51.5,-0.25,2026-06-23 12:00:43,2026-04-27 23:59:59,21.341,9.341,0.0,39082.0391,45.3665,17.28,37.8,7.65,0.5
london,51.5,-0.25,2026-06-23 12:00:43,2026-04-28 23:59:59,16.741,9.641,0.4,29583.5371,40.1281,21.6,47.52,16.38,14.5
london,51.5,-0.25,2026-06-23 12:00:43,2026-04-29 23:59:59,17.591,8.791,0.0,51280.4062,62.0178,25.2,56.16,20.745,0.0
london,51.5,-0.25,2026-06-23 12:00:43,2026-04-30 23:59:59,19.541,11.241,0.0,51376.6562,83.188,20.88,46.44,16.065,0.0
london,51.5,-0.25,2026-06-23 12:00:43,2026-05-01 23:59:59,25.341,11.691,0.0,49723.1406,137.2311,15.48,32.76,10.35,2.0
london,51.5,-0.25,2026-06-23 12:00:43,2026-05-02 23:59:59,23.541,11.191,0.9,32400.0,201.8244,15.48,33.48,8.37,12.25
london,51.5,-0.25,2026-06-23 12:00:43,2026-05-03 23:59:59,19.441,13.241,0.2,28256.0332,237.3132,10.44,24.48,8.28,27.5
london,51.5,-0.25,2026-06-23 12:00:43,2026-05-04 23:59:59,16.891,12.941,0.0,22297.2832,41.7941,12.24,27.36,8.82,21.375
london,51.5,-0.25,2026-06-23 12:00:43,2026-05-05 23:59:59,17.141,11.391,0.2,7805.2979,43.8794,16.56,36.36,8.82,3.25
london,51.5,-0.25,2026-06-23 12:00:43,2026-05-06 23:59:59,13.541,8.591,0.3,19762.5508,16.2909,15.48,34.56,12.42,9.5
london,51.5,-0.25,2026-06-23 12:00:43,2026-05-07 23:59:59,15.441,9.291,0.9,38222.8555,99.0351,11.16,26.28,7.56,8.625
london,51.5,-0.25,2026-06-23 12:00:43,2026-05-08 23:59:59,18.441,9.291,0.2,26016.7734,99.3677,12.96,29.52,8.55,3.25
london,51.5,-0.25,2026-06-23 12:00:43,2026-05-09 23:59:59,20.991,10.041,0.0,49959.3438,83.6351,16.2,36.0,11.25,0.0
london,51.5,-0.25,2026-06-23 12:00:43,2026-05-10 23:59:59,13.691,8.891,0.0,12425.8867,41.1839,19.08,41.76,16.92,9.625
london,51.5,-0.25,2026-06-23 12:00:43,2026-05-11 23:59:59,12.041,5.191,0.4,15703.0205,354.8998,12.96,28.44,10.17,8.875
london,51.5,-0.25,2026-06-23 12:00:43,2026-05-12 23:59:59,16.491,4.941,0.7,44246.7578,267.5436,15.84,37.08,9.63,4.25
london,51.5,-0.25,2026-06-23 12:00:43,2026-05-13 23:59:59,12.041,7.891,6.6,27741.3008,277.3901,22.68,49.32,13.095,50.25
london,51.5,-0.25,2026-06-23 12:00:43,2026-05-14 23:59:59,12.191,7.291,1.8,22583.5039,328.6216,14.04,30.96,10.08,38.0
london,51.5,-0.25,2026-06-23 12:00:43,2026-05-15 23:59:59,14.141,6.791,0.2,19598.1016,324.6682,11.16,26.28,9.0,16.25
london,51.5,-0.25,2026-06-23 12:00:43,2026-05-16 23:59:59,14.941,6.891,1.1,23043.3535,245.2867,17.28,37.08,10.08,7.375
london,51.5,-0.25,2026-06-23 12:00:43,2026-05-17 23:59:59,16.691,9.591,1.9,23856.127,249.0579,16.56,35.28,12.15,31.625
london,51.5,-0.25,2026-06-23 12:00:43,2026-05-18 23:59:59,14.191,8.541,0.2,14934.4561,228.6995,18.36,40.68,13.05,39.125
london,51.5,-0.25,2026-06-23 12:00:43,2026-05-19 23:59:59,17.241,11.191,4.8,1283.5615,197.0152,20.88,44.28,16.605,71.875
london,51.5,-0.25,2026-06-23 12:00:43,2026-05-20 23:59:59,19.591,12.791,0.4,32331.8281,240.9332,20.88,44.64,17.055,17.5
london,51.5,-0.25,2026-06-23 12:00:43,2026-05-21 23:59:59,23.641,12.791,0.0,42487.5156,211.3104,15.12,32.76,11.16,0.5
london,51.5,-0.25,2026-06-23 12:00:43,2026-05-22 23:59:59,27.841,16.141,0.0,53451.7422,175.0043,15.48,35.64,10.17,0.0
london,51.5,-0.25,2026-06-23 12:00:43,2026-05-23 23:59:59,29.691,20.341,0.0,53444.3594,268.8332,10.8,24.84,6.885,1.25
london,51.5,-0.25,2026-06-23 12:00:43,2026-05-24 23:59:59,31.191,16.641,0.0,54266.5781,93.89,15.48,34.56,6.795,0.0
london,51.5,-0.25,2026-06-23 12:00:43,2026-05-25 23:59:59,33.891,19.841,0.0,54605.2422,103.0104,14.4,33.12,8.595,0.0
london,51.5,-0.25,2026-06-23 12:00:43,2026-05-26 23:59:59,34.641,21.341,0.0,54945.4609,180.6068,13.68,30.6,7.47,0.0
london,51.5,-0.25,2026-06-23 12:00:43,2026-05-27 23:59:59,26.541,17.241,0.0,54997.3906,81.9068,19.44,43.56,13.59,0.25
london,51.5,-0.25,2026-06-23 12:00:43,2026-05-28 23:59:59,31.141,15.741,0.0,55194.2344,125.6641,16.2,35.28,13.05,11.75
london,51.5,-0.25,2026-06-23 12:00:43,2026-05-29 23:59:59,25.691,18.941,0.0,53889.2461,280.3609,13.32,28.8,9.045,1.0
london,51.5,-0.25,2026-06-23 12:00:43,2026-05-30 23:59:59,28.691,17.891,0.0,54566.4453,81.9126,13.68,29.88,6.3,1.0
london,51.5,-0.25,2026-06-23 12:00:43,2026-05-31 23:59:59,23.041,16.291,0.0,44478.3906,275.9257,14.76,34.92,13.32,1.25
london,51.5,-0.25,2026-06-23 12:00:43,2026-06-01 23:59:59,23.141,14.241,0.8,35411.5898,230.071,20.52,45.36,12.87,9.375
london,51.5,-0.25,2026-06-23 12:00:43,2026-06-02 23:59:59,19.841,14.541,22.2,9304.7393,226.8571,19.08,39.96,12.375,93.125
london,51.5,-0.25,2026-06-23 12:00:43,2026-06-03 23:59:59,18.641,13.141,2.6,14630.5469,221.5309,25.56,54.36,18.9,38.75
london,51.5,-0.25,2026-06-23 12:00:43,2026-06-04 23:59:59,18.691,13.891,2.8,42428.7773,237.6763,25.2,51.48,19.845,53.875
london,51.5,-0.25,2026-06-23 12:00:43,2026-06-05 23:59:59,18.491,12.441,0.0,38059.1484,241.1803,17.64,38.52,13.68,7.0
london,51.5,-0.25,2026-06-23 12:00:43,2026-06-06 23:59:59,15.391,12.991,7.1,0.0,194.8515,23.4,50.04,16.38,66.875
london,51.5,-0.25,2026-06-23 12:00:43,2026-06-07 23:59:59,19.191,11.441,0.0,39730.7227,235.1916,20.52,44.64,16.56,12.125
london,51.5,-0.25,2026-06-23 12:00:43,2026-06-09 23:59:59,18.791,9.841,1.2,50809.5039,252.4235,20.16,45.0,15.705,21.25
london,51.5,-0.25,2026-06-23 12:00:43,2026-06-10 23:59:59,17.191,10.291,2.3,13056.8066,270.6858,16.92,34.92,11.07,40.125
amsterdam,52.366,4.901,2026-06-23 12:00:43,2026-04-16 23:59:59,15.75,9.35,,,,16.5218,38.88,,
amsterdam,52.366,4.901,2026-06-23 12:00:43,2026-04-17 23:59:59,18.3,8.75,0.1,30950.0312,198.593,12.1016,30.6,7.5119,
amsterdam,52.366,4.901,2026-06-23 12:00:43,2026-04-18 23:59:59,14.5,8.05,0.0,38441.8789,256.546,14.3831,34.56,7.9549,
amsterdam,52.366,4.901,2026-06-23 12:00:43,2026-04-19 23:59:59,12.7,6.45,1.5,47159.6484,329.5119,13.667,35.64,9.2503,
amsterdam,52.366,4.901,2026-06-23 12:00:43,2026-04-20 23:59:59,11.2,3.9,1.7,41627.5312,13.1658,15.5468,35.64,7.928,
amsterdam,52.366,4.901,2026-06-23 12:00:43,2026-04-21 23:59:59,12.6,4.7,0.1,49033.4492,50.4141,18.1613,43.56,14.3713,
amsterdam,52.366,4.901,2026-06-23 12:00:43,2026-04-22 23:59:59,14.65,5.05,0.0,49398.4531,50.7106,15.8154,35.64,10.9249,
amsterdam,52.366,4.901,2026-06-23 12:00:43,2026-04-23 23:59:59,15.4,3.8,0.0,47452.5977,4.2863,10.806,27.72,7.9291,
amsterdam,52.366,4.901,2026-06-23 12:00:43,2026-04-24 23:59:59,13.7,4.15,0.0,49731.2891,352.1305,11.6333,27.36,7.4002,0.0
amsterdam,52.366,4.901,2026-06-23 12:00:43,2026-04-25 23:59:59,13.85,3.7,0.0,47737.0469,317.5039,13.32,27.36,7.101,0.0
amsterdam,52.366,4.901,2026-06-23 12:00:43,2026-04-26 23:59:59,15.7065,8.3565,0.0,40363.957,47.1172,15.48,27.0,9.945,0.0
amsterdam,52.366,4.901,2026-06-23 12:00:43,2026-04-27 23:59:59,13.6065,8.1065,0.0,9846.9277,63.6434,19.08,34.92,11.43,0.0
amsterdam,52.366,4.901,2026-06-23 12:00:43,2026-04-28 23:59:59,17.7565,9.5065,0.0,42316.2539,51.3041,24.12,47.16,19.68,0.3333
amsterdam,52.366,4.901,2026-06-23 12:00:43,2026-04-29 23:59:59,18.6065,9.5565,0.0,49164.4375,70.3418,27.0,48.96,19.995,0.0
amsterdam,52.366,4.901,2026-06-23 12:00:43,2026-04-30 23:59:59,20.5565,9.9565,0.0,49763.918,96.4002,28.44,50.04,17.79,0.0
amsterdam,52.366,4.901,2026-06-23 12:00:43,2026-05-01 23:59:59,23.7065,11.9065,0.0,49501.6289,130.1797,19.8,39.6,13.83,0.0
amsterdam,52.366,4.901,2026-06-23 12:00:43,2026-05-02 23:59:59,21.4565,12.5565,2.1,37718.082,210.7664,13.68,28.08,8.655,15.0833
amsterdam,52.366,4.901,2026-06-23 12:00:43,2026-05-03 23:59:59,17.3565,14.8065,8.2,3455.4597,190.2932,12.96,23.4,8.835,71.875
amsterdam,52.366,4.901,2026-06-23 12:00:43,2026-05-04 23:59:59,19.0065,12.0065,0.1,27783.4629,5.3144,17.64,30.96,8.415,35.0833
amsterdam,52.366,4.901,2026-06-23 12:00:43,2026-05-05 23:59:59,16.3565,10.4565,0.0,39601.9844,26.3267,21.24,39.96,15.015,0.0
amsterdam,52.366,4.901,2026-06-23 12:00:43,2026-05-06 23:59:59,16.7565,9.5065,0.0,39076.8242,29.4097,17.64,36.0,13.68,9.5
amsterdam,52.366,4.901,2026-06-23 12:00:43,2026-05-07 23:59:59,17.6565,8.8065,0.0,46492.2188,30.7686,14.4,29.16,10.035,0.125
amsterdam,52.366,4.901,2026-06-23 12:00:43,2026-05-08 23:59:59,18.9065,11.3065,0.0,40796.9531,89.3288,11.52,23.76,8.7,0.3333
amsterdam,52.366,4.901,2026-06-23 12:00:43,2026-05-09 23:59:59,19.3565,11.6565,0.0,52882.0469,65.3298,12.24,27.0,9.765,0.0
amsterdam,52.366,4.901,2026-06-23 12:00:43,2026-05-10 23:59:59,16.3065,10.6065,0.0,50057.7891,12.4597,23.04,45.72,16.065,0.0417
amsterdam,52.366,4.901,2026-06-23 12:00:43,2026-05-11 23:59:59,11.8065,8.4565,1.4,39684.6016,323.003,35.28,65.52,18.765,33.5
amsterdam,52.366,4.901,2026-06-23 12:00:43,2026-05-12 23:59:59,13.4565,8.0065,0.4,33071.8711,283.8605,27.0,51.48,17.925,19.0
amsterdam,52.366,4.901,2026-06-23 12:00:43,2026-05-13 23:59:59,13.4565,8.9065,2.6,39266.5859,269.4892,15.84,28.44,10.995,60.5833
amsterdam,52.366,4.901,2026-06-23 12:00:43,2026-05-14 23:59:59,13.0065,7.5065,1.0,32379.5215,339.072,18.0,37.44,11.835,68.0833
amsterdam,52.366,4.901,2026-06-23 12:00:43,2026-05-15 23:59:59,10.6065,8.1565,2.7,5158.4858,287.7856,17.64,33.48,11.325,46.0
amsterdam,52.366,4.901,2026-06-23 12:00:43,2026-05-16 23:59:59,13.7565,7.9065,2.4,33769.1562,250.7634,20.52,38.52,10.56,29.75
amsterdam,52.366,4.901,2026-06-23 12:00:43,2026-05-17 23:59:59,15.7565,8.7565,5.4,18383.5391,199.453,16.56,37.08,11.625,60.4583
amsterdam,52.366,4.901,2026-06-23 12:00:43,2026-05-18 23:59:59,15.8565,10.7065,6.0,27624.8887,217.2046,14.4,30.6,9.63,64.5
amsterdam,52.366,4.901,2026-06-23 12:00:43,2026-05-19 23:59:59,16.5065,8.8065,0.9,26844.082,168.5519,19.08,36.72,13.695,38.75
amsterdam,52.366,4.901,2026-06-23 12:00:43,2026-05-20 23:59:59,18.0565,13.2065,4.5,37656.3242,227.1602,26.64,51.48,18.315,39.4167
amsterdam,52.366,4.901,2026-06-23 12:00:43,2026-05-21 23:59:59,20.1565,13.6065,0.4,43887.0938,245.6213,19.08,34.2,11.295,3.4583
amsterdam,52.366,4.901,2026-06-23 12:00:43,2026-05-22 23:59:59,26.0565,14.8565,0.0,50400.0,141.37,13.68,28.44,9.225,0.0
amsterdam,52.366,4.901,2026-06-23 12:00:43,2026-05-23 23:59:59,30.1065,17.9065,0.0,53519.2812,248.265,14.76,29.88,9.87,0.3333
amsterdam,52.366,4.901,2026-06-23 12:00:43,2026-05-24 23:59:59,25.3565,15.7565,0.0,52762.3984,49.1091,14.04,29.88,8.985,0.0
amsterdam,52.366,4.901,2026-06-23 12:00:43,2026-05-25 23:59:59,28.9565,17.2065,0.0,54000.0,91.2055,12.96,26.64,9.285,0.0
amsterdam,52.366,4.901,2026-06-23 12:00:43,2026-05-26 23:59:59,31.6565,19.7565,0.0,54000.0,33.1549,14.4,25.56,7.92,0.0
amsterdam,52.366,4.901,2026-06-23 12:00:43,2026-05-27 23:59:59,21.7065,15.4065,0.0,52936.6562,45.1331,18.36,34.2,13.77,6.2083
amsterdam,52.366,4.901,2026-06-23 12:00:43,2026-05-28 23:59:59,24.6565,12.4065,0.0,52254.3164,79.6175,18.36,33.84,11.025,0.3333
amsterdam,52.366,4.901,2026-06-23 12:00:43,2026-05-29 23:59:59,28.2565,18.0565,3.5,10623.7168,180.4738,18.0,36.36,12.525,30.125
amsterdam,52.366,4.901,2026-06-23 12:00:43,2026-05-30 23:59:59,24.9565,15.1065,0.0,54000.0,73.9168,18.72,34.2,8.655,0.0
amsterdam,52.366,4.901,2026-06-23 12:00:43,2026-05-31 23:59:59,25.0065,17.3565,0.0,49901.0312,321.0139,16.92,34.2,10.26,24.7917
amsterdam,52.366,4.901,2026-06-23 12:00:43,2026-06-01 23:59:59,22.8565,16.7565,0.0,40361.2031,244.9166,16.2,33.48,8.865,12.25
amsterdam,52.366,4.901,2026-06-23 12:00:43,2026-06-02 23:59:59,19.9565,15.7565,26.7,13674.3447,193.952,16.92,40.68,12.63,59.0
amsterdam,52.366,4.901,2026-06-23 12:00:43,2026-06-03 23:59:59,18.4065,15.0565,4.1,14400.0,215.4191,27.72,50.4,18.57,78.0417
amsterdam,52.366,4.901,2026-06-23 12:00:43,2026-06-04 23:59:59,17.5565,14.3565,5.2,25629.1621,217.5271,28.44,53.64,22.365,57.3333
amsterdam,52.366,4.901,2026-06-23 12:00:43,2026-06-05 23:59:59,19.6065,14.2065,5.2,40410.0156,250.4326,21.6,39.96,12.99,51.25
amsterdam,52.366,4.901,2026-06-23 12:00:43,2026-06-06 23:59:59,19.5565,13.4565,2.1,20797.5234,179.1885,24.12,42.84,13.065,41.6667
amsterdam,52.366,4.901,2026-06-23 12:00:43,2026-06-07 23:59:59,18.7065,13.4565,5.5,25179.0742,236.6932,27.36,50.76,18.27,49.1667
amsterdam,52.366,4.901,2026-06-23 12:00:43,2026-06-08 23:59:59,21.3565,14.2565,5.5,8424.6211,200.7549,18.72,32.76,11.835,40.0
amsterdam,52.366,4.901,2026-06-23 12:00:43,2026-06-09 23:59:59,17.4565,13.1565,0.8,41753.5547,249.2128,28.08,51.84,16.395,75.875
amsterdam,52.366,4.901,2026-06-23 12:00:43,2026-06-10 23:59:59,17.3065,11.6565,4.5,40561.6602,235.2462,27.36,48.24,13.185,51.8333
paris,48.86,2.36,2026-06-23 12:00:43,2026-04-16 23:59:59,18.95,9.0,,,,10.5342,28.44,,
paris,48.86,2.36,2026-06-23 12:00:43,2026-04-17 23:59:59,21.2,8.5,0.0,44497.6719,239.7746,8.9513,23.04,4.4551,
paris,48.86,2.36,2026-06-23 12:00:43,2026-04-18 23:59:59,21.6,11.15,0.8,43200.0,318.6392,16.6857,41.04,8.6851,
paris,48.86,2.36,2026-06-23 12:00:43,2026-04-19 23:59:59,17.95,6.25,0.0,42282.9961,355.0829,13.0918,30.96,8.5292,
paris,48.86,2.36,2026-06-23 12:00:43,2026-04-20 23:59:59,15.75,6.2,0.0,45152.1055,32.6658,16.4274,39.24,11.6752,
paris,48.86,2.36,2026-06-23 12:00:43,2026-04-21 23:59:59,15.35,5.0,0.0,41341.6797,54.6234,21.0961,50.04,14.0004,
paris,48.86,2.36,2026-06-23 12:00:43,2026-04-22 23:59:59,18.8,7.45,0.0,49657.7422,73.71,19.7197,49.32,15.6825,
paris,48.86,2.36,2026-06-23 12:00:43,2026-04-23 23:59:59,22.05,7.7,0.0,49724.1367,69.6147,16.5071,42.12,11.9142,
paris,48.86,2.36,2026-06-23 12:00:43,2026-04-24 23:59:59,22.9995,8.5495,0.0,49812.4805,45.6902,15.6838,36.0,8.9938,0.0
paris,48.86,2.36,2026-06-23 12:00:43,2026-04-25 23:59:59,22.4995,7.6995,0.0,46800.0,13.1483,11.1774,25.56,6.1307,0.0
paris,48.86,2.36,2026-06-23 12:00:43,2026-04-26 23:59:59,21.9995,8.4495,0.0,47945.9336,39.8718,11.458,26.64,7.1544,0.0
paris,48.86,2.36,2026-06-23 12:00:43,2026-04-27 23:59:59,22.065,10.015,0.0,43608.3047,360.0,14.04,29.52,7.8889,0.0
paris,48.86,2.36,2026-06-23 12:00:43,2026-04-28 23:59:59,20.915,10.615,0.2,45668.0156,15.5788,14.6188,34.56,11.4939,0.4167
paris,48.86,2.36,2026-06-23 12:00:43,2026-04-29 23:59:59,24.065,13.465,0.0,45092.1406,73.8141,22.1041,46.44,16.0346,0.0
paris,48.86,2.36,2026-06-23 12:00:43,2026-04-30 23:59:59,24.015,11.915,0.0,50336.5977,92.992,18.0,37.8,15.3265,0.0
paris,48.86,2.36,2026-06-23 12:00:43,2026-05-01 23:59:59,25.365,12.115,16.0,39988.5,128.9143,16.5483,55.44,7.6663,13.75
paris,48.86,2.36,2026-06-23 12:00:43,2026-05-02 23:59:59,25.515,15.065,0.3,36963.6914,193.3856,15.8768,39.24,7.5123,3.0
paris,48.86,2.36,2026-06-23 12:00:43,2026-05-03 23:59:59,20.115,14.715,4.7,15028.1846,198.6148,13.6847,29.88,9.1902,60.5417
paris,48.86,2.36,2026-06-23 12:00:43,2026-05-04 23:59:59,17.865,14.515,8.3,0.0,12.8042,7.0729,15.84,3.5992,45.4167
paris,48.86,2.36,2026-06-23 12:00:43,2026-05-05 23:59:59,15.315,12.315,8.5,0.0,20.1627,15.3792,32.76,10.4944,56.4167
paris,48.86,2.36,2026-06-23 12:00:43,2026-05-06 23:59:59,15.015,10.065,5.1,20068.7402,343.8714,13.8542,32.4,11.1351,42.4167
paris,48.86,2.36,2026-06-23 12:00:43,2026-05-07 23:59:59,16.815,10.165,0.0,33451.668,2.6799,7.9282,17.64,5.4999,3.9167
paris,48.86,2.36,2026-06-23 12:00:43,2026-05-08 23:59:59,20.865,8.865,0.0,50872.5273,49.4181,12.4135,25.56,5.3715,0.0
paris,48.86,2.36,2026-06-23 12:00:43,2026-05-09 23:59:59,24.615,11.065,0.0,50400.0,62.5623,14.6543,29.88,8.8827,1.125
paris,48.86,2.36,2026-06-23 12:00:43,2026-05-10 23:59:59,18.115,12.515,51.9,0.0,41.7366,14.8257,29.88,10.5944,49.7083
paris,48.86,2.36,2026-06-23 12:00:43,2026-05-11 23:59:59,15.015,8.465,7.0,28031.293,346.7907,18.2786,41.04,13.4469,49.7083
paris,48.86,2.36,2026-06-23 12:00:43,2026-05-12 23:59:59,16.015,6.265,0.0,51876.1797,265.1612,12.0694,30.96,6.6374,0.5417
paris,48.86,2.36,2026-06-23 12:00:43,2026-05-13 23:59:59,15.465,9.965,4.2,31252.5996,263.1077,22.1041,52.92,15.2369,20.0833
paris,48.86,2.36,2026-06-23 12:00:43,2026-05-14 23:59:59,11.815,8.115,9.6,22489.0391,284.226,16.9659,38.16,10.1206,47.5
paris,48.86,2.36,2026-06-23 12:00:43,2026-05-15 23:59:59,13.615,5.265,3.8,38105.1914,316.4547,15.7908,42.12,7.1352,29.375
paris,48.86,2.36,2026-06-23 12:00:43,2026-05-16 23:59:59,15.815,7.615,2.2,42079.2383,259.9921,15.8564,42.48,8.0304,8.7917
paris,48.86,2.36,2026-06-23 12:00:43,2026-05-17 23:59:59,16.065,10.665,21.9,7677.3003,224.9999,12.1816,32.76,7.6731,54.5417
paris,48.86,2.36,2026-06-23 12:00:43,2026-05-18 23:59:59,15.715,9.165,5.9,30712.1074,247.0027,19.0936,38.16,6.4053,7.2917
paris,48.86,2.36,2026-06-23 12:00:43,2026-05-19 23:59:59,16.865,10.965,3.0,4186.4785,190.9001,16.8625,43.2,11.4809,26.75
paris,48.86,2.36,2026-06-23 12:00:43,2026-05-20 23:59:59,20.415,13.515,0.0,32059.7383,241.6284,16.8625,38.52,11.7396,0.9167
paris,48.86,2.36,2026-06-23 12:00:43,2026-05-21 23:59:59,24.665,10.465,0.0,46800.0,123.1601,10.1377,20.52,4.9517,0.0
paris,48.86,2.36,2026-06-23 12:00:43,2026-05-22 23:59:59,28.815,14.215,0.0,51580.5234,124.3098,9.4496,19.08,4.4436,0.0
paris,48.86,2.36,2026-06-23 12:00:43,2026-05-23 23:59:59,31.565,15.965,0.0,51556.8438,71.3581,9.1782,17.64,3.7735,0.0
paris,48.86,2.36,2026-06-23 12:00:43,2026-05-24 23:59:59,32.615,18.865,0.0,52734.0391,39.8225,12.6,28.08,7.4347,0.0
paris,48.86,2.36,2026-06-23 12:00:43,2026-05-25 23:59:59,33.065,20.465,0.0,52715.4453,67.4444,13.2027,27.72,7.9817,0.0
paris,48.86,2.36,2026-06-23 12:00:43,2026-05-26 23:59:59,33.815,19.015,0.0,53099.7617,11.2317,10.6611,23.4,4.7148,0.0
paris,48.86,2.36,2026-06-23 12:00:43,2026-05-27 23:59:59,32.865,19.265,0.0,54087.7852,50.0227,12.7686,27.0,6.1794,0.0
paris,48.86,2.36,2026-06-23 12:00:43,2026-05-28 23:59:59,33.315,21.165,0.0,54045.3008,125.8541,9.4496,19.08,5.7286,2.25
paris,48.86,2.36,2026-06-23 12:00:43,2026-05-29 23:59:59,33.165,21.115,0.0,47427.1914,157.5205,9.4221,22.32,6.2171,0.25
paris,48.86,2.36,2026-06-23 12:00:43,2026-05-30 23:59:59,34.515,22.065,0.0,53758.6523,231.7455,16.2798,34.92,6.0568,1.5417
paris,48.86,2.36,2026-06-23 12:00:43,2026-05-31 23:59:59,23.015,17.565,0.1,29001.7969,294.812,19.2961,34.56,11.8345,8.4583
paris,48.86,2.36,2026-06-23 12:00:43,2026-06-01 23:59:59,26.265,14.965,0.0,51885.4844,245.1858,9.8853,25.56,5.9967,0.0
paris,48.86,2.36,2026-06-23 12:00:43,2026-06-02 23:59:59,22.415,16.715,5.6,28361.4258,246.6782,19.9175,52.56,11.6562,55.9167
paris,48.86,2.36,2026-06-23 12:00:43,2026-06-03 23:59:59,20.565,14.265,0.0,18734.4531,224.9562,22.2386,49.32,14.5893,1.8333
paris,48.86,2.36,2026-06-23 12:00:43,2026-06-04 23:59:59,20.515,14.765,2.1,26125.9199,231.1866,19.08,54.36,15.5316,37.5
paris,48.86,2.36,2026-06-23 12:00:43,2026-06-05 23:59:59,19.265,12.215,0.0,37285.6797,232.8316,12.6206,28.8,9.2617,0.0
paris,48.86,2.36,2026-06-23 12:00:43,2026-06-06 23:59:59,21.065,13.965,1.7,22688.4062,208.3341,21.4132,46.08,13.003,16.5833
paris,48.86,2.36,2026-06-23 12:00:43,2026-06-07 23:59:59,23.265,12.465,0.0,50019.1992,227.9649,10.2395,25.56,6.3703,0.0
paris,48.86,2.36,2026-06-23 12:00:43,2026-06-08 23:59:59,22.465,13.915,1.5,9582.0801,234.649,18.9983,41.4,10.2864,14.125
paris,48.86,2.36,2026-06-23 12:00:43,2026-06-09 23:59:59,20.215,10.715,0.3,50012.25,263.5311,18.5984,37.8,11.3791,1.2083
paris,48.86,2.36,2026-06-23 12:00:43,2026-06-10 23:59:59,17.815,12.715,2.4,36509.8086,283.0898,16.6575,36.36,9.8022,22.25
paris,48.86,2.36,2026-06-23 12:00:43,2026-06-25 23:59:59,39.7495,26.9072,0.0,55807.9297,84.2798,16.9353,38.88,9.4693,0.0
paris,48.86,2.36,2026-06-23 12:00:43,2026-06-26 23:59:59,37.0995,26.6495,0.9,56692.668,53.9937,11.1658,30.6,8.0945,10.3333
paris,48.86,2.36,2026-06-23 12:00:43,2026-06-27 23:59:59,33.7995,23.3995,1.2,53331.6758,313.97,14.1824,32.76,9.0335,7.625
paris,48.86,2.36,2026-06-23 12:00:43,2026-06-28 23:59:59,32.7495,22.9745,0.0,55925.1055,358.1596,15.2735,33.48,7.9802,15.9167
prag,50.08,14.44,2026-06-23 12:00:43,2026-04-16 23:59:59,19.7,9.45,,,,10.5649,29.16,,
prag,50.08,14.44,2026-06-23 12:00:43,2026-04-17 23:59:59,21.5,9.6,0.0,48249.1211,352.1791,17.6483,42.48,8.2031,
prag,50.08,14.44,2026-06-23 12:00:43,2026-04-18 23:59:59,22.0,7.15,0.0,38516.1641,331.7337,14.0446,33.84,4.5671,
prag,50.08,14.44,2026-06-23 12:00:43,2026-04-19 23:59:59,16.85,6.9,7.6,19273.125,275.6952,23.2451,57.24,10.4255,
prag,50.08,14.44,2026-06-23 12:00:43,2026-04-20 23:59:59,10.9,5.3,4.2,20606.7734,275.5721,18.4665,44.28,12.3179,
prag,50.08,14.44,2026-06-23 12:00:43,2026-04-21 23:59:59,12.25,4.25,0.7,29529.7852,22.1649,16.1359,41.04,10.5143,
prag,50.08,14.44,2026-06-23 12:00:43,2026-04-22 23:59:59,14.35,2.45,0.0,50354.3906,335.2347,16.0119,37.8,9.7604,
prag,50.08,14.44,2026-06-23 12:00:43,2026-04-23 23:59:59,18.4,6.3,0.0,50400.0,302.9151,20.5271,48.96,14.0284,
prag,50.08,14.44,2026-06-23 12:00:43,2026-04-24 23:59:59,16.996,7.096,0.0,50194.1836,307.1193,17.0763,34.92,9.8239,0.0
prag,50.08,14.44,2026-06-23 12:00:43,2026-04-25 23:59:59,20.096,4.796,0.0,49467.7266,284.7204,16.7042,33.84,10.5319,0.0
prag,50.08,14.44,2026-06-23 12:00:43,2026-04-26 23:59:59,13.746,5.596,0.0,47147.4297,336.482,18.7753,36.72,11.2621,0.0
prag,50.08,14.44,2026-06-23 12:00:43,2026-04-27 23:59:59,16.9485,3.9485,0.0,39792.5938,24.3818,7.9282,17.28,2.8271,0.0
prag,50.08,14.44,2026-06-23 12:00:43,2026-04-28 23:59:59,17.9485,5.3485,0.0,44617.8242,55.3135,15.3286,32.76,7.1883,0.0
prag,50.08,14.44,2026-06-23 12:00:43,2026-04-29 23:59:59,14.6485,4.2985,0.0,50400.0,53.8086,18.9197,42.12,9.7564,0.0
prag,50.08,14.44,2026-06-23 12:00:43,2026-04-30 23:59:59,15.0485,1.6485,0.0,50400.0,27.741,10.1441,24.84,4.8374,0.0
prag,50.08,14.44,2026-06-23 12:00:43,2026-05-01 23:59:59,21.1985,5.0485,0.0,50400.0,334.4115,6.48,14.76,3.2381,0.0
prag,50.08,14.44,2026-06-23 12:00:43,2026-05-02 23:59:59,24.9485,6.8985,0.0,50400.0,137.4195,8.2093,17.28,3.6765,0.0
prag,50.08,14.44,2026-06-23 12:00:43,2026-05-03 23:59:59,27.2485,10.2985,0.0,50400.0,155.0415,13.8915,29.16,6.5896,0.0
prag,50.08,14.44,2026-06-23 12:00:43,2026-05-04 23:59:59,24.0485,11.6485,0.0,40797.0312,33.1699,7.2805,18.0,4.3308,1.625
prag,50.08,14.44,2026-06-23 12:00:43,2026-05-05 23:59:59,25.1985,14.2985,6.6,35890.6797,20.6746,24.9051,46.8,6.8871,12.25
prag,50.08,14.44,2026-06-23 12:00:43,2026-05-06 23:59:59,22.5485,12.4985,5.8,37228.8711,228.1296,16.8086,32.76,9.0385,22.6667
prag,50.08,14.44,2026-06-23 12:00:43,2026-05-07 23:59:59,17.0985,10.7485,0.6,33383.5469,248.5332,16.642,39.24,11.6008,34.0417
prag,50.08,14.44,2026-06-23 12:00:43,2026-05-08 23:59:59,14.7485,9.3985,0.0,25088.4668,353.5137,11.6097,23.04,6.1025,1.125
prag,50.08,14.44,2026-06-23 12:00:43,2026-05-09 23:59:59,17.1485,8.5985,0.0,37242.875,55.5423,12.3139,24.84,5.4207,0.0
prag,50.08,14.44,2026-06-23 12:00:43,2026-05-10 23:59:59,21.3485,7.5485,0.0,47369.6289,70.3342,11.2985,23.04,5.1952,0.0
prag,50.08,14.44,2026-06-23 12:00:43,2026-05-11 23:59:59,21.4985,10.0485,1.2,28667.9512,255.6209,23.0906,51.48,11.4445,42.2083
prag,50.08,14.44,2026-06-23 12:00:43,2026-05-12 23:59:59,10.9485,7.0485,0.7,40161.6484,269.8235,24.0312,50.4,15.0792,18.2083
prag,50.08,14.44,2026-06-23 12:00:43,2026-05-13 23:59:59,14.0485,5.1985,0.0,28944.1602,235.1858,19.2558,44.64,12.2977,2.7083
prag,50.08,14.44,2026-06-23 12:00:43,2026-05-14 23:59:59,15.7985,7.8985,0.2,28854.9531,208.4543,16.9926,42.12,11.5381,8.5417
prag,50.08,14.44,2026-06-23 12:00:43,2026-05-15 23:59:59,15.7985,8.5985,0.4,31319.2422,304.751,9.5315,24.12,4.7771,35.2083
prag,50.08,14.44,2026-06-23 12:00:43,2026-05-16 23:59:59,14.5485,8.8985,2.3,15227.4492,343.0664,9.8853,25.56,6.3982,47.2917
prag,50.08,14.44,2026-06-23 12:00:43,2026-05-17 23:59:59,16.6985,7.4485,0.0,40980.1523,305.4105,10.5879,23.04,4.0533,0.3333
prag,50.08,14.44,2026-06-23 12:00:43,2026-05-18 23:59:59,18.9985,6.2985,0.0,45603.707,242.1028,7.2359,17.28,2.6058,0.0
prag,50.08,14.44,2026-06-23 12:00:43,2026-05-19 23:59:59,21.3485,9.8485,0.0,39985.5391,237.5724,11.0139,26.28,4.9978,9.9167
prag,50.08,14.44,2026-06-23 12:00:43,2026-05-20 23:59:59,20.9985,10.2985,0.2,24087.4883,239.4939,12.682,30.6,7.6637,6.3333
prag,50.08,14.44,2026-06-23 12:00:43,2026-05-21 23:59:59,20.9485,12.7985,0.2,49752.5703,304.8192,13.3249,34.56,6.8884,0.125
prag,50.08,14.44,2026-06-23 12:00:43,2026-05-22 23:59:59,23.8985,10.9985,0.0,48521.6094,16.4136,10.6307,21.6,4.0857,0.0
prag,50.08,14.44,2026-06-23 12:00:43,2026-05-23 23:59:59,26.7985,13.3985,0.0,50671.4805,28.0724,7.7546,22.68,2.7364,0.0
prag,50.08,14.44,2026-06-23 12:00:43,2026-05-24 23:59:59,30.6485,14.4985,0.0,49754.4883,323.399,13.0099,28.8,5.2809,0.0
prag,50.08,14.44,2026-06-23 12:00:43,2026-05-25 23:59:59,27.8985,16.8485,0.0,48535.3203,342.0553,10.4462,23.76,7.4141,0.0
prag,50.08,14.44,2026-06-23 12:00:43,2026-05-26 23:59:59,29.5985,16.0485,0.0,51143.8633,330.7321,7.517,17.64,4.3139,0.0
prag,50.08,14.44,2026-06-23 12:00:43,2026-05-27 23:59:59,27.5485,15.7985,0.0,49989.6211,337.0112,20.073,42.84,10.5107,0.0
prag,50.08,14.44,2026-06-23 12:00:43,2026-05-28 23:59:59,22.7985,11.8485,0.0,52297.7695,337.2982,13.494,32.04,7.5688,0.0
prag,50.08,14.44,2026-06-23 12:00:43,2026-05-29 23:59:59,26.0985,10.2485,0.0,52251.5078,299.6043,10.949,23.76,3.5549,0.0
prag,50.08,14.44,2026-06-23 12:00:43,2026-05-30 23:59:59,26.6485,15.9985,0.1,47771.4805,311.5715,21.1789,46.8,9.7111,2.9583
prag,50.08,14.44,2026-06-23 12:00:43,2026-05-31 23:59:59,26.4985,13.8985,23.9,41395.8281,245.8813,13.7838,63.36,6.5892,22.9583
prag,50.08,14.44,2026-06-23 12:00:43,2026-06-01 23:59:59,22.7485,15.3485,8.8,31495.5859,304.9556,14.003,29.16,8.9899,35.25
prag,50.08,14.44,2026-06-23 12:00:43,2026-06-02 23:59:59,26.0485,12.5485,0.0,48260.7969,148.8255,15.5801,31.32,6.1133,0.0
prag,50.08,14.44,2026-06-23 12:00:43,2026-06-03 23:59:59,20.8485,15.8985,10.7,9689.5732,265.2285,16.236,34.56,9.7071,47.0833
prag,50.08,14.44,2026-06-23 12:00:43,2026-06-04 23:59:59,24.8985,12.2985,0.0,37327.1562,195.8213,14.2916,33.84,8.5516,4.375
prag,50.08,14.44,2026-06-23 12:00:43,2026-06-05 23:59:59,18.6985,13.0485,12.1,14118.4561,233.5074,12.24,28.44,8.4739,54.8333
prag,50.08,14.44,2026-06-23 12:00:43,2026-06-06 23:59:59,23.9985,9.7485,0.0,51105.2969,135.2099,8.2878,18.0,4.0154,1.2917
prag,50.08,14.44,2026-06-23 12:00:43,2026-06-07 23:59:59,23.9985,15.2485,2.2,51812.5508,266.7199,19.8131,46.08,9.5377,9.0
prag,50.08,14.44,2026-06-23 12:00:43,2026-06-08 23:59:59,26.8485,12.2985,0.0,50067.4766,166.8142,7.1729,18.72,3.7565,0.0
prag,50.08,14.44,2026-06-23 12:00:43,2026-06-09 23:59:59,20.8985,14.4485,6.6,3247.5928,221.3682,14.5789,44.28,8.3777,24.4167
prag,50.08,14.44,2026-06-23 12:00:43,2026-06-10 23:59:59,15.9485,12.0985,2.5,0.0,180.2238,10.83,26.28,4.8102,51.5833
prag,50.08,14.44,2026-06-23 12:00:43,2026-06-25 23:59:59,32.696,20.2979,0.0,53583.4297,36.9535,7.6283,20.52,3.5903,0.0
prag,50.08,14.44,2026-06-23 12:00:43,2026-06-26 23:59:59,34.046,21.246,0.0,55265.3633,70.0168,7.8625,22.32,3.9922,0.0
prag,50.08,14.44,2026-06-23 12:00:43,2026-06-27 23:59:59,36.196,21.346,0.0,57517.0742,130.3035,8.7147,24.48,4.3539,0.0
prag,50.08,14.44,2026-06-23 12:00:43,2026-06-28 23:59:59,38.546,21.146,0.3,56716.8477,329.8736,8.5571,36.0,3.7508,2.2917
rome,41.875,12.5,2026-06-23 12:00:43,2026-03-29 23:59:59,,,,,,,,,1.3333
rome,41.875,12.5,2026-06-23 12:00:43,2026-03-30 23:59:59,,,,,,,,,32.4167
rome,41.875,12.5,2026-06-23 12:00:43,2026-03-31 23:59:59,,,,,,,,,18.5417
rome,41.875,12.5,2026-06-23 12:00:43,2026-04-01 23:59:59,,,,,,,,,0.8333
rome,41.875,12.5,2026-06-23 12:00:43,2026-04-13 23:59:59,,,,,,,,,36.5
rome,41.875,12.5,2026-06-23 12:00:43,2026-04-14 23:59:59,,,,,,,,,50.5
rome,41.875,12.5,2026-06-23 12:00:43,2026-04-15 23:59:59,,,,,,,,,41.0
rome,41.875,12.5,2026-06-23 12:00:43,2026-04-16 23:59:59,23.2,11.35,,,,7.8893,22.32,,32.625
rome,41.875,12.5,2026-06-23 12:00:43,2026-04-17 23:59:59,26.05,11.85,0.0,44590.1562,354.0486,10.8733,28.44,6.0755,2.1667
rome,41.875,12.5,2026-06-23 12:00:43,2026-04-18 23:59:59,26.8,13.0,0.0,45508.6953,347.6193,17.1,42.12,7.8948,0.0
rome,41.875,12.5,2026-06-23 12:00:43,2026-04-19 23:59:59,25.25,11.95,0.0,45482.1562,212.9051,13.394,36.72,7.03,0.0
rome,41.875,12.5,2026-06-23 12:00:43,2026-04-20 23:59:59,23.95,14.15,0.1,45455.8477,183.0594,11.9018,33.12,8.7228,0.375
rome,41.875,12.5,2026-06-23 12:00:43,2026-04-21 23:59:59,23.45,15.2,0.0,45429.6953,195.9888,15.8768,42.84,9.6571,9.0417
rome,41.875,12.5,2026-06-23 12:00:43,2026-04-22 23:59:59,20.05,13.05,4.3,27774.3145,339.1342,12.6167,30.24,4.555,21.4167
rome,41.875,12.5,2026-06-23 12:00:43,2026-04-23 23:59:59,20.6,8.6,0.0,46628.668,358.1076,17.4303,40.32,8.8273,0.0
rome,41.875,12.5,2026-06-23 12:00:43,2026-04-24 23:59:59,20.735,8.385,0.0,47049.3086,284.3168,15.63,33.12,7.0602,0.0
rome,41.875,12.5,2026-06-23 12:00:43,2026-04-25 23:59:59,21.585,7.435,0.0,46691.9883,287.3057,16.5639,34.56,7.9601,0.0
rome,41.875,12.5,2026-06-23 12:00:43,2026-04-26 23:59:59,21.635,6.985,0.0,46922.6055,276.426,15.63,33.12,6.8822,0.0
rome,41.875,12.5,2026-06-23 12:00:43,2026-04-27 23:59:59,22.1915,11.385,0.0,44676.4219,257.8557,14.2052,31.32,6.0968,0.0
rome,41.875,12.5,2026-06-23 12:00:43,2026-04-28 23:59:59,24.1415,9.8415,0.0,47388.375,251.901,12.5743,30.6,4.7122,0.0
rome,41.875,12.5,2026-06-23 12:00:43,2026-04-29 23:59:59,24.6415,9.7915,0.0,44117.3281,236.8738,11.5929,28.8,4.7991,1.0
rome,41.875,12.5,2026-06-23 12:00:43,2026-04-30 23:59:59,22.7915,15.0415,2.7,36506.125,21.413,9.4496,28.44,4.8608,12.2917
rome,41.875,12.5,2026-06-23 12:00:43,2026-05-01 23:59:59,22.7415,10.1415,0.0,48251.5547,24.7244,12.7228,30.96,8.0847,0.2083
rome,41.875,12.5,2026-06-23 12:00:43,2026-05-02 23:59:59,22.8915,8.2915,0.0,48543.7031,290.8978,15.6838,36.72,7.1606,0.0
rome,41.875,12.5,2026-06-23 12:00:43,2026-05-03 23:59:59,22.4915,9.0415,0.0,46280.4062,262.3647,16.6575,38.52,6.5124,0.0
rome,41.875,12.5,2026-06-23 12:00:43,2026-05-04 23:59:59,20.8415,10.2415,0.0,15969.5078,185.4095,11.8418,29.16,5.2786,1.375
rome,41.875,12.5,2026-06-23 12:00:43,2026-05-05 23:59:59,20.1915,13.1915,7.6,14678.8643,156.1019,16.874,38.52,8.1507,43.3333
rome,41.875,12.5,2026-06-23 12:00:43,2026-05-06 23:59:59,22.4915,14.8915,6.4,17979.4727,180.1193,15.6838,39.24,7.8569,51.0
rome,41.875,12.5,2026-06-23 12:00:43,2026-05-07 23:59:59,24.5915,14.9915,6.3,39226.1367,299.8047,10.4648,26.64,4.1603,24.1667
rome,41.875,12.5,2026-06-23 12:00:43,2026-05-08 23:59:59,21.3915,15.6415,2.7,1883.0875,158.9623,13.5563,29.88,5.2156,17.5
rome,41.875,12.5,2026-06-23 12:00:43,2026-05-09 23:59:59,25.0415,12.1915,0.0,39366.7578,242.8504,13.281,33.48,4.9873,0.6667
rome,41.875,12.5,2026-06-23 12:00:43,2026-05-10 23:59:59,22.6915,15.6415,0.7,24004.1914,171.301,21.0685,51.84,9.4709,18.2083
rome,41.875,12.5,2026-06-23 12:00:43,2026-05-11 23:59:59,22.6415,16.5915,0.0,45036.2188,197.9023,16.4343,41.04,11.7331,0.4583
rome,41.875,12.5,2026-06-23 12:00:43,2026-05-12 23:59:59,22.4415,16.1415,0.0,47048.7812,215.8498,19.2961,46.08,11.5985,0.4583
rome,41.875,12.5,2026-06-23 12:00:43,2026-05-13 23:59:59,18.5415,14.2415,6.6,12483.7793,163.3364,10.1951,29.52,4.7423,31.1667
rome,41.875,12.5,2026-06-23 12:00:43,2026-05-14 23:59:59,21.9415,10.3415,0.5,41108.6836,209.764,17.8736,42.48,8.5695,2.4167
rome,41.875,12.5,2026-06-23 12:00:43,2026-05-15 23:59:59,20.3415,13.6915,18.5,21709.375,192.7798,15.3286,50.76,8.5217,37.2917
rome,41.875,12.5,2026-06-23 12:00:43,2026-05-16 23:59:59,18.9415,13.5915,2.7,43773.2617,260.8822,17.1142,52.2,9.8334,14.0833
rome,41.875,12.5,2026-06-23 12:00:43,2026-05-17 23:59:59,20.9415,9.2915,0.0,49356.6133,227.9185,11.7704,30.6,5.4569,0.0
rome,41.875,12.5,2026-06-23 12:00:43,2026-05-18 23:59:59,21.2915,10.1915,0.0,44198.7227,197.9637,13.0447,32.4,5.4634,0.0
rome,41.875,12.5,2026-06-23 12:00:43,2026-05-19 23:59:59,22.6415,11.3415,0.1,49430.6797,296.6295,17.8118,44.64,7.3984,0.0
rome,41.875,12.5,2026-06-23 12:00:43,2026-05-20 23:59:59,25.1915,12.0915,0.0,42942.9258,282.9946,14.3323,35.28,6.0512,0.2083
rome,41.875,12.5,2026-06-23 12:00:43,2026-05-21 23:59:59,28.1415,13.0415,0.0,48511.0156,359.7939,19.5232,44.28,8.5313,0.875
rome,41.875,12.5,2026-06-23 12:00:43,2026-05-22 23:59:59,28.8415,15.7415,0.0,50400.0,9.2782,16.5952,38.52,9.541,0.0
rome,41.875,12.5,2026-06-23 12:00:43,2026-05-23 23:59:59,29.1915,15.6415,0.0,50400.0,353.6599,12.1816,28.8,6.8223,0.0
rome,41.875,12.5,2026-06-23 12:00:43,2026-05-24 23:59:59,30.1415,16.3415,0.0,50400.0,300.8608,14.8694,36.72,6.4342,0.0
rome,41.875,12.5,2026-06-23 12:00:43,2026-05-25 23:59:59,31.3415,16.2915,0.0,50179.4648,296.9395,15.4842,36.72,6.3244,0.0
rome,41.875,12.5,2026-06-23 12:00:43,2026-05-26 23:59:59,31.9915,16.0915,0.0,50110.793,281.1173,15.2268,37.8,6.4587,0.0
rome,41.875,12.5,2026-06-23 12:00:43,2026-05-27 23:59:59,31.3415,18.1415,0.0,49818.1094,248.6093,12.7686,30.6,5.562,0.0
rome,41.875,12.5,2026-06-23 12:00:43,2026-05-28 23:59:59,31.7915,19.1415,0.1,46327.2656,276.0723,10.2963,27.72,3.6829,8.1667
rome,41.875,12.5,2026-06-23 12:00:43,2026-05-29 23:59:59,30.1415,19.6915,0.1,43844.2031,295.8663,9.606,24.84,4.6975,6.6667
rome,41.875,12.5,2026-06-23 12:00:43,2026-05-30 23:59:59,30.3415,19.7915,0.0,49886.7578,238.3713,12.9049,32.76,6.4771,0.9583
rome,41.875,12.5,2026-06-23 12:00:43,2026-05-31 23:59:59,30.0915,17.3415,0.0,49841.8867,254.6693,15.0384,35.28,6.583,0.0
rome,41.875,12.5,2026-06-23 12:00:43,2026-06-01 23:59:59,28.2415,17.1915,0.0,43459.1484,212.6244,16.2639,38.88,6.9258,0.25
rome,41.875,12.5,2026-06-23 12:00:43,2026-06-02 23:59:59,28.0915,19.7915,0.2,45937.668,181.1976,17.5811,41.04,9.7244,2.25
rome,41.875,12.5,2026-06-23 12:00:43,2026-06-03 23:59:59,27.6415,20.2915,8.6,33281.3203,210.6851,15.034,35.28,9.823,22.5417
rome,41.875,12.5,2026-06-23 12:00:43,2026-06-04 23:59:59,27.6915,17.0415,0.0,43696.0,216.451,14.5299,34.2,6.6606,0.0
rome,41.875,12.5,2026-06-23 12:00:43,2026-06-05 23:59:59,25.6915,15.5415,0.0,45355.0039,242.2777,10.9667,26.64,5.0766,1.0
rome,41.875,12.5,2026-06-23 12:00:43,2026-06-06 23:59:59,26.7415,17.8415,0.0,45796.2031,224.4952,13.2174,31.32,6.2431,0.0
rome,41.875,12.5,2026-06-23 12:00:43,2026-06-07 23:59:59,30.0915,15.4915,0.0,48786.7734,278.2463,14.8301,34.92,6.3657,0.0
rome,41.875,12.5,2026-06-23 12:00:43,2026-06-08 23:59:59,31.1415,17.1915,0.0,49819.9531,271.2531,16.204,38.88,6.5304,0.0
rome,41.875,12.5,2026-06-23 12:00:43,2026-06-09 23:59:59,30.2415,16.1415,0.0,50221.9766,245.3764,15.1414,35.64,6.2165,0.0
rome,41.875,12.5,2026-06-23 12:00:43,2026-06-10 23:59:59,28.9915,17.8415,0.0,49166.4141,204.1585,14.6896,34.92,7.5286,0.0
rome,41.875,12.5,2026-06-23 12:00:43,2026-06-23 23:59:59,35.6415,22.9415,0.2,49269.25,285.5929,15.1371,37.8,5.5941,2.9583
rome,41.875,12.5,2026-06-23 12:00:43,2026-06-24 23:59:59,34.5415,23.3415,0.9,38065.4375,286.1329,11.6598,30.6,3.8055,7.4583
rome,41.875,12.5,2026-06-23 12:00:43,2026-06-25 23:59:59,33.5415,23.8415,0.9,43240.7969,221.3476,9.0216,24.84,4.8877,11.4583
rome,41.875,12.5,2026-06-23 12:00:43,2026-06-26 23:59:59,34.9415,23.3415,0.0,52208.8789,261.2839,14.6896,35.64,6.0459,2.625
rome,41.875,12.5,2026-06-23 12:00:43,2026-06-27 23:59:59,35.5415,23.7915,0.0,53222.9023,258.3663,14.5878,35.64,5.9021,0.8333
rome,41.875,12.5,2026-06-23 12:00:43,2026-06-28 23:59:59,39.085,23.5915,0.0,53233.7266,252.8503,17.0687,39.96,6.5399,0.0
zurich,47.38,8.54,2026-06-23 12:00:43,2026-04-16 23:59:59,18.35,4.1,,,,7.8893,18.36,,
zurich,47.38,8.54,2026-06-23 12:00:43,2026-04-17 23:59:59,19.35,4.25,0.0,46800.0,6.981,7.02,18.72,2.4115,
zurich,47.38,8.54,2026-06-23 12:00:43,2026-04-18 23:59:59,20.95,3.85,0.0,46800.0,209.9815,3.2599,14.04,1.7809,
zurich,47.38,8.54,2026-06-23 12:00:43,2026-04-19 23:59:59,17.8,8.1,8.2,44457.0352,252.0874,16.3721,41.76,7.5794,
zurich,47.38,8.54,2026-06-23 12:00:43,2026-04-20 23:59:59,16.1,5.85,0.0,46585.6094,20.7075,13.1301,29.16,6.5647,
zurich,47.38,8.54,2026-06-23 12:00:43,2026-04-21 23:59:59,14.3,5.45,0.1,46800.0,46.4918,15.9633,37.08,11.0832,
zurich,47.38,8.54,2026-06-23 12:00:43,2026-04-22 23:59:59,14.7,3.9,0.0,46961.7734,51.9891,19.2936,45.36,13.1577,
zurich,47.38,8.54,2026-06-23 12:00:43,2026-04-23 23:59:59,18.35,2.8,0.0,47264.3086,49.0857,12.0815,31.68,6.0661,
zurich,47.38,8.54,2026-06-23 12:00:43,2026-04-24 23:59:59,20.9595,3.7095,0.0,46864.3594,38.8061,8.7072,19.8,4.1457,0.0
zurich,47.38,8.54,2026-06-23 12:00:43,2026-04-25 23:59:59,21.7595,4.7095,0.0,46814.4609,300.0822,12.2612,26.28,5.1142,0.0
zurich,47.38,8.54,2026-06-23 12:00:43,2026-04-26 23:59:59,20.1095,4.8595,0.0,45266.6875,50.5633,14.6896,30.6,7.0936,0.25
zurich,47.38,8.54,2026-06-23 12:00:43,2026-04-27 23:59:59,22.572,7.172,0.0,46749.5547,28.0528,9.086,20.52,5.8002,0.0
zurich,47.38,8.54,2026-06-23 12:00:43,2026-04-28 23:59:59,20.272,9.172,0.4,25821.3164,17.6281,10.7036,29.16,5.1124,15.5833
zurich,47.38,8.54,2026-06-23 12:00:43,2026-04-29 23:59:59,20.222,11.772,3.1,36586.6484,44.0631,15.4967,36.36,9.8748,24.5833
zurich,47.38,8.54,2026-06-23 12:00:43,2026-04-30 23:59:59,18.672,6.922,0.0,47290.6016,44.3008,17.2837,40.68,13.231,0.0
zurich,47.38,8.54,2026-06-23 12:00:43,2026-05-01 23:59:59,22.072,5.722,0.0,47247.4023,29.1568,9.086,21.24,5.3185,0.0
zurich,47.38,8.54,2026-06-23 12:00:43,2026-05-02 23:59:59,25.372,10.172,0.0,46843.8047,23.4842,7.2,14.04,3.2333,0.0
zurich,47.38,8.54,2026-06-23 12:00:43,2026-05-03 23:59:59,24.372,13.772,0.0,36000.0,262.8284,23.3778,51.84,4.6479,3.5417
zurich,47.38,8.54,2026-06-23 12:00:43,2026-05-04 23:59:59,21.972,12.372,0.0,29826.1289,302.3302,16.8086,41.04,4.7321,4.625
zurich,47.38,8.54,2026-06-23 12:00:43,2026-05-05 23:59:59,17.822,10.322,2.5,11604.7754,239.1724,16.2639,37.08,4.1792,30.0833
zurich,47.38,8.54,2026-06-23 12:00:43,2026-05-06 23:59:59,14.272,9.822,11.6,6906.0303,229.9698,15.7908,34.2,5.5849,28.7083
zurich,47.38,8.54,2026-06-23 12:00:43,2026-05-07 23:59:59,16.372,9.072,3.1,36363.625,285.9454,8.0498,20.88,4.7833,28.25
zurich,47.38,8.54,2026-06-23 12:00:43,2026-05-08 23:59:59,21.022,8.572,0.7,46965.2461,27.5119,9.931,20.88,4.8172,4.2083
zurich,47.38,8.54,2026-06-23 12:00:43,2026-05-09 23:59:59,23.122,9.922,0.2,39807.7578,55.3235,10.9903,25.56,4.0713,0.0
zurich,47.38,8.54,2026-06-23 12:00:43,2026-05-10 23:59:59,20.472,10.422,5.0,21509.2812,284.9314,17.6987,41.4,5.9796,17.75
zurich,47.38,8.54,2026-06-23 12:00:43,2026-05-11 23:59:59,16.072,7.422,12.5,8603.4014,244.3979,19.9175,45.36,10.9795,77.4583
zurich,47.38,8.54,2026-06-23 12:00:43,2026-05-12 23:59:59,12.572,4.472,4.9,36733.0,262.1658,14.4942,35.28,7.6137,19.875
zurich,47.38,8.54,2026-06-23 12:00:43,2026-05-13 23:59:59,15.422,5.572,2.2,47181.1875,248.1443,18.7096,43.56,10.0887,8.25
zurich,47.38,8.54,2026-06-23 12:00:43,2026-05-14 23:59:59,11.822,6.822,7.4,12462.6494,241.4769,16.4501,38.16,8.6372,90.375
zurich,47.38,8.54,2026-06-23 12:00:43,2026-05-15 23:59:59,10.322,5.872,5.3,2807.5908,235.1179,12.8646,31.68,5.5747,64.875
zurich,47.38,8.54,2026-06-23 12:00:43,2026-05-16 23:59:59,11.522,5.872,1.1,40904.5664,232.792,13.5515,34.56,6.5505,39.1667
zurich,47.38,8.54,2026-06-23 12:00:43,2026-05-17 23:59:59,16.172,5.472,0.0,40786.4688,226.8183,5.7712,12.6,2.3898,0.0
zurich,47.38,8.54,2026-06-23 12:00:43,2026-05-18 23:59:59,13.122,8.572,3.7,9378.1338,221.2217,11.967,28.08,4.9833,25.8333
zurich,47.38,8.54,2026-06-23 12:00:43,2026-05-19 23:59:59,17.522,5.872,0.0,28941.0195,280.7657,8.28,23.76,4.1597,3.3333
zurich,47.38,8.54,2026-06-23 12:00:43,2026-05-20 23:59:59,19.722,12.172,7.1,33703.0312,243.699,11.7704,34.2,6.5514,35.8333
zurich,47.38,8.54,2026-06-23 12:00:43,2026-05-21 23:59:59,23.372,10.772,0.0,50119.3789,46.928,10.5142,25.56,5.7289,0.0
zurich,47.38,8.54,2026-06-23 12:00:43,2026-05-22 23:59:59,26.622,11.022,0.0,53170.8164,21.7159,7.9282,16.92,4.2431,0.0
zurich,47.38,8.54,2026-06-23 12:00:43,2026-05-23 23:59:59,28.522,12.572,0.0,52782.0156,23.6294,7.8954,18.0,4.6366,0.0
zurich,47.38,8.54,2026-06-23 12:00:43,2026-05-24 23:59:59,30.522,14.672,0.0,53129.4336,38.1713,13.494,30.96,7.3493,0.0
zurich,47.38,8.54,2026-06-23 12:00:43,2026-05-25 23:59:59,30.972,16.772,0.0,53602.1406,23.649,10.6854,22.32,5.6394,0.0
zurich,47.38,8.54,2026-06-23 12:00:43,2026-05-26 23:59:59,31.422,16.322,0.0,53561.0391,4.6163,8.2093,15.48,3.5296,0.0
zurich,47.38,8.54,2026-06-23 12:00:43,2026-05-27 23:59:59,31.122,18.972,0.0,51818.5234,10.7326,10.4834,30.6,5.1805,1.0
zurich,47.38,8.54,2026-06-23 12:00:43,2026-05-28 23:59:59,28.972,17.922,0.0,45601.2812,19.5439,10.788,35.64,7.7321,0.0
zurich,47.38,8.54,2026-06-23 12:00:43,2026-05-29 23:59:59,29.222,15.372,0.0,54000.0,30.2848,11.682,27.72,7.0083,0.0
zurich,47.38,8.54,2026-06-23 12:00:43,2026-05-30 23:59:59,30.072,15.322,0.0,46478.7305,2.7865,7.0729,17.28,4.3575,0.0
zurich,47.38,8.54,2026-06-23 12:00:43,2026-05-31 23:59:59,29.522,17.522,1.3,37559.4883,261.6445,23.3584,72.36,7.1907,33.25
zurich,47.38,8.54,2026-06-23 12:00:43,2026-06-01 23:59:59,24.272,16.722,0.4,44499.5391,262.6097,7.9689,22.32,4.4068,28.2917
zurich,47.38,8.54,2026-06-23 12:00:43,2026-06-02 23:59:59,24.222,14.672,7.1,26299.7227,215.1622,20.6082,60.12,5.5825,38.2083
zurich,47.38,8.54,2026-06-23 12:00:43,2026-06-03 23:59:59,19.422,12.722,4.1,28966.6973,232.0118,10.4957,33.48,6.9779,36.5833
zurich,47.38,8.54,2026-06-23 12:00:43,2026-06-04 23:59:59,21.322,12.472,18.1,14878.4043,207.3323,13.7979,32.76,8.2702,38.0417
zurich,47.38,8.54,2026-06-23 12:00:43,2026-06-05 23:59:59,18.322,12.122,1.1,32678.0566,248.4896,8.6699,19.08,5.0744,12.7917
zurich,47.38,8.54,2026-06-23 12:00:43,2026-06-06 23:59:59,23.172,10.522,0.0,47199.4727,251.6914,12.4343,32.4,6.1406,0.5417
zurich,47.38,8.54,2026-06-23 12:00:43,2026-06-07 23:59:59,23.422,15.822,0.0,44332.082,293.902,9.606,23.4,5.9758,1.7917
zurich,47.38,8.54,2026-06-23 12:00:43,2026-06-08 23:59:59,27.972,13.572,1.8,39196.0312,256.6075,19.8556,45.72,5.897,15.5417
zurich,47.38,8.54,2026-06-23 12:00:43,2026-06-09 23:59:59,18.422,13.872,4.5,0.0,207.4132,10.594,33.84,6.7238,30.5417
zurich,47.38,8.54,2026-06-23 12:00:43,2026-06-10 23:59:59,13.722,11.222,6.6,2326.1313,222.0453,13.4411,32.4,5.5175,38.3333
zurich,47.38,8.54,2026-06-23 12:00:43,2026-06-25 23:59:59,34.706,21.714,0.0,51188.7422,49.5822,15.1884,37.44,7.5713,0.0
zurich,47.38,8.54,2026-06-23 12:00:43,2026-06-26 23:59:59,35.156,20.206,0.0,53495.9336,59.8266,7.5942,20.52,3.4335,0.0
zurich,47.38,8.54,2026-06-23 12:00:43,2026-06-27 23:59:59,35.306,22.306,0.6,54725.6758,185.174,6.9247,21.96,4.914,3.25
zurich,47.38,8.54,2026-06-23 12:00:43,2026-06-28 23:59:59,35.8095,23.4095,0.9,53045.9453,210.0156,9.6866,28.08,5.4288,7.5625
lisbon,38.75,-9.125,2026-06-23 12:00:43,2026-04-06 23:59:59,,,,,,,,,18.9167
lisbon,38.75,-9.125,2026-06-23 12:00:43,2026-04-07 23:59:59,,,,,,,,,61.8333
lisbon,38.75,-9.125,2026-06-23 12:00:43,2026-04-08 23:59:59,,,,,,,,,49.5417
lisbon,38.75,-9.125,2026-06-23 12:00:43,2026-04-09 23:59:59,,,,,,,,,22.125
lisbon,38.75,-9.125,2026-06-23 12:00:43,2026-04-10 23:59:59,,,,,,,,,30.2917
lisbon,38.75,-9.125,2026-06-23 12:00:43,2026-04-11 23:59:59,,,,,,,,,7.5
lisbon,38.75,-9.125,2026-06-23 12:00:43,2026-04-13 23:59:59,,,,,,,,,3.5417
lisbon,38.75,-9.125,2026-06-23 12:00:43,2026-04-14 23:59:59,,,,,,,,,2.75
lisbon,38.75,-9.125,2026-06-23 12:00:43,2026-04-16 23:59:59,23.6,11.85,,,,13.8892,33.12,,0.0
lisbon,38.75,-9.125,2026-06-23 12:00:43,2026-04-17 23:59:59,26.6,11.2,0.0,46663.4219,10.9636,14.2052,29.88,7.8809,0.0
lisbon,38.75,-9.125,2026-06-23 12:00:43,2026-04-18 23:59:59,26.6,13.65,0.0,46747.7773,11.4555,11.7208,30.96,6.2548,0.0
lisbon,38.75,-9.125,2026-06-23 12:00:43,2026-04-19 23:59:59,24.25,12.95,0.0,46800.0,292.8548,11.9832,32.04,5.2762,0.0
lisbon,38.75,-9.125,2026-06-23 12:00:43,2026-04-20 23:59:59,26.4,13.9,0.0,42049.2773,32.0563,16.6634,42.48,8.19,0.0
lisbon,38.75,-9.125,2026-06-23 12:00:43,2026-04-21 23:59:59,21.5,14.3,0.2,40062.082,211.6629,21.745,49.68,15.6635,9.4583
lisbon,38.75,-9.125,2026-06-23 12:00:43,2026-04-22 23:59:59,19.5,12.25,0.0,46800.0,258.4346,13.32,35.64,7.5692,0.0
lisbon,38.75,-9.125,2026-06-23 12:00:43,2026-04-23 23:59:59,19.75,12.05,0.0,43748.1055,261.9673,15.8369,39.96,7.7949,0.0
lisbon,38.75,-9.125,2026-06-23 12:00:43,2026-04-24 23:59:59,17.6635,14.6635,0.0,44548.3047,295.8719,17.2837,28.08,9.4687,0.6667
lisbon,38.75,-9.125,2026-06-23 12:00:43,2026-04-25 23:59:59,20.8635,14.4135,0.0,46800.0,342.5332,22.865,37.08,13.8303,0.0
lisbon,38.75,-9.125,2026-06-23 12:00:43,2026-04-26 23:59:59,22.7135,15.7635,0.0,46800.0,341.6887,20.3774,33.48,9.9285,0.0
lisbon,38.75,-9.125,2026-06-23 12:00:43,2026-04-27 23:59:59,27.0915,17.2635,0.2,41802.0234,326.4604,14.694,34.56,7.006,0.0
lisbon,38.75,-9.125,2026-06-23 12:00:43,2026-04-28 23:59:59,22.3915,15.7415,0.0,46800.0,306.049,11.967,28.44,5.6881,0.7083
lisbon,38.75,-9.125,2026-06-23 12:00:43,2026-04-29 23:59:59,17.6415,15.0915,0.8,32583.9961,237.0691,19.8556,46.44,11.8786,21.5
lisbon,38.75,-9.125,2026-06-23 12:00:43,2026-04-30 23:59:59,19.4415,14.6415,0.0,40904.2617,229.8353,13.1042,32.4,8.3127,3.0833
lisbon,38.75,-9.125,2026-06-23 12:00:43,2026-05-01 23:59:59,19.8915,12.4415,0.0,34514.5312,252.4185,13.3928,32.76,6.2898,0.125
lisbon,38.75,-9.125,2026-06-23 12:00:43,2026-05-02 23:59:59,19.3415,14.3915,1.2,34477.2852,226.4687,15.7908,39.6,9.0913,24.5833
lisbon,38.75,-9.125,2026-06-23 12:00:43,2026-05-03 23:59:59,18.4415,13.7915,0.4,42003.9531,269.7265,13.237,33.48,7.969,12.9167
lisbon,38.75,-9.125,2026-06-23 12:00:43,2026-05-04 23:59:59,18.9915,12.5415,0.2,46927.0586,320.6855,18.5984,43.56,9.8388,0.7917
lisbon,38.75,-9.125,2026-06-23 12:00:43,2026-05-05 23:59:59,18.9915,12.3415,0.0,46900.8672,330.5417,18.5041,44.28,11.2885,0.0
lisbon,38.75,-9.125,2026-06-23 12:00:43,2026-05-06 23:59:59,18.7915,12.6915,0.1,46874.6172,340.7872,19.5762,44.64,12.7792,0.125
lisbon,38.75,-9.125,2026-06-23 12:00:43,2026-05-07 23:59:59,18.6915,12.4915,0.0,36250.2109,310.9357,14.8432,36.36,8.8131,0.0
lisbon,38.75,-9.125,2026-06-23 12:00:43,2026-05-08 23:59:59,19.4915,13.1415,3.2,31439.582,187.2263,19.8392,54.72,12.4294,30.6667
lisbon,38.75,-9.125,2026-06-23 12:00:43,2026-05-09 23:59:59,16.2915,14.3415,31.7,42907.0703,200.9978,20.9698,58.68,16.466,92.25
lisbon,38.75,-9.125,2026-06-23 12:00:43,2026-05-10 23:59:59,17.1415,13.5915,7.7,43438.7227,213.8618,23.1662,62.28,19.4629,73.3333
lisbon,38.75,-9.125,2026-06-23 12:00:43,2026-05-11 23:59:59,17.7915,14.5415,3.7,45979.875,217.84,18.3741,46.44,15.0851,71.0833
lisbon,38.75,-9.125,2026-06-23 12:00:43,2026-05-12 23:59:59,18.2415,14.3415,9.2,44719.0859,221.3669,16.0392,45.72,10.7799,58.4167
lisbon,38.75,-9.125,2026-06-23 12:00:43,2026-05-13 23:59:59,19.1915,13.8415,1.4,45910.5586,278.2071,10.5879,27.72,5.1689,8.6667
lisbon,38.75,-9.125,2026-06-23 12:00:43,2026-05-14 23:59:59,19.5915,13.3915,0.0,47363.0195,347.3595,23.2333,55.08,14.2393,0.0
lisbon,38.75,-9.125,2026-06-23 12:00:43,2026-05-15 23:59:59,19.6915,13.6915,0.0,46962.7969,351.0753,24.5223,60.84,18.7515,0.3333
lisbon,38.75,-9.125,2026-06-23 12:00:43,2026-05-16 23:59:59,20.1915,13.3915,0.0,48547.1367,348.9381,23.7954,56.16,17.7823,0.0
lisbon,38.75,-9.125,2026-06-23 12:00:43,2026-05-17 23:59:59,19.7915,13.2915,0.3,47876.6523,329.156,20.0051,45.72,12.524,0.6667
lisbon,38.75,-9.125,2026-06-23 12:00:43,2026-05-18 23:59:59,19.8915,12.8415,0.0,46891.8477,320.6093,14.2916,35.64,9.8388,0.0
lisbon,38.75,-9.125,2026-06-23 12:00:43,2026-05-19 23:59:59,22.0915,13.6415,0.0,47324.5039,308.822,12.9049,32.04,5.4335,0.0
lisbon,38.75,-9.125,2026-06-23 12:00:43,2026-05-20 23:59:59,29.4415,14.9415,0.0,49346.8516,355.7273,11.52,26.64,5.7491,0.0
lisbon,38.75,-9.125,2026-06-23 12:00:43,2026-05-21 23:59:59,30.1415,17.5915,0.0,46630.0352,273.9451,7.9933,22.32,3.7915,0.0
lisbon,38.75,-9.125,2026-06-23 12:00:43,2026-05-22 23:59:59,30.8915,20.0415,0.0,48626.9297,341.6685,21.6779,48.6,7.3092,0.0
lisbon,38.75,-9.125,2026-06-23 12:00:43,2026-05-23 23:59:59,28.3415,19.2915,0.0,42809.832,335.178,14.3369,34.92,7.757,1.0
lisbon,38.75,-9.125,2026-06-23 12:00:43,2026-05-24 23:59:59,25.0415,16.4915,0.0,42640.9023,271.1159,11.7208,27.0,4.7977,0.0
lisbon,38.75,-9.125,2026-06-23 12:00:43,2026-05-25 23:59:59,27.5915,16.6415,0.0,46790.1055,243.435,14.0077,32.04,5.8925,0.0
lisbon,38.75,-9.125,2026-06-23 12:00:43,2026-05-26 23:59:59,33.3415,19.0415,0.0,45697.4688,66.8017,11.8089,29.16,5.5881,0.0
lisbon,38.75,-9.125,2026-06-23 12:00:43,2026-05-27 23:59:59,32.1915,20.7415,0.0,49760.2266,262.2483,18.1184,40.32,7.613,0.0
lisbon,38.75,-9.125,2026-06-23 12:00:43,2026-05-28 23:59:59,29.2915,17.7415,0.0,51040.0625,323.506,21.2034,47.16,8.5297,0.0
lisbon,38.75,-9.125,2026-06-23 12:00:43,2026-05-29 23:59:59,27.3415,16.9415,0.0,50357.7773,336.2535,19.5762,41.76,10.6319,0.0
lisbon,38.75,-9.125,2026-06-23 12:00:43,2026-05-30 23:59:59,26.0415,17.0915,0.0,49675.5664,344.6938,22.1276,50.4,14.8542,0.0
lisbon,38.75,-9.125,2026-06-23 12:00:43,2026-05-31 23:59:59,26.9415,16.6915,0.0,46880.6836,349.4053,24.1388,56.52,17.021,0.0
lisbon,38.75,-9.125,2026-06-23 12:00:43,2026-06-01 23:59:59,24.4415,17.3415,0.0,49295.7656,343.5023,22.93,54.0,18.0211,0.0
lisbon,38.75,-9.125,2026-06-23 12:00:43,2026-06-02 23:59:59,21.6915,16.6915,0.0,46289.0195,346.3427,22.0072,55.08,17.646,0.0
lisbon,38.75,-9.125,2026-06-23 12:00:43,2026-06-03 23:59:59,24.9415,16.1415,0.0,49578.5469,345.5046,18.448,47.52,15.2859,0.0
lisbon,38.75,-9.125,2026-06-23 12:00:43,2026-06-04 23:59:59,22.1915,16.1915,0.0,49885.0977,341.0701,20.0827,50.04,14.0072,0.0
lisbon,38.75,-9.125,2026-06-23 12:00:43,2026-06-05 23:59:59,22.2915,14.4415,0.0,46853.8242,339.5997,18.3741,44.64,14.1502,0.0
lisbon,38.75,-9.125,2026-06-23 12:00:43,2026-06-06 23:59:59,24.3415,16.0915,0.0,50840.8086,342.5305,19.1917,43.92,8.9899,0.0
lisbon,38.75,-9.125,2026-06-23 12:00:43,2026-06-07 23:59:59,25.6415,15.7915,0.0,51088.0273,343.0671,20.2882,49.32,13.5107,0.0
lisbon,38.75,-9.125,2026-06-23 12:00:43,2026-06-08 23:59:59,24.2415,16.2415,0.0,48818.5508,345.8094,20.5232,50.4,16.345,0.0
lisbon,38.75,-9.125,2026-06-23 12:00:43,2026-06-09 23:59:59,23.1915,15.9915,0.0,50479.8086,351.2473,24.2807,59.4,19.7683,0.0
lisbon,38.75,-9.125,2026-06-23 12:00:43,2026-06-10 23:59:59,27.2415,15.7915,0.0,52170.8828,350.3423,21.4132,52.56,16.7195,0.0
lisbon,38.75,-9.125,2026-06-23 12:00:43,2026-06-23 23:59:59,28.6915,20.5415,0.0,42291.1406,251.0295,13.3928,40.32,5.8713,4.4583
lisbon,38.75,-9.125,2026-06-23 12:00:43,2026-06-24 23:59:59,24.1915,18.9415,0.0,45981.5156,234.3294,15.4087,39.24,9.2339,0.125
lisbon,38.75,-9.125,2026-06-23 12:00:43,2026-06-25 23:59:59,22.9915,18.7415,1.8,44592.0195,212.2691,18.0754,43.92,12.2005,24.2083
lisbon,38.75,-9.125,2026-06-23 12:00:43,2026-06-26 23:59:59,23.3915,19.2915,0.3,50230.9062,222.9431,18.668,47.16,13.4668,7.5417
lisbon,38.75,-9.125,2026-06-23 12:00:43,2026-06-27 23:59:59,25.3915,19.0915,0.0,44687.0312,270.4784,14.8432,34.56,10.4005,3.875
lisbon,38.75,-9.125,2026-06-23 12:00:43,2026-06-28 23:59:59,27.6635,18.8955,0.0,50920.6172,349.3229,16.4225,37.8,12.649,0.0
vienna,48.2,16.38,2026-06-23 12:00:43,2026-04-16 23:59:59,18.3,10.4,,,,14.1182,37.08,,
vienna,48.2,16.38,2026-06-23 12:00:43,2026-04-17 23:59:59,21.45,11.75,0.0,46678.6367,323.8673,13.1548,35.64,11.3249,
vienna,48.2,16.38,2026-06-23 12:00:43,2026-04-18 23:59:59,20.45,8.5,0.0,46525.4023,343.2424,9.9587,30.96,6.7821,
vienna,48.2,16.38,2026-06-23 12:00:43,2026-04-19 23:59:59,21.9,9.15,5.0,34952.0,278.2013,17.8018,52.56,6.35,
vienna,48.2,16.38,2026-06-23 12:00:43,2026-04-20 23:59:59,15.6,7.95,0.1,41009.9219,311.0892,16.0846,43.2,12.6079,
vienna,48.2,16.38,2026-06-23 12:00:43,2026-04-21 23:59:59,12.05,6.4,0.6,29163.5332,331.6018,15.4559,38.88,11.9809,
vienna,48.2,16.38,2026-06-23 12:00:43,2026-04-22 23:59:59,15.25,5.0,0.0,46916.707,324.3772,18.0763,46.44,13.0039,
vienna,48.2,16.38,2026-06-23 12:00:43,2026-04-23 23:59:59,19.3,7.0,0.0,49872.3633,310.8539,25.9081,61.92,19.0878,
vienna,48.2,16.38,2026-06-23 12:00:43,2026-04-24 23:59:59,21.363,9.563,0.0,48456.9688,306.0632,16.874,41.76,12.4713,0.0
vienna,48.2,16.38,2026-06-23 12:00:43,2026-04-25 23:59:59,22.713,7.813,0.0,49143.5,282.9671,19.1376,45.72,12.0519,0.0
vienna,48.2,16.38,2026-06-23 12:00:43,2026-04-26 23:59:59,15.863,9.413,0.0,49110.293,333.6361,24.1629,57.6,14.8638,0.0
vienna,48.2,16.38,2026-06-23 12:00:43,2026-04-27 23:59:59,19.1715,7.7715,0.0,46930.4023,78.4615,9.7267,21.24,5.2226,0.0
vienna,48.2,16.38,2026-06-23 12:00:43,2026-04-28 23:59:59,19.6715,8.7215,0.0,45081.6602,49.9533,15.0211,37.08,6.8492,0.0
vienna,48.2,16.38,2026-06-23 12:00:43,2026-04-29 23:59:59,16.0715,7.1715,0.0,48284.5391,16.6788,19.3364,46.08,12.3525,0.0
vienna,48.2,16.38,2026-06-23 12:00:43,2026-04-30 23:59:59,14.6715,4.1715,0.0,50400.0,2.9092,14.7644,38.88,9.7657,0.0
vienna,48.2,16.38,2026-06-23 12:00:43,2026-05-01 23:59:59,20.1715,6.0215,0.0,50400.0,323.9219,11.967,26.64,6.35,0.0
vienna,48.2,16.38,2026-06-23 12:00:43,2026-05-02 23:59:59,24.0215,10.1215,0.0,50400.0,77.0472,8.3112,16.92,4.44,0.0
vienna,48.2,16.38,2026-06-23 12:00:43,2026-05-03 23:59:59,24.9215,9.8215,0.0,50400.0,140.3874,20.88,46.8,12.7063,0.0
vienna,48.2,16.38,2026-06-23 12:00:43,2026-05-04 23:59:59,27.1215,13.6215,0.0,49178.2031,150.002,16.9238,39.6,12.3974,0.0
vienna,48.2,16.38,2026-06-23 12:00:43,2026-05-05 23:59:59,27.8215,13.3215,0.0,46800.0,162.7924,25.6005,60.84,11.8875,0.0
vienna,48.2,16.38,2026-06-23 12:00:43,2026-05-06 23:59:59,25.5215,16.4215,0.0,44724.8945,180.0866,21.9718,51.84,13.6769,0.4167
vienna,48.2,16.38,2026-06-23 12:00:43,2026-05-07 23:59:59,20.4215,13.9215,1.1,12545.3955,252.3532,22.7057,50.76,13.0638,9.375
vienna,48.2,16.38,2026-06-23 12:00:43,2026-05-08 23:59:59,21.5715,11.7715,0.0,46800.0,338.067,13.3589,29.16,8.6269,0.0
vienna,48.2,16.38,2026-06-23 12:00:43,2026-05-09 23:59:59,20.2215,11.2715,0.0,39763.4023,22.4833,13.0447,27.72,7.8267,0.0
vienna,48.2,16.38,2026-06-23 12:00:43,2026-05-10 23:59:59,23.7715,10.3715,0.0,47617.0898,139.1978,15.1927,38.52,8.7305,0.0
vienna,48.2,16.38,2026-06-23 12:00:43,2026-05-11 23:59:59,22.3215,13.6215,28.1,21486.6484,232.4408,24.5461,69.12,9.9284,55.75
vienna,48.2,16.38,2026-06-23 12:00:43,2026-05-12 23:59:59,13.5715,8.2215,6.4,5223.042,294.237,21.7346,51.48,17.1398,23.25
vienna,48.2,16.38,2026-06-23 12:00:43,2026-05-13 23:59:59,18.0715,6.1715,0.0,50457.6797,271.3322,20.6742,44.28,12.1346,0.0
vienna,48.2,16.38,2026-06-23 12:00:43,2026-05-14 23:59:59,16.6215,10.3715,1.4,4831.187,246.6594,9.5315,34.56,5.456,57.5
vienna,48.2,16.38,2026-06-23 12:00:43,2026-05-15 23:59:59,16.0215,9.8215,3.5,10067.876,238.4124,10.1377,26.28,5.8295,40.1667
vienna,48.2,16.38,2026-06-23 12:00:43,2026-05-16 23:59:59,12.3215,9.5215,10.4,6928.5107,310.1929,16.5639,41.04,12.1814,61.2083
vienna,48.2,16.38,2026-06-23 12:00:43,2026-05-17 23:59:59,15.7215,9.2215,0.1,27122.9043,319.935,16.677,40.32,12.4397,2.0417
vienna,48.2,16.38,2026-06-23 12:00:43,2026-05-18 23:59:59,19.9215,7.0715,0.0,49347.9844,341.3361,9.72,26.28,4.9736,0.0
vienna,48.2,16.38,2026-06-23 12:00:43,2026-05-19 23:59:59,22.0715,9.8215,0.0,50400.0,316.9966,18.2289,41.4,7.9318,0.4583
vienna,48.2,16.38,2026-06-23 12:00:43,2026-05-20 23:59:59,23.0715,12.9215,0.0,45421.8242,284.4777,21.4344,47.52,11.3059,0.375
vienna,48.2,16.38,2026-06-23 12:00:43,2026-05-21 23:59:59,22.0715,14.8715,0.0,49948.8633,302.3545,19.1072,42.84,14.1213,0.25
vienna,48.2,16.38,2026-06-23 12:00:43,2026-05-22 23:59:59,23.3215,14.1715,0.0,47664.0352,346.4545,13.7979,34.2,8.9037,0.0
vienna,48.2,16.38,2026-06-23 12:00:43,2026-05-23 23:59:59,26.0215,15.5215,0.0,50924.7656,356.6336,16.6575,36.0,8.1787,0.0
vienna,48.2,16.38,2026-06-23 12:00:43,2026-05-24 23:59:59,30.0715,15.9215,0.0,49791.0469,338.5179,13.32,28.8,6.1395,0.0
vienna,48.2,16.38,2026-06-23 12:00:43,2026-05-25 23:59:59,29.9215,20.9715,0.0,50400.0,349.6952,15.12,32.4,9.1996,0.0
vienna,48.2,16.38,2026-06-23 12:00:43,2026-05-26 23:59:59,30.9715,18.2215,0.0,50459.7383,337.6198,12.925,31.32,7.1193,0.0
vienna,48.2,16.38,2026-06-23 12:00:43,2026-05-27 23:59:59,31.6715,18.1715,0.0,50227.3516,316.503,18.0036,51.84,9.358,1.0
vienna,48.2,16.38,2026-06-23 12:00:43,2026-05-28 23:59:59,25.1715,16.8715,0.0,50417.1562,351.3159,17.651,44.28,11.0176,0.0
vienna,48.2,16.38,2026-06-23 12:00:43,2026-05-29 23:59:59,26.9215,14.4215,0.0,51594.5156,349.5452,9.7466,24.48,4.3782,0.0
vienna,48.2,16.38,2026-06-23 12:00:43,2026-05-30 23:59:59,28.2715,17.4715,4.0,43519.9141,278.13,26.1688,75.96,12.5962,8.8333
vienna,48.2,16.38,2026-06-23 12:00:43,2026-05-31 23:59:59,27.4215,17.1215,3.7,32214.5781,284.9315,20.8334,44.28,10.7108,11.25
vienna,48.2,16.38,2026-06-23 12:00:43,2026-06-01 23:59:59,20.2215,17.1215,2.4,11378.4219,288.0522,21.6749,51.12,15.2563,12.8333
vienna,48.2,16.38,2026-06-23 12:00:43,2026-06-02 23:59:59,26.6215,15.5215,0.0,51939.0273,142.4551,16.0392,37.8,9.7621,0.0
vienna,48.2,16.38,2026-06-23 12:00:43,2026-06-03 23:59:59,20.3215,16.1215,7.9,0.0,280.2602,21.4344,48.24,14.5724,42.5417
vienna,48.2,16.38,2026-06-23 12:00:43,2026-06-04 23:59:59,25.4215,14.1715,0.0,51917.5195,227.3191,16.5169,35.28,10.6184,0.0
vienna,48.2,16.38,2026-06-23 12:00:43,2026-06-05 23:59:59,18.7215,14.8215,2.6,8465.5137,278.6132,25.9225,57.96,11.5816,24.125
vienna,48.2,16.38,2026-06-23 12:00:43,2026-06-06 23:59:59,24.9715,12.0715,0.0,45073.043,128.132,10.0864,25.56,5.0665,0.0
vienna,48.2,16.38,2026-06-23 12:00:43,2026-06-07 23:59:59,26.7715,17.3215,0.0,46969.0156,286.0767,19.2961,44.64,9.3243,1.0833
vienna,48.2,16.38,2026-06-23 12:00:43,2026-06-08 23:59:59,28.6715,15.6215,0.0,49657.1094,146.0777,12.6206,28.44,6.9638,0.0
vienna,48.2,16.38,2026-06-23 12:00:43,2026-06-09 23:59:59,27.8215,17.0715,13.2,15932.1992,288.2086,16.4855,62.28,8.3192,28.2083
vienna,48.2,16.38,2026-06-23 12:00:43,2026-06-10 23:59:59,17.7715,12.6715,8.9,0.0,308.9377,16.874,37.8,10.5456,40.4583
vienna,48.2,16.38,2026-06-23 12:00:43,2026-06-25 23:59:59,33.58,22.5361,0.0,53335.0156,15.2529,9.5654,25.56,5.4685,0.0
vienna,48.2,16.38,2026-06-23 12:00:43,2026-06-26 23:59:59,35.18,22.68,0.0,55520.6719,31.2491,7.1458,19.44,4.4232,0.0
vienna,48.2,16.38,2026-06-23 12:00:43,2026-06-27 23:59:59,36.73,24.03,0.0,57024.6953,133.0098,13.8307,34.56,6.7883,0.0
vienna,48.2,16.38,2026-06-23 12:00:43,2026-06-28 23:59:59,38.663,23.38,0.0,57013.1172,146.6259,10.4957,27.0,6.6272,0.0
bergen,60.39,5.3183,2026-06-23 12:00:43,2026-04-16 23:59:59,10.65,6.5,,,,18.2147,45.36,,
bergen,60.39,5.3183,2026-06-23 12:00:43,2026-04-17 23:59:59,13.2,5.65,0.0,28517.9707,158.6347,23.314,52.2,16.2645,
bergen,60.39,5.3183,2026-06-23 12:00:43,2026-04-18 23:59:59,12.0,6.05,5.8,26886.1602,167.2747,20.0092,45.36,14.419,
bergen,60.39,5.3183,2026-06-23 12:00:43,2026-04-19 23:59:59,10.3,4.45,2.2,23588.6562,179.785,9.7267,27.0,4.811,
bergen,60.39,5.3183,2026-06-23 12:00:43,2026-04-20 23:59:59,13.85,0.95,0.0,51989.6016,17.8428,13.1104,32.76,5.141,
bergen,60.39,5.3183,2026-06-23 12:00:43,2026-04-21 23:59:59,12.55,1.05,0.0,53354.3516,321.805,12.0922,30.24,5.5299,
bergen,60.39,5.3183,2026-06-23 12:00:43,2026-04-22 23:59:59,13.5,2.45,0.0,46459.7305,328.7635,19.1892,44.28,11.2194,
bergen,60.39,5.3183,2026-06-23 12:00:43,2026-04-23 23:59:59,9.7,3.25,0.0,29345.9883,341.9601,21.2652,49.32,17.5639,
bergen,60.39,5.3183,2026-06-23 12:00:43,2026-04-24 23:59:59,8.75,5.4,0.2,9146.1133,329.0819,17.5045,40.32,14.9639,2.7917
bergen,60.39,5.3183,2026-06-23 12:00:43,2026-04-25 23:59:59,7.4,1.2,2.6,49551.8359,332.4205,28.9733,65.52,21.0913,42.9583
bergen,60.39,5.3183,2026-06-23 12:00:43,2026-04-26 23:59:59,8.15,-0.65,0.0,50234.6172,340.3544,15.9511,34.92,10.9193,0.2917
bergen,60.39,5.3183,2026-06-23 12:00:43,2026-04-27 23:59:59,11.911,-0.6,0.0,48541.5195,293.1815,11.16,28.44,5.0051,0.0417
bergen,60.39,5.3183,2026-06-23 12:00:43,2026-04-28 23:59:59,13.711,3.111,0.0,45652.7812,323.2886,16.92,32.4,8.865,0.0
bergen,60.39,5.3183,2026-06-23 12:00:43,2026-04-29 23:59:59,13.461,7.311,0.0,42352.0781,319.737,13.68,27.72,10.905,0.0
bergen,60.39,5.3183,2026-06-23 12:00:43,2026-04-30 23:59:59,12.761,5.811,0.0,43049.6641,211.6692,14.76,29.52,9.105,0.0
bergen,60.39,5.3183,2026-06-23 12:00:43,2026-05-01 23:59:59,17.311,5.961,0.0,54000.0,169.2673,27.0,51.48,19.17,0.1667
bergen,60.39,5.3183,2026-06-23 12:00:43,2026-05-02 23:59:59,11.061,6.311,2.8,2416.4934,181.3276,23.4,41.76,12.45,46.9167
bergen,60.39,5.3183,2026-06-23 12:00:43,2026-05-03 23:59:59,11.361,4.811,0.0,54000.0,323.0412,18.36,36.72,12.24,0.0
bergen,60.39,5.3183,2026-06-23 12:00:43,2026-05-04 23:59:59,8.261,1.411,7.6,11859.0596,325.6604,14.76,30.96,8.895,60.2917
bergen,60.39,5.3183,2026-06-23 12:00:43,2026-05-05 23:59:59,7.211,0.511,2.6,21428.6875,270.1373,12.96,37.8,6.33,46.4583
bergen,60.39,5.3183,2026-06-23 12:00:43,2026-05-06 23:59:59,8.061,1.861,4.5,37864.4023,198.6237,9.72,23.76,6.465,55.5417
bergen,60.39,5.3183,2026-06-23 12:00:43,2026-05-07 23:59:59,11.911,2.961,1.4,50088.3164,195.1167,10.44,23.4,6.54,20.2917
bergen,60.39,5.3183,2026-06-23 12:00:43,2026-05-08 23:59:59,12.211,5.311,0.1,28887.873,164.4829,24.48,47.88,17.835,22.0417
bergen,60.39,5.3183,2026-06-23 12:00:43,2026-05-09 23:59:59,10.111,5.361,18.2,615.788,180.9582,20.16,36.72,10.38,64.4167
bergen,60.39,5.3183,2026-06-23 12:00:43,2026-05-10 23:59:59,8.511,3.561,6.2,13978.7598,322.5456,10.44,21.96,5.985,69.4583
bergen,60.39,5.3183,2026-06-23 12:00:43,2026-05-11 23:59:59,11.311,1.211,0.0,56071.2891,345.1685,27.36,51.48,16.725,3.75
bergen,60.39,5.3183,2026-06-23 12:00:43,2026-05-12 23:59:59,11.261,1.961,0.2,20662.416,184.6679,15.12,30.6,8.94,11.9167
bergen,60.39,5.3183,2026-06-23 12:00:43,2026-05-13 23:59:59,12.911,5.961,3.9,35252.0234,330.2416,11.16,24.48,7.62,50.2917
bergen,60.39,5.3183,2026-06-23 12:00:43,2026-05-14 23:59:59,10.711,6.411,2.2,5343.5776,348.9782,22.32,40.68,12.21,31.5833
bergen,60.39,5.3183,2026-06-23 12:00:43,2026-05-15 23:59:59,14.561,5.111,0.0,51000.5898,119.1906,12.96,28.8,8.655,24.7917
bergen,60.39,5.3183,2026-06-23 12:00:43,2026-05-16 23:59:59,17.011,9.961,11.7,33531.6758,38.2656,16.92,36.0,8.79,3.7917
bergen,60.39,5.3183,2026-06-23 12:00:43,2026-05-17 23:59:59,12.761,8.361,4.4,20549.6641,163.4522,20.52,40.68,9.855,35.875
bergen,60.39,5.3183,2026-06-23 12:00:43,2026-05-18 23:59:59,14.661,9.661,4.8,13753.3486,145.9933,16.92,30.24,9.375,53.0833
bergen,60.39,5.3183,2026-06-23 12:00:43,2026-05-19 23:59:59,17.011,9.311,2.1,21743.9941,147.6738,21.24,38.88,12.315,65.9583
bergen,60.39,5.3183,2026-06-23 12:00:43,2026-05-20 23:59:59,18.361,10.411,0.4,567.952,127.499,20.52,38.52,13.935,13.5417
bergen,60.39,5.3183,2026-06-23 12:00:43,2026-05-21 23:59:59,16.511,10.561,5.5,22376.416,173.6864,14.04,25.92,9.21,51.9583
bergen,60.39,5.3183,2026-06-23 12:00:43,2026-05-22 23:59:59,15.911,11.361,1.4,0.0,151.4592,24.84,44.28,16.545,42.1667
bergen,60.39,5.3183,2026-06-23 12:00:43,2026-05-23 23:59:59,16.211,10.661,21.0,0.0,175.6329,26.28,54.72,15.135,89.9167
bergen,60.39,5.3183,2026-06-23 12:00:43,2026-05-24 23:59:59,14.011,10.311,0.4,0.0,165.4137,17.64,30.96,12.555,50.25
bergen,60.39,5.3183,2026-06-23 12:00:43,2026-05-25 23:59:59,11.861,10.461,11.1,0.0,178.2417,18.0,31.32,12.495,92.125
bergen,60.39,5.3183,2026-06-23 12:00:43,2026-05-26 23:59:59,12.761,9.461,3.1,1591.6857,274.999,17.64,37.08,13.485,68.0417
bergen,60.39,5.3183,2026-06-23 12:00:43,2026-05-27 23:59:59,14.661,8.661,2.3,34635.1719,324.8935,18.0,35.64,12.855,23.0
bergen,60.39,5.3183,2026-06-23 12:00:43,2026-05-28 23:59:59,17.461,5.461,0.0,60327.4531,310.7223,11.52,24.48,8.025,0.0
bergen,60.39,5.3183,2026-06-23 12:00:43,2026-05-29 23:59:59,19.661,9.111,0.5,5720.3945,159.8903,25.2,47.52,16.23,34.0833
bergen,60.39,5.3183,2026-06-23 12:00:43,2026-05-30 23:59:59,13.611,11.511,11.5,0.0,199.9047,15.48,28.44,6.78,33.0
bergen,60.39,5.3183,2026-06-23 12:00:43,2026-05-31 23:59:59,13.661,10.811,4.5,0.0,299.9089,6.48,12.6,4.5,56.625
bergen,60.39,5.3183,2026-06-23 12:00:43,2026-06-01 23:59:59,14.961,11.011,4.1,268.4422,173.0433,14.4,27.36,9.585,58.5833
bergen,60.39,5.3183,2026-06-23 12:00:43,2026-06-02 23:59:59,19.111,12.261,10.1,0.0,148.2527,21.96,39.6,14.115,72.0833
bergen,60.39,5.3183,2026-06-23 12:00:43,2026-06-03 23:59:59,22.211,13.261,4.0,10754.7031,138.6586,23.04,41.76,19.17,66.6667
bergen,60.39,5.3183,2026-06-23 12:00:43,2026-06-04 23:59:59,17.161,12.961,13.8,8065.4238,145.9057,23.76,46.08,15.675,76.0417
bergen,60.39,5.3183,2026-06-23 12:00:43,2026-06-05 23:59:59,14.411,11.461,12.7,1751.1897,160.3842,20.52,40.68,13.56,69.75
bergen,60.39,5.3183,2026-06-23 12:00:43,2026-06-06 23:59:59,17.361,9.961,0.0,55376.1406,238.6727,10.8,27.0,7.185,15.4583
bergen,60.39,5.3183,2026-06-23 12:00:43,2026-06-07 23:59:59,20.811,8.761,0.0,26426.4648,160.1003,13.68,26.64,10.095,15.0417
bergen,60.39,5.3183,2026-06-23 12:00:43,2026-06-08 23:59:59,15.811,12.361,16.6,369.4185,150.7975,20.88,38.16,15.975,54.5833
bergen,60.39,5.3183,2026-06-23 12:00:43,2026-06-09 23:59:59,13.061,9.861,31.4,0.0,262.5247,21.6,38.52,10.05,99.7917
bergen,60.39,5.3183,2026-06-23 12:00:43,2026-06-10 23:59:59,14.261,9.861,0.4,59.8158,198.4432,11.88,25.56,9.255,92.5833
stockholm,59.3289,18.0724,2026-06-23 12:00:43,2026-04-16 23:59:59,14.65,2.3,,,,15.151,34.2,,
stockholm,59.3289,18.0724,2026-06-23 12:00:43,2026-04-17 23:59:59,13.35,6.1,0.0,14645.5,345.5679,10.088,19.08,6.6477,
stockholm,59.3289,18.0724,2026-06-23 12:00:43,2026-04-18 23:59:59,14.35,3.05,0.0,42986.1055,77.5879,10.7428,24.48,6.1933,
stockholm,59.3289,18.0724,2026-06-23 12:00:43,2026-04-19 23:59:59,8.95,2.95,0.0,45079.2891,91.5992,16.7487,40.32,12.595,
stockholm,59.3289,18.0724,2026-06-23 12:00:43,2026-04-20 23:59:59,11.7,0.65,0.0,50842.0312,28.3228,15.0211,36.36,9.5869,
stockholm,59.3289,18.0724,2026-06-23 12:00:43,2026-04-21 23:59:59,15.45,0.3,0.0,51246.1172,336.6765,14.2052,32.76,7.0584,
stockholm,59.3289,18.0724,2026-06-23 12:00:43,2026-04-22 23:59:59,12.35,4.45,0.0,41040.1406,319.7176,17.6675,38.88,13.4783,
stockholm,59.3289,18.0724,2026-06-23 12:00:43,2026-04-23 23:59:59,13.3,5.1,0.0,26417.1348,335.6288,17.8926,40.32,12.7406,
stockholm,59.3289,18.0724,2026-06-23 12:00:43,2026-04-24 23:59:59,13.4,5.85,0.0,47191.8516,307.6046,15.282,37.8,12.3356,0.0
stockholm,59.3289,18.0724,2026-06-23 12:00:43,2026-04-25 23:59:59,11.05,2.1,1.3,36000.0,327.9872,25.295,62.28,14.7041,37.2083
stockholm,59.3289,18.0724,2026-06-23 12:00:43,2026-04-26 23:59:59,9.6,1.6,0.2,38680.8672,324.6095,28.3493,62.64,19.1424,7.7083
stockholm,59.3289,18.0724,2026-06-23 12:00:43,2026-04-27 23:59:59,9.6675,1.75,0.2,44460.2344,340.5166,20.2898,46.44,14.9094,3.2917
stockholm,59.3289,18.0724,2026-06-23 12:00:43,2026-04-28 23:59:59,9.9175,2.3175,0.0,50052.6172,354.8315,18.36,38.16,14.25,2.875
stockholm,59.3289,18.0724,2026-06-23 12:00:43,2026-04-29 23:59:59,13.6675,3.8675,0.0,34072.1836,283.9328,16.2,32.76,10.005,1.25
stockholm,59.3289,18.0724,2026-06-23 12:00:43,2026-04-30 23:59:59,19.3175,8.4175,0.0,49358.5781,332.4724,12.96,30.96,8.88,1.25
stockholm,59.3289,18.0724,2026-06-23 12:00:43,2026-05-01 23:59:59,23.2175,7.0675,0.0,53348.7461,256.5806,21.96,42.48,12.6,0.0
stockholm,59.3289,18.0724,2026-06-23 12:00:43,2026-05-02 23:59:59,22.9675,11.9675,0.0,53722.9141,257.1382,23.76,45.0,20.01,0.0
stockholm,59.3289,18.0724,2026-06-23 12:00:43,2026-05-03 23:59:59,17.2175,7.9175,1.5,0.0,46.736,15.48,35.64,10.53,29.125
stockholm,59.3289,18.0724,2026-06-23 12:00:43,2026-05-04 23:59:59,16.3175,6.3675,5.2,30873.0234,225.1635,24.84,48.96,11.76,31.6667
stockholm,59.3289,18.0724,2026-06-23 12:00:43,2026-05-05 23:59:59,12.2675,7.2675,0.0,47763.8633,278.437,21.96,40.32,15.705,1.9167
stockholm,59.3289,18.0724,2026-06-23 12:00:43,2026-05-06 23:59:59,12.6675,3.8675,0.0,54000.0,194.2513,15.84,35.64,9.06,0.0
stockholm,59.3289,18.0724,2026-06-23 12:00:43,2026-05-07 23:59:59,14.1675,3.2675,0.0,53365.5078,131.8252,11.88,28.44,8.04,0.0
stockholm,59.3289,18.0724,2026-06-23 12:00:43,2026-05-08 23:59:59,14.6675,3.9175,0.0,54839.0508,121.3216,14.76,33.12,9.975,0.0
stockholm,59.3289,18.0724,2026-06-23 12:00:43,2026-05-09 23:59:59,15.1175,5.9175,0.0,55005.4258,120.0032,16.2,35.64,11.25,0.0
stockholm,59.3289,18.0724,2026-06-23 12:00:43,2026-05-10 23:59:59,15.6675,5.2675,0.0,50400.0,176.7972,21.6,45.0,14.49,4.25
stockholm,59.3289,18.0724,2026-06-23 12:00:43,2026-05-11 23:59:59,16.3175,8.0175,0.6,40197.4375,196.2623,14.4,33.12,9.36,20.3333
stockholm,59.3289,18.0724,2026-06-23 12:00:43,2026-05-12 23:59:59,8.7175,6.7675,4.9,0.0,15.0615,19.44,36.72,16.35,84.4583
stockholm,59.3289,18.0724,2026-06-23 12:00:43,2026-05-13 23:59:59,8.9675,6.2175,5.5,0.0,359.7276,15.12,29.52,9.57,67.4583
stockholm,59.3289,18.0724,2026-06-23 12:00:43,2026-05-14 23:59:59,12.8675,6.5175,0.0,41823.0469,170.4321,23.4,47.88,18.255,17.4583
stockholm,59.3289,18.0724,2026-06-23 12:00:43,2026-05-15 23:59:59,15.4175,8.5175,0.0,38960.7969,133.8445,15.12,33.12,12.21,9.4167
stockholm,59.3289,18.0724,2026-06-23 12:00:43,2026-05-16 23:59:59,15.5675,8.5675,3.8,26252.2207,156.4817,18.36,39.96,12.69,52.9167
stockholm,59.3289,18.0724,2026-06-23 12:00:43,2026-05-17 23:59:59,15.6675,7.3675,0.3,53385.3008,207.2849,16.56,38.16,12.825,16.75
stockholm,59.3289,18.0724,2026-06-23 12:00:43,2026-05-18 23:59:59,18.1675,7.6675,0.0,53970.9102,71.2061,13.68,31.32,8.73,0.0
stockholm,59.3289,18.0724,2026-06-23 12:00:43,2026-05-19 23:59:59,13.7175,10.8675,2.4,11791.7383,340.6663,15.48,30.24,11.04,42.2083
stockholm,59.3289,18.0724,2026-06-23 12:00:43,2026-05-20 23:59:59,20.0175,8.2675,0.0,53264.2266,180.0698,17.64,38.16,10.875,0.8333
stockholm,59.3289,18.0724,2026-06-23 12:00:43,2026-05-21 23:59:59,18.9675,9.0675,0.0,27111.4941,190.368,14.76,32.4,11.355,7.4583
stockholm,59.3289,18.0724,2026-06-23 12:00:43,2026-05-22 23:59:59,21.4175,12.2175,0.0,57188.2383,271.9183,16.2,33.12,13.335,6.1667
stockholm,59.3289,18.0724,2026-06-23 12:00:43,2026-05-23 23:59:59,25.3175,13.8675,0.0,42807.25,260.0312,27.0,49.68,17.97,3.5417
stockholm,59.3289,18.0724,2026-06-23 12:00:43,2026-05-24 23:59:59,22.5175,13.9175,0.0,57543.2812,274.3501,22.32,49.68,17.475,1.6667
stockholm,59.3289,18.0724,2026-06-23 12:00:43,2026-05-25 23:59:59,20.3175,15.3175,0.4,27262.2402,294.8781,21.96,40.68,15.045,1.2083
stockholm,59.3289,18.0724,2026-06-23 12:00:43,2026-05-26 23:59:59,20.2675,11.9175,0.2,46506.2266,296.95,24.84,57.24,13.635,15.4167
stockholm,59.3289,18.0724,2026-06-23 12:00:43,2026-05-27 23:59:59,16.1675,10.1675,0.0,50709.3203,316.7586,26.64,54.36,20.52,22.375
stockholm,59.3289,18.0724,2026-06-23 12:00:43,2026-05-28 23:59:59,18.0175,9.0675,0.0,60007.3242,321.6367,18.36,39.24,15.06,0.0
stockholm,59.3289,18.0724,2026-06-23 12:00:43,2026-05-29 23:59:59,20.8175,10.0675,0.0,51056.6133,357.8487,13.32,27.72,8.64,0.0
stockholm,59.3289,18.0724,2026-06-23 12:00:43,2026-05-30 23:59:59,22.3675,11.1675,0.0,46100.4922,177.3022,14.76,33.48,11.16,2.9167
stockholm,59.3289,18.0724,2026-06-23 12:00:43,2026-05-31 23:59:59,22.4175,13.1175,0.0,56675.2305,83.7145,12.6,30.96,8.67,0.3333
stockholm,59.3289,18.0724,2026-06-23 12:00:43,2026-06-01 23:59:59,21.2175,11.7175,0.0,49288.9648,168.5465,16.92,37.08,11.895,1.0833
stockholm,59.3289,18.0724,2026-06-23 12:00:43,2026-06-02 23:59:59,21.8175,12.6675,0.0,33742.3125,223.7311,16.2,36.36,10.17,9.5833
stockholm,59.3289,18.0724,2026-06-23 12:00:43,2026-06-03 23:59:59,22.4175,15.5175,0.0,46800.0,150.5278,16.56,36.72,11.97,0.3333
stockholm,59.3289,18.0724,2026-06-23 12:00:43,2026-06-04 23:59:59,21.2675,14.4675,0.5,28432.5352,151.8012,19.8,39.6,16.695,28.4167
stockholm,59.3289,18.0724,2026-06-23 12:00:43,2026-06-05 23:59:59,19.6675,14.0175,0.9,6313.9678,167.1392,19.08,36.72,14.175,31.1667
stockholm,59.3289,18.0724,2026-06-23 12:00:43,2026-06-06 23:59:59,21.0175,14.2675,0.4,33818.8906,264.8792,14.4,30.24,10.41,33.875
stockholm,59.3289,18.0724,2026-06-23 12:00:43,2026-06-07 23:59:59,22.5175,13.0175,0.0,58043.3242,221.8309,19.44,41.04,16.2,0.125
stockholm,59.3289,18.0724,2026-06-23 12:00:43,2026-06-08 23:59:59,24.4175,13.8175,0.0,47714.9062,165.6102,14.04,33.48,9.075,25.4167
stockholm,59.3289,18.0724,2026-06-23 12:00:43,2026-06-09 23:59:59,20.9175,13.9175,2.3,45980.2109,139.1638,15.48,34.56,11.775,16.875
stockholm,59.3289,18.0724,2026-06-23 12:00:43,2026-06-10 23:59:59,19.1675,12.4175,1.3,45092.5156,222.6627,27.36,56.16,18.195,43.6667
aachen,50.782,6.09,2026-06-25 17:52:24,2026-06-23 23:59:59,30.876,21.076,0.0,46800.0,26.785,11.88,25.92,6.975,1.2917
aachen,50.782,6.09,2026-06-25 17:52:24,2026-06-24 23:59:59,37.826,22.226,0.0,54000.0,18.0087,11.16,27.0,5.97,0.0
aachen,50.782,6.09,2026-06-25 17:52:24,2026-06-25 23:59:59,37.476,26.476,0.0,54000.0,54.4988,16.56,34.92,10.155,0.0
aachen,50.782,6.09,2026-06-25 17:52:24,2026-06-26 23:59:59,40.626,23.676,10.4,50237.6953,192.8566,14.04,73.8,9.465,0.8333
aachen,50.782,6.09,2026-06-25 17:52:24,2026-06-27 23:59:59,36.326,22.326,8.6,53923.8438,33.8109,20.52,63.72,7.635,10.75
aachen,50.782,6.09,2026-06-25 17:52:24,2026-06-28 23:59:59,29.05,19.35,7.2,49602.2305,246.2253,17.8625,44.28,13.1476,30.75
aachen,50.782,6.09,2026-06-25 17:52:24,2026-06-29 23:59:59,23.75,16.7,0.3,58425.0547,257.4144,16.454,33.48,10.7399,21.375
aachen,50.782,6.09,2026-06-25 17:52:24,2026-06-30 23:59:59,23.95,15.05,2.1,44624.4688,34.6625,11.9832,30.96,8.8209,20.25
aachen,50.782,6.09,2026-06-25 17:52:24,2026-07-01 23:59:59,23.45,14.75,1.2,49525.5195,324.2633,11.7993,32.76,9.0686,22.625
aachen,50.782,6.09,2026-06-25 17:52:24,2026-07-02 23:59:59,19.65,16.45,1.2,56828.6836,249.9289,22.5058,53.28,17.213,21.3333
aachen,50.782,6.09,2026-06-25 17:52:24,2026-07-03 23:59:59,21.15,14.25,0.0,58178.8438,275.0631,19.0392,43.92,13.0074,17.625
aachen,50.782,6.09,2026-06-25 17:52:24,2026-07-04 23:59:59,18.9,14.15,4.8,35086.0938,258.5245,20.9737,52.2,16.7108,26.3333
aachen,50.782,6.09,2026-06-25 17:52:24,2026-07-05 23:59:59,21.0,13.65,15.0,54915.8359,256.6913,16.6225,39.6,9.2858,27.7917
aachen,50.782,6.09,2026-06-25 17:52:24,2026-07-06 23:59:59,15.25,10.75,15.8,18103.5684,314.0887,19.1393,40.68,14.5378,27.4583
aachen,50.782,6.09,2026-06-25 17:52:24,2026-07-07 23:59:59,14.9,12.1,4.6,18417.1289,334.3313,17.954,42.84,15.7215,23.125
aachen,50.782,6.09,2026-06-25 17:52:24,2026-07-08 23:59:59,16.05,11.6,0.6,23703.582,322.4746,13.8787,33.84,11.0117,23.0833
munich,48.14,11.58,2026-06-25 17:52:24,2026-06-23 23:59:59,32.065,19.965,0.0,50655.8359,2.5894,13.8307,32.76,6.1128,1.2083
munich,48.14,11.58,2026-06-25 17:52:24,2026-06-24 23:59:59,33.115,20.315,0.0,54000.0,74.1538,11.5929,23.04,5.0832,0.0
munich,48.14,11.58,2026-06-25 17:52:24,2026-06-25 23:59:59,33.965,19.765,0.0,54000.0,99.2977,16.6575,38.52,8.099,0.0
munich,48.14,11.58,2026-06-25 17:52:24,2026-06-26 23:59:59,34.115,20.065,0.0,54000.0,85.2124,15.8564,30.24,7.2169,0.0
munich,48.14,11.58,2026-06-25 17:52:24,2026-06-27 23:59:59,36.1215,18.065,0.0,53853.1133,91.9106,6.6185,19.8,3.7807,0.0
munich,48.14,11.58,2026-06-25 17:52:24,2026-06-28 23:59:59,34.0215,21.1715,1.3,41026.4336,222.4738,15.1414,46.08,7.6324,16.2083
munich,48.14,11.58,2026-06-25 17:52:24,2026-06-29 23:59:59,25.3715,19.5215,12.9,16588.6992,260.042,8.2093,27.72,5.679,78.7917
munich,48.14,11.58,2026-06-25 17:52:24,2026-06-30 23:59:59,26.6147,18.2715,0.3,45587.5312,91.5103,10.6828,29.07,6.4369,21.8021
munich,48.14,11.58,2026-06-25 17:52:24,2026-07-01 23:59:59,19.608,16.458,41.4,0.0,306.1242,9.4496,23.04,5.0428,57.3333
munich,48.14,11.58,2026-06-25 17:52:24,2026-07-02 23:59:59,22.9,15.208,0.75,33288.8516,273.006,15.4779,40.32,9.7718,22.1458
munich,48.14,11.58,2026-06-25 17:52:24,2026-07-03 23:59:59,20.7,15.45,1.2,56192.5195,275.5959,16.3572,43.92,13.3926,30.8542
munich,48.14,11.58,2026-06-25 17:52:24,2026-07-04 23:59:59,23.75,14.95,0.8,56162.1914,258.8205,25.2161,62.28,16.6502,24.5417
munich,48.14,11.58,2026-06-25 17:52:24,2026-07-05 23:59:59,19.5,13.9,11.0,39027.0547,275.6026,15.9562,42.12,10.8241,29.875
munich,48.14,11.58,2026-06-25 17:52:24,2026-07-06 23:59:59,16.4,11.0,8.0,40414.7109,257.2531,17.1237,44.64,15.3955,25.25
munich,48.14,11.58,2026-06-25 17:52:24,2026-07-07 23:59:59,12.65,10.05,42.8,0.0,301.9825,21.1835,46.44,16.7025,17.7917
munich,48.14,11.58,2026-06-25 17:52:24,2026-07-08 23:59:59,15.85,11.2,18.8,18996.2715,291.2705,16.7129,37.8,13.5206,15.5417
hamburg,53.56,10.0,2026-06-25 17:52:24,2026-06-23 23:59:59,26.7735,15.8735,0.0,55614.4258,20.2249,10.3151,21.6,5.5326,0.0
hamburg,53.56,10.0,2026-06-25 17:52:24,2026-06-24 23:59:59,31.7235,16.7735,0.0,55981.4922,281.129,11.1774,24.84,5.7411,0.0
hamburg,53.56,10.0,2026-06-25 17:52:24,2026-06-25 23:59:59,29.2235,20.1235,0.0,56137.3945,338.2567,11.5031,23.76,8.46,0.0
hamburg,53.56,10.0,2026-06-25 17:52:24,2026-06-26 23:59:59,35.2235,18.8735,0.0,56202.0352,133.3789,13.7556,29.16,9.1336,0.0
hamburg,53.56,10.0,2026-06-25 17:52:24,2026-06-27 23:59:59,37.8546,22.5235,0.775,54238.9922,163.6132,9.6866,28.08,6.3388,12.4583
hamburg,53.56,10.0,2026-06-25 17:52:24,2026-06-28 23:59:59,35.465,21.465,3.7,37939.8398,323.2593,15.6465,44.64,8.6788,20.0
hamburg,53.56,10.0,2026-06-25 17:52:24,2026-06-29 23:59:59,24.065,16.515,0.2,60248.6406,296.2198,17.9062,45.72,11.2544,15.5833
hamburg,53.56,10.0,2026-06-25 17:52:24,2026-06-30 23:59:59,25.276,13.465,0.0,57965.0469,52.5168,11.0198,23.76,5.535,4.7812
hamburg,53.56,10.0,2026-06-25 17:52:24,2026-07-01 23:59:59,22.426,15.776,0.3,6519.0972,58.6714,10.1823,24.12,7.6646,16.9167
hamburg,53.56,10.0,2026-06-25 17:52:24,2026-07-02 23:59:59,24.063,14.9,2.95,60037.7578,270.9475,21.5737,53.28,11.1675,16.8125
hamburg,53.56,10.0,2026-06-25 17:52:24,2026-07-03 23:59:59,17.25,14.05,1.4,59970.6523,276.1372,26.9892,63.72,20.8334,30.4792
hamburg,53.56,10.0,2026-06-25 17:52:24,2026-07-04 23:59:59,16.6,13.7,6.4,59806.5195,271.8214,28.4605,75.6,21.2484,34.7917
hamburg,53.56,10.0,2026-06-25 17:52:24,2026-07-05 23:59:59,18.05,13.25,1.4,59803.1641,289.2029,24.4383,57.24,19.3603,37.3333
hamburg,53.56,10.0,2026-06-25 17:52:24,2026-07-06 23:59:59,20.1,12.15,0.0,59287.5078,328.3126,15.2065,44.64,9.1228,28.75
hamburg,53.56,10.0,2026-06-25 17:52:24,2026-07-07 23:59:59,21.6,13.85,2.4,58751.7227,323.6986,16.9668,40.68,13.2485,39.7917
hamburg,53.56,10.0,2026-06-25 17:52:24,2026-07-08 23:59:59,19.65,14.05,0.0,59506.1641,304.322,20.1889,48.6,14.7944,35.7083
freiburg,48.0,7.84,2026-06-25 17:52:24,2026-06-23 23:59:59,35.098,21.098,0.0,54000.0,16.3362,11.7924,28.8,6.7501,0.0
freiburg,48.0,7.84,2026-06-25 17:52:24,2026-06-24 23:59:59,35.448,20.898,0.0,54000.0,12.9946,16.8086,37.8,8.3302,0.0
freiburg,48.0,7.84,2026-06-25 17:52:24,2026-06-25 23:59:59,38.148,22.498,0.0,54000.0,33.2961,15.63,35.64,8.7648,0.0
freiburg,48.0,7.84,2026-06-25 17:52:24,2026-06-26 23:59:59,38.848,23.098,0.0,53316.7812,53.5835,12.5949,27.72,7.0524,0.2083
freiburg,48.0,7.84,2026-06-25 17:52:24,2026-06-27 23:59:59,38.881,24.848,0.1,53734.5,185.1168,11.8855,29.52,5.4665,0.7083
freiburg,48.0,7.84,2026-06-25 17:52:24,2026-06-28 23:59:59,35.431,22.181,4.8,41736.0938,213.2364,20.7711,51.12,10.6729,15.5833
freiburg,48.0,7.84,2026-06-25 17:52:24,2026-06-29 23:59:59,29.281,20.581,11.1,52100.7656,19.9549,11.967,32.4,6.3463,45.6667
freiburg,48.0,7.84,2026-06-25 17:52:24,2026-06-30 23:59:59,28.8655,19.631,0.0,55096.2109,353.6537,8.655,20.88,5.3874,11.1979
freiburg,48.0,7.84,2026-06-25 17:52:24,2026-07-01 23:59:59,20.8155,16.6155,3.3,0.0,53.9274,7.8625,18.0,3.9064,36.1667
freiburg,48.0,7.84,2026-06-25 17:52:24,2026-07-02 23:59:59,25.55,15.9655,0.0,37357.4844,330.6402,14.3831,38.16,8.2708,14.25
freiburg,48.0,7.84,2026-06-25 17:52:24,2026-07-03 23:59:59,23.25,16.45,0.0,56175.5117,18.6991,6.3919,30.6,4.0177,24.8333
freiburg,48.0,7.84,2026-06-25 17:52:24,2026-07-04 23:59:59,25.85,16.8,0.0,56172.9297,238.3007,18.2503,44.28,11.3075,16.6667
freiburg,48.0,7.84,2026-06-25 17:52:24,2026-07-05 23:59:59,24.55,18.0,1.2,55627.1211,286.7151,7.788,37.8,5.1625,17.4583
freiburg,48.0,7.84,2026-06-25 17:52:24,2026-07-06 23:59:59,16.7,11.75,43.0,50842.3867,241.7244,13.8612,41.76,8.059,14.875
freiburg,48.0,7.84,2026-06-25 17:52:24,2026-07-07 23:59:59,14.45,10.95,27.6,32712.7402,335.6469,7.9933,36.72,4.5331,17.125
freiburg,48.0,7.84,2026-06-25 17:52:24,2026-07-08 23:59:59,17.25,11.8,1.4,45420.4062,26.9969,8.3734,28.8,7.0166,11.7917
leipzig,51.34,12.38,2026-06-25 17:52:24,2026-06-23 23:59:59,30.413,19.713,0.0,50023.5547,51.2825,10.594,21.24,5.7957,0.0
leipzig,51.34,12.38,2026-06-25 17:52:24,2026-06-24 23:59:59,32.713,18.863,0.0,55429.0664,325.9337,8.7072,18.72,4.0212,0.0
leipzig,51.34,12.38,2026-06-25 17:52:24,2026-06-25 23:59:59,34.813,21.163,0.0,55439.5664,351.1122,12.0156,25.92,5.3023,0.0
leipzig,51.34,12.38,2026-06-25 17:52:24,2026-06-26 23:59:59,35.463,21.013,0.0,54998.0352,68.8428,10.1823,23.04,6.6137,0.0
leipzig,51.34,12.38,2026-06-25 17:52:24,2026-06-27 23:59:59,39.965,24.013,0.1,51404.8086,173.5009,7.9941,24.12,5.7533,0.0
leipzig,51.34,12.38,2026-06-25 17:52:24,2026-06-28 23:59:59,40.815,24.715,3.6,44964.3438,236.9537,12.96,41.76,7.4803,12.6667
leipzig,51.34,12.38,2026-06-25 17:52:24,2026-06-29 23:59:59,26.465,20.615,19.5,29227.6191,301.7452,11.7924,39.96,7.843,43.6667
leipzig,51.34,12.38,2026-06-25 17:52:24,2026-06-30 23:59:59,29.076,17.065,0.0,57987.1484,74.9922,9.6933,27.36,7.5209,6.0833
leipzig,51.34,12.38,2026-06-25 17:52:24,2026-07-01 23:59:59,24.776,17.176,0.0,10284.8857,337.2307,16.642,41.04,9.5166,25.6667
leipzig,51.34,12.38,2026-06-25 17:52:24,2026-07-02 23:59:59,23.426,16.95,1.95,50489.2891,306.8471,13.6064,38.88,9.8803,10.3229
leipzig,51.34,12.38,2026-06-25 17:52:24,2026-07-03 23:59:59,18.6,14.45,1.2,57898.0938,280.0734,19.6035,51.48,14.6655,22.9896
leipzig,51.34,12.38,2026-06-25 17:52:24,2026-07-04 23:59:59,19.4,13.05,3.8,33526.2188,259.6926,22.7028,68.04,15.8638,20.8333
leipzig,51.34,12.38,2026-06-25 17:52:24,2026-07-05 23:59:59,19.1,12.35,1.6,57827.5195,271.8661,20.1246,52.56,15.8351,23.5
leipzig,51.34,12.38,2026-06-25 17:52:24,2026-07-06 23:59:59,19.0,12.8,0.0,32605.0586,352.4392,12.0721,35.64,8.0969,23.375
leipzig,51.34,12.38,2026-06-25 17:52:24,2026-07-07 23:59:59,21.05,13.5,3.0,43702.9492,341.7364,19.2406,42.84,13.8213,27.0833
leipzig,51.34,12.38,2026-06-25 17:52:24,2026-07-08 23:59:59,21.35,13.85,2.2,57322.3359,325.1276,21.4071,47.88,17.779,22.2083
frankfurt,50.12,8.68,2026-06-25 17:52:24,2026-06-23 23:59:59,32.693,22.393,0.0,54000.0,20.8845,10.6854,28.08,7.8142,0.125
frankfurt,50.12,8.68,2026-06-25 17:52:24,2026-06-24 23:59:59,36.193,21.693,0.0,54000.0,31.1695,8.09,19.8,5.115,0.0
frankfurt,50.12,8.68,2026-06-25 17:52:24,2026-06-25 23:59:59,36.693,23.043,0.0,54000.0,26.6855,12.4343,31.32,6.506,0.0
frankfurt,50.12,8.68,2026-06-25 17:52:24,2026-06-26 23:59:59,39.293,24.243,0.0,54000.0,52.7093,8.5344,19.44,5.2977,0.0
frankfurt,50.12,8.68,2026-06-25 17:52:24,2026-06-27 23:59:59,40.8975,25.843,0.0,50525.1719,125.3893,9.4496,27.0,4.9755,0.625
frankfurt,50.12,8.68,2026-06-25 17:52:24,2026-06-28 23:59:59,38.2975,22.6975,4.9,41138.957,269.1071,16.18,46.44,7.8699,20.3333
frankfurt,50.12,8.68,2026-06-25 17:52:24,2026-06-29 23:59:59,29.1975,21.1475,1.6,52346.9805,321.0677,8.4963,26.28,6.3437,25.6667
frankfurt,50.12,8.68,2026-06-25 17:52:24,2026-06-30 23:59:59,30.102,19.8975,0.0,50096.3789,23.0713,9.2905,25.92,6.4198,10.1875
frankfurt,50.12,8.68,2026-06-25 17:52:24,2026-07-01 23:59:59,23.802,19.402,0.9,0.0,0.1619,9.8853,28.08,5.7547,28.7083
frankfurt,50.12,8.68,2026-06-25 17:52:24,2026-07-02 23:59:59,26.25,17.702,0.6,53221.6992,296.9113,21.9164,52.92,11.8162,9.6667
frankfurt,50.12,8.68,2026-06-25 17:52:24,2026-07-03 23:59:59,24.15,16.05,0.0,57792.4414,300.3575,17.7508,46.08,11.0987,18.3333
frankfurt,50.12,8.68,2026-06-25 17:52:24,2026-07-04 23:59:59,21.8,14.85,2.4,42274.793,264.2576,23.4415,55.08,12.7114,16.25
frankfurt,50.12,8.68,2026-06-25 17:52:24,2026-07-05 23:59:59,23.3,13.7,5.0,56683.8398,264.9037,10.7398,34.92,8.4676,16.9583
frankfurt,50.12,8.68,2026-06-25 17:52:24,2026-07-06 23:59:59,15.7,13.15,15.8,55704.8711,315.8905,16.9238,41.04,10.8215,13.0833
frankfurt,50.12,8.68,2026-06-25 17:52:24,2026-07-07 23:59:59,19.95,12.75,6.8,31652.8418,336.7728,15.8124,43.56,12.0186,17.9167
frankfurt,50.12,8.68,2026-06-25 17:52:24,2026-07-08 23:59:59,18.9,12.6,1.2,40335.4023,317.4928,11.8923,34.2,8.3279,13.7917
darmstadt,49.88,8.64,2026-06-25 17:52:24,2026-06-23 23:59:59,33.9045,21.9045,0.0,52579.4805,35.6796,10.009,27.36,6.3103,0.125
darmstadt,49.88,8.64,2026-06-25 17:52:24,2026-06-24 23:59:59,36.2045,21.2545,0.0,54000.0,48.6014,8.7592,18.72,4.954,0.0
darmstadt,49.88,8.64,2026-06-25 17:52:24,2026-06-25 23:59:59,37.0545,22.3545,0.0,54000.0,45.7199,12.4135,30.24,6.5089,0.0
darmstadt,49.88,8.64,2026-06-25 17:52:24,2026-06-26 23:59:59,38.9045,23.7045,0.0,54000.0,116.565,7.9282,20.52,5.1147,0.0
darmstadt,49.88,8.64,2026-06-25 17:52:24,2026-06-27 23:59:59,40.8135,24.4545,0.0,51724.4688,158.6139,10.1377,29.16,4.9427,1.3333
darmstadt,49.88,8.64,2026-06-25 17:52:24,2026-06-28 23:59:59,38.1135,21.9635,7.4,39482.5742,243.6258,14.1458,41.76,8.6414,18.5417
darmstadt,49.88,8.64,2026-06-25 17:52:24,2026-06-29 23:59:59,28.9135,19.9135,3.5,51797.9727,326.3098,8.4043,24.12,6.3715,30.4583
darmstadt,49.88,8.64,2026-06-25 17:52:24,2026-06-30 23:59:59,29.7505,17.8635,0.0,53295.9297,53.898,9.4221,28.44,5.0412,10.1458
darmstadt,49.88,8.64,2026-06-25 17:52:24,2026-07-01 23:59:59,23.1505,18.2005,2.4,0.0,347.1419,8.7147,25.56,5.1689,28.7083
darmstadt,49.88,8.64,2026-06-25 17:52:24,2026-07-02 23:59:59,24.9501,17.0005,0.6,50416.0508,281.5807,21.4955,52.2,11.287,9.6667
darmstadt,49.88,8.64,2026-06-25 17:52:24,2026-07-03 23:59:59,24.3,16.35,0.0,57567.6484,301.196,16.3096,42.48,11.8073,18.3333
darmstadt,49.88,8.64,2026-06-25 17:52:24,2026-07-04 23:59:59,22.25,15.2,3.6,44651.6523,261.9098,25.3851,60.48,14.403,16.25
darmstadt,49.88,8.64,2026-06-25 17:52:24,2026-07-05 23:59:59,22.7,14.2,3.8,56193.0039,250.5419,10.2093,35.28,8.121,16.9583
darmstadt,49.88,8.64,2026-06-25 17:52:24,2026-07-06 23:59:59,16.0,12.7,15.6,55309.2344,315.32,20.9311,47.52,12.7141,13.0833
darmstadt,49.88,8.64,2026-06-25 17:52:24,2026-07-07 23:59:59,19.3,12.3,6.4,30094.2773,331.2847,18.5321,50.4,13.6327,17.9167
darmstadt,49.88,8.64,2026-06-25 17:52:24,2026-07-08 23:59:59,18.9,12.25,0.6,46349.7812,311.7837,13.1104,40.68,9.7467,13.7917
berlin,52.52,13.4,2026-06-25 17:52:24,2026-06-23 23:59:59,28.602,17.152,0.0,47026.5664,27.4509,10.4648,20.16,5.6956,0.125
berlin,52.52,13.4,2026-06-25 17:52:24,2026-06-24 23:59:59,32.852,19.102,0.0,56565.0859,22.0363,11.6097,21.96,4.4355,0.0
berlin,52.52,13.4,2026-06-25 17:52:24,2026-06-25 23:59:59,33.252,22.302,0.0,54000.0,336.2659,14.7775,32.04,8.1694,0.0
berlin,52.52,13.4,2026-06-25 17:52:24,2026-06-26 23:59:59,33.902,19.002,0.0,55914.2188,77.7134,10.5879,23.76,5.8069,0.0
berlin,52.52,13.4,2026-06-25 17:52:24,2026-06-27 23:59:59,39.489,21.352,0.3,48344.6719,124.6058,9.931,22.68,6.3512,1.6667
berlin,52.52,13.4,2026-06-25 17:52:24,2026-06-28 23:59:59,41.339,25.239,0.7,46325.4609,225.9453,11.3042,32.76,6.7043,9.2917
berlin,52.52,13.4,2026-06-25 17:52:24,2026-06-29 23:59:59,28.639,21.139,8.7,26820.9414,310.4063,10.4648,31.32,9.1831,30.4583
berlin,52.52,13.4,2026-06-25 17:52:24,2026-06-30 23:59:59,28.226,17.089,0.0,57795.6719,34.3454,9.36,29.88,5.5625,1.5208
berlin,52.52,13.4,2026-06-25 17:52:24,2026-07-01 23:59:59,28.526,18.326,0.0,48483.1406,49.5681,14.3459,35.64,9.3741,17.6667
berlin,52.52,13.4,2026-06-25 17:52:24,2026-07-02 23:59:59,24.5945,15.1,1.0,49486.418,314.7534,13.2761,38.16,9.3368,11.9062
berlin,52.52,13.4,2026-06-25 17:52:24,2026-07-03 23:59:59,19.6,14.05,1.4,58301.875,280.2491,23.9752,57.6,18.0172,21.1562
berlin,52.52,13.4,2026-06-25 17:52:24,2026-07-04 23:59:59,19.35,13.6,5.4,58313.5039,268.0478,22.6557,63.0,17.8611,17.6667
berlin,52.52,13.4,2026-06-25 17:52:24,2026-07-05 23:59:59,19.6,13.1,0.6,58804.2891,278.8128,25.5758,64.8,20.8142,26.5833
berlin,52.52,13.4,2026-06-25 17:52:24,2026-07-06 23:59:59,20.05,12.15,2.2,57600.0,333.1558,8.2878,35.64,6.7998,23.625
berlin,52.52,13.4,2026-06-25 17:52:24,2026-07-07 23:59:59,22.75,13.45,1.4,58356.5938,5.7808,9.2923,42.84,7.7652,28.1667
berlin,52.52,13.4,2026-06-25 17:52:24,2026-07-08 23:59:59,22.85,14.6,0.0,57860.9883,326.5356,15.1414,41.04,12.8534,26.2083
valencia,39.5,-0.375,2026-06-25 17:52:24,2026-06-23 23:59:59,33.6325,21.7825,0.0,50400.0,109.1337,13.8495,33.84,6.3642,0.0
valencia,39.5,-0.375,2026-06-25 17:52:24,2026-06-24 23:59:59,32.7325,22.1325,0.0,50400.0,102.0306,13.5706,33.12,6.5709,0.0
valencia,39.5,-0.375,2026-06-25 17:52:24,2026-06-25 23:59:59,31.5825,21.4825,0.0,50400.0,93.8725,15.1114,37.08,7.5136,0.0
valencia,39.5,-0.375,2026-06-25 17:52:24,2026-06-26 23:59:59,29.5825,22.8325,0.0,49503.5547,78.5558,15.1884,36.72,8.165,0.0
valencia,39.5,-0.375,2026-06-25 17:52:24,2026-06-27 23:59:59,30.0825,24.1325,0.0,48710.9453,90.5617,14.4942,35.64,6.6081,0.0
valencia,39.5,-0.375,2026-06-25 17:52:24,2026-06-28 23:59:59,30.4325,22.5325,0.0,48626.5625,85.4412,14.5611,35.64,6.8903,0.0
valencia,39.5,-0.375,2026-06-25 17:52:24,2026-06-29 23:59:59,30.9825,23.7825,0.0,51268.9805,74.4949,14.6852,35.64,7.0413,0.0
valencia,39.5,-0.375,2026-06-25 17:52:24,2026-06-30 23:59:59,33.0145,23.6325,0.0,51610.0859,77.5185,16.2997,41.4,7.6739,0.0
valencia,39.5,-0.375,2026-06-25 17:52:24,2026-07-01 23:59:59,30.7145,25.0645,0.0,47272.0312,105.6479,14.7775,35.28,7.2941,3.4583
valencia,39.5,-0.375,2026-06-25 17:52:24,2026-07-02 23:59:59,29.8286,20.8145,0.15,52043.9609,131.4774,14.6377,48.96,8.3843,3.1458
valencia,39.5,-0.375,2026-06-25 17:52:24,2026-07-03 23:59:59,30.55,24.55,0.0,52236.3555,104.1316,16.9257,45.0,9.3328,0.5208
valencia,39.5,-0.375,2026-06-25 17:52:24,2026-07-04 23:59:59,29.6,25.25,0.0,52022.2617,74.3815,14.6078,45.72,11.6438,0.125
valencia,39.5,-0.375,2026-06-25 17:52:24,2026-07-05 23:59:59,29.8,24.9,0.0,52008.6875,66.7582,13.494,41.4,8.658,1.5
valencia,39.5,-0.375,2026-06-25 17:52:24,2026-07-06 23:59:59,29.55,24.95,0.0,51993.2852,98.6803,14.3831,44.28,8.0654,3.5417
valencia,39.5,-0.375,2026-06-25 17:52:24,2026-07-07 23:59:59,25.65,22.95,0.6,28521.043,81.2034,14.003,38.52,10.3485,4.0833
valencia,39.5,-0.375,2026-06-25 17:52:24,2026-07-08 23:59:59,27.3,22.35,0.0,51957.0352,132.3554,17.1482,50.76,9.8171,2.375
madrid,40.4375,-3.6875,2026-06-25 17:52:24,2026-06-23 23:59:59,38.8155,23.6155,0.0,48252.5078,96.5152,9.2905,25.56,6.676,0.0
madrid,40.4375,-3.6875,2026-06-25 17:52:24,2026-06-24 23:59:59,38.1655,24.2655,0.0,48289.0938,117.6459,14.8257,38.52,8.5824,0.0
madrid,40.4375,-3.6875,2026-06-25 17:52:24,2026-06-25 23:59:59,30.1155,23.1155,0.0,52533.4414,207.4743,15.282,43.56,10.2605,0.625
madrid,40.4375,-3.6875,2026-06-25 17:52:24,2026-06-26 23:59:59,31.0655,20.9655,0.0,52529.7344,231.0589,7.8954,24.84,4.3649,0.0
madrid,40.4375,-3.6875,2026-06-25 17:52:24,2026-06-27 23:59:59,32.7655,22.0655,0.0,51492.6016,228.8442,11.458,33.84,6.2843,0.0417
madrid,40.4375,-3.6875,2026-06-25 17:52:24,2026-06-28 23:59:59,34.0155,21.8155,0.0,53041.2188,235.9128,8.9422,27.0,4.5232,2.5417
madrid,40.4375,-3.6875,2026-06-25 17:52:24,2026-06-29 23:59:59,36.9655,21.9655,0.0,53038.7656,4.1848,9.4496,28.08,6.1281,0.7917
madrid,40.4375,-3.6875,2026-06-25 17:52:24,2026-06-30 23:59:59,36.459,24.5655,0.0,53037.1406,4.743,21.7584,49.68,6.4329,1.0417
madrid,40.4375,-3.6875,2026-06-25 17:52:24,2026-07-01 23:59:59,30.859,19.659,0.0,53030.2305,52.0071,20.0181,47.88,18.0529,2.0833
madrid,40.4375,-3.6875,2026-06-25 17:52:24,2026-07-02 23:59:59,37.0,14.909,0.0,53005.8789,49.2128,16.18,42.48,12.0732,2.4688
madrid,40.4375,-3.6875,2026-06-25 17:52:24,2026-07-03 23:59:59,37.9,21.1,0.0,52995.1719,39.9817,14.7841,46.8,10.4422,1.0417
madrid,40.4375,-3.6875,2026-06-25 17:52:24,2026-07-04 23:59:59,39.3,21.85,0.0,52982.5781,25.97,15.4087,49.32,8.4609,0.7917
madrid,40.4375,-3.6875,2026-06-25 17:52:24,2026-07-05 23:59:59,38.85,23.6,0.0,52968.1133,14.7641,17.7142,50.04,11.0388,1.5417
madrid,40.4375,-3.6875,2026-06-25 17:52:24,2026-07-06 23:59:59,33.1,20.7,0.0,52951.7539,30.471,22.005,53.64,16.0197,3.4583
madrid,40.4375,-3.6875,2026-06-25 17:52:24,2026-07-07 23:59:59,29.65,14.75,0.0,52933.5234,47.9655,20.0512,52.92,16.3135,4.875
madrid,40.4375,-3.6875,2026-06-25 17:52:24,2026-07-08 23:59:59,31.65,16.05,0.0,52913.418,44.3776,18.7727,44.28,12.6062,2.625
london,51.5,-0.25,2026-06-25 17:52:24,2026-06-23 23:59:59,34.141,19.041,1.0,54485.2188,107.2194,15.48,33.48,11.205,38.125
london,51.5,-0.25,2026-06-25 17:52:24,2026-06-24 23:59:59,35.891,23.841,0.0,56153.7891,48.7787,15.84,35.28,8.19,0.0
london,51.5,-0.25,2026-06-25 17:52:24,2026-06-25 23:59:59,30.941,21.791,0.0,56164.0391,86.9095,20.88,46.08,15.75,0.25
london,51.5,-0.25,2026-06-25 17:52:24,2026-06-26 23:59:59,37.641,23.941,0.0,56175.0547,295.7877,19.8,42.84,10.26,7.25
london,51.5,-0.25,2026-06-25 17:52:24,2026-06-27 23:59:59,31.5444,22.341,2.525,57241.125,209.8846,14.4,30.96,7.4475,25.875
london,51.5,-0.25,2026-06-25 17:52:24,2026-06-28 23:59:59,25.6045,17.7545,0.3,52103.1875,245.7351,23.04,47.16,18.675,17.125
london,51.5,-0.25,2026-06-25 17:52:24,2026-06-29 23:59:59,23.1045,14.7045,0.0,57569.9219,251.368,17.64,36.36,10.62,2.0
london,51.5,-0.25,2026-06-25 17:52:24,2026-06-30 23:59:59,20.6545,15.5545,7.7,18532.5332,5.0455,14.76,31.68,11.385,10.75
london,51.5,-0.25,2026-06-25 17:52:24,2026-07-01 23:59:59,23.8045,15.0545,0.2,56244.4961,246.0613,20.52,42.84,11.4288,3.625
london,51.5,-0.25,2026-06-25 17:52:24,2026-07-02 23:59:59,22.1,16.5,0.325,45877.9375,285.0112,17.8209,45.0,16.2481,10.75
london,51.5,-0.25,2026-06-25 17:52:24,2026-07-03 23:59:59,24.95,14.2,0.0,56425.1328,272.0766,16.236,45.72,12.0492,4.125
london,51.5,-0.25,2026-06-25 17:52:24,2026-07-04 23:59:59,23.55,16.35,0.6,23459.1992,278.8568,18.9034,47.16,15.7501,7.625
london,51.5,-0.25,2026-06-25 17:52:24,2026-07-05 23:59:59,23.75,16.8,2.4,54370.0469,292.6703,21.1758,56.52,15.0513,11.375
london,51.5,-0.25,2026-06-25 17:52:24,2026-07-06 23:59:59,18.95,13.0,0.0,46771.8672,341.2558,19.3439,52.92,16.339,8.875
london,51.5,-0.25,2026-06-25 17:52:24,2026-07-07 23:59:59,22.25,11.8,0.0,56497.1523,355.5527,14.4404,46.08,10.5056,9.75
london,51.5,-0.25,2026-06-25 17:52:24,2026-07-08 23:59:59,23.25,15.6,0.0,43787.1914,328.151,8.7592,33.48,5.7205,7.375
amsterdam,52.366,4.901,2026-06-25 17:52:24,2026-06-23 23:59:59,28.7565,17.2565,0.0,51745.4766,73.5711,18.0,33.48,10.425,2.0833
amsterdam,52.366,4.901,2026-06-25 17:52:24,2026-06-24 23:59:59,34.3565,23.1565,0.0,55346.8906,88.3125,15.84,30.24,10.11,0.0
amsterdam,52.366,4.901,2026-06-25 17:52:24,2026-06-25 23:59:59,30.1065,21.0065,0.0,55073.8984,47.9396,20.88,40.32,15.105,0.0
amsterdam,52.366,4.901,2026-06-25 17:52:24,2026-06-26 23:59:59,36.4065,21.8565,0.0,54616.9883,150.2898,20.16,40.32,13.08,0.0
amsterdam,52.366,4.901,2026-06-25 17:52:24,2026-06-27 23:59:59,34.5565,24.7065,0.0,51169.9922,238.4465,26.64,64.44,12.39,4.2917
amsterdam,52.366,4.901,2026-06-25 17:52:24,2026-06-28 23:59:59,26.6674,19.95,1.4,51236.5664,255.4915,16.2459,41.4,10.5355,23.875
amsterdam,52.366,4.901,2026-06-25 17:52:24,2026-06-29 23:59:59,21.9,16.7,0.0,59451.1641,286.835,12.183,36.0,9.6089,10.5
amsterdam,52.366,4.901,2026-06-25 17:52:24,2026-06-30 23:59:59,21.7,15.45,1.2,29300.6914,44.2143,14.2575,33.12,9.1202,5.9583
amsterdam,52.366,4.901,2026-06-25 17:52:24,2026-07-01 23:59:59,23.75,16.5,0.6,50331.8945,329.8265,11.2525,35.28,7.7965,11.125
amsterdam,52.366,4.901,2026-06-25 17:52:24,2026-07-02 23:59:59,20.0,16.4,3.0,43117.7266,267.6325,21.3473,53.28,15.4327,24.9167
amsterdam,52.366,4.901,2026-06-25 17:52:24,2026-07-03 23:59:59,17.95,15.3,0.8,56336.7773,279.8571,19.063,46.44,13.8276,17.5833
amsterdam,52.366,4.901,2026-06-25 17:52:24,2026-07-04 23:59:59,19.2,14.55,3.4,57092.6406,283.4745,22.541,54.72,15.045,30.375
amsterdam,52.366,4.901,2026-06-25 17:52:24,2026-07-05 23:59:59,19.55,13.8,4.4,58982.5234,306.3031,12.8104,34.2,6.5423,29.8333
amsterdam,52.366,4.901,2026-06-25 17:52:24,2026-07-06 23:59:59,17.5,12.15,5.8,56011.4102,342.4006,22.6578,55.8,16.1409,27.25
amsterdam,52.366,4.901,2026-06-25 17:52:24,2026-07-07 23:59:59,16.0,13.85,0.6,30889.0859,336.3901,17.6152,50.4,13.8806,24.4167
amsterdam,52.366,4.901,2026-06-25 17:52:24,2026-07-08 23:59:59,17.75,13.05,0.4,30477.4512,327.2412,13.8612,37.08,11.066,29.9167
paris,48.86,2.36,2026-06-25 17:52:24,2026-06-23 23:59:59,36.815,25.115,0.0,54224.8594,77.1765,26.5254,47.88,9.6289,0.5417
paris,48.86,2.36,2026-06-25 17:52:24,2026-06-24 23:59:59,39.965,25.365,0.0,56072.9297,129.3795,10.9312,23.04,7.2069,0.4583
paris,48.86,2.36,2026-06-25 17:52:24,2026-06-25 23:59:59,40.415,27.465,0.0,56647.4336,106.4435,20.1761,44.28,10.1409,0.25
paris,48.86,2.36,2026-06-25 17:52:24,2026-06-26 23:59:59,39.015,27.165,0.0,49460.2969,1.3461,18.36,43.2,9.7377,6.625
paris,48.86,2.36,2026-06-25 17:52:24,2026-06-27 23:59:59,36.8495,22.465,0.3,45514.1484,341.6361,17.4628,36.72,8.9134,5.5
paris,48.86,2.36,2026-06-25 17:52:24,2026-06-28 23:59:59,29.5495,22.4495,0.7,40675.375,299.2143,12.985,35.28,9.1108,22.5
paris,48.86,2.36,2026-06-25 17:52:24,2026-06-29 23:59:59,26.3495,17.3495,0.0,53781.9062,1.0458,11.967,29.88,8.542,3.5
paris,48.86,2.36,2026-06-25 17:52:24,2026-06-30 23:59:59,25.4995,17.7495,0.0,24580.0977,39.3456,13.0049,29.52,6.7779,5.4062
paris,48.86,2.36,2026-06-25 17:52:24,2026-07-01 23:59:59,24.8995,16.6995,0.0,57070.6133,336.5961,17.6547,40.68,14.2021,7.2917
paris,48.86,2.36,2026-06-25 17:52:24,2026-07-02 23:59:59,25.15,16.0995,0.0,57078.1328,309.6107,16.9812,46.44,11.9731,2.3646
paris,48.86,2.36,2026-06-25 17:52:24,2026-07-03 23:59:59,24.9,15.25,0.0,57058.2188,305.0879,14.1744,40.68,10.8131,5.1562
paris,48.86,2.36,2026-06-25 17:52:24,2026-07-04 23:59:59,25.75,15.6,0.0,37713.4258,285.6497,17.9576,46.44,13.8981,5.1667
paris,48.86,2.36,2026-06-25 17:52:24,2026-07-05 23:59:59,24.25,17.1,0.0,56995.082,291.6653,21.4381,52.2,14.8249,7.3333
paris,48.86,2.36,2026-06-25 17:52:24,2026-07-06 23:59:59,20.25,15.25,1.2,56920.8828,336.2286,23.1669,60.12,18.7872,10.9167
paris,48.86,2.36,2026-06-25 17:52:24,2026-07-07 23:59:59,20.0,13.85,0.0,39234.0352,349.8611,17.6483,54.72,15.0203,5.75
paris,48.86,2.36,2026-06-25 17:52:24,2026-07-08 23:59:59,22.7,12.15,0.0,52829.0938,0.4266,15.3264,42.48,10.2987,7.5417
prag,50.08,14.44,2026-06-25 17:52:24,2026-06-23 23:59:59,29.3985,18.9485,0.0,54338.3555,36.87,11.2985,23.76,5.5209,0.0
prag,50.08,14.44,2026-06-25 17:52:24,2026-06-24 23:59:59,31.6485,17.9485,0.0,54348.3281,44.6181,7.788,17.64,3.7871,0.0
prag,50.08,14.44,2026-06-25 17:52:24,2026-06-25 23:59:59,33.8985,19.7485,0.0,54678.9609,93.7861,10.9903,23.76,4.1485,0.0
prag,50.08,14.44,2026-06-25 17:52:24,2026-06-26 23:59:59,36.1985,21.2485,0.0,54358.6133,70.5094,11.0901,26.28,4.9853,0.0
prag,50.08,14.44,2026-06-25 17:52:24,2026-06-27 23:59:59,37.446,23.5485,0.0,54380.832,136.3406,7.9282,21.96,4.022,0.0
prag,50.08,14.44,2026-06-25 17:52:24,2026-06-28 23:59:59,39.246,21.546,0.0,55289.8555,189.3275,6.9247,23.76,3.7981,1.5
prag,50.08,14.44,2026-06-25 17:52:24,2026-06-29 23:59:59,28.046,21.296,8.7,0.0,301.3925,12.6,40.68,7.0366,48.8333
prag,50.08,14.44,2026-06-25 17:52:24,2026-06-30 23:59:59,27.646,18.346,0.0,57424.2539,75.239,13.6278,31.68,6.9972,12.5833
prag,50.08,14.44,2026-06-25 17:52:24,2026-07-01 23:59:59,28.896,15.746,0.0,57422.3711,36.3094,9.9831,23.04,6.7007,46.7917
prag,50.08,14.44,2026-06-25 17:52:24,2026-07-02 23:59:59,23.548,17.0,1.75,54017.5039,357.7874,11.5103,34.56,6.1346,18.7396
prag,50.08,14.44,2026-06-25 17:52:24,2026-07-03 23:59:59,20.1,14.8,1.4,57327.6797,299.6973,18.477,53.64,12.8849,22.9062
prag,50.08,14.44,2026-06-25 17:52:24,2026-07-04 23:59:59,20.95,13.55,0.4,48274.2773,260.766,15.5687,51.12,12.5112,20.375
prag,50.08,14.44,2026-06-25 17:52:24,2026-07-05 23:59:59,20.7,13.5,0.2,57238.582,292.0424,19.524,48.96,14.5229,20.3333
prag,50.08,14.44,2026-06-25 17:52:24,2026-07-06 23:59:59,18.85,12.45,3.4,39370.1797,25.8329,16.1097,36.72,8.7832,23.7083
prag,50.08,14.44,2026-06-25 17:52:24,2026-07-07 23:59:59,17.15,14.3,7.8,0.0,359.1689,16.9812,41.4,14.6245,24.0417
prag,50.08,14.44,2026-06-25 17:52:24,2026-07-08 23:59:59,17.8,13.0,26.0,20868.293,343.715,16.0846,42.48,11.1678,23.125
rome,41.875,12.5,2026-06-25 17:52:24,2026-06-23 23:59:59,35.6415,22.9415,0.4,49269.25,288.0198,15.3159,37.44,5.4285,3.4583
rome,41.875,12.5,2026-06-25 17:52:24,2026-06-24 23:59:59,35.5415,22.7915,0.0,39433.9492,280.8854,7.2,32.76,3.6549,6.4167
rome,41.875,12.5,2026-06-25 17:52:24,2026-06-25 23:59:59,34.4415,23.1415,0.2,46800.0,234.9776,12.3139,30.24,5.4994,3.3333
rome,41.875,12.5,2026-06-25 17:52:24,2026-06-26 23:59:59,34.5415,22.7415,0.0,49353.4453,261.5935,13.4411,36.0,5.0728,2.4583
rome,41.875,12.5,2026-06-25 17:52:24,2026-06-27 23:59:59,35.4915,23.4415,0.0,49166.8984,249.4697,13.2174,32.04,5.4907,0.375
rome,41.875,12.5,2026-06-25 17:52:24,2026-06-28 23:59:59,36.6915,23.4415,0.0,50805.4961,260.1018,16.3275,39.24,6.3452,0.0
rome,41.875,12.5,2026-06-25 17:52:24,2026-06-29 23:59:59,37.8415,24.5915,0.3,53242.7109,257.7177,14.4942,34.92,6.4742,9.2083
rome,41.875,12.5,2026-06-25 17:52:24,2026-06-30 23:59:59,34.8382,25.0415,1.2,48117.75,213.5109,7.1457,21.87,2.5801,3.2917
rome,41.875,12.5,2026-06-25 17:52:24,2026-07-01 23:59:59,34.785,21.935,0.0,53255.3281,237.0861,16.6108,39.24,6.2891,4.3333
rome,41.875,12.5,2026-06-25 17:52:24,2026-07-02 23:59:59,32.85,22.635,5.7,29852.8496,306.5453,11.2031,39.96,6.4377,26.5938
rome,41.875,12.5,2026-06-25 17:52:24,2026-07-03 23:59:59,33.75,23.0,0.0,53246.7539,280.7526,10.4042,40.68,7.0384,22.0417
rome,41.875,12.5,2026-06-25 17:52:24,2026-07-04 23:59:59,34.45,24.95,0.0,53248.875,247.6111,14.0458,41.04,6.7108,17.0
rome,41.875,12.5,2026-06-25 17:52:24,2026-07-05 23:59:59,34.05,24.25,0.0,53249.7148,231.7063,15.3264,44.28,7.0535,11.8333
rome,41.875,12.5,2026-06-25 17:52:24,2026-07-06 23:59:59,30.65,24.45,0.0,53249.4453,193.707,24.9324,64.08,12.8999,10.7917
rome,41.875,12.5,2026-06-25 17:52:24,2026-07-07 23:59:59,28.6,21.05,0.0,53248.0117,268.157,19.7385,51.84,11.2374,6.9583
rome,41.875,12.5,2026-06-25 17:52:24,2026-07-08 23:59:59,29.15,20.75,0.4,53245.293,232.8189,17.4748,48.6,7.9561,7.3333
zurich,47.38,8.54,2026-06-25 17:52:24,2026-06-23 23:59:59,34.372,22.022,0.0,49475.5625,16.5741,18.8648,49.68,4.1211,0.4167
zurich,47.38,8.54,2026-06-25 17:52:24,2026-06-24 23:59:59,34.222,21.272,0.0,54000.0,43.1118,10.7036,25.56,5.1779,0.0
zurich,47.38,8.54,2026-06-25 17:52:24,2026-06-25 23:59:59,35.772,20.972,0.0,54000.0,42.3226,11.9832,29.52,6.585,0.0
zurich,47.38,8.54,2026-06-25 17:52:24,2026-06-26 23:59:59,36.522,23.672,0.0,51943.0391,66.9948,9.4221,32.76,3.6498,0.0
zurich,47.38,8.54,2026-06-25 17:52:24,2026-06-27 23:59:59,36.106,24.572,0.1,51420.7266,188.7666,8.5571,21.96,3.3345,1.0833
zurich,47.38,8.54,2026-06-25 17:52:24,2026-06-28 23:59:59,34.006,22.706,2.0,32735.3477,223.4869,11.2985,29.88,6.7861,20.7083
zurich,47.38,8.54,2026-06-25 17:52:24,2026-06-29 23:59:59,28.406,20.706,3.3,48731.3555,51.5999,10.3151,28.44,5.0364,67.25
zurich,47.38,8.54,2026-06-25 17:52:24,2026-06-30 23:59:59,27.7095,20.206,0.0,52624.7734,10.7259,6.6472,19.44,3.203,16.7708
zurich,47.38,8.54,2026-06-25 17:52:24,2026-07-01 23:59:59,21.1595,16.8095,33.3,0.0,255.4342,12.6206,37.44,6.5938,51.625
zurich,47.38,8.54,2026-06-25 17:52:24,2026-07-02 23:59:59,23.9,16.2095,0.9,32002.0918,278.6031,11.3454,31.32,6.4802,19.5729
zurich,47.38,8.54,2026-06-25 17:52:24,2026-07-03 23:59:59,22.2,16.6,0.6,55796.6953,258.6585,12.886,35.28,6.5597,27.4792
zurich,47.38,8.54,2026-06-25 17:52:24,2026-07-04 23:59:59,24.65,15.45,0.0,55794.5859,260.9118,14.5722,38.16,9.4901,25.75
zurich,47.38,8.54,2026-06-25 17:52:24,2026-07-05 23:59:59,24.4,16.5,0.6,55336.0664,260.8153,12.6206,38.16,6.9507,17.125
zurich,47.38,8.54,2026-06-25 17:52:24,2026-07-06 23:59:59,17.2,10.4,29.4,43024.707,258.5271,15.948,39.96,11.594,12.4167
zurich,47.38,8.54,2026-06-25 17:52:24,2026-07-07 23:59:59,15.35,10.05,24.6,5441.5015,243.7759,11.5789,33.12,9.1106,16.375
zurich,47.38,8.54,2026-06-25 17:52:24,2026-07-08 23:59:59,16.6,11.95,4.6,27808.332,335.5056,6.0908,24.48,4.4071,15.7917
lisbon,38.75,-9.125,2026-06-25 17:52:24,2026-06-23 23:59:59,28.9915,20.5415,0.0,43316.1641,231.3402,13.8915,34.2,7.0384,4.4583
lisbon,38.75,-9.125,2026-06-25 17:52:24,2026-06-24 23:59:59,24.3415,19.2415,0.0,45737.5391,230.6019,16.7042,43.92,9.8227,1.5
lisbon,38.75,-9.125,2026-06-25 17:52:24,2026-06-25 23:59:59,22.4915,18.9415,7.4,46451.9062,207.6792,20.9914,51.12,14.4109,38.8333
lisbon,38.75,-9.125,2026-06-25 17:52:24,2026-06-26 23:59:59,24.0415,19.6415,1.4,50487.2109,225.7847,15.282,38.16,11.3455,1.8333
lisbon,38.75,-9.125,2026-06-25 17:52:24,2026-06-27 23:59:59,24.6415,18.7915,0.0,50497.4531,254.7864,15.0771,37.8,9.1222,0.375
lisbon,38.75,-9.125,2026-06-25 17:52:24,2026-06-28 23:59:59,27.9915,19.6415,0.0,51177.0,350.9859,21.1758,49.32,13.0369,0.0
lisbon,38.75,-9.125,2026-06-25 17:52:24,2026-06-29 23:59:59,30.4915,19.4415,0.0,51187.8516,338.7014,17.7827,41.4,12.2122,0.0
lisbon,38.75,-9.125,2026-06-25 17:52:24,2026-06-30 23:59:59,29.0635,19.9415,0.0,51199.1172,349.485,21.0685,47.88,15.6973,0.0
lisbon,38.75,-9.125,2026-06-25 17:52:24,2026-07-01 23:59:59,35.2135,19.5635,0.0,52216.5078,5.9673,16.8625,40.32,9.2722,0.0
lisbon,38.75,-9.125,2026-06-25 17:52:24,2026-07-02 23:59:59,38.65,24.2135,0.0,52228.625,29.257,19.0222,42.84,13.4131,0.0
lisbon,38.75,-9.125,2026-06-25 17:52:24,2026-07-03 23:59:59,36.2,24.2,0.0,52702.5625,290.1033,10.384,39.96,6.9173,0.0
lisbon,38.75,-9.125,2026-06-25 17:52:24,2026-07-04 23:59:59,36.15,22.25,0.0,52671.8789,249.107,11.3414,37.44,5.7486,0.0
lisbon,38.75,-9.125,2026-06-25 17:52:24,2026-07-05 23:59:59,37.85,22.45,0.0,52628.5547,313.2931,11.1135,33.12,4.4179,0.0
lisbon,38.75,-9.125,2026-06-25 17:52:24,2026-07-06 23:59:59,37.75,22.2,0.0,52580.1445,352.177,15.6269,41.4,6.8433,0.0
lisbon,38.75,-9.125,2026-06-25 17:52:24,2026-07-07 23:59:59,34.6,25.3,0.0,52528.5508,40.1346,22.6914,49.32,14.76,0.5
lisbon,38.75,-9.125,2026-06-25 17:52:24,2026-07-08 23:59:59,34.3,21.05,0.0,51261.3281,341.7489,16.9812,42.12,7.5959,0.5
vienna,48.2,16.38,2026-06-25 17:52:24,2026-06-23 23:59:59,31.1215,23.0215,0.0,49622.4141,3.8215,12.3139,37.8,8.0203,0.2083
vienna,48.2,16.38,2026-06-25 17:52:24,2026-06-24 23:59:59,32.4215,21.4715,0.0,52400.5391,9.8252,10.2395,26.64,6.0679,0.0
vienna,48.2,16.38,2026-06-25 17:52:24,2026-06-25 23:59:59,33.4215,21.6215,0.0,51586.9727,12.6041,10.0864,22.68,4.1458,0.0
vienna,48.2,16.38,2026-06-25 17:52:24,2026-06-26 23:59:59,36.4715,23.9215,0.0,52829.5352,55.4456,12.96,25.2,4.2047,0.0
vienna,48.2,16.38,2026-06-25 17:52:24,2026-06-27 23:59:59,37.83,26.2215,0.0,52839.9219,132.3917,11.441,29.16,5.6759,0.0
vienna,48.2,16.38,2026-06-25 17:52:24,2026-06-28 23:59:59,39.33,23.83,0.2,54716.2383,164.6724,18.079,44.64,9.8121,0.2083
vienna,48.2,16.38,2026-06-25 17:52:24,2026-06-29 23:59:59,33.33,25.63,1.3,42125.6211,292.8245,20.0375,52.92,14.1509,9.8333
vienna,48.2,16.38,2026-06-25 17:52:24,2026-06-30 23:59:59,30.663,22.78,0.0,51321.6953,341.2436,14.5121,36.0,10.777,5.2708
vienna,48.2,16.38,2026-06-25 17:52:24,2026-07-01 23:59:59,35.813,20.263,12.6,50801.9062,333.8663,12.24,28.44,8.6441,25.3333
vienna,48.2,16.38,2026-06-25 17:52:24,2026-07-02 23:59:59,25.3565,19.6,0.7,43915.8828,300.0957,16.627,47.88,12.3149,20.9792
vienna,48.2,16.38,2026-06-25 17:52:24,2026-07-03 23:59:59,21.25,16.85,3.2,56759.8633,285.9337,19.3104,49.68,15.1475,27.3438
vienna,48.2,16.38,2026-06-25 17:52:24,2026-07-04 23:59:59,24.0,15.25,0.4,56697.9727,269.6115,20.7196,54.72,11.3215,25.4583
vienna,48.2,16.38,2026-06-25 17:52:24,2026-07-05 23:59:59,23.05,16.65,2.0,56631.1289,280.1811,22.5353,59.04,15.5792,17.2917
vienna,48.2,16.38,2026-06-25 17:52:24,2026-07-06 23:59:59,22.9,14.8,9.8,51714.6953,271.4709,19.006,41.04,11.6838,27.3333
vienna,48.2,16.38,2026-06-25 17:52:24,2026-07-07 23:59:59,18.5,13.55,38.0,4446.9609,1.9727,20.3273,50.76,12.8957,20.625
vienna,48.2,16.38,2026-06-25 17:52:24,2026-07-08 23:59:59,17.4,13.65,21.2,21224.7246,300.7799,24.3872,61.56,15.2761,21.4167
bergen,60.39,5.3183,2026-06-25 17:52:24,2026-06-23 23:59:59,15.961,11.661,0.1,1645.8728,157.4837,23.04,42.84,16.95,70.0417
bergen,60.39,5.3183,2026-06-25 17:52:24,2026-06-24 23:59:59,17.711,13.411,2.0,6402.4272,176.6853,23.4,41.4,11.43,37.7083
bergen,60.39,5.3183,2026-06-25 17:52:24,2026-06-25 23:59:59,16.711,12.711,0.4,0.0,167.2951,9.72,19.44,6.87,19.25
bergen,60.39,5.3183,2026-06-25 17:52:24,2026-06-26 23:59:59,18.011,15.161,0.6,2482.3503,161.1569,16.56,30.96,9.495,48.7083
bergen,60.39,5.3183,2026-06-25 17:52:24,2026-06-27 23:59:59,22.361,15.111,0.0,1418.4846,162.4366,20.16,37.44,9.81,35.5
bergen,60.39,5.3183,2026-06-25 17:52:24,2026-06-28 23:59:59,19.55,14.9,24.4,16806.1367,171.5831,14.0192,34.92,11.047,57.25
bergen,60.39,5.3183,2026-06-25 17:52:24,2026-06-29 23:59:59,15.4,11.4,5.5,37499.6133,251.2549,15.661,38.52,9.043,43.5833
bergen,60.39,5.3183,2026-06-25 17:52:24,2026-06-30 23:59:59,15.95,10.3,3.3,61293.5312,269.1111,10.788,29.52,7.7759,39.625
bergen,60.39,5.3183,2026-06-25 17:52:24,2026-07-01 23:59:59,17.85,9.35,0.0,58476.6172,314.0461,12.7305,32.4,7.3184,15.875
bergen,60.39,5.3183,2026-06-25 17:52:24,2026-07-02 23:59:59,16.45,10.2,5.8,41757.6367,140.8032,9.1074,42.48,6.3088,57.625
bergen,60.39,5.3183,2026-06-25 17:52:24,2026-07-03 23:59:59,13.65,9.4,10.2,33248.6602,298.8626,22.843,54.36,14.7723,58.9167
bergen,60.39,5.3183,2026-06-25 17:52:24,2026-07-04 23:59:59,15.0,8.45,0.8,65047.832,336.9168,16.5923,50.04,10.7498,51.5833
bergen,60.39,5.3183,2026-06-25 17:52:24,2026-07-05 23:59:59,16.6,8.55,0.0,63108.5273,327.4365,10.949,34.92,6.3138,49.7917
bergen,60.39,5.3183,2026-06-25 17:52:24,2026-07-06 23:59:59,18.15,9.9,0.0,65929.0625,332.041,22.1663,53.64,16.3746,48.125
bergen,60.39,5.3183,2026-06-25 17:52:24,2026-07-07 23:59:59,17.1,8.7,0.0,65772.3281,317.7697,14.6543,49.68,9.5397,54.875
bergen,60.39,5.3183,2026-06-25 17:52:24,2026-07-08 23:59:59,16.1,8.55,0.0,52197.9844,326.4612,13.5383,36.36,9.5781,48.375
stockholm,59.3289,18.0724,2026-06-25 17:52:24,2026-06-23 23:59:59,23.0675,14.7675,0.0,48596.3125,175.599,20.16,40.68,13.515,1.0833
stockholm,59.3289,18.0724,2026-06-25 17:52:24,2026-06-24 23:59:59,23.1675,16.3675,0.0,23004.0879,301.6639,11.52,27.0,8.565,19.6667
stockholm,59.3289,18.0724,2026-06-25 17:52:24,2026-06-25 23:59:59,24.9175,17.2175,0.0,31345.6484,41.0165,12.6,27.72,9.255,29.75
stockholm,59.3289,18.0724,2026-06-25 17:52:24,2026-06-26 23:59:59,27.0175,16.6175,0.0,60487.125,203.1849,25.2,50.4,14.52,0.5
stockholm,59.3289,18.0724,2026-06-25 17:52:24,2026-06-27 23:59:59,27.7675,20.0175,0.1,39650.5938,106.3716,14.76,32.4,10.335,10.0417
stockholm,59.3289,18.0724,2026-06-25 17:52:24,2026-06-28 23:59:59,31.25,18.7294,0.0,63363.2852,235.8482,14.6775,37.08,11.3616,5.75
stockholm,59.3289,18.0724,2026-06-25 17:52:24,2026-06-29 23:59:59,25.35,18.75,4.5,53119.4648,245.3223,19.4342,46.44,13.4931,21.875
stockholm,59.3289,18.0724,2026-06-25 17:52:24,2026-06-30 23:59:59,23.4,17.45,0.0,64483.6602,283.2484,18.3961,44.64,13.1758,5.625
stockholm,59.3289,18.0724,2026-06-25 17:52:24,2026-07-01 23:59:59,22.0,16.3,0.6,53701.5586,89.2419,11.5425,33.12,9.1833,14.0833
stockholm,59.3289,18.0724,2026-06-25 17:52:24,2026-07-02 23:59:59,19.45,16.3,1.2,49246.0156,168.3831,12.4252,31.68,7.8197,17.6667
stockholm,59.3289,18.0724,2026-06-25 17:52:24,2026-07-03 23:59:59,20.2,15.95,5.4,64463.2383,160.6738,14.2337,35.28,10.5092,32.1667
stockholm,59.3289,18.0724,2026-06-25 17:52:24,2026-07-04 23:59:59,16.05,13.9,13.8,62962.9336,247.0294,21.3662,52.92,9.6288,30.9167
stockholm,59.3289,18.0724,2026-06-25 17:52:24,2026-07-05 23:59:59,16.15,12.95,7.8,37485.6484,14.2725,13.0261,30.96,9.323,27.9167
stockholm,59.3289,18.0724,2026-06-25 17:52:24,2026-07-06 23:59:59,19.7,12.55,0.0,61379.8867,351.7958,15.0706,38.88,12.8045,28.0417
stockholm,59.3289,18.0724,2026-06-25 17:52:24,2026-07-07 23:59:59,14.9,12.45,22.2,0.0,337.7018,22.865,47.52,19.4989,31.0
stockholm,59.3289,18.0724,2026-06-25 17:52:24,2026-07-08 23:59:59,20.3,13.1,4.2,46151.0938,8.7695,19.9085,45.36,16.8573,37.25
aachen,50.782,6.09,2026-06-26 09:22:20,2026-06-25 23:59:59,37.476,26.476,0.0,54000.0,49.3398,15.48,32.4,9.18,0.0
aachen,50.782,6.09,2026-06-26 09:22:20,2026-06-26 23:59:59,40.276,23.276,9.5,46800.0,175.6412,25.92,70.2,9.09,1.5417
aachen,50.782,6.09,2026-06-26 09:22:20,2026-06-27 23:59:59,37.126,23.226,1.4,46800.0,111.484,17.28,92.16,6.645,7.8333
aachen,50.782,6.09,2026-06-26 09:22:20,2026-06-28 23:59:59,27.838,22.226,0.75,40728.293,263.429,28.08,59.76,11.6217,26.3333
aachen,50.782,6.09,2026-06-26 09:22:20,2026-06-29 23:59:59,26.6,18.6,0.1,56756.0156,283.613,12.2612,31.68,10.2442,13.7917
aachen,50.782,6.09,2026-06-26 09:22:20,2026-06-30 23:59:59,23.65,16.95,3.9,49342.9219,357.2409,10.4416,29.88,7.279,25.5417
aachen,50.782,6.09,2026-06-26 09:22:20,2026-07-01 23:59:59,23.2,14.9,0.9,49627.793,317.4118,11.7787,35.64,9.2199,26.2917
aachen,50.782,6.09,2026-06-26 09:22:20,2026-07-02 23:59:59,22.75,15.75,5.2,49871.2148,251.6576,17.9351,43.56,13.505,11.125
aachen,50.782,6.09,2026-06-26 09:22:20,2026-07-03 23:59:59,21.7,14.6,4.4,52338.8203,317.735,17.3118,44.28,14.8336,24.25
aachen,50.782,6.09,2026-06-26 09:22:20,2026-07-04 23:59:59,23.75,13.4,0.4,58132.2891,250.3055,18.9582,44.64,11.4179,14.0417
aachen,50.782,6.09,2026-06-26 09:22:20,2026-07-05 23:59:59,20.05,15.15,3.2,57264.1875,283.9231,21.4291,51.48,16.8652,22.2083
aachen,50.782,6.09,2026-06-26 09:22:20,2026-07-06 23:59:59,21.25,14.55,0.6,56009.0352,252.5455,23.9129,55.8,18.0839,21.2917
aachen,50.782,6.09,2026-06-26 09:22:20,2026-07-07 23:59:59,20.7,16.5,2.2,23739.6641,256.7158,21.6127,55.44,18.0931,23.9167
aachen,50.782,6.09,2026-06-26 09:22:20,2026-07-08 23:59:59,21.2,15.3,5.0,44000.8633,288.6252,20.9644,51.12,14.205,19.5
aachen,50.782,6.09,2026-06-26 09:22:20,2026-07-09 23:59:59,23.7,15.3,0.0,56113.8945,257.8381,19.8033,51.84,11.5699,10.0
munich,48.14,11.58,2026-06-26 09:22:20,2026-06-25 23:59:59,33.765,19.765,0.0,54000.0,95.6453,15.8564,38.52,7.7707,0.0
munich,48.14,11.58,2026-06-26 09:22:20,2026-06-26 23:59:59,33.215,19.715,0.0,54000.0,79.8965,13.3976,29.16,7.1467,0.0
munich,48.14,11.58,2026-06-26 09:22:20,2026-06-27 23:59:59,35.715,17.615,0.0,53855.7891,88.116,10.4957,20.16,4.4061,0.0
munich,48.14,11.58,2026-06-26 09:22:20,2026-06-28 23:59:59,35.0215,21.1715,0.6,51813.8242,242.5939,14.4,39.96,7.6438,10.25
munich,48.14,11.58,2026-06-26 09:22:20,2026-06-29 23:59:59,29.1215,20.4215,17.6,31716.6367,305.7975,11.7924,33.12,3.9509,67.375
munich,48.14,11.58,2026-06-26 09:22:20,2026-06-30 23:59:59,25.6715,19.5215,10.025,16798.2285,271.4727,5.412,18.0,3.692,36.4688
munich,48.14,11.58,2026-06-26 09:22:20,2026-07-01 23:59:59,20.1398,14.608,31.825,0.0,270.9553,10.0864,23.76,5.9598,59.8438
munich,48.14,11.58,2026-06-26 09:22:20,2026-07-02 23:59:59,24.108,12.158,0.0,56146.9648,256.1063,12.3244,29.52,7.8224,26.625
munich,48.14,11.58,2026-06-26 09:22:20,2026-07-03 23:59:59,20.558,14.15,10.5,41846.7656,275.9628,17.5498,58.68,10.8983,29.1667
munich,48.14,11.58,2026-06-26 09:22:20,2026-07-04 23:59:59,22.1,12.95,3.0,56162.1914,267.8239,12.4837,35.64,8.4557,16.75
munich,48.14,11.58,2026-06-26 09:22:20,2026-07-05 23:59:59,22.7,16.2,0.0,56130.6094,279.5883,19.9954,52.2,12.3847,22.4167
munich,48.14,11.58,2026-06-26 09:22:20,2026-07-06 23:59:59,23.65,14.3,0.0,56098.0039,258.7599,15.1724,47.52,9.9138,19.5417
munich,48.14,11.58,2026-06-26 09:22:20,2026-07-07 23:59:59,26.45,17.25,0.0,56064.6328,269.1759,24.1207,62.28,15.6201,16.9583
munich,48.14,11.58,2026-06-26 09:22:20,2026-07-08 23:59:59,24.35,17.5,1.8,56030.3203,278.2065,23.8505,63.0,15.2517,24.5417
munich,48.14,11.58,2026-06-26 09:22:20,2026-07-09 23:59:59,26.1,16.1,0.0,55995.1211,265.8284,13.4664,41.4,7.6572,9.25
hamburg,53.56,10.0,2026-06-26 09:22:20,2026-06-25 23:59:59,29.2235,20.1235,0.0,56137.3945,336.0789,11.7704,25.2,8.5768,0.0
hamburg,53.56,10.0,2026-06-26 09:22:20,2026-06-26 23:59:59,34.7735,18.6735,0.0,56202.0352,132.7781,15.0211,30.96,8.674,0.0
hamburg,53.56,10.0,2026-06-26 09:22:20,2026-06-27 23:59:59,38.2735,22.0735,0.0,53573.3008,203.1986,19.0085,39.96,7.303,7.8333
hamburg,53.56,10.0,2026-06-26 09:22:20,2026-06-28 23:59:59,32.215,21.715,2.225,52651.4922,310.6944,19.5585,51.48,9.8951,16.5833
hamburg,53.56,10.0,2026-06-26 09:22:20,2026-06-29 23:59:59,28.165,18.515,0.2,57900.168,285.4464,14.8432,38.52,9.1305,15.375
hamburg,53.56,10.0,2026-06-26 09:22:20,2026-06-30 23:59:59,25.765,15.115,2.1,40638.2031,28.8402,9.1782,25.56,5.3109,3.5104
hamburg,53.56,10.0,2026-06-26 09:22:20,2026-07-01 23:59:59,23.176,15.226,0.0,60088.8477,299.6072,19.1343,42.12,10.8731,29.1667
hamburg,53.56,10.0,2026-06-26 09:22:20,2026-07-02 23:59:59,22.776,13.626,1.2,11704.1084,244.837,19.3866,42.48,11.3458,18.0
hamburg,53.56,10.0,2026-06-26 09:22:20,2026-07-03 23:59:59,22.4,15.776,0.75,59963.832,292.0626,23.6979,59.04,18.4597,28.8438
hamburg,53.56,10.0,2026-06-26 09:22:20,2026-07-04 23:59:59,21.35,15.1,1.8,38274.4922,267.3068,17.8926,57.96,16.2274,19.7083
hamburg,53.56,10.0,2026-06-26 09:22:20,2026-07-05 23:59:59,18.35,14.6,8.4,41557.2422,280.8123,30.0185,69.48,22.1594,26.875
hamburg,53.56,10.0,2026-06-26 09:22:20,2026-07-06 23:59:59,16.95,13.2,12.4,37203.0586,281.1931,19.8556,58.68,18.414,35.625
hamburg,53.56,10.0,2026-06-26 09:22:20,2026-07-07 23:59:59,17.75,13.7,4.2,24069.3594,280.5166,17.8273,45.0,12.3808,31.2083
hamburg,53.56,10.0,2026-06-26 09:22:20,2026-07-08 23:59:59,17.25,12.3,4.8,59244.7578,283.8256,30.927,71.28,23.3848,26.7083
hamburg,53.56,10.0,2026-06-26 09:22:20,2026-07-09 23:59:59,18.05,13.05,2.6,59395.793,278.2999,24.5817,62.28,18.939,15.625
freiburg,48.0,7.84,2026-06-26 09:22:20,2026-06-25 23:59:59,37.898,22.498,0.0,54000.0,38.7365,15.63,31.32,8.3606,0.0
freiburg,48.0,7.84,2026-06-26 09:22:20,2026-06-26 23:59:59,38.298,22.598,0.0,52244.7852,138.4603,13.1831,25.56,6.5513,0.0
freiburg,48.0,7.84,2026-06-26 09:22:20,2026-06-27 23:59:59,39.348,25.148,0.0,54000.0,152.4329,9.8853,24.84,5.5625,0.7083
freiburg,48.0,7.84,2026-06-26 09:22:20,2026-06-28 23:59:59,36.231,24.681,0.1,54000.0,208.6216,19.9662,67.32,10.457,7.5
freiburg,48.0,7.84,2026-06-26 09:22:20,2026-06-29 23:59:59,28.131,21.131,10.8,24799.9238,6.6324,11.5929,30.24,5.3618,51.9167
freiburg,48.0,7.84,2026-06-26 09:22:20,2026-06-30 23:59:59,27.781,20.681,2.6,48468.9297,3.9068,9.1782,30.24,4.0893,20.0521
freiburg,48.0,7.84,2026-06-26 09:22:20,2026-07-01 23:59:59,24.2155,15.1155,6.0,33360.3359,28.8465,10.949,26.28,5.7935,36.1875
freiburg,48.0,7.84,2026-06-26 09:22:20,2026-07-02 23:59:59,27.5655,12.6655,0.0,51292.6758,235.416,12.4343,28.08,8.2051,12.4167
freiburg,48.0,7.84,2026-06-26 09:22:20,2026-07-03 23:59:59,25.0,18.7155,0.15,41113.6719,331.1089,13.0621,38.16,6.7596,16.6667
freiburg,48.0,7.84,2026-06-26 09:22:20,2026-07-04 23:59:59,27.55,16.4,0.0,56172.9297,359.3459,5.9373,27.36,3.9458,12.0417
freiburg,48.0,7.84,2026-06-26 09:22:20,2026-07-05 23:59:59,27.2,19.45,0.0,56168.8047,317.5466,15.0384,39.24,7.9037,15.75
freiburg,48.0,7.84,2026-06-26 09:22:20,2026-07-06 23:59:59,28.85,17.8,0.0,55749.4102,257.3511,9.9196,37.8,5.0366,8.625
freiburg,48.0,7.84,2026-06-26 09:22:20,2026-07-07 23:59:59,29.6,19.7,0.0,55690.9531,245.8103,16.4786,42.84,11.3556,11.0
freiburg,48.0,7.84,2026-06-26 09:22:20,2026-07-08 23:59:59,28.8,19.65,0.0,55734.75,320.2227,14.0458,37.44,8.3029,13.75
freiburg,48.0,7.84,2026-06-26 09:22:20,2026-07-09 23:59:59,30.15,19.15,0.0,55725.1836,336.8171,9.8409,25.92,4.9067,4.6667
leipzig,51.34,12.38,2026-06-26 09:22:20,2026-06-25 23:59:59,35.113,21.163,0.0,55439.5664,342.9794,11.1658,27.36,5.2452,0.0
leipzig,51.34,12.38,2026-06-26 09:22:20,2026-06-26 23:59:59,35.613,21.413,0.0,54998.0352,75.4889,9.7466,22.32,6.9858,0.0
leipzig,51.34,12.38,2026-06-26 09:22:20,2026-06-27 23:59:59,39.363,24.513,0.0,55010.3984,187.6698,10.1887,24.48,6.6173,1.0
leipzig,51.34,12.38,2026-06-26 09:22:20,2026-06-28 23:59:59,40.265,25.115,0.4,47194.6797,252.1018,14.1869,38.52,8.001,10.5417
leipzig,51.34,12.38,2026-06-26 09:22:20,2026-06-29 23:59:59,26.515,21.565,16.3,0.0,329.493,10.1441,29.52,4.8845,37.375
leipzig,51.34,12.38,2026-06-26 09:22:20,2026-06-30 23:59:59,27.115,20.215,6.275,56475.9727,58.5693,8.6998,25.92,4.9241,18.4896
leipzig,51.34,12.38,2026-06-26 09:22:20,2026-07-01 23:59:59,23.376,17.126,4.875,32075.9199,310.238,15.3074,37.8,11.6343,49.1875
leipzig,51.34,12.38,2026-06-26 09:22:20,2026-07-02 23:59:59,24.626,14.376,0.0,53971.6953,251.5365,15.8277,38.88,9.8019,12.5833
leipzig,51.34,12.38,2026-06-26 09:22:20,2026-07-03 23:59:59,21.788,15.15,9.6,54665.6289,296.1552,15.4894,42.84,13.5438,25.4792
leipzig,51.34,12.38,2026-06-26 09:22:20,2026-07-04 23:59:59,19.35,12.9,0.0,35741.6211,280.706,15.4769,38.52,12.1921,15.5
leipzig,51.34,12.38,2026-06-26 09:22:20,2026-07-05 23:59:59,19.75,15.6,4.2,58286.0352,276.5894,22.0638,60.12,16.461,22.875
leipzig,51.34,12.38,2026-06-26 09:22:20,2026-07-06 23:59:59,18.3,14.15,1.0,28375.8828,257.1069,19.3841,61.2,15.9884,21.875
leipzig,51.34,12.38,2026-06-26 09:22:20,2026-07-07 23:59:59,21.65,15.3,12.6,29985.3965,268.5402,21.1222,60.48,16.1601,17.2917
leipzig,51.34,12.38,2026-06-26 09:22:20,2026-07-08 23:59:59,19.45,14.5,0.2,55793.0547,278.9563,22.5805,59.04,18.0336,20.75
leipzig,51.34,12.38,2026-06-26 09:22:20,2026-07-09 23:59:59,20.8,13.05,0.0,57216.4688,272.9753,23.4028,56.52,13.9483,7.875
frankfurt,50.12,8.68,2026-06-26 09:22:20,2026-06-25 23:59:59,36.643,23.043,0.0,54000.0,26.5042,12.682,32.76,6.4775,0.0
frankfurt,50.12,8.68,2026-06-26 09:22:20,2026-06-26 23:59:59,39.393,24.793,0.0,54000.0,68.1986,11.2006,23.04,5.088,0.125
frankfurt,50.12,8.68,2026-06-26 09:22:20,2026-06-27 23:59:59,40.393,26.193,0.0,52257.8164,133.8877,8.5571,20.52,4.4469,1.7083
frankfurt,50.12,8.68,2026-06-26 09:22:20,2026-06-28 23:59:59,34.9975,24.7475,0.6,42614.9336,266.1188,12.0318,38.88,6.3125,14.0
frankfurt,50.12,8.68,2026-06-26 09:22:20,2026-06-29 23:59:59,24.1975,21.1975,17.9,0.0,8.8333,4.68,17.64,2.7437,29.125
frankfurt,50.12,8.68,2026-06-26 09:22:20,2026-06-30 23:59:59,28.6975,19.8975,0.0,52757.0938,345.3813,8.2093,23.04,4.4064,17.0938
frankfurt,50.12,8.68,2026-06-26 09:22:20,2026-07-01 23:59:59,25.402,18.052,0.0,39884.9805,324.7099,10.4957,29.88,6.5059,27.25
frankfurt,50.12,8.68,2026-06-26 09:22:20,2026-07-02 23:59:59,24.302,13.602,0.0,45144.9805,238.9696,14.8257,41.04,7.4458,13.625
frankfurt,50.12,8.68,2026-06-26 09:22:20,2026-07-03 23:59:59,22.301,15.602,1.05,57529.4414,295.6096,18.441,45.0,10.0817,15.8229
frankfurt,50.12,8.68,2026-06-26 09:22:20,2026-07-04 23:59:59,23.3,14.15,0.0,57724.75,212.4211,9.7433,27.0,5.0648,9.75
frankfurt,50.12,8.68,2026-06-26 09:22:20,2026-07-05 23:59:59,21.9,16.15,0.6,57076.3789,287.8965,17.9513,43.56,12.2724,13.9167
frankfurt,50.12,8.68,2026-06-26 09:22:20,2026-07-06 23:59:59,25.25,14.0,0.0,42740.6914,259.2972,20.0609,50.4,12.0815,9.0
frankfurt,50.12,8.68,2026-06-26 09:22:20,2026-07-07 23:59:59,23.5,17.05,0.6,43332.6641,264.99,20.0609,51.84,13.5645,15.5417
frankfurt,50.12,8.68,2026-06-26 09:22:20,2026-07-08 23:59:59,22.6,16.9,0.6,52893.2969,287.0002,19.4242,47.16,12.9848,13.625
frankfurt,50.12,8.68,2026-06-26 09:22:20,2026-07-09 23:59:59,26.75,15.2,2.4,50865.1055,241.4942,11.7263,45.36,5.6107,6.5417
darmstadt,49.88,8.64,2026-06-26 09:22:20,2026-06-25 23:59:59,36.9545,22.3545,0.0,54000.0,48.2474,11.5425,29.88,6.48,0.0
darmstadt,49.88,8.64,2026-06-26 09:22:20,2026-06-26 23:59:59,38.9545,24.0045,0.0,54000.0,113.518,8.4351,18.0,5.7046,0.25
darmstadt,49.88,8.64,2026-06-26 09:22:20,2026-06-27 23:59:59,40.6045,25.1545,0.0,53286.7031,185.2623,10.4462,27.0,4.8232,1.0417
darmstadt,49.88,8.64,2026-06-26 09:22:20,2026-06-28 23:59:59,35.7135,24.4135,0.3,46743.1953,255.2185,13.1831,41.76,7.3159,12.5833
darmstadt,49.88,8.64,2026-06-26 09:22:20,2026-06-29 23:59:59,24.0135,20.8635,17.4,2128.3633,342.5433,5.9916,19.44,3.2448,31.0833
darmstadt,49.88,8.64,2026-06-26 09:22:20,2026-06-30 23:59:59,28.0135,19.6635,0.0,50822.7188,324.9364,7.209,24.48,3.7073,21.1458
darmstadt,49.88,8.64,2026-06-26 09:22:20,2026-07-01 23:59:59,24.5005,17.6005,0.0,38376.6094,321.5266,12.5949,31.68,6.8507,27.2708
darmstadt,49.88,8.64,2026-06-26 09:22:20,2026-07-02 23:59:59,24.3005,14.5505,0.0,46307.1133,231.6686,16.4501,39.6,8.4851,13.625
darmstadt,49.88,8.64,2026-06-26 09:22:20,2026-07-03 23:59:59,22.65,15.3005,0.75,56625.5078,295.0104,17.523,47.16,11.0624,15.8229
darmstadt,49.88,8.64,2026-06-26 09:22:20,2026-07-04 23:59:59,23.4,14.65,0.0,57605.4883,268.6263,9.5857,33.84,5.2032,9.75
darmstadt,49.88,8.64,2026-06-26 09:22:20,2026-07-05 23:59:59,22.75,16.8,0.6,56578.4727,297.7337,17.1766,45.0,12.6333,13.9167
darmstadt,49.88,8.64,2026-06-26 09:22:20,2026-07-06 23:59:59,26.25,14.75,0.0,49935.0195,262.3019,21.9467,53.28,13.0311,9.0
darmstadt,49.88,8.64,2026-06-26 09:22:20,2026-07-07 23:59:59,24.4,17.65,1.2,56597.4414,267.815,21.4109,52.92,13.9358,15.5417
darmstadt,49.88,8.64,2026-06-26 09:22:20,2026-07-08 23:59:59,23.75,17.9,3.6,56153.125,285.386,14.7039,47.88,11.728,13.625
darmstadt,49.88,8.64,2026-06-26 09:22:20,2026-07-09 23:59:59,26.45,15.85,0.6,54591.1992,238.4124,9.0,43.2,5.4318,6.5417
berlin,52.52,13.4,2026-06-26 09:22:20,2026-06-25 23:59:59,33.652,22.302,0.0,54000.0,335.5923,14.4045,33.12,7.9938,0.0
berlin,52.52,13.4,2026-06-26 09:22:20,2026-06-26 23:59:59,34.002,19.052,0.0,55914.2188,81.1849,9.9049,23.04,6.633,0.0
berlin,52.52,13.4,2026-06-26 09:22:20,2026-06-27 23:59:59,39.902,21.852,0.1,55583.7148,103.2849,14.4404,43.92,9.1794,2.9167
berlin,52.52,13.4,2026-06-26 09:22:20,2026-06-28 23:59:59,40.439,25.089,0.6,48777.9375,235.2822,12.4812,35.64,6.9407,11.5417
berlin,52.52,13.4,2026-06-26 09:22:20,2026-06-29 23:59:59,30.039,23.239,0.0,23262.4551,314.5186,8.7147,24.12,7.1466,24.9167
berlin,52.52,13.4,2026-06-26 09:22:20,2026-06-30 23:59:59,27.789,20.339,4.875,44802.6602,109.8905,10.1887,28.08,7.3183,10.1771
berlin,52.52,13.4,2026-06-26 09:22:20,2026-07-01 23:59:59,23.876,17.726,8.475,34811.7109,318.447,13.5132,36.0,9.0208,50.1979
berlin,52.52,13.4,2026-06-26 09:22:20,2026-07-02 23:59:59,23.776,14.426,0.0,36397.043,250.6905,13.0894,34.92,8.6306,22.2917
berlin,52.52,13.4,2026-06-26 09:22:20,2026-07-03 23:59:59,21.663,16.276,2.25,53231.5625,292.4881,15.4727,41.76,12.5257,25.9167
berlin,52.52,13.4,2026-06-26 09:22:20,2026-07-04 23:59:59,19.0,14.05,1.6,43874.4883,280.355,17.9107,43.56,14.5025,17.2083
berlin,52.52,13.4,2026-06-26 09:22:20,2026-07-05 23:59:59,20.1,14.0,2.6,58804.2891,275.1376,26.7256,69.12,19.692,17.1667
berlin,52.52,13.4,2026-06-26 09:22:20,2026-07-06 23:59:59,16.7,13.6,7.8,27471.8281,269.7794,23.5257,58.68,19.6771,25.625
berlin,52.52,13.4,2026-06-26 09:22:20,2026-07-07 23:59:59,18.8,13.7,4.4,39497.8203,273.7405,17.31,38.88,13.7538,20.875
berlin,52.52,13.4,2026-06-26 09:22:20,2026-07-08 23:59:59,19.1,12.8,2.2,58809.793,277.8184,28.5945,70.92,23.4114,18.75
berlin,52.52,13.4,2026-06-26 09:22:20,2026-07-09 23:59:59,19.35,12.7,0.0,58292.7344,269.4643,23.4007,58.68,18.4914,11.7083
valencia,39.5,-0.375,2026-06-26 09:22:20,2026-06-25 23:59:59,31.5825,21.4825,0.0,50400.0,93.9989,15.1114,37.08,7.5519,0.0
valencia,39.5,-0.375,2026-06-26 09:22:20,2026-06-26 23:59:59,29.2825,22.3325,0.0,49094.1406,76.3182,14.9172,36.36,8.1231,0.0
valencia,39.5,-0.375,2026-06-26 09:22:20,2026-06-27 23:59:59,29.7325,23.7325,0.0,48710.9453,97.2369,15.034,36.72,6.3178,0.0
valencia,39.5,-0.375,2026-06-26 09:22:20,2026-06-28 23:59:59,29.9325,22.1325,0.0,49451.8711,80.042,13.7226,38.16,6.6674,0.25
valencia,39.5,-0.375,2026-06-26 09:22:20,2026-06-29 23:59:59,31.3825,22.8825,0.0,49924.9219,87.7094,13.7226,34.2,6.2058,0.7917
valencia,39.5,-0.375,2026-06-26 09:22:20,2026-06-30 23:59:59,31.9325,22.6825,0.0,51089.6172,104.2792,16.2798,38.52,7.7222,0.2188
valencia,39.5,-0.375,2026-06-26 09:22:20,2026-07-01 23:59:59,31.8145,23.2645,0.0,51784.3164,79.5043,18.8889,45.0,8.3372,3.0
valencia,39.5,-0.375,2026-06-26 09:22:20,2026-07-02 23:59:59,31.4145,24.3645,0.0,51953.4297,109.2901,15.7908,36.72,6.5115,3.375
valencia,39.5,-0.375,2026-06-26 09:22:20,2026-07-03 23:59:59,32.5359,20.6145,0.0,52234.3867,112.0758,15.034,43.56,8.0909,3.1042
valencia,39.5,-0.375,2026-06-26 09:22:20,2026-07-04 23:59:59,30.7,26.1,0.0,52022.2617,77.8236,15.3423,47.52,11.7622,1.0417
valencia,39.5,-0.375,2026-06-26 09:22:20,2026-07-05 23:59:59,29.25,26.0,0.0,52008.6875,67.0187,13.6195,42.12,9.3059,1.1667
valencia,39.5,-0.375,2026-06-26 09:22:20,2026-07-06 23:59:59,30.95,25.6,0.0,51993.2852,60.8468,13.494,43.92,8.5197,3.0417
valencia,39.5,-0.375,2026-06-26 09:22:20,2026-07-07 23:59:59,31.05,26.15,0.0,51473.6797,72.4933,12.2519,38.88,7.2606,1.5833
valencia,39.5,-0.375,2026-06-26 09:22:20,2026-07-08 23:59:59,32.45,26.2,0.0,51957.0352,106.9484,13.3795,40.68,6.492,2.7083
valencia,39.5,-0.375,2026-06-26 09:22:20,2026-07-09 23:59:59,31.9,26.45,0.0,51936.1914,59.1438,13.5431,39.6,8.1893,2.8333
madrid,40.4375,-3.6875,2026-06-26 09:22:20,2026-06-25 23:59:59,30.1655,23.1155,0.0,52533.4414,206.906,15.282,43.56,10.1648,0.625
madrid,40.4375,-3.6875,2026-06-26 09:22:20,2026-06-26 23:59:59,31.3155,20.7655,0.0,52529.7344,231.2098,8.4043,25.92,4.5094,0.0
madrid,40.4375,-3.6875,2026-06-26 09:22:20,2026-06-27 23:59:59,33.3655,21.2155,0.0,52526.8828,231.4993,10.6915,32.04,5.5454,0.0
madrid,40.4375,-3.6875,2026-06-26 09:22:20,2026-06-28 23:59:59,34.2155,22.2655,1.4,38375.4453,96.3401,12.0962,40.32,4.8468,2.9167
madrid,40.4375,-3.6875,2026-06-26 09:22:20,2026-06-29 23:59:59,34.6655,21.7655,0.0,52000.5156,44.3873,9.4221,25.56,5.388,3.375
madrid,40.4375,-3.6875,2026-06-26 09:22:20,2026-06-30 23:59:59,37.0155,23.2155,0.0,53034.0039,58.6327,9.8036,27.72,6.1561,0.8229
madrid,40.4375,-3.6875,2026-06-26 09:22:20,2026-07-01 23:59:59,35.459,23.559,0.0,53030.2305,43.7728,19.6818,47.52,10.8682,0.0
madrid,40.4375,-3.6875,2026-06-26 09:22:20,2026-07-02 23:59:59,33.859,17.959,0.0,53021.4297,51.26,17.9351,44.64,15.1155,0.0
madrid,40.4375,-3.6875,2026-06-26 09:22:20,2026-07-03 23:59:59,38.75,20.409,0.0,52995.1719,37.3382,13.494,37.8,8.3634,2.2917
madrid,40.4375,-3.6875,2026-06-26 09:22:20,2026-07-04 23:59:59,38.35,25.25,1.2,52982.5781,68.7858,13.5431,56.16,7.8254,0.875
madrid,40.4375,-3.6875,2026-06-26 09:22:20,2026-07-05 23:59:59,36.25,23.9,2.2,52968.1133,11.6064,16.6741,35.28,10.2268,2.875
madrid,40.4375,-3.6875,2026-06-26 09:22:20,2026-07-06 23:59:59,35.05,22.35,2.2,40084.8633,52.7446,12.1016,35.28,7.0093,1.4167
madrid,40.4375,-3.6875,2026-06-26 09:22:20,2026-07-07 23:59:59,36.7,22.2,1.8,52933.5234,24.4341,10.4648,36.0,4.9828,1.875
madrid,40.4375,-3.6875,2026-06-26 09:22:20,2026-07-08 23:59:59,36.15,22.5,4.0,52913.418,67.7222,6.5521,42.48,3.9547,2.5833
madrid,40.4375,-3.6875,2026-06-26 09:22:20,2026-07-09 23:59:59,38.2,21.95,0.0,52891.4453,8.1406,9.7964,29.88,6.6906,4.6667
london,51.5,-0.25,2026-06-26 09:22:20,2026-06-25 23:59:59,31.091,21.791,0.0,56164.0391,87.1509,21.6,47.88,16.02,0.25
london,51.5,-0.25,2026-06-26 09:22:20,2026-06-26 23:59:59,35.191,23.591,0.0,56024.3555,226.8692,20.16,45.36,13.365,2.75
london,51.5,-0.25,2026-06-26 09:22:20,2026-06-27 23:59:59,33.141,22.741,2.9,43200.0,184.6116,19.44,43.2,7.92,24.5
london,51.5,-0.25,2026-06-26 09:22:20,2026-06-28 23:59:59,25.3545,18.7545,0.775,54662.668,247.4696,21.6,45.36,16.3687,15.125
london,51.5,-0.25,2026-06-26 09:22:20,2026-06-29 23:59:59,22.9045,14.7045,0.0,55765.8359,273.6265,16.2,33.48,9.18,0.0
london,51.5,-0.25,2026-06-26 09:22:20,2026-06-30 23:59:59,23.7045,17.3545,0.0,54000.0,31.1744,17.64,36.36,11.205,10.875
london,51.5,-0.25,2026-06-26 09:22:20,2026-07-01 23:59:59,25.6545,14.5045,0.0,56994.75,30.7198,13.68,28.08,9.72,4.5
london,51.5,-0.25,2026-06-26 09:22:20,2026-07-02 23:59:59,24.3,17.6045,2.35,43266.8867,293.369,14.04,37.44,10.7807,10.875
london,51.5,-0.25,2026-06-26 09:22:20,2026-07-03 23:59:59,26.15,15.9,0.0,54778.6016,315.1306,10.6854,37.44,7.096,4.375
london,51.5,-0.25,2026-06-26 09:22:20,2026-07-04 23:59:59,24.05,17.45,0.0,57189.1719,271.9362,21.0877,57.24,14.0585,6.375
london,51.5,-0.25,2026-06-26 09:22:20,2026-07-05 23:59:59,25.55,15.35,0.0,56310.2266,289.7494,16.5022,47.52,12.9452,4.625
london,51.5,-0.25,2026-06-26 09:22:20,2026-07-06 23:59:59,25.75,17.75,0.0,32400.0,268.0694,18.1836,47.88,14.2884,6.25
london,51.5,-0.25,2026-06-26 09:22:20,2026-07-07 23:59:59,24.7,18.25,0.0,7818.4575,281.2733,16.0321,45.72,14.2977,15.0
london,51.5,-0.25,2026-06-26 09:22:20,2026-07-08 23:59:59,28.6,18.1,0.0,55774.8477,286.029,14.8104,38.16,12.7605,6.125
london,51.5,-0.25,2026-06-26 09:22:20,2026-07-09 23:59:59,26.25,18.5,0.0,54315.3789,290.6841,13.3309,35.28,10.3041,6.875
amsterdam,52.366,4.901,2026-06-26 09:22:20,2026-06-25 23:59:59,30.5565,21.0065,0.0,55338.5352,46.3905,18.36,37.44,13.935,0.0
amsterdam,52.366,4.901,2026-06-26 09:22:20,2026-06-26 23:59:59,38.2565,22.2565,0.0,55335.5469,152.6946,19.08,42.48,11.52,0.0
amsterdam,52.366,4.901,2026-06-26 09:22:20,2026-06-27 23:59:59,33.6065,24.1065,3.2,47409.4336,16.936,23.04,52.56,12.6,8.0
amsterdam,52.366,4.901,2026-06-26 09:22:20,2026-06-28 23:59:59,28.1065,19.9,32.0,44536.5898,216.7751,36.72,68.04,13.8482,16.3333
amsterdam,52.366,4.901,2026-06-26 09:22:20,2026-06-29 23:59:59,23.0,16.7,0.0,56439.0078,282.1399,13.9718,37.44,9.2657,4.2917
amsterdam,52.366,4.901,2026-06-26 09:22:20,2026-06-30 23:59:59,21.1,14.4,2.8,19133.0273,26.482,11.414,29.52,8.1651,11.375
amsterdam,52.366,4.901,2026-06-26 09:22:20,2026-07-01 23:59:59,21.85,14.3,0.2,59342.5586,300.9302,11.9195,33.12,7.1345,14.375
amsterdam,52.366,4.901,2026-06-26 09:22:20,2026-07-02 23:59:59,21.5,17.8,2.4,28807.3867,261.7994,12.9925,36.72,9.6743,22.2917
amsterdam,52.366,4.901,2026-06-26 09:22:20,2026-07-03 23:59:59,21.35,15.55,1.2,59002.0469,328.192,18.1943,45.36,14.4915,15.4167
amsterdam,52.366,4.901,2026-06-26 09:22:20,2026-07-04 23:59:59,23.5,14.7,0.6,59133.6211,247.2952,24.3692,63.36,14.4936,11.0417
amsterdam,52.366,4.901,2026-06-26 09:22:20,2026-07-05 23:59:59,18.45,16.35,3.0,56502.1133,289.7252,20.9991,53.64,16.5407,23.9167
amsterdam,52.366,4.901,2026-06-26 09:22:20,2026-07-06 23:59:59,19.4,16.35,4.4,19037.4141,265.9171,18.0324,46.8,12.156,23.125
amsterdam,52.366,4.901,2026-06-26 09:22:20,2026-07-07 23:59:59,19.5,16.0,3.4,42441.0859,279.6537,23.0189,56.16,16.4149,26.6667
amsterdam,52.366,4.901,2026-06-26 09:22:20,2026-07-08 23:59:59,19.15,15.15,0.0,45420.8906,285.7973,17.1492,45.0,10.6865,14.5417
amsterdam,52.366,4.901,2026-06-26 09:22:20,2026-07-09 23:59:59,20.85,14.5,1.2,43597.8516,267.392,12.6935,37.8,7.9007,13.0833
paris,48.86,2.36,2026-06-26 09:22:20,2026-06-25 23:59:59,40.265,27.465,0.0,56227.0781,101.7723,20.1729,44.28,9.9086,0.25
paris,48.86,2.36,2026-06-26 09:22:20,2026-06-26 23:59:59,38.115,26.565,0.0,49715.5781,345.8632,18.1613,35.28,10.674,3.7917
paris,48.86,2.36,2026-06-26 09:22:20,2026-06-27 23:59:59,35.915,22.215,0.0,53653.4805,358.7399,16.18,31.32,10.0509,3.1667
paris,48.86,2.36,2026-06-26 09:22:20,2026-06-28 23:59:59,31.2995,23.0495,0.0,52095.0625,310.4216,15.63,36.72,8.8016,16.5833
paris,48.86,2.36,2026-06-26 09:22:20,2026-06-29 23:59:59,26.7995,17.6495,1.1,53351.6953,340.6923,14.3865,32.4,11.8849,4.4583
paris,48.86,2.36,2026-06-26 09:22:20,2026-06-30 23:59:59,25.5495,16.5495,0.6,27120.9902,349.5149,8.3734,27.0,5.9589,4.5833
paris,48.86,2.36,2026-06-26 09:22:20,2026-07-01 23:59:59,26.9995,18.7495,0.0,50401.9297,328.0668,13.1042,30.96,10.3416,4.6667
paris,48.86,2.36,2026-06-26 09:22:20,2026-07-02 23:59:59,25.5995,18.0995,0.0,31962.9961,280.6813,20.5988,46.08,14.4112,3.0
paris,48.86,2.36,2026-06-26 09:22:20,2026-07-03 23:59:59,26.45,18.2995,1.2,39934.0859,322.0847,14.0161,36.36,10.9291,5.5208
paris,48.86,2.36,2026-06-26 09:22:20,2026-07-04 23:59:59,28.85,17.0,0.0,57035.6523,312.0472,16.0564,43.92,8.3787,2.375
paris,48.86,2.36,2026-06-26 09:22:20,2026-07-05 23:59:59,26.0,17.1,0.0,56995.082,317.945,14.4808,40.68,11.0743,3.5833
paris,48.86,2.36,2026-06-26 09:22:20,2026-07-06 23:59:59,27.25,16.65,0.0,56920.8828,294.0748,14.9866,42.12,12.5819,2.5
paris,48.86,2.36,2026-06-26 09:22:20,2026-07-07 23:59:59,26.3,17.1,0.0,52073.8945,296.3803,17.571,43.56,14.7035,10.375
paris,48.86,2.36,2026-06-26 09:22:20,2026-07-08 23:59:59,29.55,17.5,0.0,56758.2031,302.7769,12.0815,42.84,10.0578,5.875
paris,48.86,2.36,2026-06-26 09:22:20,2026-07-09 23:59:59,30.5,18.0,0.0,56670.0117,300.6731,14.0826,35.64,9.218,3.3333
prag,50.08,14.44,2026-06-26 09:22:20,2026-06-25 23:59:59,33.6485,19.7485,0.0,54678.9609,80.2334,10.9903,23.76,3.7741,0.0
prag,50.08,14.44,2026-06-26 09:22:20,2026-06-26 23:59:59,35.9485,21.0485,0.0,54687.1992,97.2668,9.7931,17.28,4.1574,0.0
prag,50.08,14.44,2026-06-26 09:22:20,2026-06-27 23:59:59,37.3485,23.0985,0.0,54702.543,112.5036,13.0447,28.8,5.3653,0.0
prag,50.08,14.44,2026-06-26 09:22:20,2026-06-28 23:59:59,39.246,21.796,0.1,48538.0195,205.9616,8.5344,30.6,3.4752,2.0
prag,50.08,14.44,2026-06-26 09:22:20,2026-06-29 23:59:59,29.546,22.746,11.5,27563.123,313.7156,8.7887,36.72,5.4079,38.0
prag,50.08,14.44,2026-06-26 09:22:20,2026-06-30 23:59:59,26.746,21.296,9.175,15150.8682,357.4462,6.1306,18.0,3.7131,32.6354
prag,50.08,14.44,2026-06-26 09:22:20,2026-07-01 23:59:59,22.496,17.996,15.175,0.0,312.1034,17.0763,36.0,9.964,59.5417
prag,50.08,14.44,2026-06-26 09:22:20,2026-07-02 23:59:59,25.646,15.446,0.0,56698.2461,274.526,13.494,30.6,9.6971,15.8333
prag,50.08,14.44,2026-06-26 09:22:20,2026-07-03 23:59:59,21.546,15.5,6.0,53799.0117,296.5305,19.3531,48.24,14.2463,25.0
prag,50.08,14.44,2026-06-26 09:22:20,2026-07-04 23:59:59,20.25,13.95,0.0,57284.4375,313.3575,13.1511,38.16,10.182,14.4583
prag,50.08,14.44,2026-06-26 09:22:20,2026-07-05 23:59:59,21.9,13.9,1.2,57238.582,281.1702,18.8373,52.2,12.1329,15.6667
prag,50.08,14.44,2026-06-26 09:22:20,2026-07-06 23:59:59,18.8,14.4,2.0,26431.1934,264.5261,18.3679,50.76,14.1072,14.2917
prag,50.08,14.44,2026-06-26 09:22:20,2026-07-07 23:59:59,19.15,14.85,11.2,17588.8984,254.3354,14.9736,48.6,12.7437,17.625
prag,50.08,14.44,2026-06-26 09:22:20,2026-07-08 23:59:59,18.85,14.45,1.2,28811.0586,282.7716,21.0361,62.28,15.5967,18.0833
prag,50.08,14.44,2026-06-26 09:22:20,2026-07-09 23:59:59,21.4,13.3,1.6,57031.3438,264.0532,19.8857,50.04,13.0565,10.5417
rome,41.875,12.5,2026-06-26 09:22:20,2026-06-25 23:59:59,34.4415,23.1415,0.0,46800.0,232.452,12.0962,29.52,5.6677,3.0417
rome,41.875,12.5,2026-06-26 09:22:20,2026-06-26 23:59:59,34.0415,23.0415,0.3,48918.1016,254.7895,12.3978,31.68,4.8295,1.2917
rome,41.875,12.5,2026-06-26 09:22:20,2026-06-27 23:59:59,35.4915,23.3915,0.0,47132.3086,247.2991,13.7084,34.2,5.4882,0.0
rome,41.875,12.5,2026-06-26 09:22:20,2026-06-28 23:59:59,36.8915,23.6915,0.0,47186.0234,267.2737,15.5427,37.8,6.2972,0.0
rome,41.875,12.5,2026-06-26 09:22:20,2026-06-29 23:59:59,37.2915,24.0915,0.0,50267.3555,244.7989,13.2761,34.92,5.6607,4.8333
rome,41.875,12.5,2026-06-26 09:22:20,2026-06-30 23:59:59,36.4415,24.5415,0.3,51429.8594,218.4601,11.9832,29.88,5.5701,8.0
rome,41.875,12.5,2026-06-26 09:22:20,2026-07-01 23:59:59,34.685,23.435,0.0,53214.0586,207.7942,17.0573,41.76,8.748,4.5208
rome,41.875,12.5,2026-06-26 09:22:20,2026-07-02 23:59:59,29.235,24.535,3.0,30247.9688,141.7224,11.7539,27.36,5.4656,24.4167
rome,41.875,12.5,2026-06-26 09:22:20,2026-07-03 23:59:59,34.9713,21.485,0.0,53250.668,271.8918,14.1423,41.4,7.0771,18.0833
rome,41.875,12.5,2026-06-26 09:22:20,2026-07-04 23:59:59,35.95,25.5,0.0,53248.875,324.7866,10.2994,46.08,7.6304,18.375
rome,41.875,12.5,2026-06-26 09:22:20,2026-07-05 23:59:59,33.85,24.1,0.0,53249.7148,247.4901,12.1816,39.96,6.4716,10.8333
rome,41.875,12.5,2026-06-26 09:22:20,2026-07-06 23:59:59,34.6,25.2,0.0,53249.4453,210.1945,15.2661,43.92,7.2166,10.2083
rome,41.875,12.5,2026-06-26 09:22:20,2026-07-07 23:59:59,34.35,24.65,0.0,53248.0117,219.6534,14.2246,42.84,6.4126,11.9583
rome,41.875,12.5,2026-06-26 09:22:20,2026-07-08 23:59:59,33.4,23.7,0.0,52898.3477,224.0198,13.237,40.32,6.0942,7.2917
rome,41.875,12.5,2026-06-26 09:22:20,2026-07-09 23:59:59,35.3,23.7,0.0,52885.5703,246.1111,11.914,36.72,5.5556,9.125
zurich,47.38,8.54,2026-06-26 09:22:20,2026-06-25 23:59:59,35.572,20.972,0.0,50400.0,42.6649,11.9832,29.52,6.2118,0.0
zurich,47.38,8.54,2026-06-26 09:22:20,2026-06-26 23:59:59,35.322,22.172,0.0,47106.9414,58.3053,10.2458,21.96,3.9118,0.0
zurich,47.38,8.54,2026-06-26 09:22:20,2026-06-27 23:59:59,36.822,23.822,0.0,54000.0,165.5061,11.7924,31.32,3.9637,1.0
zurich,47.38,8.54,2026-06-26 09:22:20,2026-06-28 23:59:59,34.556,22.856,0.1,48164.7578,258.9111,12.682,31.32,5.6304,10.4167
zurich,47.38,8.54,2026-06-26 09:22:20,2026-06-29 23:59:59,26.206,20.756,10.2,38237.9805,308.7061,13.5515,36.72,5.7046,63.75
zurich,47.38,8.54,2026-06-26 09:22:20,2026-06-30 23:59:59,27.206,19.906,9.05,33371.75,245.6393,6.1622,23.04,3.4235,24.8021
zurich,47.38,8.54,2026-06-26 09:22:20,2026-07-01 23:59:59,20.8095,16.4095,26.35,16891.0293,326.0603,7.7295,33.48,3.4716,55.1458
zurich,47.38,8.54,2026-06-26 09:22:20,2026-07-02 23:59:59,25.6095,14.2595,0.0,49455.6953,251.2915,9.4221,25.92,4.8421,21.5
zurich,47.38,8.54,2026-06-26 09:22:20,2026-07-03 23:59:59,24.05,19.5595,0.0,45108.8125,286.6063,13.6188,40.32,9.0937,23.9896
zurich,47.38,8.54,2026-06-26 09:22:20,2026-07-04 23:59:59,27.4,16.85,0.0,55794.5859,306.5682,7.7421,20.52,3.9585,17.75
zurich,47.38,8.54,2026-06-26 09:22:20,2026-07-05 23:59:59,27.1,19.85,0.0,55743.0,274.1956,18.079,45.72,10.202,16.875
zurich,47.38,8.54,2026-06-26 09:22:20,2026-07-06 23:59:59,27.15,18.5,0.0,55773.1094,279.0924,15.2108,40.32,7.7584,13.7917
zurich,47.38,8.54,2026-06-26 09:22:20,2026-07-07 23:59:59,29.3,18.95,0.0,55779.4688,269.7537,17.3072,47.52,9.811,13.0
zurich,47.38,8.54,2026-06-26 09:22:20,2026-07-08 23:59:59,27.75,19.2,0.0,55366.207,273.7665,13.5778,39.96,8.1538,15.2083
zurich,47.38,8.54,2026-06-26 09:22:20,2026-07-09 23:59:59,29.2,19.1,0.0,55357.3203,293.9745,10.1521,29.88,5.1855,4.6667
lisbon,38.75,-9.125,2026-06-26 09:22:20,2026-06-25 23:59:59,22.3415,18.9415,7.6,45796.0781,207.8362,20.9914,51.12,14.1933,38.7083
lisbon,38.75,-9.125,2026-06-26 09:22:20,2026-06-26 23:59:59,23.8415,19.6415,0.4,44951.8047,227.8537,15.9866,39.24,11.2433,1.125
lisbon,38.75,-9.125,2026-06-26 09:22:20,2026-06-27 23:59:59,25.7915,18.3415,0.0,50831.9883,277.0261,13.8962,32.76,6.5536,0.0
lisbon,38.75,-9.125,2026-06-26 09:22:20,2026-06-28 23:59:59,26.5915,19.0415,0.0,51177.0,349.8818,21.1299,49.68,14.0625,0.0
lisbon,38.75,-9.125,2026-06-26 09:22:20,2026-06-29 23:59:59,28.5415,18.6415,0.0,51187.8516,342.7096,19.5132,45.36,14.63,0.0
lisbon,38.75,-9.125,2026-06-26 09:22:20,2026-06-30 23:59:59,28.1915,18.9915,0.0,50400.0,346.9997,23.6644,54.72,16.4239,0.7917
lisbon,38.75,-9.125,2026-06-26 09:22:20,2026-07-01 23:59:59,31.5635,18.3135,0.0,51217.043,5.3981,16.4222,38.34,11.3069,0.0
lisbon,38.75,-9.125,2026-06-26 09:22:20,2026-07-02 23:59:59,37.5135,21.3135,0.0,52220.5273,23.4814,13.8307,32.04,7.8346,0.0
lisbon,38.75,-9.125,2026-06-26 09:22:20,2026-07-03 23:59:59,37.05,23.1135,0.0,51242.7461,239.3843,11.1904,37.8,6.0073,0.0
lisbon,38.75,-9.125,2026-06-26 09:22:20,2026-07-04 23:59:59,36.45,24.05,0.0,52671.8789,263.3334,10.7835,37.08,7.5658,0.0
lisbon,38.75,-9.125,2026-06-26 09:22:20,2026-07-05 23:59:59,37.45,22.1,0.0,52628.5547,289.729,9.3963,29.52,5.3827,0.0
lisbon,38.75,-9.125,2026-06-26 09:22:20,2026-07-06 23:59:59,32.5,21.2,0.0,52580.1445,237.4375,11.1324,35.64,5.4982,0.0
lisbon,38.75,-9.125,2026-06-26 09:22:20,2026-07-07 23:59:59,39.3,20.35,0.0,52528.5508,301.4833,7.0223,27.36,2.5912,0.0
lisbon,38.75,-9.125,2026-06-26 09:22:20,2026-07-08 23:59:59,38.85,25.15,0.0,51261.3281,299.2829,14.1389,36.36,4.7995,0.0
lisbon,38.75,-9.125,2026-06-26 09:22:20,2026-07-09 23:59:59,33.1,24.75,0.0,51257.9023,249.8816,10.4957,35.64,7.1242,1.125
vienna,48.2,16.38,2026-06-26 09:22:20,2026-06-25 23:59:59,34.0215,21.6215,0.0,51999.1602,25.2531,10.2963,24.48,4.7548,0.0
vienna,48.2,16.38,2026-06-26 09:22:20,2026-06-26 23:59:59,36.1715,22.8715,0.0,52829.5352,68.4046,10.8539,24.48,4.2807,0.0
vienna,48.2,16.38,2026-06-26 09:22:20,2026-06-27 23:59:59,38.4215,25.4715,0.0,52839.8086,140.6343,14.5121,37.08,6.1492,0.0
vienna,48.2,16.38,2026-06-26 09:22:20,2026-06-28 23:59:59,39.48,23.33,0.0,52853.4375,170.4845,15.3792,39.6,8.4598,0.0
vienna,48.2,16.38,2026-06-26 09:22:20,2026-06-29 23:59:59,38.73,25.88,1.2,48028.1836,293.7258,16.9047,60.12,8.1199,10.25
vienna,48.2,16.38,2026-06-26 09:22:20,2026-06-30 23:59:59,32.53,24.18,0.6,45836.2695,322.8979,14.1686,38.16,10.1174,4.6667
vienna,48.2,16.38,2026-06-26 09:22:20,2026-07-01 23:59:59,27.763,19.263,0.0,20886.6621,299.8979,23.4774,55.08,16.6998,32.0417
vienna,48.2,16.38,2026-06-26 09:22:20,2026-07-02 23:59:59,27.663,18.513,0.0,46328.4688,317.229,19.5132,46.44,14.894,24.9583
vienna,48.2,16.38,2026-06-26 09:22:20,2026-07-03 23:59:59,24.663,16.95,3.9,27315.4922,282.6078,22.4762,59.4,14.7512,20.9062
vienna,48.2,16.38,2026-06-26 09:22:20,2026-07-04 23:59:59,23.5,16.6,0.0,56697.9727,310.4818,23.1704,56.16,17.4966,16.8333
vienna,48.2,16.38,2026-06-26 09:22:20,2026-07-05 23:59:59,25.85,16.2,0.6,56631.1289,283.3167,23.2646,63.36,11.4182,17.5833
vienna,48.2,16.38,2026-06-26 09:22:20,2026-07-06 23:59:59,24.85,17.5,0.0,56096.2227,292.5836,21.0546,55.44,13.99,19.875
vienna,48.2,16.38,2026-06-26 09:22:20,2026-07-07 23:59:59,26.5,19.15,2.2,53447.6094,283.8937,19.8572,59.4,13.12,16.125
vienna,48.2,16.38,2026-06-26 09:22:20,2026-07-08 23:59:59,23.4,17.35,4.4,39287.2695,284.7159,22.6571,57.96,16.0889,18.9583
vienna,48.2,16.38,2026-06-26 09:22:20,2026-07-09 23:59:59,26.1,16.6,0.6,56316.9492,281.8755,15.4265,44.64,10.1527,14.0417
bergen,60.39,5.3183,2026-06-26 09:22:20,2026-06-25 23:59:59,16.711,12.711,0.4,0.0,167.0911,9.72,19.44,6.945,19.625
bergen,60.39,5.3183,2026-06-26 09:22:20,2026-06-26 23:59:59,20.161,13.661,2.4,865.2001,167.3763,12.96,26.64,7.77,59.625
bergen,60.39,5.3183,2026-06-26 09:22:20,2026-06-27 23:59:59,21.561,16.111,0.5,3152.8909,168.0543,21.96,40.68,11.355,41.75
bergen,60.39,5.3183,2026-06-26 09:22:20,2026-06-28 23:59:59,22.861,15.55,9.175,36729.8633,159.7015,25.2,51.84,16.8247,51.7083
bergen,60.39,5.3183,2026-06-26 09:22:20,2026-06-29 23:59:59,16.05,11.7,11.8,44665.1641,215.0814,16.5218,40.32,12.6203,55.5
bergen,60.39,5.3183,2026-06-26 09:22:20,2026-06-30 23:59:59,17.45,10.95,1.3,56937.6094,285.0685,10.009,25.56,6.592,38.0
bergen,60.39,5.3183,2026-06-26 09:22:20,2026-07-01 23:59:59,18.85,10.8,0.0,63071.2031,304.1031,11.7346,31.68,7.4802,16.875
bergen,60.39,5.3183,2026-06-26 09:22:20,2026-07-02 23:59:59,17.55,10.15,0.0,52056.668,309.5313,13.6159,34.92,8.1279,50.0833
bergen,60.39,5.3183,2026-06-26 09:22:20,2026-07-03 23:59:59,15.15,10.35,4.8,52957.5625,321.0994,17.9576,45.36,11.5985,63.2917
bergen,60.39,5.3183,2026-06-26 09:22:20,2026-07-04 23:59:59,13.75,9.5,0.6,21.5858,148.3869,11.6055,32.4,5.6819,60.125
bergen,60.39,5.3183,2026-06-26 09:22:20,2026-07-05 23:59:59,13.4,9.4,14.8,24177.9961,288.794,19.1715,46.08,10.7697,59.6667
bergen,60.39,5.3183,2026-06-26 09:22:20,2026-07-06 23:59:59,14.2,8.6,2.4,45099.3438,313.0167,14.8191,36.36,7.8405,56.0417
bergen,60.39,5.3183,2026-06-26 09:22:20,2026-07-07 23:59:59,13.85,9.75,3.8,62300.6523,327.6447,16.38,38.16,7.8746,43.5417
bergen,60.39,5.3183,2026-06-26 09:22:20,2026-07-08 23:59:59,16.7,10.25,0.6,63816.7539,335.8096,19.6728,45.72,10.1265,36.5833
bergen,60.39,5.3183,2026-06-26 09:22:20,2026-07-09 23:59:59,15.4,9.4,0.0,64883.375,335.6133,20.9914,51.48,19.3449,39.5
stockholm,59.3289,18.0724,2026-06-26 09:22:20,2026-06-25 23:59:59,24.9175,17.2175,0.0,30013.748,42.8149,12.6,27.72,9.405,35.2083
stockholm,59.3289,18.0724,2026-06-26 09:22:20,2026-06-26 23:59:59,26.4175,17.0675,0.0,43692.7734,198.9395,22.68,45.0,13.32,0.3333
stockholm,59.3289,18.0724,2026-06-26 09:22:20,2026-06-27 23:59:59,28.5675,21.7675,0.0,45197.6172,148.7372,15.12,31.32,8.85,7.625
stockholm,59.3289,18.0724,2026-06-26 09:22:20,2026-06-28 23:59:59,31.0175,22.9675,0.375,50756.8945,249.9852,28.08,57.96,12.9358,6.0833
stockholm,59.3289,18.0724,2026-06-26 09:22:20,2026-06-29 23:59:59,27.7,19.05,5.0,63121.7656,260.7293,23.4339,61.92,15.7627,17.4583
stockholm,59.3289,18.0724,2026-06-26 09:22:20,2026-06-30 23:59:59,24.45,16.45,0.0,64872.7969,285.6296,18.0575,43.2,9.0804,6.4583
stockholm,59.3289,18.0724,2026-06-26 09:22:20,2026-07-01 23:59:59,21.6,14.35,3.5,36271.1992,94.5303,9.9977,26.64,6.1628,11.625
stockholm,59.3289,18.0724,2026-06-26 09:22:20,2026-07-02 23:59:59,19.75,13.6,1.6,64848.2344,26.3904,11.5565,30.24,9.0734,20.3333
stockholm,59.3289,18.0724,2026-06-26 09:22:20,2026-07-03 23:59:59,20.4,13.25,0.4,64831.9219,347.1303,13.5909,36.72,9.2277,22.2083
stockholm,59.3289,18.0724,2026-06-26 09:22:20,2026-07-04 23:59:59,21.75,14.85,0.2,64813.9023,304.7657,12.6475,33.48,10.4164,33.5
stockholm,59.3289,18.0724,2026-06-26 09:22:20,2026-07-05 23:59:59,19.45,15.65,1.2,64358.5859,193.183,13.3589,35.28,8.0398,38.9583
stockholm,59.3289,18.0724,2026-06-26 09:22:20,2026-07-06 23:59:59,18.1,14.6,7.2,53345.0,84.082,13.9172,41.76,10.5107,29.3333
stockholm,59.3289,18.0724,2026-06-26 09:22:20,2026-07-07 23:59:59,20.8,13.95,10.4,64236.3203,11.0515,9.18,29.16,5.7675,39.6667
stockholm,59.3289,18.0724,2026-06-26 09:22:20,2026-07-08 23:59:59,15.0,13.75,8.6,23338.666,322.6138,19.3481,43.92,15.925,31.5
stockholm,59.3289,18.0724,2026-06-26 09:22:20,2026-07-09 23:59:59,17.65,14.7,2.0,221.5945,299.6208,17.3819,43.56,15.1576,29.4583
aachen,50.782,6.09,2026-06-27 22:25:02,2026-06-26 23:59:59,40.126,22.476,7.7,53390.1445,186.2564,43.56,87.84,9.9,8.4167
aachen,50.782,6.09,2026-06-27 22:25:02,2026-06-27 23:59:59,36.726,24.926,3.2,35491.9961,104.272,30.96,63.0,12.315,15.7917
aachen,50.782,6.09,2026-06-27 22:25:02,2026-06-28 23:59:59,30.126,21.126,9.8,36982.3086,269.859,23.04,77.4,9.825,26.9583
aachen,50.782,6.09,2026-06-27 22:25:02,2026-06-29 23:59:59,27.126,19.476,0.3,45238.0508,302.0996,12.6,27.0,9.045,29.1667
aachen,50.782,6.09,2026-06-27 22:25:02,2026-06-30 23:59:59,24.35,15.25,1.0,40662.3047,331.9016,11.5565,29.16,6.0769,11.4583
aachen,50.782,6.09,2026-06-27 22:25:02,2026-07-01 23:59:59,21.85,14.0,2.7,58324.9336,263.1766,15.7795,36.0,11.4391,15.9167
aachen,50.782,6.09,2026-06-27 22:25:02,2026-07-02 23:59:59,24.55,14.45,0.7,58266.5742,251.485,22.6034,51.12,14.9785,11.6667
aachen,50.782,6.09,2026-06-27 22:25:02,2026-07-03 23:59:59,23.55,14.7,0.2,58178.8438,349.4758,10.1377,31.68,6.0578,15.5
aachen,50.782,6.09,2026-06-27 22:25:02,2026-07-04 23:59:59,27.95,17.2,0.0,58132.2891,260.2383,18.5819,45.36,14.8642,2.25
aachen,50.782,6.09,2026-06-27 22:25:02,2026-07-05 23:59:59,26.35,17.0,0.0,58056.7148,340.4206,15.8257,42.48,8.9238,4.1667
aachen,50.782,6.09,2026-06-27 22:25:02,2026-07-06 23:59:59,26.1,16.5,0.0,57704.4141,5.29,9.4221,40.68,5.8174,12.125
aachen,50.782,6.09,2026-06-27 22:25:02,2026-07-07 23:59:59,30.65,18.95,0.0,57693.1875,84.3814,11.2468,28.44,7.578,8.25
aachen,50.782,6.09,2026-06-27 22:25:02,2026-07-08 23:59:59,34.3,23.05,0.0,57680.0859,208.0178,9.9065,28.08,7.1699,6.625
aachen,50.782,6.09,2026-06-27 22:25:02,2026-07-09 23:59:59,34.35,24.85,0.0,57665.4336,285.9842,13.4145,38.16,9.6374,5.2917
aachen,50.782,6.09,2026-06-27 22:25:02,2026-07-10 23:59:59,29.9,20.1,0.0,57203.3828,355.6013,10.6444,38.52,7.4953,3.0
munich,48.14,11.58,2026-06-27 22:25:02,2026-06-26 23:59:59,33.915,19.715,0.0,54000.0,85.3418,14.7995,27.0,7.434,0.0
munich,48.14,11.58,2026-06-27 22:25:02,2026-06-27 23:59:59,35.865,18.115,0.0,52460.2891,82.4438,11.5256,22.68,5.3344,0.0
munich,48.14,11.58,2026-06-27 22:25:02,2026-06-28 23:59:59,36.415,21.815,0.0,48931.4297,252.3136,21.1667,51.12,8.6191,9.375
munich,48.14,11.58,2026-06-27 22:25:02,2026-06-29 23:59:59,28.715,20.3215,3.4,26815.9648,291.0172,13.9055,33.48,6.7459,50.0
munich,48.14,11.58,2026-06-27 22:25:02,2026-06-30 23:59:59,26.4215,19.7715,9.9,16396.7266,46.6483,7.788,25.56,4.4926,41.1667
munich,48.14,11.58,2026-06-27 22:25:02,2026-07-01 23:59:59,20.1215,16.2715,25.8,1590.6938,257.8179,11.7208,32.4,6.5506,75.25
munich,48.14,11.58,2026-06-27 22:25:02,2026-07-02 23:59:59,24.408,14.1215,0.2,55508.8438,275.1978,12.8798,31.14,8.3833,15.5729
munich,48.14,11.58,2026-06-27 22:25:02,2026-07-03 23:59:59,20.908,14.158,7.8,55008.6133,292.0124,20.768,52.92,15.9328,8.0
munich,48.14,11.58,2026-06-27 22:25:02,2026-07-04 23:59:59,20.058,12.408,1.6,48108.4922,289.3365,20.0051,46.08,13.5585,11.7917
munich,48.14,11.58,2026-06-27 22:25:02,2026-07-05 23:59:59,24.95,15.904,0.6,56130.6094,284.4617,10.9726,37.08,7.8988,10.1562
munich,48.14,11.58,2026-06-27 22:25:02,2026-07-06 23:59:59,23.75,16.5,0.0,56098.0039,335.6377,5.0432,24.48,2.2317,9.875
munich,48.14,11.58,2026-06-27 22:25:02,2026-07-07 23:59:59,26.5,16.15,0.0,56064.6328,53.5397,9.9571,32.76,5.181,9.7083
munich,48.14,11.58,2026-06-27 22:25:02,2026-07-08 23:59:59,30.75,17.4,0.0,56030.3203,79.3302,6.341,25.2,5.2598,11.8333
munich,48.14,11.58,2026-06-27 22:25:02,2026-07-09 23:59:59,33.5,21.4,0.0,55995.1211,252.9755,11.0857,34.2,8.2192,6.6667
munich,48.14,11.58,2026-06-27 22:25:02,2026-07-10 23:59:59,35.15,22.65,0.0,55959.4492,266.3944,11.1324,26.28,6.2022,10.5
hamburg,53.56,10.0,2026-06-27 22:25:02,2026-06-26 23:59:59,34.4235,18.6735,0.0,56202.0352,133.4008,13.2761,28.44,8.5497,0.0
hamburg,53.56,10.0,2026-06-27 22:25:02,2026-06-27 23:59:59,38.3735,23.3735,0.2,53359.7422,122.4712,21.0961,50.76,5.9727,9.0833
hamburg,53.56,10.0,2026-06-27 22:25:02,2026-06-28 23:59:59,31.5235,21.6735,0.3,50400.0,318.1326,22.7028,60.12,11.1051,10.2083
hamburg,53.56,10.0,2026-06-27 22:25:02,2026-06-29 23:59:59,27.915,19.5735,1.5,28432.0957,318.9263,12.2188,29.52,9.1962,21.2083
hamburg,53.56,10.0,2026-06-27 22:25:02,2026-06-30 23:59:59,27.415,16.215,0.9,44166.0,328.926,12.2612,30.96,6.4453,3.3333
hamburg,53.56,10.0,2026-06-27 22:25:02,2026-07-01 23:59:59,26.065,17.065,2.4,42420.0703,308.5713,16.5756,41.04,8.8792,34.5417
hamburg,53.56,10.0,2026-06-27 22:25:02,2026-07-02 23:59:59,24.6107,13.565,7.6,38272.0664,233.3511,17.402,40.32,10.6132,8.4062
hamburg,53.56,10.0,2026-06-27 22:25:02,2026-07-03 23:59:59,20.176,14.976,6.6,28132.8105,262.0162,24.0662,53.28,20.7177,14.6667
hamburg,53.56,10.0,2026-06-27 22:25:02,2026-07-04 23:59:59,20.676,15.626,0.2,50862.8828,291.8241,28.3579,61.2,21.8025,11.5625
hamburg,53.56,10.0,2026-06-27 22:25:02,2026-07-05 23:59:59,21.7,15.55,0.6,59803.1641,299.1596,17.973,46.08,14.3218,18.3333
hamburg,53.56,10.0,2026-06-27 22:25:02,2026-07-06 23:59:59,21.95,14.55,0.0,49728.6367,287.3203,14.5811,41.4,10.2232,20.5417
hamburg,53.56,10.0,2026-06-27 22:25:02,2026-07-07 23:59:59,27.6,16.4,0.0,59610.9922,256.0898,8.9368,33.48,6.7461,12.2917
hamburg,53.56,10.0,2026-06-27 22:25:02,2026-07-08 23:59:59,32.7,20.45,0.0,59506.1641,230.0018,11.5158,30.6,7.5114,13.5
hamburg,53.56,10.0,2026-06-27 22:25:02,2026-07-09 23:59:59,31.0,17.8,0.0,59395.793,300.5852,17.6041,48.24,11.8287,13.2917
hamburg,53.56,10.0,2026-06-27 22:25:02,2026-07-10 23:59:59,24.4,14.6,0.0,59280.0586,310.8132,12.6884,41.76,8.7836,9.4167
freiburg,48.0,7.84,2026-06-27 22:25:02,2026-06-26 23:59:59,37.898,22.598,0.0,53102.3828,154.6326,9.9571,20.88,6.674,0.25
freiburg,48.0,7.84,2026-06-27 22:25:02,2026-06-27 23:59:59,39.048,24.098,0.0,54000.0,178.6442,10.5879,21.24,6.5517,0.25
freiburg,48.0,7.84,2026-06-27 22:25:02,2026-06-28 23:59:59,37.098,25.348,0.0,51817.6406,191.1292,19.8294,50.76,10.4287,6.375
freiburg,48.0,7.84,2026-06-27 22:25:02,2026-06-29 23:59:59,28.948,20.931,2.5,32492.0137,343.5662,15.3159,30.6,7.4822,34.25
freiburg,48.0,7.84,2026-06-27 22:25:02,2026-06-30 23:59:59,28.431,19.281,3.9,43200.0,28.1506,9.1782,27.36,3.5901,16.9583
freiburg,48.0,7.84,2026-06-27 22:25:02,2026-07-01 23:59:59,24.681,18.081,16.2,46690.5117,20.082,8.655,26.28,4.0392,36.4583
freiburg,48.0,7.84,2026-06-27 22:25:02,2026-07-02 23:59:59,26.6655,15.831,0.2,53888.9844,266.2573,11.4862,26.28,6.3523,2.0729
freiburg,48.0,7.84,2026-06-27 22:25:02,2026-07-03 23:59:59,23.2655,16.6155,0.7,54741.2891,299.9977,19.47,41.76,9.8044,2.4583
freiburg,48.0,7.84,2026-06-27 22:25:02,2026-07-04 23:59:59,23.9655,12.5655,0.0,55184.0156,325.7226,9.6866,23.04,5.3134,0.9479
freiburg,48.0,7.84,2026-06-27 22:25:02,2026-07-05 23:59:59,27.5,16.4827,0.0,56168.8047,23.1926,9.7466,29.88,5.831,2.0938
freiburg,48.0,7.84,2026-06-27 22:25:02,2026-07-06 23:59:59,28.1,16.2,0.0,56163.1602,13.6936,13.3795,36.0,6.8695,2.6667
freiburg,48.0,7.84,2026-06-27 22:25:02,2026-07-07 23:59:59,32.25,18.25,0.0,55742.9297,58.9735,12.6385,27.36,6.6672,2.25
freiburg,48.0,7.84,2026-06-27 22:25:02,2026-07-08 23:59:59,34.2,19.2,0.0,55734.75,198.6751,6.3919,27.0,5.0691,5.5
freiburg,48.0,7.84,2026-06-27 22:25:02,2026-07-09 23:59:59,36.6,24.0,0.0,55725.1836,132.3764,6.0508,25.92,4.7569,2.375
freiburg,48.0,7.84,2026-06-27 22:25:02,2026-07-10 23:59:59,35.95,23.65,0.0,55714.0898,348.0644,6.5521,23.4,4.0498,3.4583
leipzig,51.34,12.38,2026-06-27 22:25:02,2026-06-26 23:59:59,36.163,21.413,0.0,54998.0352,72.109,8.5571,21.96,6.7991,0.0
leipzig,51.34,12.38,2026-06-27 22:25:02,2026-06-27 23:59:59,39.113,25.063,0.0,55010.3984,179.3669,7.2805,18.72,4.3946,0.0
leipzig,51.34,12.38,2026-06-27 22:25:02,2026-06-28 23:59:59,38.513,26.713,0.0,48751.7891,305.128,13.2174,32.76,8.0626,7.25
leipzig,51.34,12.38,2026-06-27 22:25:02,2026-06-29 23:59:59,27.963,20.215,18.9,4200.8218,317.751,19.4866,70.2,9.686,43.2917
leipzig,51.34,12.38,2026-06-27 22:25:02,2026-06-30 23:59:59,25.815,18.615,1.3,24119.4805,75.0013,7.6368,21.96,5.0939,11.2917
leipzig,51.34,12.38,2026-06-27 22:25:02,2026-07-01 23:59:59,23.265,17.865,6.2,30661.3398,316.4723,15.5801,42.84,10.0882,46.9583
leipzig,51.34,12.38,2026-06-27 22:25:02,2026-07-02 23:59:59,26.026,15.665,3.3,57228.8086,253.4939,13.2761,37.44,8.0892,5.3229
leipzig,51.34,12.38,2026-06-27 22:25:02,2026-07-03 23:59:59,19.426,15.476,8.4,36025.2461,258.4261,21.0315,53.28,16.9103,11.7917
leipzig,51.34,12.38,2026-06-27 22:25:02,2026-07-04 23:59:59,21.376,13.926,2.05,54767.3281,288.6587,21.1207,51.84,17.1107,8.8854
leipzig,51.34,12.38,2026-06-27 22:25:02,2026-07-05 23:59:59,22.75,16.95,0.35,57369.0039,314.7811,16.2,42.12,14.0216,11.1667
leipzig,51.34,12.38,2026-06-27 22:25:02,2026-07-06 23:59:59,24.35,16.85,0.6,57790.1094,321.2865,11.2078,35.64,8.3453,16.0417
leipzig,51.34,12.38,2026-06-27 22:25:02,2026-07-07 23:59:59,27.4,16.85,0.0,58220.4102,16.4137,8.4312,24.12,4.9017,7.2917
leipzig,51.34,12.38,2026-06-27 22:25:02,2026-07-08 23:59:59,33.05,20.5,0.0,58126.5859,175.8847,9.4307,23.76,6.2639,13.1667
leipzig,51.34,12.38,2026-06-27 22:25:02,2026-07-09 23:59:59,36.35,23.45,0.0,58027.7266,257.8332,12.2612,46.8,10.1751,7.125
leipzig,51.34,12.38,2026-06-27 22:25:02,2026-07-10 23:59:59,30.05,21.35,0.0,57924.0195,4.7022,11.914,47.16,8.3662,5.5417
frankfurt,50.12,8.68,2026-06-27 22:25:02,2026-06-26 23:59:59,39.343,24.793,0.0,54000.0,75.6506,9.4496,21.6,5.5268,0.0
frankfurt,50.12,8.68,2026-06-27 22:25:02,2026-06-27 23:59:59,40.293,24.843,0.0,54000.0,141.6625,11.7539,32.04,5.0859,0.0
frankfurt,50.12,8.68,2026-06-27 22:25:02,2026-06-28 23:59:59,37.343,24.143,0.5,40707.75,321.5718,21.6749,50.76,6.8511,7.25
frankfurt,50.12,8.68,2026-06-27 22:25:02,2026-06-29 23:59:59,26.9589,20.693,30.9,20694.7129,359.6397,20.2914,48.6,7.5054,24.9583
frankfurt,50.12,8.68,2026-06-27 22:25:02,2026-06-30 23:59:59,29.9475,18.0475,0.8,48855.1406,32.8763,8.4351,27.36,6.0714,10.875
frankfurt,50.12,8.68,2026-06-27 22:25:02,2026-07-01 23:59:59,25.6475,17.4975,2.2,47106.2539,314.9065,11.632,37.8,7.2164,29.8333
frankfurt,50.12,8.68,2026-06-27 22:25:02,2026-07-02 23:59:59,26.202,14.7975,6.0,42373.4414,242.187,13.5706,36.36,7.8307,4.6146
frankfurt,50.12,8.68,2026-06-27 22:25:02,2026-07-03 23:59:59,18.802,16.252,0.0,32842.1641,278.2729,15.6838,49.32,11.3581,3.5417
frankfurt,50.12,8.68,2026-06-27 22:25:02,2026-07-04 23:59:59,23.102,13.802,0.0,55198.4805,293.3103,13.8915,37.8,10.09,5.1771
frankfurt,50.12,8.68,2026-06-27 22:25:02,2026-07-05 23:59:59,27.4,18.9,0.0,57651.6758,347.8214,11.1266,29.88,8.8463,2.7083
frankfurt,50.12,8.68,2026-06-27 22:25:02,2026-07-06 23:59:59,28.65,19.3,0.0,57503.8008,36.2042,12.6321,35.28,7.2136,6.75
frankfurt,50.12,8.68,2026-06-27 22:25:02,2026-07-07 23:59:59,31.15,19.55,0.0,57489.9375,28.051,11.4876,36.0,8.4851,4.25
frankfurt,50.12,8.68,2026-06-27 22:25:02,2026-07-08 23:59:59,35.2,21.4,0.0,57401.6133,84.8719,8.4906,28.44,5.245,3.7917
frankfurt,50.12,8.68,2026-06-27 22:25:02,2026-07-09 23:59:59,37.35,23.55,0.0,57308.543,334.9751,14.8694,38.88,6.3662,2.7083
frankfurt,50.12,8.68,2026-06-27 22:25:02,2026-07-10 23:59:59,35.1,23.65,0.0,57210.8672,14.0971,15.3127,34.2,10.6018,2.9583
darmstadt,49.88,8.64,2026-06-27 22:25:02,2026-06-26 23:59:59,39.2045,24.0045,0.0,54000.0,129.7099,7.3426,25.56,5.705,0.0
darmstadt,49.88,8.64,2026-06-27 22:25:02,2026-06-27 23:59:59,40.1545,24.6545,0.0,54000.0,156.1883,11.2006,27.36,5.213,0.0
darmstadt,49.88,8.64,2026-06-27 22:25:02,2026-06-28 23:59:59,37.9545,23.7045,1.5,41329.8789,240.7186,13.2761,58.68,6.4528,7.8333
darmstadt,49.88,8.64,2026-06-27 22:25:02,2026-06-29 23:59:59,26.4238,20.3635,9.5,23151.9043,8.1218,13.0049,34.56,7.0581,22.9167
darmstadt,49.88,8.64,2026-06-27 22:25:02,2026-06-30 23:59:59,30.1635,17.7635,1.3,47814.2109,63.6785,8.5571,24.84,5.4206,11.7083
darmstadt,49.88,8.64,2026-06-27 22:25:02,2026-07-01 23:59:59,25.4135,17.8135,1.7,46051.5312,306.8224,10.9903,39.6,7.8677,30.0833
darmstadt,49.88,8.64,2026-06-27 22:25:02,2026-07-02 23:59:59,25.5005,15.3135,4.5,43391.2148,238.3988,14.1824,37.44,8.6957,5.2708
darmstadt,49.88,8.64,2026-06-27 22:25:02,2026-07-03 23:59:59,19.2005,15.7005,0.0,34555.0938,279.612,17.5553,47.88,11.7825,3.5417
darmstadt,49.88,8.64,2026-06-27 22:25:02,2026-07-04 23:59:59,23.2005,12.9005,0.0,55680.0664,289.9549,15.576,39.24,10.04,5.1771
darmstadt,49.88,8.64,2026-06-27 22:25:02,2026-07-05 23:59:59,27.45,19.1,0.0,57533.1406,341.2917,12.9049,31.68,9.1977,2.7083
darmstadt,49.88,8.64,2026-06-27 22:25:02,2026-07-06 23:59:59,29.25,19.75,0.0,57455.5859,37.0327,11.7,30.24,6.3998,6.75
darmstadt,49.88,8.64,2026-06-27 22:25:02,2026-07-07 23:59:59,31.8,19.7,0.0,57372.9961,66.1643,12.6,31.68,9.2643,4.25
darmstadt,49.88,8.64,2026-06-27 22:25:02,2026-07-08 23:59:59,35.1,22.6,0.0,57285.5391,133.7024,10.2616,21.96,5.9474,3.7917
darmstadt,49.88,8.64,2026-06-27 22:25:02,2026-07-09 23:59:59,37.25,24.8,0.0,57193.375,324.4622,14.9411,34.56,7.2311,2.7083
darmstadt,49.88,8.64,2026-06-27 22:25:02,2026-07-10 23:59:59,35.8,24.1,0.0,56988.2031,17.2757,17.3137,40.68,11.6157,2.9583
berlin,52.52,13.4,2026-06-27 22:25:02,2026-06-26 23:59:59,34.402,19.052,0.0,55914.2188,77.7103,11.3042,25.2,6.5926,0.0
berlin,52.52,13.4,2026-06-27 22:25:02,2026-06-27 23:59:59,39.502,22.502,0.0,48759.6836,115.0169,10.1887,25.56,6.8386,0.5417
berlin,52.52,13.4,2026-06-27 22:25:02,2026-06-28 23:59:59,39.502,26.852,0.0,54569.9922,359.7177,14.8824,37.44,8.3986,8.5417
berlin,52.52,13.4,2026-06-27 22:25:02,2026-06-29 23:59:59,28.052,19.889,22.225,18039.4727,342.8577,19.5132,93.24,9.4761,34.625
berlin,52.52,13.4,2026-06-27 22:25:02,2026-06-30 23:59:59,29.039,17.689,0.0,52789.1719,79.9769,12.0748,30.24,7.0492,3.3333
berlin,52.52,13.4,2026-06-27 22:25:02,2026-07-01 23:59:59,22.889,15.739,7.5,15073.749,359.5416,10.44,29.52,7.5233,35.6667
berlin,52.52,13.4,2026-06-27 22:25:02,2026-07-02 23:59:59,25.926,14.839,2.1,57600.0,264.7552,12.3139,32.76,8.0242,2.9583
berlin,52.52,13.4,2026-06-27 22:25:02,2026-07-03 23:59:59,20.926,16.126,7.7,37759.75,251.3701,17.7279,45.36,14.4099,13.5833
berlin,52.52,13.4,2026-06-27 22:25:02,2026-07-04 23:59:59,21.876,15.176,0.425,25946.75,287.7541,20.6302,52.56,15.3065,7.7917
berlin,52.52,13.4,2026-06-27 22:25:02,2026-07-05 23:59:59,21.0,15.6,0.125,57848.8281,297.9312,19.4242,48.96,13.1554,12.6146
berlin,52.52,13.4,2026-06-27 22:25:02,2026-07-06 23:59:59,20.95,14.5,0.0,57864.1719,306.3936,13.3649,36.0,8.0881,13.3333
berlin,52.52,13.4,2026-06-27 22:25:02,2026-07-07 23:59:59,24.9,15.7,0.0,58356.5938,274.6411,9.1941,29.52,6.4863,9.9583
berlin,52.52,13.4,2026-06-27 22:25:02,2026-07-08 23:59:59,31.85,19.9,0.0,58860.6836,238.4797,7.9465,27.0,5.7954,14.875
berlin,52.52,13.4,2026-06-27 22:25:02,2026-07-09 23:59:59,33.3,23.95,0.0,58755.793,277.8105,15.9104,41.4,11.055,10.0417
berlin,52.52,13.4,2026-06-27 22:25:02,2026-07-10 23:59:59,27.4,18.5,0.0,58645.7734,312.3955,11.277,39.96,7.9566,8.8333
valencia,39.5,-0.375,2026-06-27 22:25:02,2026-06-26 23:59:59,29.3825,22.3325,0.0,49094.1406,78.6374,14.8301,36.0,7.9571,0.0
valencia,39.5,-0.375,2026-06-27 22:25:02,2026-06-27 23:59:59,30.0825,22.7825,0.0,50400.0,83.0231,14.3459,35.64,6.9566,0.0
valencia,39.5,-0.375,2026-06-27 22:25:02,2026-06-28 23:59:59,29.3325,22.0825,0.1,33569.1562,75.3661,14.1549,38.88,5.0316,1.7083
valencia,39.5,-0.375,2026-06-27 22:25:02,2026-06-29 23:59:59,31.8325,22.7325,0.0,47931.0234,92.7145,14.2644,35.28,6.2212,0.25
valencia,39.5,-0.375,2026-06-27 22:25:02,2026-06-30 23:59:59,32.5825,23.2825,0.0,50026.668,117.9736,17.3399,42.12,7.4308,0.2083
valencia,39.5,-0.375,2026-06-27 22:25:02,2026-07-01 23:59:59,30.1325,24.4825,0.0,51271.4609,78.5802,16.5952,39.24,8.3223,0.7917
valencia,39.5,-0.375,2026-06-27 22:25:02,2026-07-02 23:59:59,30.8145,23.8825,0.0,51496.2695,100.344,15.6465,36.72,6.9057,1.3229
valencia,39.5,-0.375,2026-06-27 22:25:02,2026-07-03 23:59:59,34.5645,20.6645,0.0,52156.3398,90.5208,16.216,40.32,7.6726,0.0
valencia,39.5,-0.375,2026-06-27 22:25:02,2026-07-04 23:59:59,31.2145,23.4645,0.0,51959.2539,77.6985,16.6575,39.6,8.989,0.0
valencia,39.5,-0.375,2026-06-27 22:25:02,2026-07-05 23:59:59,31.5,25.05,0.0,52008.6875,86.233,12.5807,38.52,7.6543,0.0
valencia,39.5,-0.375,2026-06-27 22:25:02,2026-07-06 23:59:59,31.95,25.05,0.0,51993.2852,80.4626,12.6935,37.8,7.1152,1.0
valencia,39.5,-0.375,2026-06-27 22:25:02,2026-07-07 23:59:59,32.4,24.85,0.0,51976.0703,90.5416,12.3376,37.44,6.555,0.5
valencia,39.5,-0.375,2026-06-27 22:25:02,2026-07-08 23:59:59,31.65,24.55,0.0,51957.0352,71.4422,10.949,35.64,6.4406,0.0
valencia,39.5,-0.375,2026-06-27 22:25:02,2026-07-09 23:59:59,31.5,24.05,0.0,51936.1914,92.9088,12.0815,36.36,6.8553,1.625
valencia,39.5,-0.375,2026-06-27 22:25:02,2026-07-10 23:59:59,31.7,24.8,0.0,51913.5312,82.7774,12.0169,37.8,6.346,4.5833
madrid,40.4375,-3.6875,2026-06-27 22:25:02,2026-06-26 23:59:59,31.6655,20.7655,0.0,52529.7344,229.7765,8.2093,26.64,4.5236,0.0
madrid,40.4375,-3.6875,2026-06-27 22:25:02,2026-06-27 23:59:59,34.2655,21.7655,0.0,52526.8828,226.2188,9.6933,29.52,4.8117,0.0
madrid,40.4375,-3.6875,2026-06-27 22:25:02,2026-06-28 23:59:59,32.1155,22.3155,1.4,44635.6953,60.3852,13.5324,38.88,5.1723,9.3333
madrid,40.4375,-3.6875,2026-06-27 22:25:02,2026-06-29 23:59:59,34.4655,20.9155,0.0,52523.6133,44.736,15.0728,39.6,8.2775,0.0
madrid,40.4375,-3.6875,2026-06-27 22:25:02,2026-06-30 23:59:59,36.1155,22.7655,0.0,53034.0039,39.482,15.576,39.6,6.8624,0.0
madrid,40.4375,-3.6875,2026-06-27 22:25:02,2026-07-01 23:59:59,35.6155,22.7655,0.0,53027.0469,42.3798,17.8772,49.32,12.7191,0.0
madrid,40.4375,-3.6875,2026-06-27 22:25:02,2026-07-02 23:59:59,33.959,17.7655,0.0,53021.4297,50.7649,17.6547,43.2,14.7439,0.0
madrid,40.4375,-3.6875,2026-06-27 22:25:02,2026-07-03 23:59:59,35.959,20.109,0.0,53010.7305,51.5999,14.2916,37.08,10.4178,0.0
madrid,40.4375,-3.6875,2026-06-27 22:25:02,2026-07-04 23:59:59,37.509,20.859,0.0,52998.1523,54.9288,13.2468,33.48,8.0868,0.0
madrid,40.4375,-3.6875,2026-06-27 22:25:02,2026-07-05 23:59:59,37.9,24.75,0.0,52968.1133,45.5123,14.7391,43.92,8.3169,1.625
madrid,40.4375,-3.6875,2026-06-27 22:25:02,2026-07-06 23:59:59,35.7,25.35,0.4,52951.7539,174.2009,25.2751,66.24,11.9558,4.75
madrid,40.4375,-3.6875,2026-06-27 22:25:02,2026-07-07 23:59:59,35.2,23.4,2.0,52933.5234,12.2649,11.8377,64.08,5.6697,6.0833
madrid,40.4375,-3.6875,2026-06-27 22:25:02,2026-07-08 23:59:59,36.8,23.0,0.0,52913.418,85.8365,10.4167,34.92,6.3882,10.875
madrid,40.4375,-3.6875,2026-06-27 22:25:02,2026-07-09 23:59:59,37.05,24.45,0.0,52891.4453,92.0158,11.8445,34.92,6.6698,10.875
madrid,40.4375,-3.6875,2026-06-27 22:25:02,2026-07-10 23:59:59,35.8,25.2,0.0,52867.6055,93.837,19.3406,50.76,11.9646,9.5417
london,51.5,-0.25,2026-06-27 22:25:02,2026-06-26 23:59:59,35.891,23.591,0.0,56024.3555,213.4013,16.56,38.52,11.52,0.5
london,51.5,-0.25,2026-06-27 22:25:02,2026-06-27 23:59:59,32.691,22.291,0.8,43200.0,214.2912,19.08,42.48,9.225,13.625
london,51.5,-0.25,2026-06-27 22:25:02,2026-06-28 23:59:59,25.191,19.091,0.0,47815.8945,247.829,19.44,43.56,14.85,6.25
london,51.5,-0.25,2026-06-27 22:25:02,2026-06-29 23:59:59,23.1569,14.841,0.0,56362.5,271.5947,16.56,36.0,9.6637,0.0
london,51.5,-0.25,2026-06-27 22:25:02,2026-06-30 23:59:59,23.9045,18.7045,0.0,43304.9922,229.528,17.64,37.8,10.575,6.5
london,51.5,-0.25,2026-06-27 22:25:02,2026-07-01 23:59:59,25.4545,16.4545,0.0,56694.6484,294.8732,12.6,27.0,9.36,5.25
london,51.5,-0.25,2026-06-27 22:25:02,2026-07-02 23:59:59,28.6045,17.2045,0.0,33590.8359,270.1452,21.96,45.36,13.95,2.75
london,51.5,-0.25,2026-06-27 22:25:02,2026-07-03 23:59:59,25.4545,16.2545,0.0,55377.3398,313.9523,16.2,32.76,12.0389,3.0
london,51.5,-0.25,2026-06-27 22:25:02,2026-07-04 23:59:59,28.3,17.95,0.0,56441.8125,289.169,11.4311,31.68,9.8802,1.375
london,51.5,-0.25,2026-06-27 22:25:02,2026-07-05 23:59:59,29.45,19.2,0.0,56310.2266,333.1692,10.9149,40.32,6.5497,0.0
london,51.5,-0.25,2026-06-27 22:25:02,2026-07-06 23:59:59,31.45,19.2,0.0,56477.8906,349.5968,10.1584,41.04,5.8917,0.0
london,51.5,-0.25,2026-06-27 22:25:02,2026-07-07 23:59:59,33.6,21.25,0.0,56794.625,184.851,10.6565,32.76,6.2707,0.0
london,51.5,-0.25,2026-06-27 22:25:02,2026-07-08 23:59:59,35.4,22.95,0.0,56665.5938,256.1249,11.7553,32.4,6.3362,0.375
london,51.5,-0.25,2026-06-27 22:25:02,2026-07-09 23:59:59,31.1,23.4,0.0,56389.6797,46.2085,17.1009,45.72,8.2793,2.0
london,51.5,-0.25,2026-06-27 22:25:02,2026-07-10 23:59:59,33.25,20.05,0.0,56115.6562,116.9656,9.5417,44.64,4.5026,1.625
amsterdam,52.366,4.901,2026-06-27 22:25:02,2026-06-26 23:59:59,37.7565,22.2565,0.0,54816.4492,129.6362,16.2,31.32,10.335,1.8333
amsterdam,52.366,4.901,2026-06-27 22:25:02,2026-06-27 23:59:59,30.6065,24.1065,6.6,39567.0586,11.9496,25.2,46.08,11.58,24.8333
amsterdam,52.366,4.901,2026-06-27 22:25:02,2026-06-28 23:59:59,26.9065,20.9565,9.4,48629.3242,246.2934,22.32,49.68,14.73,11.4167
amsterdam,52.366,4.901,2026-06-27 22:25:02,2026-06-29 23:59:59,25.5065,19.4065,0.0,55892.6562,305.2017,16.2,35.64,12.585,4.2917
amsterdam,52.366,4.901,2026-06-27 22:25:02,2026-06-30 23:59:59,22.8,14.35,0.1,35317.0078,299.2202,11.1731,26.64,5.1343,5.5
amsterdam,52.366,4.901,2026-06-27 22:25:02,2026-07-01 23:59:59,21.5,15.2,4.2,59342.5586,257.8176,14.6852,38.16,9.4013,14.9583
amsterdam,52.366,4.901,2026-06-27 22:25:02,2026-07-02 23:59:59,20.9,15.2,1.5,48753.0156,256.3458,23.1921,53.28,13.5671,15.375
amsterdam,52.366,4.901,2026-06-27 22:25:02,2026-07-03 23:59:59,22.95,13.75,0.0,59209.543,266.0548,9.8013,29.16,6.1741,6.7083
amsterdam,52.366,4.901,2026-06-27 22:25:02,2026-07-04 23:59:59,22.1,17.85,0.0,59133.6211,270.9586,16.455,43.2,10.765,5.3333
amsterdam,52.366,4.901,2026-06-27 22:25:02,2026-07-05 23:59:59,22.7,16.9,0.6,56912.293,281.3099,13.752,38.16,9.6823,6.3333
amsterdam,52.366,4.901,2026-06-27 22:25:02,2026-07-06 23:59:59,25.0,15.7,0.0,58496.1797,358.5998,4.8366,28.8,3.7173,7.1667
amsterdam,52.366,4.901,2026-06-27 22:25:02,2026-07-07 23:59:59,30.05,18.6,0.0,58870.4922,174.4851,4.4457,19.08,3.1898,6.0417
amsterdam,52.366,4.901,2026-06-27 22:25:02,2026-07-08 23:59:59,33.35,22.4,0.0,58771.6055,229.8441,7.0292,32.4,5.3553,3.25
amsterdam,52.366,4.901,2026-06-27 22:25:02,2026-07-09 23:59:59,29.7,19.75,0.0,58449.5547,324.8543,11.7828,35.64,8.3715,5.125
amsterdam,52.366,4.901,2026-06-27 22:25:02,2026-07-10 23:59:59,26.35,17.45,0.0,58430.1758,40.6384,11.0521,30.24,5.7888,5.1667
paris,48.86,2.36,2026-06-27 22:25:02,2026-06-26 23:59:59,36.515,26.415,0.0,48501.9648,340.1569,19.47,37.08,10.2449,2.0
paris,48.86,2.36,2026-06-27 22:25:02,2026-06-27 23:59:59,36.565,22.065,0.0,48229.0273,344.6237,15.1243,30.6,9.4352,3.875
paris,48.86,2.36,2026-06-27 22:25:02,2026-06-28 23:59:59,31.065,23.265,0.0,43309.1445,316.6624,16.8701,39.96,9.3516,6.0417
paris,48.86,2.36,2026-06-27 22:25:02,2026-06-29 23:59:59,27.6572,18.365,0.0,49149.2305,347.3823,15.1756,30.24,10.2504,4.875
paris,48.86,2.36,2026-06-27 22:25:02,2026-06-30 23:59:59,26.9495,17.2995,0.0,40167.2891,8.9726,11.441,27.36,6.5882,1.75
paris,48.86,2.36,2026-06-27 22:25:02,2026-07-01 23:59:59,25.7495,18.1495,0.0,57070.6133,306.0717,16.8086,42.12,11.7325,1.0417
paris,48.86,2.36,2026-06-27 22:25:02,2026-07-02 23:59:59,26.3995,16.7995,0.0,36275.2578,283.0574,19.2558,52.56,13.6849,0.0
paris,48.86,2.36,2026-06-27 22:25:02,2026-07-03 23:59:59,24.1995,15.9995,0.0,57033.5352,313.1437,17.6106,42.48,13.806,0.0
paris,48.86,2.36,2026-06-27 22:25:02,2026-07-04 23:59:59,28.4995,14.7995,0.0,57010.9922,303.0894,14.4808,34.56,7.9275,0.0104
paris,48.86,2.36,2026-06-27 22:25:02,2026-07-05 23:59:59,31.35,19.7,0.0,56995.082,9.3538,9.3756,33.84,6.9743,0.0
paris,48.86,2.36,2026-06-27 22:25:02,2026-07-06 23:59:59,31.8,21.2,0.0,56920.8828,23.2498,13.6907,37.44,7.8877,0.5
paris,48.86,2.36,2026-06-27 22:25:02,2026-07-07 23:59:59,33.4,22.35,0.0,56841.875,59.9315,11.8335,35.64,7.276,0.0
paris,48.86,2.36,2026-06-27 22:25:02,2026-07-08 23:59:59,37.35,23.8,0.0,56758.2031,42.879,9.7931,31.68,5.388,0.5
paris,48.86,2.36,2026-06-27 22:25:02,2026-07-09 23:59:59,37.95,25.1,0.0,56670.0117,348.3233,10.8747,33.12,6.0035,0.5
paris,48.86,2.36,2026-06-27 22:25:02,2026-07-10 23:59:59,36.15,23.25,0.0,56577.4648,42.2302,13.6337,36.72,9.4747,1.25
prag,50.08,14.44,2026-06-27 22:25:02,2026-06-26 23:59:59,36.0985,21.0485,0.0,54358.6133,95.2281,11.5256,20.52,4.0877,0.0
prag,50.08,14.44,2026-06-27 22:25:02,2026-06-27 23:59:59,37.3985,23.5985,0.0,54373.7578,120.8248,14.2553,27.72,5.0268,0.0
prag,50.08,14.44,2026-06-27 22:25:02,2026-06-28 23:59:59,39.2985,24.5485,0.0,54066.2188,125.3113,11.4806,21.96,5.6629,1.7083
prag,50.08,14.44,2026-06-27 22:25:02,2026-06-29 23:59:59,31.9485,22.196,1.5,35985.1992,340.4731,13.6206,36.36,9.5165,25.4583
prag,50.08,14.44,2026-06-27 22:25:02,2026-06-30 23:59:59,25.796,20.396,10.4,11744.0752,12.4765,10.1377,25.56,6.0841,33.4583
prag,50.08,14.44,2026-06-27 22:25:02,2026-07-01 23:59:59,23.096,18.646,13.9,0.0,316.3051,13.0447,34.56,7.3171,51.7917
prag,50.08,14.44,2026-06-27 22:25:02,2026-07-02 23:59:59,25.096,16.096,0.0,57351.7188,296.9005,13.3249,29.16,6.5411,6.4167
prag,50.08,14.44,2026-06-27 22:25:02,2026-07-03 23:59:59,22.296,15.446,4.7,38059.9648,273.8411,22.5453,47.52,15.7663,7.1667
prag,50.08,14.44,2026-06-27 22:25:02,2026-07-04 23:59:59,18.696,14.046,2.5,14316.6475,294.37,23.0006,52.56,17.4893,6.2812
prag,50.08,14.44,2026-06-27 22:25:02,2026-07-05 23:59:59,24.0,16.848,0.6,44072.5156,323.9362,15.2586,41.76,11.8295,7.8542
prag,50.08,14.44,2026-06-27 22:25:02,2026-07-06 23:59:59,23.75,15.45,1.8,46211.0352,319.6559,12.682,33.12,9.1952,13.625
prag,50.08,14.44,2026-06-27 22:25:02,2026-07-07 23:59:59,27.1,16.2,0.0,57139.4688,7.5158,10.2157,28.8,5.202,8.0
prag,50.08,14.44,2026-06-27 22:25:02,2026-07-08 23:59:59,32.5,19.05,0.0,57086.4688,133.8679,6.3205,24.48,2.2855,13.4167
prag,50.08,14.44,2026-06-27 22:25:02,2026-07-09 23:59:59,36.1,22.0,0.0,57031.3438,246.3706,12.6013,34.56,8.4402,6.4583
prag,50.08,14.44,2026-06-27 22:25:02,2026-07-10 23:59:59,34.65,23.95,0.0,56974.2188,339.2076,11.7993,36.72,7.8675,7.2917
rome,41.875,12.5,2026-06-27 22:25:02,2026-06-26 23:59:59,34.3415,23.0415,0.3,48918.1016,256.9447,14.0215,35.64,4.6805,2.4167
rome,41.875,12.5,2026-06-27 22:25:02,2026-06-27 23:59:59,35.6415,23.9415,0.0,48728.2773,250.3878,14.2416,36.0,5.7196,0.125
rome,41.875,12.5,2026-06-27 22:25:02,2026-06-28 23:59:59,37.4915,24.0415,0.0,49863.4922,272.9579,17.6547,41.76,6.6955,0.0
rome,41.875,12.5,2026-06-27 22:25:02,2026-06-29 23:59:59,36.4915,24.9415,0.0,47685.0078,252.4366,11.1658,28.44,4.8712,5.7083
rome,41.875,12.5,2026-06-27 22:25:02,2026-06-30 23:59:59,36.7415,24.8415,0.5,38388.6406,251.5649,12.9049,35.64,4.4367,18.0417
rome,41.875,12.5,2026-06-27 22:25:02,2026-07-01 23:59:59,34.9415,25.3915,0.0,53255.3281,246.8629,17.1142,42.48,7.5298,6.8333
rome,41.875,12.5,2026-06-27 22:25:02,2026-07-02 23:59:59,30.485,23.385,3.0,47467.8906,78.0887,7.9689,27.9,4.9269,25.3229
rome,41.875,12.5,2026-06-27 22:25:02,2026-07-03 23:59:59,34.735,19.735,0.0,53262.6367,346.9056,15.2268,37.08,9.6575,21.7083
rome,41.875,12.5,2026-06-27 22:25:02,2026-07-04 23:59:59,32.485,20.585,0.0,52985.8477,21.3714,11.7924,27.72,6.1531,15.5312
rome,41.875,12.5,2026-06-27 22:25:02,2026-07-05 23:59:59,35.1,22.1,0.0,53249.7148,305.5817,12.9312,46.08,7.4558,12.0312
rome,41.875,12.5,2026-06-27 22:25:02,2026-07-06 23:59:59,35.25,22.35,0.0,53249.4453,256.6075,11.5943,42.48,6.6595,10.0417
rome,41.875,12.5,2026-06-27 22:25:02,2026-07-07 23:59:59,34.0,24.45,0.0,53248.0117,228.8223,16.6166,46.08,7.4207,8.625
rome,41.875,12.5,2026-06-27 22:25:02,2026-07-08 23:59:59,34.25,24.25,0.0,52898.3477,238.3519,14.2575,45.0,7.0374,5.5833
rome,41.875,12.5,2026-06-27 22:25:02,2026-07-09 23:59:59,34.05,24.55,0.0,52885.5703,231.0178,15.66,44.64,6.889,8.9167
rome,41.875,12.5,2026-06-27 22:25:02,2026-07-10 23:59:59,35.4,24.8,0.0,52880.7383,255.939,13.2883,40.32,7.1508,4.4167
zurich,47.38,8.54,2026-06-27 22:25:02,2026-06-26 23:59:59,35.022,22.172,0.0,48049.5195,74.6784,7.4129,19.8,3.4202,0.0
zurich,47.38,8.54,2026-06-27 22:25:02,2026-06-27 23:59:59,36.472,21.572,0.0,50400.0,160.3914,16.3275,34.2,4.2876,0.6667
zurich,47.38,8.54,2026-06-27 22:25:02,2026-06-28 23:59:59,35.422,24.222,0.0,45457.6445,195.4885,11.7208,36.72,5.6419,5.4583
zurich,47.38,8.54,2026-06-27 22:25:02,2026-06-29 23:59:59,30.172,20.256,9.775,33500.1953,351.2106,14.881,35.82,5.3729,47.4583
zurich,47.38,8.54,2026-06-27 22:25:02,2026-06-30 23:59:59,27.756,20.256,3.8,30388.2441,15.1331,7.4129,22.32,4.9408,25.9583
zurich,47.38,8.54,2026-06-27 22:25:02,2026-07-01 23:59:59,22.856,17.806,16.7,20693.0781,243.0724,6.2974,24.12,4.6402,68.7917
zurich,47.38,8.54,2026-06-27 22:25:02,2026-07-02 23:59:59,25.0095,15.756,0.2,53739.2773,267.1798,12.2612,31.32,6.8747,12.8021
zurich,47.38,8.54,2026-06-27 22:25:02,2026-07-03 23:59:59,22.9595,15.7095,6.7,53376.0898,276.0957,21.2186,52.56,13.3261,4.25
zurich,47.38,8.54,2026-06-27 22:25:02,2026-07-04 23:59:59,22.2095,13.6095,0.0,54487.5703,278.3947,10.3088,28.08,5.9154,5.5729
zurich,47.38,8.54,2026-06-27 22:25:02,2026-07-05 23:59:59,28.7,17.4548,0.0,55336.0664,292.2994,6.1121,25.92,3.3361,3.3958
zurich,47.38,8.54,2026-06-27 22:25:02,2026-07-06 23:59:59,27.0,18.2,0.0,55773.1094,58.9804,12.7508,30.6,6.9731,7.4583
zurich,47.38,8.54,2026-06-27 22:25:02,2026-07-07 23:59:59,29.55,18.5,0.0,55779.4688,56.2754,10.7835,33.12,7.553,4.5833
zurich,47.38,8.54,2026-06-27 22:25:02,2026-07-08 23:59:59,32.3,19.5,0.0,54625.8438,214.501,8.227,30.24,5.3994,7.1667
zurich,47.38,8.54,2026-06-27 22:25:02,2026-07-09 23:59:59,34.45,21.9,0.0,55067.4297,187.7581,7.4216,29.88,5.7171,5.9167
zurich,47.38,8.54,2026-06-27 22:25:02,2026-07-10 23:59:59,35.3,22.8,0.0,55106.6211,188.5638,7.38,29.88,4.5545,3.375
lisbon,38.75,-9.125,2026-06-27 22:25:02,2026-06-26 23:59:59,24.1415,19.5915,0.8,46770.75,227.7732,15.0384,38.16,10.6673,1.2083
lisbon,38.75,-9.125,2026-06-27 22:25:02,2026-06-27 23:59:59,25.6915,18.5415,0.0,50497.4531,287.9839,14.0215,33.84,7.0009,0.0
lisbon,38.75,-9.125,2026-06-27 22:25:02,2026-06-28 23:59:59,25.8415,19.0915,0.0,50842.5938,347.9485,21.567,50.04,13.931,0.0
lisbon,38.75,-9.125,2026-06-27 22:25:02,2026-06-29 23:59:59,29.7415,18.5415,0.0,51522.0938,343.2889,21.3009,48.96,14.1363,0.0
lisbon,38.75,-9.125,2026-06-27 22:25:02,2026-06-30 23:59:59,30.5915,19.7415,0.0,51199.1172,344.3501,19.7213,45.0,13.2213,0.0
lisbon,38.75,-9.125,2026-06-27 22:25:02,2026-07-01 23:59:59,34.8915,19.7915,0.0,51210.6758,353.3988,11.7924,31.68,5.8512,0.0
lisbon,38.75,-9.125,2026-06-27 22:25:02,2026-07-02 23:59:59,38.4635,24.1915,0.0,52215.6406,17.0034,16.2,38.52,10.0173,0.0
lisbon,38.75,-9.125,2026-06-27 22:25:02,2026-07-03 23:59:59,32.7135,23.5135,0.0,51225.3867,313.4399,11.0433,27.36,6.0328,0.0
lisbon,38.75,-9.125,2026-06-27 22:25:02,2026-07-04 23:59:59,34.6135,22.7635,0.0,49143.0,264.8682,11.5705,28.08,4.7903,0.0
lisbon,38.75,-9.125,2026-06-27 22:25:02,2026-07-05 23:59:59,37.75,25.6,0.0,51264.1914,326.9975,14.8432,37.8,6.9042,0.0
lisbon,38.75,-9.125,2026-06-27 22:25:02,2026-07-06 23:59:59,38.6,26.05,0.0,52580.1445,359.1762,14.1549,38.16,6.612,0.0
lisbon,38.75,-9.125,2026-06-27 22:25:02,2026-07-07 23:59:59,37.4,22.8,0.0,52528.5508,10.2182,20.9335,48.6,11.7038,0.0
lisbon,38.75,-9.125,2026-06-27 22:25:02,2026-07-08 23:59:59,33.35,19.2,0.0,51261.3281,5.0057,16.5756,46.08,11.7904,0.0
lisbon,38.75,-9.125,2026-06-27 22:25:02,2026-07-09 23:59:59,31.6,18.65,0.0,47169.1367,5.6841,16.4313,41.04,9.2879,1.0833
lisbon,38.75,-9.125,2026-06-27 22:25:02,2026-07-10 23:59:59,36.7,19.45,0.8,51253.1562,18.2548,15.2278,49.68,6.5115,0.625
vienna,48.2,16.38,2026-06-27 22:25:02,2026-06-26 23:59:59,35.9215,22.8715,0.0,52829.5352,75.4655,10.4957,20.52,4.2786,0.0
vienna,48.2,16.38,2026-06-27 22:25:02,2026-06-27 23:59:59,36.6715,24.9215,0.0,52017.5977,141.2192,14.7775,35.28,8.006,0.0
vienna,48.2,16.38,2026-06-27 22:25:02,2026-06-28 23:59:59,39.5715,24.4215,0.0,52441.5859,161.1271,17.9748,45.36,8.4743,0.0
vienna,48.2,16.38,2026-06-27 22:25:02,2026-06-29 23:59:59,37.5257,24.08,0.225,51634.418,288.7929,24.0231,64.44,10.4525,3.2083
vienna,48.2,16.38,2026-06-27 22:25:02,2026-06-30 23:59:59,34.28,23.63,0.2,45606.8672,332.5573,16.9812,41.76,11.1683,3.25
vienna,48.2,16.38,2026-06-27 22:25:02,2026-07-01 23:59:59,30.78,19.13,2.7,39338.5469,293.3282,21.1299,54.0,13.1732,29.0833
vienna,48.2,16.38,2026-06-27 22:25:02,2026-07-02 23:59:59,27.113,18.53,0.0,40971.0234,325.0688,19.681,49.86,14.9771,16.3438
vienna,48.2,16.38,2026-06-27 22:25:02,2026-07-03 23:59:59,24.913,17.863,1.2,22222.9219,298.3761,20.6177,53.28,15.0391,4.8333
vienna,48.2,16.38,2026-06-27 22:25:02,2026-07-04 23:59:59,21.863,15.563,0.0,38482.9688,313.7174,24.9934,61.2,21.3389,4.2188
vienna,48.2,16.38,2026-06-27 22:25:02,2026-07-05 23:59:59,28.9,18.8315,1.2,56631.1289,317.6776,16.5952,53.28,14.2955,9.75
vienna,48.2,16.38,2026-06-27 22:25:02,2026-07-06 23:59:59,27.4,18.25,0.0,54750.5117,317.562,13.337,41.76,10.4132,14.8333
vienna,48.2,16.38,2026-06-27 22:25:02,2026-07-07 23:59:59,29.05,19.6,0.0,56483.1094,320.0284,8.0277,41.76,7.2113,12.875
vienna,48.2,16.38,2026-06-27 22:25:02,2026-07-08 23:59:59,32.15,21.5,0.0,56402.2188,129.5469,10.2852,26.28,5.5618,12.7083
vienna,48.2,16.38,2026-06-27 22:25:02,2026-07-09 23:59:59,36.2,24.35,0.0,56316.9492,248.7562,7.9077,30.24,4.2785,11.2917
vienna,48.2,16.38,2026-06-27 22:25:02,2026-07-10 23:59:59,37.85,26.3,0.0,56227.4336,296.1869,8.5571,28.44,5.7994,10.1667
bergen,60.39,5.3183,2026-06-27 22:25:02,2026-06-26 23:59:59,20.011,13.661,12.6,0.0,156.3203,12.96,26.64,7.755,54.4583
bergen,60.39,5.3183,2026-06-27 22:25:02,2026-06-27 23:59:59,23.311,15.711,1.2,36819.0547,163.7374,21.24,40.68,10.98,32.7917
bergen,60.39,5.3183,2026-06-27 22:25:02,2026-06-28 23:59:59,21.611,17.061,6.2,10545.1387,154.4038,22.32,43.56,19.155,49.75
bergen,60.39,5.3183,2026-06-27 22:25:02,2026-06-29 23:59:59,18.461,15.011,0.5,15468.4795,177.0558,19.8,37.8,14.235,56.2917
bergen,60.39,5.3183,2026-06-27 22:25:02,2026-06-30 23:59:59,18.05,9.65,0.05,57333.9922,185.7647,8.6137,23.04,6.2048,29.7917
bergen,60.39,5.3183,2026-06-27 22:25:02,2026-07-01 23:59:59,17.1,11.75,2.3,52672.7891,246.1247,9.735,26.64,5.184,20.0
bergen,60.39,5.3183,2026-06-27 22:25:02,2026-07-02 23:59:59,14.1,10.8,14.5,7754.918,168.1485,14.0412,33.12,9.1384,53.4583
bergen,60.39,5.3183,2026-06-27 22:25:02,2026-07-03 23:59:59,13.5,11.25,11.7,47882.543,256.1002,19.119,53.64,14.9941,66.25
bergen,60.39,5.3183,2026-06-27 22:25:02,2026-07-04 23:59:59,13.2,9.85,15.4,38025.5664,272.6098,19.6497,48.24,13.3102,74.9167
bergen,60.39,5.3183,2026-06-27 22:25:02,2026-07-05 23:59:59,11.45,9.15,14.6,0.0,236.7724,14.1389,34.56,9.3382,67.0417
bergen,60.39,5.3183,2026-06-27 22:25:02,2026-07-06 23:59:59,12.6,11.2,12.4,0.0,223.362,17.0573,37.08,13.2233,63.5
bergen,60.39,5.3183,2026-06-27 22:25:02,2026-07-07 23:59:59,16.25,12.35,4.8,0.0,186.923,24.1072,58.32,17.6381,53.5833
bergen,60.39,5.3183,2026-06-27 22:25:02,2026-07-08 23:59:59,19.15,12.45,5.6,28148.9492,207.1104,18.044,46.44,12.2806,44.4167
bergen,60.39,5.3183,2026-06-27 22:25:02,2026-07-09 23:59:59,13.35,9.4,2.6,64883.375,281.4776,20.209,49.32,14.5759,41.0
bergen,60.39,5.3183,2026-06-27 22:25:02,2026-07-10 23:59:59,12.65,8.6,14.8,0.0,179.1408,24.6751,59.76,14.5791,40.75
stockholm,59.3289,18.0724,2026-06-27 22:25:02,2026-06-26 23:59:59,26.0675,17.0675,0.0,40384.7773,197.9129,23.4,46.44,12.9,0.0
stockholm,59.3289,18.0724,2026-06-27 22:25:02,2026-06-27 23:59:59,27.8675,19.3675,0.0,46762.4336,125.5536,16.56,36.36,10.68,13.7917
stockholm,59.3289,18.0724,2026-06-27 22:25:02,2026-06-28 23:59:59,31.4175,21.1175,18.1,26945.998,200.8859,25.2,91.44,10.275,26.5
stockholm,59.3289,18.0724,2026-06-27 22:25:02,2026-06-29 23:59:59,28.2175,19.7675,0.0,47011.7617,261.1956,19.8,38.88,12.705,5.2917
stockholm,59.3289,18.0724,2026-06-27 22:25:02,2026-06-30 23:59:59,23.8,16.8,1.0,58511.7539,182.7188,16.808,33.39,8.7487,6.3333
stockholm,59.3289,18.0724,2026-06-27 22:25:02,2026-07-01 23:59:59,22.45,16.0,0.0,33006.7734,137.0303,10.4864,27.72,7.4601,5.0417
stockholm,59.3289,18.0724,2026-06-27 22:25:02,2026-07-02 23:59:59,23.45,14.8,1.9,56981.5469,219.6622,11.6124,35.28,6.5478,19.2083
stockholm,59.3289,18.0724,2026-06-27 22:25:02,2026-07-03 23:59:59,22.25,14.9,1.4,63295.1914,287.9263,20.2282,51.48,9.8195,34.2917
stockholm,59.3289,18.0724,2026-06-27 22:25:02,2026-07-04 23:59:59,18.75,13.8,5.2,40446.0781,214.6552,14.9822,37.8,6.8734,27.0
stockholm,59.3289,18.0724,2026-06-27 22:25:02,2026-07-05 23:59:59,19.1,13.55,3.2,58804.75,324.7645,16.8865,43.56,9.9391,33.5833
stockholm,59.3289,18.0724,2026-06-27 22:25:02,2026-07-06 23:59:59,21.1,13.85,0.0,64299.5859,265.648,14.9346,39.24,9.5055,27.9583
stockholm,59.3289,18.0724,2026-06-27 22:25:02,2026-07-07 23:59:59,23.35,15.9,0.0,64236.3203,265.1199,16.5756,38.88,11.7699,18.5417
stockholm,59.3289,18.0724,2026-06-27 22:25:02,2026-07-08 23:59:59,21.7,17.0,3.6,64168.9141,263.3699,16.216,38.88,11.082,18.0833
stockholm,59.3289,18.0724,2026-06-27 22:25:02,2026-07-09 23:59:59,23.6,15.3,0.0,56231.9062,247.1897,25.6005,62.64,12.1995,15.0833
stockholm,59.3289,18.0724,2026-06-27 22:25:02,2026-07-10 23:59:59,19.25,13.45,0.0,64022.2461,285.2791,17.9034,45.36,9.8766,17.6667
aachen,50.782,6.09,2026-06-28 13:16:11,2026-06-27 23:59:59,36.726,24.926,2.2,28291.9961,128.7107,30.96,63.0,10.95,18.0833
aachen,50.782,6.09,2026-06-28 13:16:11,2026-06-28 23:59:59,30.376,21.826,0.1,45879.1523,289.9413,19.08,32.4,9.63,14.7083
aachen,50.782,6.09,2026-06-28 13:16:11,2026-06-29 23:59:59,27.426,19.726,6.3,42282.582,284.1783,12.24,26.64,8.475,14.2083
aachen,50.782,6.09,2026-06-28 13:16:11,2026-06-30 23:59:59,26.676,18.376,0.0,25671.4121,284.7834,12.6,27.72,5.8837,9.9583
aachen,50.782,6.09,2026-06-28 13:16:11,2026-07-01 23:59:59,24.85,14.8,1.5,56830.2891,277.9434,15.6269,36.72,11.8146,14.5417
aachen,50.782,6.09,2026-06-28 13:16:11,2026-07-02 23:59:59,25.15,15.05,1.2,57766.125,259.2782,23.7491,53.64,15.7846,11.0833
aachen,50.782,6.09,2026-06-28 13:16:11,2026-07-03 23:59:59,23.6,12.85,0.0,58202.3047,290.6994,10.7895,27.72,6.8181,7.8333
aachen,50.782,6.09,2026-06-28 13:16:11,2026-07-04 23:59:59,25.9,16.35,0.0,58132.2891,271.496,17.1935,42.48,14.3539,3.5417
aachen,50.782,6.09,2026-06-28 13:16:11,2026-07-05 23:59:59,26.7,16.05,0.0,58056.7148,298.3916,17.3884,42.48,9.9924,12.5833
aachen,50.782,6.09,2026-06-28 13:16:11,2026-07-06 23:59:59,28.9,17.5,0.0,57704.4141,45.3045,10.5649,39.6,7.6739,6.4167
aachen,50.782,6.09,2026-06-28 13:16:11,2026-07-07 23:59:59,34.15,22.2,0.0,57693.1875,107.7677,11.4862,25.92,7.2582,4.4167
aachen,50.782,6.09,2026-06-28 13:16:11,2026-07-08 23:59:59,34.8,24.5,0.0,57680.0859,31.7711,14.2564,34.56,7.6985,4.7083
aachen,50.782,6.09,2026-06-28 13:16:11,2026-07-09 23:59:59,35.55,24.7,0.0,57665.4336,320.1311,15.1221,39.24,8.4243,2.1667
aachen,50.782,6.09,2026-06-28 13:16:11,2026-07-10 23:59:59,33.2,25.0,0.0,56252.6016,355.2073,11.2309,34.2,7.0401,4.4583
aachen,50.782,6.09,2026-06-28 13:16:11,2026-07-11 23:59:59,35.0,23.4,0.0,57185.8711,64.3444,8.4772,27.0,5.1273,6.1667
munich,48.14,11.58,2026-06-28 13:16:11,2026-06-27 23:59:59,35.865,18.115,0.0,52460.2891,78.1238,11.5256,22.68,5.1646,0.0
munich,48.14,11.58,2026-06-28 13:16:11,2026-06-28 23:59:59,34.265,22.315,0.0,43979.957,256.2392,21.9865,46.44,10.9065,5.4167
munich,48.14,11.58,2026-06-28 13:16:11,2026-06-29 23:59:59,30.815,20.165,0.5,39892.457,291.9182,22.4733,55.08,9.2447,38.4583
munich,48.14,11.58,2026-06-28 13:16:11,2026-06-30 23:59:59,28.3715,19.815,1.7,26682.5078,47.5118,8.3734,21.24,4.5569,30.5833
munich,48.14,11.58,2026-06-28 13:16:11,2026-07-01 23:59:59,21.6215,16.9715,25.4,0.0,264.7199,12.6051,39.24,7.0077,80.75
munich,48.14,11.58,2026-06-28 13:16:11,2026-07-02 23:59:59,24.8715,14.7715,0.2,55920.9883,289.757,11.3042,32.04,6.8473,18.7083
munich,48.14,11.58,2026-06-28 13:16:11,2026-07-03 23:59:59,23.058,16.158,13.6,42436.1992,256.4863,13.3394,38.52,8.6755,9.0417
munich,48.14,11.58,2026-06-28 13:16:11,2026-07-04 23:59:59,22.008,14.808,1.9,36000.0,280.7288,16.4185,37.8,9.1599,6.4167
munich,48.14,11.58,2026-06-28 13:16:11,2026-07-05 23:59:59,25.75,13.408,1.15,47745.3945,294.1977,15.1243,35.28,10.4027,8.7604
munich,48.14,11.58,2026-06-28 13:16:11,2026-07-06 23:59:59,26.45,16.75,0.0,56098.0039,81.6145,8.0599,42.48,4.9353,6.0417
munich,48.14,11.58,2026-06-28 13:16:11,2026-07-07 23:59:59,31.2,18.55,0.0,56064.6328,90.6961,11.8445,35.64,7.5399,7.25
munich,48.14,11.58,2026-06-28 13:16:11,2026-07-08 23:59:59,33.75,19.55,0.0,56030.3203,73.6552,8.09,28.44,4.941,7.2083
munich,48.14,11.58,2026-06-28 13:16:11,2026-07-09 23:59:59,35.35,22.6,0.0,55995.1211,307.9542,9.8541,33.48,5.7171,5.375
munich,48.14,11.58,2026-06-28 13:16:11,2026-07-10 23:59:59,35.35,23.35,2.8,55760.8125,225.8653,10.788,34.2,5.9997,4.125
munich,48.14,11.58,2026-06-28 13:16:11,2026-07-11 23:59:59,29.7,20.35,2.6,40205.7383,214.0838,13.0447,32.04,6.9784,9.0
hamburg,53.56,10.0,2026-06-28 13:16:11,2026-06-27 23:59:59,38.3735,23.3735,0.2,53249.7539,120.4902,21.0961,50.76,5.9649,9.0833
hamburg,53.56,10.0,2026-06-28 13:16:11,2026-06-28 23:59:59,31.7735,21.3735,0.4,47426.8477,346.5255,18.5321,38.52,10.24,6.2917
hamburg,53.56,10.0,2026-06-28 13:16:11,2026-06-29 23:59:59,26.2235,18.0235,0.0,28184.9707,304.4257,16.4855,34.2,9.9604,18.5833
hamburg,53.56,10.0,2026-06-28 13:16:11,2026-06-30 23:59:59,27.215,14.5735,0.1,50750.8867,5.531,10.8956,27.0,6.3426,2.125
hamburg,53.56,10.0,2026-06-28 13:16:11,2026-07-01 23:59:59,24.265,16.565,4.5,45551.4375,300.4341,9.2205,27.72,3.8093,35.2917
hamburg,53.56,10.0,2026-06-28 13:16:11,2026-07-02 23:59:59,23.065,15.865,3.9,37196.5938,254.788,17.2837,41.76,11.2626,9.9167
hamburg,53.56,10.0,2026-06-28 13:16:11,2026-07-03 23:59:59,20.726,13.915,3.0,57833.1367,280.1072,20.4314,53.64,16.2699,11.2292
hamburg,53.56,10.0,2026-06-28 13:16:11,2026-07-04 23:59:59,17.826,12.876,4.5,44851.7617,271.4026,21.7465,54.72,15.9446,13.875
hamburg,53.56,10.0,2026-06-28 13:16:11,2026-07-05 23:59:59,22.1,11.576,5.25,54784.0859,284.8366,24.1388,54.0,16.838,29.0417
hamburg,53.56,10.0,2026-06-28 13:16:11,2026-07-06 23:59:59,24.05,16.15,0.0,59440.9805,290.1302,17.2809,42.12,13.0526,21.0833
hamburg,53.56,10.0,2026-06-28 13:16:11,2026-07-07 23:59:59,31.05,17.9,0.0,59610.9922,269.1704,11.3514,30.96,8.979,14.4583
hamburg,53.56,10.0,2026-06-28 13:16:11,2026-07-08 23:59:59,30.05,20.65,0.0,59506.1641,304.0841,14.2564,41.4,9.1911,10.125
hamburg,53.56,10.0,2026-06-28 13:16:11,2026-07-09 23:59:59,30.55,18.35,0.0,59395.793,297.6793,10.348,32.04,4.6464,5.4583
hamburg,53.56,10.0,2026-06-28 13:16:11,2026-07-10 23:59:59,30.0,20.9,0.0,59280.0586,323.6605,13.6195,35.64,8.212,4.0417
hamburg,53.56,10.0,2026-06-28 13:16:11,2026-07-11 23:59:59,29.0,16.6,0.0,59159.1719,319.6178,9.9847,33.12,6.0582,5.0417
freiburg,48.0,7.84,2026-06-28 13:16:11,2026-06-27 23:59:59,39.048,24.098,0.0,54000.0,181.2825,10.5879,20.88,6.2229,0.0
freiburg,48.0,7.84,2026-06-28 13:16:11,2026-06-28 23:59:59,37.298,25.548,0.0,51477.0664,280.0081,19.9954,41.76,10.2726,5.5833
freiburg,48.0,7.84,2026-06-28 13:16:11,2026-06-29 23:59:59,30.848,22.448,0.1,47871.1758,356.6598,21.389,44.28,10.4255,20.0833
freiburg,48.0,7.84,2026-06-28 13:16:11,2026-06-30 23:59:59,30.631,18.248,0.7,46701.3086,335.9345,7.8851,21.6,4.923,12.625
freiburg,48.0,7.84,2026-06-28 13:16:11,2026-07-01 23:59:59,26.131,20.381,2.0,40596.3281,30.3987,9.6598,29.52,4.9035,32.75
freiburg,48.0,7.84,2026-06-28 13:16:11,2026-07-02 23:59:59,27.331,16.681,0.0,55545.7656,319.022,8.4351,23.4,4.378,0.8333
freiburg,48.0,7.84,2026-06-28 13:16:11,2026-07-03 23:59:59,27.5155,19.2771,0.3,53541.9141,313.5434,14.7995,33.12,7.3621,0.4688
freiburg,48.0,7.84,2026-06-28 13:16:11,2026-07-04 23:59:59,26.3155,13.9655,0.0,50767.4766,315.9919,14.2006,34.2,7.4858,1.625
freiburg,48.0,7.84,2026-06-28 13:16:11,2026-07-05 23:59:59,28.7,13.0655,0.0,53361.6016,13.1095,14.6191,34.02,8.1351,1.25
freiburg,48.0,7.84,2026-06-28 13:16:11,2026-07-06 23:59:59,31.1,18.6,0.0,56163.1602,359.4833,16.3206,42.84,8.5314,3.0
freiburg,48.0,7.84,2026-06-28 13:16:11,2026-07-07 23:59:59,34.3,19.55,0.0,56156.0703,253.1013,8.8273,31.68,5.3551,1.25
freiburg,48.0,7.84,2026-06-28 13:16:11,2026-07-08 23:59:59,36.7,21.8,0.0,55734.75,227.5896,6.1094,18.72,3.2183,4.125
freiburg,48.0,7.84,2026-06-28 13:16:11,2026-07-09 23:59:59,37.75,23.55,0.0,55725.1836,189.1131,5.2571,21.24,3.3292,2.4167
freiburg,48.0,7.84,2026-06-28 13:16:11,2026-07-10 23:59:59,33.45,24.65,0.6,54982.1914,335.8208,13.5706,29.16,7.3433,3.4583
freiburg,48.0,7.84,2026-06-28 13:16:11,2026-07-11 23:59:59,34.45,21.75,0.0,55291.1367,355.091,5.9916,29.16,3.5191,4.7917
leipzig,51.34,12.38,2026-06-28 13:16:11,2026-06-27 23:59:59,39.113,25.063,0.0,55010.3984,168.2471,9.5857,21.96,4.7302,0.0
leipzig,51.34,12.38,2026-06-28 13:16:11,2026-06-28 23:59:59,38.363,26.713,0.0,52133.8711,287.7777,18.581,43.92,8.765,7.0417
leipzig,51.34,12.38,2026-06-28 13:16:11,2026-06-29 23:59:59,30.213,18.763,2.1,20566.3066,341.3517,17.9025,45.0,8.2116,36.0
leipzig,51.34,12.38,2026-06-28 13:16:11,2026-06-30 23:59:59,24.265,18.263,3.7,15987.4189,26.949,11.2121,26.28,5.8523,10.625
leipzig,51.34,12.38,2026-06-28 13:16:11,2026-07-01 23:59:59,20.865,17.765,7.0,448.0202,307.0261,9.3392,25.2,6.1105,42.375
leipzig,51.34,12.38,2026-06-28 13:16:11,2026-07-02 23:59:59,26.565,15.515,1.9,56347.3203,272.4734,11.3671,33.84,7.1047,4.875
leipzig,51.34,12.38,2026-06-28 13:16:11,2026-07-03 23:59:59,22.826,15.3302,2.9,57191.293,293.4325,14.1824,39.96,10.3707,20.5521
leipzig,51.34,12.38,2026-06-28 13:16:11,2026-07-04 23:59:59,21.276,12.726,2.4,48899.0586,271.0335,14.4718,45.36,11.7084,8.6667
leipzig,51.34,12.38,2026-06-28 13:16:11,2026-07-05 23:59:59,21.65,11.226,2.25,54801.7734,283.8224,16.9879,51.12,11.6009,16.6875
leipzig,51.34,12.38,2026-06-28 13:16:11,2026-07-06 23:59:59,24.85,16.2,0.0,58309.0469,318.9836,10.8792,32.76,7.7407,11.5833
leipzig,51.34,12.38,2026-06-28 13:16:11,2026-07-07 23:59:59,30.9,17.45,0.0,58220.4102,204.9438,10.2616,24.12,6.6336,6.7083
leipzig,51.34,12.38,2026-06-28 13:16:11,2026-07-08 23:59:59,35.1,20.65,0.0,58126.5859,279.7977,14.4,42.48,9.2496,4.5417
leipzig,51.34,12.38,2026-06-28 13:16:11,2026-07-09 23:59:59,32.9,21.85,0.0,58027.7266,46.3617,9.72,32.4,4.535,6.375
leipzig,51.34,12.38,2026-06-28 13:16:11,2026-07-10 23:59:59,33.55,22.95,0.0,56820.875,36.6899,9.1729,24.12,4.8181,4.125
leipzig,51.34,12.38,2026-06-28 13:16:11,2026-07-11 23:59:59,30.65,23.65,0.6,54691.1992,123.4804,9.7931,32.76,7.0601,5.625
frankfurt,50.12,8.68,2026-06-28 13:16:11,2026-06-27 23:59:59,40.293,24.843,0.0,54000.0,144.0578,11.7539,32.04,5.1337,0.0
frankfurt,50.12,8.68,2026-06-28 13:16:11,2026-06-28 23:59:59,37.243,26.343,0.0,53833.9453,339.4205,14.7775,34.92,7.7721,2.7083
frankfurt,50.12,8.68,2026-06-28 13:16:11,2026-06-29 23:59:59,27.543,19.793,15.1,18432.6562,2.6118,17.673,42.48,12.6846,23.2917
frankfurt,50.12,8.68,2026-06-28 13:16:11,2026-06-30 23:59:59,30.5475,17.443,0.0,50200.5391,32.3913,9.5043,28.08,6.1535,5.0833
frankfurt,50.12,8.68,2026-06-28 13:16:11,2026-07-01 23:59:59,26.9975,18.3475,0.6,39089.1367,318.0316,14.0077,38.88,7.4108,21.4583
frankfurt,50.12,8.68,2026-06-28 13:16:11,2026-07-02 23:59:59,27.3975,14.7475,0.3,49164.9883,268.1913,12.2612,32.76,6.064,1.875
frankfurt,50.12,8.68,2026-06-28 13:16:11,2026-07-03 23:59:59,25.252,15.602,0.3,49253.1953,292.0246,11.4806,31.68,6.6079,9.2917
frankfurt,50.12,8.68,2026-06-28 13:16:11,2026-07-04 23:59:59,23.302,12.452,0.6,56715.8281,275.6092,14.4808,45.0,8.3168,3.8333
frankfurt,50.12,8.68,2026-06-28 13:16:11,2026-07-05 23:59:59,28.05,12.152,0.0,46319.332,308.6505,15.4632,41.04,9.3091,6.6458
frankfurt,50.12,8.68,2026-06-28 13:16:11,2026-07-06 23:59:59,30.0,19.55,0.0,57573.3477,21.3015,10.1441,29.88,8.519,3.125
frankfurt,50.12,8.68,2026-06-28 13:16:11,2026-07-07 23:59:59,35.05,20.85,0.0,57489.9375,52.1192,8.1498,23.76,6.7597,3.0833
frankfurt,50.12,8.68,2026-06-28 13:16:11,2026-07-08 23:59:59,37.5,22.8,0.0,57401.6133,53.4017,8.8567,33.12,4.6241,5.125
frankfurt,50.12,8.68,2026-06-28 13:16:11,2026-07-09 23:59:59,37.3,24.8,0.0,52821.0625,36.7996,13.7674,32.76,8.6265,4.5
frankfurt,50.12,8.68,2026-06-28 13:16:11,2026-07-10 23:59:59,35.3,20.8,1.6,49540.3359,31.9024,22.17,65.52,13.6282,3.0833
frankfurt,50.12,8.68,2026-06-28 13:16:11,2026-07-11 23:59:59,34.0,21.0,0.2,56994.457,35.9023,6.6014,51.48,5.076,7.7917
darmstadt,49.88,8.64,2026-06-28 13:16:11,2026-06-27 23:59:59,40.1545,24.6545,0.0,54000.0,156.4325,11.2006,27.36,5.1352,0.0
darmstadt,49.88,8.64,2026-06-28 13:16:11,2026-06-28 23:59:59,37.6545,25.7045,0.0,50653.875,285.7034,15.576,37.44,6.4205,2.625
darmstadt,49.88,8.64,2026-06-28 13:16:11,2026-06-29 23:59:59,27.1045,19.2545,10.8,20772.8496,9.7523,14.4045,55.08,8.3484,21.625
darmstadt,49.88,8.64,2026-06-28 13:16:11,2026-06-30 23:59:59,30.5135,16.7545,0.0,45436.9609,43.9583,8.1618,24.48,5.2605,6.2917
darmstadt,49.88,8.64,2026-06-28 13:16:11,2026-07-01 23:59:59,27.4135,18.5135,1.8,37342.4805,308.5101,15.0038,39.96,8.6069,22.2917
darmstadt,49.88,8.64,2026-06-28 13:16:11,2026-07-02 23:59:59,27.8135,15.5635,0.1,54445.9844,278.0943,11.5256,31.68,7.1656,1.875
darmstadt,49.88,8.64,2026-06-28 13:16:11,2026-07-03 23:59:59,24.9505,16.1005,0.2,43115.0469,302.3914,12.98,32.04,7.3364,9.4583
darmstadt,49.88,8.64,2026-06-28 13:16:11,2026-07-04 23:59:59,24.1505,12.2005,0.6,56412.4805,280.0805,15.7908,43.92,9.4035,3.8333
darmstadt,49.88,8.64,2026-06-28 13:16:11,2026-07-05 23:59:59,28.4,12.4505,0.0,45130.9453,304.9447,17.3399,47.88,10.5221,6.6458
darmstadt,49.88,8.64,2026-06-28 13:16:11,2026-07-06 23:59:59,30.7,20.05,0.0,57455.5859,18.8487,9.9016,37.44,7.7858,3.125
darmstadt,49.88,8.64,2026-06-28 13:16:11,2026-07-07 23:59:59,35.9,22.25,0.0,57372.9961,69.3368,10.4834,24.12,5.1867,3.0833
darmstadt,49.88,8.64,2026-06-28 13:16:11,2026-07-08 23:59:59,37.55,23.45,0.0,57285.5391,86.1494,9.9049,33.12,4.9189,5.125
darmstadt,49.88,8.64,2026-06-28 13:16:11,2026-07-09 23:59:59,38.35,25.4,0.0,51187.6289,36.3046,11.7,34.2,7.1975,4.5
darmstadt,49.88,8.64,2026-06-28 13:16:11,2026-07-10 23:59:59,35.4,21.9,3.0,52991.2422,15.8489,26.7547,60.84,13.9192,3.0833
darmstadt,49.88,8.64,2026-06-28 13:16:11,2026-07-11 23:59:59,34.4,21.9,0.6,56970.4766,22.83,8.7091,56.52,6.2777,7.7917
berlin,52.52,13.4,2026-06-28 13:16:11,2026-06-27 23:59:59,39.502,22.502,0.0,48759.6836,120.1836,10.1887,23.04,6.6167,0.6667
berlin,52.52,13.4,2026-06-28 13:16:11,2026-06-28 23:59:59,39.202,26.202,0.0,53462.9961,345.3321,19.4533,43.56,9.3365,7.1667
berlin,52.52,13.4,2026-06-28 13:16:11,2026-06-29 23:59:59,32.252,19.002,4.9,39305.2109,359.8971,21.9157,48.96,9.332,22.25
berlin,52.52,13.4,2026-06-28 13:16:11,2026-06-30 23:59:59,27.989,18.652,26.6,42148.543,59.3179,10.6611,25.2,6.7864,6.9583
berlin,52.52,13.4,2026-06-28 13:16:11,2026-07-01 23:59:59,24.139,18.839,4.0,15787.7314,351.0274,10.3653,28.44,7.001,34.0
berlin,52.52,13.4,2026-06-28 13:16:11,2026-07-02 23:59:59,26.439,16.639,1.7,56694.8086,264.8793,12.4967,36.72,7.6282,3.8333
berlin,52.52,13.4,2026-06-28 13:16:11,2026-07-03 23:59:59,22.326,15.489,2.4,57600.0,283.2279,16.5208,43.2,12.8314,19.1146
berlin,52.52,13.4,2026-06-28 13:16:11,2026-07-04 23:59:59,20.476,13.626,5.8,52100.1641,274.6126,15.3918,46.8,13.472,9.3333
berlin,52.52,13.4,2026-06-28 13:16:11,2026-07-05 23:59:59,22.8,12.026,2.2,56790.1836,287.2547,18.7325,54.0,14.4817,23.1354
berlin,52.52,13.4,2026-06-28 13:16:11,2026-07-06 23:59:59,24.95,16.15,0.2,57864.1719,292.8787,14.5121,38.88,11.1701,17.4583
berlin,52.52,13.4,2026-06-28 13:16:11,2026-07-07 23:59:59,32.45,18.35,0.0,58940.0547,264.7231,13.3212,38.88,10.3884,11.25
berlin,52.52,13.4,2026-06-28 13:16:11,2026-07-08 23:59:59,32.95,22.75,0.0,58809.793,311.8955,15.8829,43.56,10.7026,9.5
berlin,52.52,13.4,2026-06-28 13:16:11,2026-07-09 23:59:59,33.3,20.85,0.0,58755.793,72.7149,6.747,38.88,4.0182,7.8333
berlin,52.52,13.4,2026-06-28 13:16:11,2026-07-10 23:59:59,34.5,24.2,0.0,58645.7734,268.8387,10.0945,33.12,8.6999,4.5833
berlin,52.52,13.4,2026-06-28 13:16:11,2026-07-11 23:59:59,34.05,22.55,0.0,58530.8281,353.7049,10.0559,33.12,6.8697,6.5833
valencia,39.5,-0.375,2026-06-28 13:16:11,2026-06-27 23:59:59,30.0825,22.7825,0.0,50400.0,83.3953,14.3459,35.64,6.9194,0.0
valencia,39.5,-0.375,2026-06-28 13:16:11,2026-06-28 23:59:59,30.3825,22.3325,0.0,47175.7656,75.6812,14.418,36.72,6.4491,0.7917
valencia,39.5,-0.375,2026-06-28 13:16:11,2026-06-29 23:59:59,31.4825,23.1825,0.0,46884.2266,90.0,14.0815,34.56,6.4442,0.0
valencia,39.5,-0.375,2026-06-28 13:16:11,2026-06-30 23:59:59,33.9825,23.4825,0.0,50400.0,140.9645,18.8442,42.84,7.2824,0.0
valencia,39.5,-0.375,2026-06-28 13:16:11,2026-07-01 23:59:59,30.9325,24.6325,0.0,51874.7617,69.6768,15.4967,37.08,8.8156,0.2083
valencia,39.5,-0.375,2026-06-28 13:16:11,2026-07-02 23:59:59,30.0825,24.8325,0.0,51953.4297,102.2251,16.9812,40.68,7.6119,0.5833
valencia,39.5,-0.375,2026-06-28 13:16:11,2026-07-03 23:59:59,36.4145,22.069,0.0,52156.3398,122.9589,17.9062,41.4,7.5668,0.0
valencia,39.5,-0.375,2026-06-28 13:16:11,2026-07-04 23:59:59,32.5145,22.4145,0.0,51959.2539,80.6694,18.3917,42.48,8.2643,0.0
valencia,39.5,-0.375,2026-06-28 13:16:11,2026-07-05 23:59:59,31.35,22.1145,0.0,52008.6875,74.0975,13.3826,42.12,8.5947,0.0
valencia,39.5,-0.375,2026-06-28 13:16:11,2026-07-06 23:59:59,33.0,25.1,0.0,51993.2852,100.9877,14.2564,39.24,7.9071,0.0
valencia,39.5,-0.375,2026-06-28 13:16:11,2026-07-07 23:59:59,32.6,26.2,0.0,51976.0703,76.2305,12.1723,37.44,7.9368,0.5
valencia,39.5,-0.375,2026-06-28 13:16:11,2026-07-08 23:59:59,32.5,24.6,0.0,51957.0352,101.5715,13.0609,41.04,7.1707,0.5
valencia,39.5,-0.375,2026-06-28 13:16:11,2026-07-09 23:59:59,31.85,25.3,0.0,51936.1914,88.3853,14.0596,41.76,7.4227,1.5417
valencia,39.5,-0.375,2026-06-28 13:16:11,2026-07-10 23:59:59,31.6,25.45,0.0,51913.5312,91.6059,13.204,39.24,7.5252,0.625
valencia,39.5,-0.375,2026-06-28 13:16:11,2026-07-11 23:59:59,32.15,25.0,0.0,51892.6836,94.5116,12.9625,38.16,7.4277,2.7083
madrid,40.4375,-3.6875,2026-06-28 13:16:11,2026-06-27 23:59:59,34.2655,21.7655,0.0,52182.1211,225.4896,9.5111,29.52,4.7821,0.0
madrid,40.4375,-3.6875,2026-06-28 13:16:11,2026-06-28 23:59:59,33.3155,22.3155,0.6,43441.5859,50.9647,15.1414,41.04,5.8641,6.5417
madrid,40.4375,-3.6875,2026-06-28 13:16:11,2026-06-29 23:59:59,34.6155,20.7655,0.0,51490.7148,55.485,15.2735,39.6,9.2505,0.0
madrid,40.4375,-3.6875,2026-06-28 13:16:11,2026-06-30 23:59:59,36.3155,23.1155,0.0,50803.1602,76.9812,16.5483,45.36,4.8102,0.0
madrid,40.4375,-3.6875,2026-06-28 13:16:11,2026-07-01 23:59:59,36.6655,23.1655,0.0,53027.0469,39.2057,18.3565,50.04,11.8294,0.0
madrid,40.4375,-3.6875,2026-06-28 13:16:11,2026-07-02 23:59:59,33.6155,17.9655,0.0,53018.1953,52.291,18.0898,49.68,16.8876,0.0
madrid,40.4375,-3.6875,2026-06-28 13:16:11,2026-07-03 23:59:59,36.359,19.7356,0.0,53010.7305,57.4001,15.8154,43.56,8.2458,0.0
madrid,40.4375,-3.6875,2026-06-28 13:16:11,2026-07-04 23:59:59,38.009,22.959,0.0,52998.1523,53.8444,12.8898,32.4,10.0269,0.0
madrid,40.4375,-3.6875,2026-06-28 13:16:11,2026-07-05 23:59:59,39.35,20.659,0.0,52968.1133,67.125,15.0211,37.44,10.4704,4.125
madrid,40.4375,-3.6875,2026-06-28 13:16:11,2026-07-06 23:59:59,38.65,25.7,0.0,52951.7539,66.1527,14.2006,36.36,8.2845,5.4167
madrid,40.4375,-3.6875,2026-06-28 13:16:11,2026-07-07 23:59:59,37.85,26.6,0.6,52933.5234,165.9033,19.3138,48.96,10.1665,7.875
madrid,40.4375,-3.6875,2026-06-28 13:16:11,2026-07-08 23:59:59,38.45,25.35,0.0,52913.418,73.3863,15.9633,48.96,9.3552,6.625
madrid,40.4375,-3.6875,2026-06-28 13:16:11,2026-07-09 23:59:59,39.1,26.4,0.0,52891.4453,41.3694,12.0169,43.2,7.0698,11.875
madrid,40.4375,-3.6875,2026-06-28 13:16:11,2026-07-10 23:59:59,39.35,25.7,0.0,52867.6055,55.0435,11.2381,41.04,6.1457,14.2083
madrid,40.4375,-3.6875,2026-06-28 13:16:11,2026-07-11 23:59:59,39.55,26.0,0.0,52841.8984,71.3095,14.0007,48.24,8.3481,8.0417
london,51.5,-0.25,2026-06-28 13:16:11,2026-06-27 23:59:59,32.041,22.291,0.0,43200.0,207.0361,17.64,38.88,9.675,13.875
london,51.5,-0.25,2026-06-28 13:16:11,2026-06-28 23:59:59,24.491,18.991,0.0,24702.248,243.9681,19.8,43.56,15.345,4.25
london,51.5,-0.25,2026-06-28 13:16:11,2026-06-29 23:59:59,24.091,14.991,0.0,41371.3906,253.6128,16.56,36.36,10.935,0.0
london,51.5,-0.25,2026-06-28 13:16:11,2026-06-30 23:59:59,21.4045,17.041,0.3,54000.0,234.3134,16.56,35.28,11.88,4.75
london,51.5,-0.25,2026-06-28 13:16:11,2026-07-01 23:59:59,24.5045,15.8045,0.0,55344.1914,285.7775,15.48,33.48,11.97,1.5
london,51.5,-0.25,2026-06-28 13:16:11,2026-07-02 23:59:59,26.6545,15.8045,0.0,44409.2188,282.7573,15.12,32.4,13.95,4.5
london,51.5,-0.25,2026-06-28 13:16:11,2026-07-03 23:59:59,24.7045,15.5545,0.0,56574.8164,324.8159,12.24,25.2,7.11,0.25
london,51.5,-0.25,2026-06-28 13:16:11,2026-07-04 23:59:59,25.9045,18.0545,0.0,56292.3398,276.0797,21.6,44.28,12.6521,0.375
london,51.5,-0.25,2026-06-28 13:16:11,2026-07-05 23:59:59,30.8,19.7,0.0,56608.7188,310.2515,14.8704,35.28,7.5213,2.0
london,51.5,-0.25,2026-06-28 13:16:11,2026-07-06 23:59:59,32.45,22.2,0.0,56328.8906,193.681,9.6279,28.8,5.0362,1.0
london,51.5,-0.25,2026-06-28 13:16:11,2026-07-07 23:59:59,35.0,23.2,0.0,55158.5312,219.0829,12.2426,33.84,5.8557,0.5
london,51.5,-0.25,2026-06-28 13:16:11,2026-07-08 23:59:59,36.8,23.8,0.0,56665.5938,248.1985,8.3054,33.48,4.5693,1.5
london,51.5,-0.25,2026-06-28 13:16:11,2026-07-09 23:59:59,36.5,24.95,0.0,56537.8438,251.9299,9.7815,37.08,6.8089,1.375
london,51.5,-0.25,2026-06-28 13:16:11,2026-07-10 23:59:59,29.0,20.15,0.0,54193.5,58.5545,15.4433,41.4,13.3607,2.5
london,51.5,-0.25,2026-06-28 13:16:11,2026-07-11 23:59:59,29.05,17.2,1.4,55548.4297,29.3062,10.3041,40.68,6.709,3.625
amsterdam,52.366,4.901,2026-06-28 13:16:11,2026-06-27 23:59:59,31.3565,24.9065,4.6,43900.4648,354.6505,25.2,46.08,11.19,32.6667
amsterdam,52.366,4.901,2026-06-28 13:16:11,2026-06-28 23:59:59,27.1565,21.5565,22.7,53684.9219,239.3333,23.4,47.88,14.34,16.875
amsterdam,52.366,4.901,2026-06-28 13:16:11,2026-06-29 23:59:59,24.9065,19.6565,0.0,47893.4102,316.8214,16.2,34.92,11.895,1.125
amsterdam,52.366,4.901,2026-06-28 13:16:11,2026-06-30 23:59:59,25.6565,16.95,0.0,23604.3008,87.647,15.12,29.88,8.16,2.1667
amsterdam,52.366,4.901,2026-06-28 13:16:11,2026-07-01 23:59:59,22.2,15.25,1.9,57581.457,267.7825,16.7487,41.76,9.1247,16.125
amsterdam,52.366,4.901,2026-06-28 13:16:11,2026-07-02 23:59:59,20.0,15.15,3.3,51365.793,259.3069,21.9312,52.92,13.1846,11.5
amsterdam,52.366,4.901,2026-06-28 13:16:11,2026-07-03 23:59:59,20.8,13.9,0.0,59209.543,265.3712,14.0504,38.16,9.1964,2.75
amsterdam,52.366,4.901,2026-06-28 13:16:11,2026-07-04 23:59:59,21.25,16.35,0.0,58993.2148,287.6289,14.9411,36.72,10.8265,4.375
amsterdam,52.366,4.901,2026-06-28 13:16:11,2026-07-05 23:59:59,23.9,15.5,0.0,58982.5234,290.0987,16.8134,44.28,8.8651,8.7083
amsterdam,52.366,4.901,2026-06-28 13:16:11,2026-07-06 23:59:59,28.15,17.2,0.0,58963.9141,274.3834,5.3306,28.44,3.3954,6.5417
amsterdam,52.366,4.901,2026-06-28 13:16:11,2026-07-07 23:59:59,33.45,21.55,0.0,58870.4922,203.9783,6.2067,29.52,5.149,3.8333
amsterdam,52.366,4.901,2026-06-28 13:16:11,2026-07-08 23:59:59,33.65,21.8,0.0,58771.6055,63.3912,8.8658,26.64,4.7147,1.5
amsterdam,52.366,4.901,2026-06-28 13:16:11,2026-07-09 23:59:59,34.55,22.75,0.0,58449.5547,56.1038,8.46,29.16,5.317,3.25
amsterdam,52.366,4.901,2026-06-28 13:16:11,2026-07-10 23:59:59,28.7,19.25,0.0,58430.1758,34.2533,15.1767,42.12,11.0207,3.875
amsterdam,52.366,4.901,2026-06-28 13:16:11,2026-07-11 23:59:59,27.65,17.3,0.0,57940.457,47.7762,14.6874,37.44,12.5162,2.25
paris,48.86,2.36,2026-06-28 13:16:11,2026-06-27 23:59:59,36.565,22.065,0.3,47045.9219,343.3007,19.6719,47.52,9.2465,4.3333
paris,48.86,2.36,2026-06-28 13:16:11,2026-06-28 23:59:59,31.465,22.465,0.5,34424.2227,304.8246,16.216,34.92,9.1437,1.0417
paris,48.86,2.36,2026-06-28 13:16:11,2026-06-29 23:59:59,27.865,17.965,1.2,48695.9805,342.6175,14.1458,30.24,11.1382,3.5
paris,48.86,2.36,2026-06-28 13:16:11,2026-06-30 23:59:59,28.2995,17.365,0.0,49865.0039,356.0587,13.9102,33.12,6.8399,0.9583
paris,48.86,2.36,2026-06-28 13:16:11,2026-07-01 23:59:59,26.2995,16.9995,0.0,53960.2812,316.429,15.4087,39.6,10.5239,0.0
paris,48.86,2.36,2026-06-28 13:16:11,2026-07-02 23:59:59,26.9995,16.2995,0.0,57053.4219,293.0936,18.5845,46.44,11.0491,0.0
paris,48.86,2.36,2026-06-28 13:16:11,2026-07-03 23:59:59,26.7995,18.0995,0.0,51315.4414,314.6908,13.1831,32.76,10.9178,1.5104
paris,48.86,2.36,2026-06-28 13:16:11,2026-07-04 23:59:59,25.7995,16.4495,0.0,53668.7539,309.2086,18.3565,46.44,12.2278,0.0
paris,48.86,2.36,2026-06-28 13:16:11,2026-07-05 23:59:59,31.25,15.5995,0.0,57010.2617,331.6661,14.7644,35.64,9.4291,0.0
paris,48.86,2.36,2026-06-28 13:16:11,2026-07-06 23:59:59,32.7,20.6,0.0,56920.8828,58.5619,11.7553,32.76,9.5325,0.5
paris,48.86,2.36,2026-06-28 13:16:11,2026-07-07 23:59:59,37.05,24.2,0.0,56841.875,70.5255,12.3625,33.48,7.0081,0.5
paris,48.86,2.36,2026-06-28 13:16:11,2026-07-08 23:59:59,38.35,25.6,0.0,56758.2031,47.8173,9.6766,32.4,6.4107,0.5
paris,48.86,2.36,2026-06-28 13:16:11,2026-07-09 23:59:59,39.4,26.85,0.0,56670.0117,27.1212,10.98,32.4,5.0265,1.1667
paris,48.86,2.36,2026-06-28 13:16:11,2026-07-10 23:59:59,37.2,27.95,0.0,56577.4648,115.8878,12.0721,41.4,8.4246,3.625
paris,48.86,2.36,2026-06-28 13:16:11,2026-07-11 23:59:59,35.75,24.9,0.0,56480.6914,297.1617,18.6862,47.16,9.8215,5.2083
prag,50.08,14.44,2026-06-28 13:16:11,2026-06-27 23:59:59,37.3985,23.5985,0.0,54373.7578,116.4729,14.2553,27.72,4.859,0.0
prag,50.08,14.44,2026-06-28 13:16:11,2026-06-28 23:59:59,39.1485,24.6985,0.0,54066.2188,81.5731,16.0554,32.76,5.0327,1.9167
prag,50.08,14.44,2026-06-28 13:16:11,2026-06-29 23:59:59,35.3485,21.8485,82.0,46427.9727,346.706,37.4711,87.48,14.6855,19.2917
prag,50.08,14.44,2026-06-28 13:16:11,2026-06-30 23:59:59,28.296,20.7985,3.0,25627.6035,354.2314,9.7466,22.32,6.333,23.75
prag,50.08,14.44,2026-06-28 13:16:11,2026-07-01 23:59:59,23.596,18.946,17.6,721.5139,313.609,11.7924,32.04,5.8239,61.125
prag,50.08,14.44,2026-06-28 13:16:11,2026-07-02 23:59:59,26.096,17.246,0.0,50418.7695,306.2189,9.5043,26.28,7.0349,5.5417
prag,50.08,14.44,2026-06-28 13:16:11,2026-07-03 23:59:59,23.646,16.746,3.3,46800.0,306.1594,19.3766,40.32,11.3716,14.6146
prag,50.08,14.44,2026-06-28 13:16:11,2026-07-04 23:59:59,21.696,14.596,0.3,55578.5625,290.571,19.7213,39.96,13.9987,11.2917
prag,50.08,14.44,2026-06-28 13:16:11,2026-07-05 23:59:59,22.9,13.496,0.75,56196.1406,299.0863,19.4433,50.4,15.6945,13.6771
prag,50.08,14.44,2026-06-28 13:16:11,2026-07-06 23:59:59,25.5,15.95,0.0,57190.2148,317.1462,13.4519,42.84,9.9322,9.4583
prag,50.08,14.44,2026-06-28 13:16:11,2026-07-07 23:59:59,32.2,17.85,0.0,57139.4688,308.1364,6.2067,33.12,3.9045,6.7917
prag,50.08,14.44,2026-06-28 13:16:11,2026-07-08 23:59:59,35.65,21.3,0.0,57086.4688,294.9047,17.4312,47.52,10.8141,8.7917
prag,50.08,14.44,2026-06-28 13:16:11,2026-07-09 23:59:59,33.4,23.25,0.0,57031.3438,22.6972,12.5381,42.48,7.5079,6.875
prag,50.08,14.44,2026-06-28 13:16:11,2026-07-10 23:59:59,34.75,22.5,1.6,56974.2188,164.876,10.1521,39.6,5.3357,4.6667
prag,50.08,14.44,2026-06-28 13:16:11,2026-07-11 23:59:59,30.4,23.5,0.8,46856.1016,280.1914,14.3696,41.4,6.3107,9.875
rome,41.875,12.5,2026-06-28 13:16:11,2026-06-27 23:59:59,35.6415,23.9415,0.0,48728.2773,250.7195,14.2416,36.0,5.7129,0.125
rome,41.875,12.5,2026-06-28 13:16:11,2026-06-28 23:59:59,37.6415,23.7415,0.0,49863.4922,273.134,17.6547,41.76,6.886,0.0
rome,41.875,12.5,2026-06-28 13:16:11,2026-06-29 23:59:59,37.3915,25.2415,0.0,42549.2891,253.9475,13.3637,37.08,4.7946,4.2917
rome,41.875,12.5,2026-06-28 13:16:11,2026-06-30 23:59:59,36.0915,24.9915,0.9,43533.5078,252.6882,8.6998,24.12,3.9294,12.1667
rome,41.875,12.5,2026-06-28 13:16:11,2026-07-01 23:59:59,36.5915,24.7415,0.0,51387.4062,260.0264,16.874,41.4,7.7437,3.6667
rome,41.875,12.5,2026-06-28 13:16:11,2026-07-02 23:59:59,29.7415,23.4915,23.7,23611.1934,157.736,15.8564,40.32,6.9963,32.8333
rome,41.875,12.5,2026-06-28 13:16:11,2026-07-03 23:59:59,35.285,22.7415,0.0,53262.6367,344.6732,13.0447,31.68,7.4067,11.8854
rome,41.875,12.5,2026-06-28 13:16:11,2026-07-04 23:59:59,34.185,20.935,0.0,53264.5977,234.109,16.874,38.52,7.0389,5.4583
rome,41.875,12.5,2026-06-28 13:16:11,2026-07-05 23:59:59,35.85,21.485,0.0,53253.625,220.771,11.2006,43.92,5.9409,6.3229
rome,41.875,12.5,2026-06-28 13:16:11,2026-07-06 23:59:59,36.4,24.9,0.0,53249.4453,288.1073,12.1723,46.8,6.6325,6.8333
rome,41.875,12.5,2026-06-28 13:16:11,2026-07-07 23:59:59,32.95,24.85,0.0,53248.0117,239.1211,13.5778,48.24,7.7482,8.25
rome,41.875,12.5,2026-06-28 13:16:11,2026-07-08 23:59:59,34.3,23.65,0.0,53245.293,248.1265,12.6424,44.64,6.7817,2.25
rome,41.875,12.5,2026-06-28 13:16:11,2026-07-09 23:59:59,34.5,24.25,0.0,52885.5703,252.8553,13.719,41.76,7.6428,4.1667
rome,41.875,12.5,2026-06-28 13:16:11,2026-07-10 23:59:59,36.35,24.05,0.0,52880.7383,234.6453,13.5527,40.32,7.0146,6.5833
rome,41.875,12.5,2026-06-28 13:16:11,2026-07-11 23:59:59,35.4,24.4,0.0,52874.5781,233.9828,13.3066,40.32,6.4847,4.9167
zurich,47.38,8.54,2026-06-28 13:16:11,2026-06-27 23:59:59,36.472,21.572,0.0,50711.0195,152.7005,12.5743,28.08,3.7264,0.4583
zurich,47.38,8.54,2026-06-28 13:16:11,2026-06-28 23:59:59,36.222,24.472,0.0,41437.5938,184.0567,12.925,29.88,6.8744,6.9583
zurich,47.38,8.54,2026-06-28 13:16:11,2026-06-29 23:59:59,31.822,22.672,0.2,33182.8398,345.9638,18.172,43.56,8.1744,34.3333
zurich,47.38,8.54,2026-06-28 13:16:11,2026-06-30 23:59:59,29.706,20.172,2.3,44983.2617,19.1435,10.1441,23.94,6.1968,19.625
zurich,47.38,8.54,2026-06-28 13:16:11,2026-07-01 23:59:59,24.106,18.056,17.9,9897.959,234.5179,8.2172,29.88,4.7594,75.875
zurich,47.38,8.54,2026-06-28 13:16:11,2026-07-02 23:59:59,25.506,16.156,0.0,54434.4531,290.0912,9.6598,25.56,5.4859,9.875
zurich,47.38,8.54,2026-06-28 13:16:11,2026-07-03 23:59:59,26.6095,18.856,0.0,48664.0039,271.9485,18.0036,43.56,9.6209,2.4479
zurich,47.38,8.54,2026-06-28 13:16:11,2026-07-04 23:59:59,24.8595,17.7595,0.0,43917.7227,288.7844,15.63,39.6,8.5034,1.5833
zurich,47.38,8.54,2026-06-28 13:16:11,2026-07-05 23:59:59,29.7,15.4095,0.0,55338.332,300.0995,15.1243,37.44,6.4185,3.7917
zurich,47.38,8.54,2026-06-28 13:16:11,2026-07-06 23:59:59,30.25,19.85,0.0,55773.1094,59.1959,13.846,37.44,8.7139,4.25
zurich,47.38,8.54,2026-06-28 13:16:11,2026-07-07 23:59:59,33.85,20.05,0.0,55779.4688,34.0194,6.4449,32.04,2.577,3.8333
zurich,47.38,8.54,2026-06-28 13:16:11,2026-07-08 23:59:59,34.45,21.9,0.0,55030.0117,214.4792,9.0288,24.48,4.3228,2.9167
zurich,47.38,8.54,2026-06-28 13:16:11,2026-07-09 23:59:59,35.3,22.4,0.0,55067.4297,197.0765,10.6505,32.76,6.2295,5.0
zurich,47.38,8.54,2026-06-28 13:16:11,2026-07-10 23:59:59,34.0,22.55,0.0,54000.0,178.176,10.9312,36.72,5.9879,6.7083
zurich,47.38,8.54,2026-06-28 13:16:11,2026-07-11 23:59:59,33.05,21.65,0.0,54744.9336,154.6416,6.6624,27.72,4.7437,9.875
lisbon,38.75,-9.125,2026-06-28 13:16:11,2026-06-27 23:59:59,25.6915,18.5415,0.0,50497.4531,286.5198,14.0215,33.84,6.8664,0.0
lisbon,38.75,-9.125,2026-06-28 13:16:11,2026-06-28 23:59:59,26.2415,19.2915,0.0,50842.5938,348.0806,21.567,50.4,14.4337,0.0
lisbon,38.75,-9.125,2026-06-28 13:16:11,2026-06-29 23:59:59,28.6915,18.3915,0.0,51187.8516,342.7565,20.6082,47.52,14.4648,0.0
lisbon,38.75,-9.125,2026-06-28 13:16:11,2026-06-30 23:59:59,30.2915,19.5915,0.0,50400.0,340.9902,18.2503,42.12,12.3443,0.0
lisbon,38.75,-9.125,2026-06-28 13:16:11,2026-07-01 23:59:59,34.4915,20.1915,0.0,51878.3828,345.9637,15.7785,36.72,8.0908,0.0
lisbon,38.75,-9.125,2026-06-28 13:16:11,2026-07-02 23:59:59,38.5415,22.8915,0.0,52223.7383,15.8228,15.4842,37.08,8.8728,0.0
lisbon,38.75,-9.125,2026-06-28 13:16:11,2026-07-03 23:59:59,31.8635,24.9635,0.0,51217.1406,311.6387,12.3139,30.24,7.6084,0.0
lisbon,38.75,-9.125,2026-06-28 13:16:11,2026-07-04 23:59:59,33.3635,22.5135,0.0,50371.625,259.6008,10.1377,25.92,4.7074,0.0
lisbon,38.75,-9.125,2026-06-28 13:16:11,2026-07-05 23:59:59,39.6,23.3135,0.0,52255.7031,296.6883,11.2006,30.24,4.8649,0.0
lisbon,38.75,-9.125,2026-06-28 13:16:11,2026-07-06 23:59:59,38.55,25.6,0.0,51264.4648,266.3988,13.7084,40.32,5.6114,0.0
lisbon,38.75,-9.125,2026-06-28 13:16:11,2026-07-07 23:59:59,38.45,24.5,0.0,51263.5039,259.1749,13.8225,45.0,6.3238,0.5
lisbon,38.75,-9.125,2026-06-28 13:16:11,2026-07-08 23:59:59,36.95,25.65,0.0,47467.1641,254.7448,16.0997,48.96,8.1952,0.0
lisbon,38.75,-9.125,2026-06-28 13:16:11,2026-07-09 23:59:59,35.0,24.6,0.0,51257.9023,185.7781,9.7433,42.12,7.5595,1.0
lisbon,38.75,-9.125,2026-06-28 13:16:11,2026-07-10 23:59:59,34.9,24.05,0.0,51253.1562,243.6076,12.8823,38.52,8.0725,0.0
lisbon,38.75,-9.125,2026-06-28 13:16:11,2026-07-11 23:59:59,37.75,23.65,0.0,51246.9688,293.3586,15.8747,39.96,7.5271,0.0
vienna,48.2,16.38,2026-06-28 13:16:11,2026-06-27 23:59:59,36.6715,24.9215,0.0,52017.5977,138.8755,14.7775,35.28,7.8024,0.0
vienna,48.2,16.38,2026-06-28 13:16:11,2026-06-28 23:59:59,39.3215,24.9215,0.0,51697.5586,156.7643,17.673,43.56,9.3788,0.0
vienna,48.2,16.38,2026-06-28 13:16:11,2026-06-29 23:59:59,39.3215,25.8715,0.0,51633.3086,205.7692,24.2513,51.48,8.5846,0.4583
vienna,48.2,16.38,2026-06-28 13:16:11,2026-06-30 23:59:59,35.13,22.9715,0.0,51241.0898,314.6622,15.0384,34.56,10.6915,2.9167
vienna,48.2,16.38,2026-06-28 13:16:11,2026-07-01 23:59:59,31.33,20.93,9.9,39363.9219,296.5035,21.1942,54.36,12.8923,31.75
vienna,48.2,16.38,2026-06-28 13:16:11,2026-07-02 23:59:59,27.68,19.73,0.0,44935.9023,325.1715,20.6302,50.76,16.0522,16.0
vienna,48.2,16.38,2026-06-28 13:16:11,2026-07-03 23:59:59,26.013,20.263,0.9,38269.9922,295.1848,20.073,50.4,14.0738,3.5833
vienna,48.2,16.38,2026-06-28 13:16:11,2026-07-04 23:59:59,24.363,17.663,1.2,56594.1133,300.3648,18.2893,43.92,12.7807,5.9167
vienna,48.2,16.38,2026-06-28 13:16:11,2026-07-05 23:59:59,28.1,15.613,0.45,55140.6016,315.0404,21.0446,57.24,17.4857,15.1458
vienna,48.2,16.38,2026-06-28 13:16:11,2026-07-06 23:59:59,26.95,18.3,0.6,56559.457,324.8609,16.8249,50.04,14.0583,16.0833
vienna,48.2,16.38,2026-06-28 13:16:11,2026-07-07 23:59:59,31.9,20.35,0.0,56483.1094,327.2943,9.5874,37.8,8.1776,10.3333
vienna,48.2,16.38,2026-06-28 13:16:11,2026-07-08 23:59:59,36.2,23.4,0.0,56402.2188,311.2993,9.5857,32.04,4.4362,6.0417
vienna,48.2,16.38,2026-06-28 13:16:11,2026-07-09 23:59:59,36.05,25.45,0.0,56316.9492,328.8068,15.4108,44.28,11.5393,8.125
vienna,48.2,16.38,2026-06-28 13:16:11,2026-07-10 23:59:59,35.7,24.35,0.0,56227.4336,81.1224,9.0162,34.56,4.8216,6.125
vienna,48.2,16.38,2026-06-28 13:16:11,2026-07-11 23:59:59,36.5,26.2,0.0,56133.8164,287.0379,13.629,49.68,5.9059,4.7083
bergen,60.39,5.3183,2026-06-28 13:16:11,2026-06-27 23:59:59,23.311,15.711,1.2,31706.4512,165.1602,21.24,40.68,11.025,32.5833
bergen,60.39,5.3183,2026-06-28 13:16:11,2026-06-28 23:59:59,23.861,17.361,5.2,13498.0742,156.6426,20.16,38.52,16.635,36.0
bergen,60.39,5.3183,2026-06-28 13:16:11,2026-06-29 23:59:59,19.361,15.411,0.5,18663.9258,177.623,18.36,35.28,13.14,55.2083
bergen,60.39,5.3183,2026-06-28 13:16:11,2026-06-30 23:59:59,19.711,12.3,0.9,31577.5215,164.7134,11.88,24.84,8.7248,33.0417
bergen,60.39,5.3183,2026-06-28 13:16:11,2026-07-01 23:59:59,16.6,11.35,2.9,43028.4531,252.7531,10.4741,27.36,5.6776,43.3333
bergen,60.39,5.3183,2026-06-28 13:16:11,2026-07-02 23:59:59,16.15,10.9,15.4,12559.459,149.9231,25.4157,51.84,11.1866,52.75
bergen,60.39,5.3183,2026-06-28 13:16:11,2026-07-03 23:59:59,14.5,10.2,4.3,46059.7812,307.8585,23.4643,54.36,13.6968,64.4167
bergen,60.39,5.3183,2026-06-28 13:16:11,2026-07-04 23:59:59,13.1,9.75,6.6,45875.9375,250.0554,14.0504,34.2,8.7893,76.9583
bergen,60.39,5.3183,2026-06-28 13:16:11,2026-07-05 23:59:59,13.8,9.05,15.0,24260.7949,186.8284,15.4769,45.0,9.8946,69.1667
bergen,60.39,5.3183,2026-06-28 13:16:11,2026-07-06 23:59:59,13.7,12.4,44.6,0.0,222.4631,22.4243,51.84,17.938,57.1667
bergen,60.39,5.3183,2026-06-28 13:16:11,2026-07-07 23:59:59,15.65,12.3,5.6,0.0,209.8616,10.9578,47.16,5.8097,46.5417
bergen,60.39,5.3183,2026-06-28 13:16:11,2026-07-08 23:59:59,18.4,13.7,0.4,38793.9414,282.5595,9.3357,30.24,4.6564,41.25
bergen,60.39,5.3183,2026-06-28 13:16:11,2026-07-09 23:59:59,14.55,11.15,12.8,27928.0957,234.6374,15.3423,39.24,11.6973,36.6667
bergen,60.39,5.3183,2026-06-28 13:16:11,2026-07-10 23:59:59,15.9,10.1,0.0,64842.4414,337.3048,15.4842,37.8,11.3518,29.875
bergen,60.39,5.3183,2026-06-28 13:16:11,2026-07-11 23:59:59,19.1,9.3,0.0,47591.2734,273.6744,10.1377,35.64,6.3109,32.4167
stockholm,59.3289,18.0724,2026-06-28 13:16:11,2026-06-27 23:59:59,27.8675,19.3675,0.0,46476.457,127.3333,16.56,36.36,10.65,15.7083
stockholm,59.3289,18.0724,2026-06-28 13:16:11,2026-06-28 23:59:59,28.8675,20.4675,4.3,26269.5762,225.8513,29.88,55.08,10.395,24.5
stockholm,59.3289,18.0724,2026-06-28 13:16:11,2026-06-29 23:59:59,28.9175,19.7675,0.0,55916.375,262.8323,23.4,49.68,12.54,12.0833
stockholm,59.3289,18.0724,2026-06-28 13:16:11,2026-06-30 23:59:59,25.3175,16.55,0.0,51304.0273,45.0413,19.8,38.52,11.3785,9.875
stockholm,59.3289,18.0724,2026-06-28 13:16:11,2026-07-01 23:59:59,24.25,16.0,0.2,42261.4883,196.924,10.8733,29.52,8.2611,5.9583
stockholm,59.3289,18.0724,2026-06-28 13:16:11,2026-07-02 23:59:59,23.5,16.8,1.2,58183.6211,254.2052,16.1168,41.76,11.2411,22.9167
stockholm,59.3289,18.0724,2026-06-28 13:16:11,2026-07-03 23:59:59,20.7,15.1,3.9,62433.3828,282.6661,12.1683,29.16,8.2411,35.0833
stockholm,59.3289,18.0724,2026-06-28 13:16:11,2026-07-04 23:59:59,17.2,15.1,8.2,61478.2422,279.1767,9.9016,34.2,6.7511,29.1667
stockholm,59.3289,18.0724,2026-06-28 13:16:11,2026-07-05 23:59:59,19.7,14.9,1.4,64358.5859,331.787,16.204,37.8,10.5321,33.75
stockholm,59.3289,18.0724,2026-06-28 13:16:11,2026-07-06 23:59:59,23.3,13.9,0.0,63495.5273,226.2943,17.6372,38.52,10.3094,28.5417
stockholm,59.3289,18.0724,2026-06-28 13:16:11,2026-07-07 23:59:59,22.5,16.45,0.0,64236.3203,308.1026,19.6027,48.96,13.7975,24.1667
stockholm,59.3289,18.0724,2026-06-28 13:16:11,2026-07-08 23:59:59,21.85,14.0,0.0,64168.9141,338.3053,14.1698,34.92,9.8236,13.75
stockholm,59.3289,18.0724,2026-06-28 13:16:11,2026-07-09 23:59:59,26.6,16.65,0.0,64097.5156,231.3597,14.7347,34.92,7.6392,14.8333
stockholm,59.3289,18.0724,2026-06-28 13:16:11,2026-07-10 23:59:59,24.5,17.5,0.0,64022.2461,324.2533,11.0901,34.56,9.1668,17.625
stockholm,59.3289,18.0724,2026-06-28 13:16:11,2026-07-11 23:59:59,22.95,15.7,0.0,63927.9336,74.3288,13.3795,38.52,7.1152,18.6667
